time,lat,lon
4107.0,41.0505,163.8719
4107.6,41.0856,163.8826
4108.2,41.1208,163.8933
4108.8,41.1559,163.904
4109.4,41.191,163.9147
4110.0,41.2262,163.9254
4110.6,41.2613,163.9361
4111.2,41.2964,163.9469
4111.9,41.3315,163.9577
4112.5,41.3667,163.9684
4113.1,41.4018,163.9792
4113.7,41.4369,163.99
4114.3,41.472,164.0008
4114.9,41.5071,164.0117
4115.5,41.5423,164.0225
4116.2,41.5774,164.0334
4116.8,41.6125,164.0443
4117.4,41.6476,164.0552
4118.0,41.6827,164.0661
4118.6,41.7178,164.077
4119.2,41.7529,164.0879
4119.8,41.788,164.0989
4120.5,41.8231,164.1098
4121.1,41.8582,164.1208
4121.7,41.8933,164.1318
4122.3,41.9284,164.1428
4122.9,41.9635,164.1538
4123.5,41.9986,164.1649
4124.1,42.0337,164.1759
4124.8,42.0688,164.187
4125.4,42.1039,164.198
4126.0,42.139,164.2091
4126.6,42.1741,164.2202
4127.2,42.2092,164.2314
4127.8,42.2442,164.2425
4128.4,42.2793,164.2537
4129.1,42.3144,164.2648
4129.7,42.3495,164.276
4130.3,42.3846,164.2872
4130.9,42.4196,164.2984
4131.5,42.4547,164.3097
4132.1,42.4898,164.3209
4132.7,42.5248,164.3322
4133.4,42.5599,164.3434
4134.0,42.595,164.3547
4134.6,42.63,164.366
4135.2,42.6651,164.3773
4135.8,42.7002,164.3887
4136.4,42.7352,164.4
4137.0,42.7703,164.4114
4137.7,42.8053,164.4228
4138.3,42.8404,164.4342
4138.9,42.8754,164.4456
4139.5,42.9105,164.457
4140.1,42.9455,164.4685
4140.7,42.9806,164.4799
4141.3,43.0156,164.4914
4142.0,43.0507,164.5029
4142.6,43.0857,164.5144
4143.2,43.1207,164.5259
4143.8,43.1558,164.5375
4144.4,43.1908,164.549
4145.0,43.2258,164.5606
4145.6,43.2609,164.5722
4146.3,43.2959,164.5838
4146.9,43.3309,164.5954
4147.5,43.366,164.607
4148.1,43.401,164.6187
4148.7,43.436,164.6303
4149.3,43.471,164.642
4149.9,43.506,164.6537
4150.6,43.5411,164.6654
4151.2,43.5761,164.6772
4151.8,43.6111,164.6889
4152.4,43.6461,164.7007
4153.0,43.6811,164.7124
4153.6,43.7161,164.7243
4154.2,43.7511,164.7361
4154.9,43.7861,164.7479
4155.5,43.8211,164.7597
4156.1,43.8561,164.7716
4156.7,43.8911,164.7835
4157.3,43.9261,164.7954
4157.9,43.9611,164.8073
4158.5,43.9961,164.8192
4159.2,44.0311,164.8312
4159.8,44.0661,164.8431
4160.4,44.1011,164.8551
4161.0,44.136,164.8671
4161.6,44.171,164.8791
4162.2,44.206,164.8911
4162.8,44.241,164.9032
4163.5,44.276,164.9153
4164.1,44.3109,164.9273
4164.7,44.3459,164.9394
4165.3,44.3809,164.9516
4165.9,44.4158,164.9637
4166.5,44.4508,164.9758
4167.1,44.4858,164.988
4167.8,44.5207,165.0002
4168.4,44.5557,165.0124
4169.0,44.5907,165.0246
4169.6,44.6256,165.0368
4170.2,44.6606,165.0491
4170.8,44.6955,165.0614
4171.4,44.7305,165.0737
4172.1,44.7654,165.086
4172.7,44.8004,165.0983
4173.3,44.8353,165.1106
4173.9,44.8703,165.123
4174.5,44.9052,165.1354
4175.1,44.9401,165.1478
4175.7,44.9751,165.1602
4176.4,45.01,165.1726
4177.0,45.0449,165.1851
4177.6,45.0799,165.1975
4178.2,45.1148,165.21
4178.8,45.1497,165.2225
4179.4,45.1846,165.2351
4180.0,45.2196,165.2476
4180.7,45.2545,165.2602
4181.3,45.2894,165.2727
4181.9,45.3243,165.2853
4182.5,45.3592,165.2979
4183.1,45.3941,165.3106
4183.7,45.429,165.3232
4184.3,45.464,165.3359
4185.0,45.4989,165.3486
4185.6,45.5338,165.3613
4186.2,45.5687,165.374
4186.8,45.6036,165.3868
4187.4,45.6385,165.3995
4188.0,45.6733,165.4123
4188.6,45.7082,165.4251
4189.3,45.7431,165.4379
4189.9,45.778,165.4508
4190.5,45.8129,165.4636
4191.1,45.8478,165.4765
4191.7,45.8827,165.4894
4192.3,45.9175,165.5023
4192.9,45.9524,165.5152
4193.6,45.9873,165.5282
4194.2,46.0222,165.5412
4194.8,46.057,165.5542
4195.4,46.0919,165.5672
4196.0,46.1268,165.5802
4196.6,46.1616,165.5932
4197.2,46.1965,165.6063
4197.8,46.2314,165.6194
4198.5,46.2662,165.6325
4199.1,46.3011,165.6456
4199.7,46.3359,165.6588
4200.3,46.3708,165.6719
4200.9,46.4056,165.6851
4201.5,46.4405,165.6983
4202.1,46.4753,165.7116
4202.8,46.5102,165.7248
4203.4,46.545,165.7381
4204.0,46.5798,165.7514
4204.6,46.6147,165.7647
4205.2,46.6495,165.778
4205.8,46.6843,165.7913
4206.4,46.7192,165.8047
4207.1,46.754,165.8181
4207.7,46.7888,165.8315
4208.3,46.8236,165.8449
4208.9,46.8584,165.8584
4209.5,46.8933,165.8718
4210.1,46.9281,165.8853
4210.7,46.9629,165.8988
4211.4,46.9977,165.9124
4212.0,47.0325,165.9259
4212.6,47.0673,165.9395
4213.2,47.1021,165.9531
4213.8,47.1369,165.9667
4214.4,47.1717,165.9803
4215.0,47.2065,165.994
4215.7,47.2413,166.0076
4216.3,47.2761,166.0213
4216.9,47.3109,166.035
4217.5,47.3456,166.0488
4218.1,47.3804,166.0625
4218.7,47.4152,166.0763
4219.3,47.45,166.0901
4220.0,47.4848,166.104
4220.6,47.5195,166.1178
4221.2,47.5543,166.1317
4221.8,47.5891,166.1456
4222.4,47.6238,166.1595
4223.0,47.6586,166.1734
4223.6,47.6934,166.1873
4224.3,47.7281,166.2013
4224.9,47.7629,166.2153
4225.5,47.7976,166.2293
4226.1,47.8324,166.2434
4226.7,47.8671,166.2574
4227.3,47.9019,166.2715
4227.9,47.9366,166.2856
4228.6,47.9714,166.2997
4229.2,48.0061,166.3139
4229.8,48.0408,166.328
4230.4,48.0756,166.3423
4231.0,48.1103,166.3565
4231.6,48.145,166.3707
4232.2,48.1798,166.385
4232.9,48.2145,166.3992
4233.5,48.2492,166.4135
4234.1,48.2839,166.4279
4234.7,48.3186,166.4422
4235.3,48.3534,166.4566
4235.9,48.3881,166.471
4236.5,48.4228,166.4854
4237.2,48.4575,166.4999
4237.8,48.4922,166.5143
4238.4,48.5269,166.5288
4239.0,48.5616,166.5433
4239.6,48.5963,166.5579
4240.2,48.631,166.5724
4240.8,48.6657,166.587
4241.5,48.7003,166.6016
4242.1,48.735,166.6162
4242.7,48.7697,166.6309
4243.3,48.8044,166.6455
4243.9,48.8391,166.6602
4244.5,48.8737,166.675
4245.1,48.9084,166.6897
4245.8,48.9431,166.7045
4246.4,48.9777,166.7193
4247.0,49.0124,166.7341
4247.6,49.0471,166.7489
4248.2,49.0817,166.7638
4248.8,49.1164,166.7787
4249.4,49.151,166.7936
4250.1,49.1857,166.8085
4250.7,49.2203,166.8235
4251.3,49.255,166.8385
4251.9,49.2896,166.8535
4252.5,49.3243,166.8685
4253.1,49.3589,166.8836
4253.7,49.3935,166.8986
4254.4,49.4282,166.9137
4255.0,49.4628,166.9289
4255.6,49.4974,166.944
4256.2,49.532,166.9592
4256.8,49.5667,166.9744
4257.4,49.6013,166.9896
4258.0,49.6359,167.0049
4258.7,49.6705,167.0202
4259.3,49.7051,167.0355
4259.9,49.7397,167.0508
4260.5,49.7743,167.0662
4261.1,49.8089,167.0815
4261.7,49.8435,167.0969
4262.3,49.8781,167.1124
4263.0,49.9127,167.1278
4263.6,49.9473,167.1433
4264.2,49.9819,167.1588
4264.8,50.0164,167.1743
4265.4,50.051,167.1899
4266.0,50.0856,167.2055
4266.6,50.1202,167.2211
4267.3,50.1547,167.2367
4267.9,50.1893,167.2524
4268.5,50.2239,167.2681
4269.1,50.2584,167.2838
4269.7,50.293,167.2995
4270.3,50.3276,167.3153
4270.9,50.3621,167.3311
4271.6,50.3967,167.3469
4272.2,50.4312,167.3628
4272.8,50.4657,167.3786
4273.4,50.5003,167.3945
4274.0,50.5348,167.4105
4274.6,50.5694,167.4264
4275.2,50.6039,167.4424
4275.9,50.6384,167.4584
4276.5,50.673,167.4744
4277.1,50.7075,167.4905
4277.7,50.742,167.5066
4278.3,50.7765,167.5227
4278.9,50.811,167.5388
4279.5,50.8455,167.555
4280.2,50.88,167.5712
4280.8,50.9145,167.5874
4281.4,50.949,167.6037
4282.0,50.9835,167.6199
4282.6,51.018,167.6363
4283.2,51.0525,167.6526
4283.8,51.087,167.6689
4284.4,51.1215,167.6853
4285.1,51.156,167.7018
4285.7,51.1905,167.7182
4286.3,51.2249,167.7347
4286.9,51.2594,167.7512
4287.5,51.2939,167.7677
4288.1,51.3284,167.7843
4288.7,51.3628,167.8009
4289.4,51.3973,167.8175
4290.0,51.4317,167.8341
4290.6,51.4662,167.8508
4291.2,51.5006,167.8675
4291.8,51.5351,167.8842
4292.4,51.5695,167.901
4293.0,51.604,167.9178
4293.7,51.6384,167.9346
4294.3,51.6728,167.9514
4294.9,51.7073,167.9683
4295.5,51.7417,167.9852
4296.1,51.7761,168.0021
4296.7,51.8105,168.0191
4297.3,51.845,168.0361
4298.0,51.8794,168.0531
4298.6,51.9138,168.0702
4299.2,51.9482,168.0872
4299.8,51.9826,168.1044
4300.4,52.017,168.1215
4301.0,52.0514,168.1387
4301.6,52.0858,168.1559
4302.3,52.1202,168.1731
4302.9,52.1546,168.1904
4303.5,52.189,168.2077
4304.1,52.2233,168.225
4304.7,52.2577,168.2423
4305.3,52.2921,168.2597
4305.9,52.3265,168.2771
4306.6,52.3608,168.2946
4307.2,52.3952,168.312
4307.8,52.4296,168.3295
4308.4,52.4639,168.3471
4309.0,52.4983,168.3647
4309.6,52.5326,168.3822
4310.2,52.567,168.3999
4310.9,52.6013,168.4175
4311.5,52.6356,168.4352
4312.1,52.67,168.453
4312.7,52.7043,168.4707
4313.3,52.7386,168.4885
4313.9,52.773,168.5063
4314.5,52.8073,168.5242
4315.2,52.8416,168.5421
4315.8,52.8759,168.56
4316.4,52.9102,168.5779
4317.0,52.9445,168.5959
4317.6,52.9788,168.6139
4318.2,53.0131,168.6319
4318.8,53.0474,168.65
4319.5,53.0817,168.6681
4320.1,53.116,168.6863
4320.7,53.1503,168.7044
4321.3,53.1846,168.7226
4321.9,53.2189,168.7409
4322.5,53.2531,168.7592
4323.1,53.2874,168.7775
4323.8,53.3217,168.7958
4324.4,53.3559,168.8142
4325.0,53.3902,168.8326
4325.6,53.4244,168.851
4326.2,53.4587,168.8695
4326.8,53.4929,168.888
4327.4,53.5272,168.9065
4328.1,53.5614,168.9251
4328.7,53.5957,168.9437
4329.3,53.6299,168.9623
4329.9,53.6641,168.981
4330.5,53.6983,168.9997
4331.1,53.7326,169.0185
4331.7,53.7668,169.0372
4332.4,53.801,169.0561
4333.0,53.8352,169.0749
4333.6,53.8694,169.0938
4334.2,53.9036,169.1127
4334.8,53.9378,169.1317
4335.4,53.972,169.1506
4336.0,54.0062,169.1696
4336.7,54.0404,169.1887
4337.3,54.0746,169.2078
4337.9,54.1087,169.2269
4338.5,54.1429,169.2461
4339.1,54.1771,169.2653
4339.7,54.2113,169.2845
4340.3,54.2454,169.3038
4341.0,54.2796,169.3231
4341.6,54.3137,169.3424
4342.2,54.3479,169.3618
4342.8,54.382,169.3812
4343.4,54.4162,169.4007
4344.0,54.4503,169.4201
4344.6,54.4844,169.4397
4345.3,54.5186,169.4592
4345.9,54.5527,169.4788
4346.5,54.5868,169.4984
4347.1,54.6209,169.5181
4347.7,54.655,169.5378
4348.3,54.6892,169.5576
4348.9,54.7233,169.5773
4349.6,54.7574,169.5972
4350.2,54.7915,169.617
4350.8,54.8256,169.6369
4351.4,54.8596,169.6568
4352.0,54.8937,169.6768
4352.6,54.9278,169.6968
4353.2,54.9619,169.7168
4353.9,54.9959,169.7369
4354.5,55.03,169.757
4355.1,55.0641,169.7772
4355.7,55.0981,169.7974
4356.3,55.1322,169.8176
4356.9,55.1662,169.8379
4357.5,55.2003,169.8582
4358.2,55.2343,169.8785
4358.8,55.2684,169.8989
4359.4,55.3024,169.9193
4360.0,55.3364,169.9398
4360.6,55.3704,169.9603
4361.2,55.4045,169.9809
4361.8,55.4385,170.0014
4362.5,55.4725,170.0221
4363.1,55.5065,170.0427
4363.7,55.5405,170.0634
4364.3,55.5745,170.0842
4364.9,55.6085,170.1049
4365.5,55.6425,170.1258
4366.1,55.6765,170.1466
4366.8,55.7104,170.1675
4367.4,55.7444,170.1885
4368.0,55.7784,170.2095
4368.6,55.8123,170.2305
4369.2,55.8463,170.2515
4369.8,55.8803,170.2726
4370.4,55.9142,170.2938
4371.1,55.9482,170.315
4371.7,55.9821,170.3362
4372.3,56.016,170.3575
4372.9,56.05,170.3788
4373.5,56.0839,170.4001
4374.1,56.1178,170.4215
4374.7,56.1517,170.443
4375.3,56.1856,170.4645
4376.0,56.2196,170.486
4107.0,41.0113,163.8845
4107.6,41.0465,163.8951
4108.2,41.0816,163.9058
4108.8,41.1167,163.9165
4109.4,41.1519,163.9272
4110.0,41.187,163.9379
4110.6,41.2221,163.9487
4111.2,41.2572,163.9594
4111.9,41.2924,163.9702
4112.5,41.3275,163.9809
4113.1,41.3626,163.9917
4113.7,41.3977,164.0025
4114.3,41.4328,164.0133
4114.9,41.468,164.0242
4115.5,41.5031,164.035
4116.1,41.5382,164.0459
4116.8,41.5733,164.0567
4117.4,41.6084,164.0676
4118.0,41.6435,164.0785
4118.6,41.6786,164.0894
4119.2,41.7137,164.1004
4119.8,41.7488,164.1113
4120.4,41.7839,164.1223
4121.0,41.819,164.1333
4121.7,41.8541,164.1443
4122.3,41.8892,164.1553
4122.9,41.9243,164.1663
4123.5,41.9594,164.1773
4124.1,41.9945,164.1884
4124.7,42.0296,164.1994
4125.3,42.0647,164.2105
4125.9,42.0998,164.2216
4126.6,42.1349,164.2327
4127.2,42.1699,164.2438
4127.8,42.205,164.2549
4128.4,42.2401,164.2661
4129.0,42.2752,164.2773
4129.6,42.3103,164.2884
4130.2,42.3453,164.2996
4130.9,42.3804,164.3109
4131.5,42.4155,164.3221
4132.1,42.4505,164.3333
4132.7,42.4856,164.3446
4133.3,42.5207,164.3558
4133.9,42.5557,164.3671
4134.5,42.5908,164.3784
4135.1,42.6259,164.3897
4135.8,42.6609,164.4011
4136.4,42.696,164.4124
4137.0,42.731,164.4238
4137.6,42.7661,164.4352
4138.2,42.8011,164.4466
4138.8,42.8362,164.458
4139.4,42.8712,164.4694
4140.0,42.9063,164.4808
4140.7,42.9413,164.4923
4141.3,42.9764,164.5038
4141.9,43.0114,164.5153
4142.5,43.0464,164.5267
4143.1,43.0815,164.5383
4143.7,43.1165,164.5498
4144.3,43.1516,164.5614
4144.9,43.1866,164.5729
4145.6,43.2216,164.5845
4146.2,43.2566,164.5961
4146.8,43.2917,164.6077
4147.4,43.3267,164.6194
4148.0,43.3617,164.631
4148.6,43.3967,164.6427
4149.2,43.4318,164.6543
4149.8,43.4668,164.666
4150.5,43.5018,164.6777
4151.1,43.5368,164.6895
4151.7,43.5718,164.7012
4152.3,43.6068,164.713
4152.9,43.6418,164.7248
4153.5,43.6768,164.7365
4154.1,43.7118,164.7484
4154.8,43.7468,164.7602
4155.4,43.7818,164.772
4156.0,43.8168,164.7839
4156.6,43.8518,164.7958
4157.2,43.8868,164.8076
4157.8,43.9218,164.8196
4158.4,43.9568,164.8315
4159.0,43.9918,164.8434
4159.7,44.0268,164.8554
4160.3,44.0618,164.8674
4160.9,44.0967,164.8793
4161.5,44.1317,164.8914
4162.1,44.1667,164.9034
4162.7,44.2017,164.9154
4163.3,44.2367,164.9275
4163.9,44.2716,164.9396
4164.6,44.3066,164.9517
4165.2,44.3416,164.9638
4165.8,44.3765,164.9759
4166.4,44.4115,164.9881
4167.0,44.4465,165.0002
4167.6,44.4814,165.0124
4168.2,44.5164,165.0246
4168.8,44.5513,165.0368
4169.5,44.5863,165.049
4170.1,44.6212,165.0613
4170.7,44.6562,165.0736
4171.3,44.6911,165.0859
4171.9,44.7261,165.0982
4172.5,44.761,165.1105
4173.1,44.796,165.1228
4173.8,44.8309,165.1352
4174.4,44.8659,165.1476
4175.0,44.9008,165.1599
4175.6,44.9357,165.1723
4176.2,44.9707,165.1848
4176.8,45.0056,165.1972
4177.4,45.0405,165.2097
4178.0,45.0754,165.2222
4178.7,45.1104,165.2347
4179.3,45.1453,165.2472
4179.9,45.1802,165.2597
4180.5,45.2151,165.2723
4181.1,45.25,165.2849
4181.7,45.285,165.2974
4182.3,45.3199,165.3101
4182.9,45.3548,165.3227
4183.6,45.3897,165.3353
4184.2,45.4246,165.348
4184.8,45.4595,165.3607
4185.4,45.4944,165.3734
4186.0,45.5293,165.3861
4186.6,45.5642,165.3988
4187.2,45.5991,165.4116
4187.8,45.634,165.4244
4188.5,45.6689,165.4372
4189.1,45.7038,165.45
4189.7,45.7386,165.4628
4190.3,45.7735,165.4757
4190.9,45.8084,165.4885
4191.5,45.8433,165.5014
4192.1,45.8782,165.5143
4192.8,45.913,165.5273
4193.4,45.9479,165.5402
4194.0,45.9828,165.5532
4194.6,46.0177,165.5662
4195.2,46.0525,165.5792
4195.8,46.0874,165.5922
4196.4,46.1222,165.6052
4197.0,46.1571,165.6183
4197.7,46.192,165.6314
4198.3,46.2268,165.6445
4198.9,46.2617,165.6576
4199.5,46.2965,165.6707
4200.1,46.3314,165.6839
4200.7,46.3662,165.6971
4201.3,46.4011,165.7103
4201.9,46.4359,165.7235
4202.6,46.4707,165.7367
4203.2,46.5056,165.75
4203.8,46.5404,165.7633
4204.4,46.5752,165.7766
4205.0,46.6101,165.7899
4205.6,46.6449,165.8032
4206.2,46.6797,165.8166
4206.8,46.7146,165.83
4207.5,46.7494,165.8434
4208.1,46.7842,165.8568
4208.7,46.819,165.8703
4209.3,46.8538,165.8837
4209.9,46.8886,165.8972
4210.5,46.9235,165.9107
4211.1,46.9583,165.9242
4211.7,46.9931,165.9378
4212.4,47.0279,165.9513
4213.0,47.0627,165.9649
4213.6,47.0975,165.9785
4214.2,47.1323,165.9921
4214.8,47.1671,166.0058
4215.4,47.2018,166.0195
4216.0,47.2366,166.0332
4216.7,47.2714,166.0469
4217.3,47.3062,166.0606
4217.9,47.341,166.0743
4218.5,47.3758,166.0881
4219.1,47.4105,166.1019
4219.7,47.4453,166.1157
4220.3,47.4801,166.1296
4220.9,47.5149,166.1434
4221.6,47.5496,166.1573
4222.2,47.5844,166.1712
4222.8,47.6191,166.1851
4223.4,47.6539,166.1991
4224.0,47.6887,166.213
4224.6,47.7234,166.227
4225.2,47.7582,166.241
4225.8,47.7929,166.2551
4226.5,47.8277,166.2691
4227.1,47.8624,166.2832
4227.7,47.8972,166.2973
4228.3,47.9319,166.3114
4228.9,47.9666,166.3256
4229.5,48.0014,166.3397
4230.1,48.0361,166.3539
4230.7,48.0708,166.3681
4231.4,48.1055,166.3824
4232.0,48.1403,166.3966
4232.6,48.175,166.4109
4233.2,48.2097,166.4252
4233.8,48.2444,166.4395
4234.4,48.2791,166.4539
4235.0,48.3139,166.4682
4235.7,48.3486,166.4826
4236.3,48.3833,166.497
4236.9,48.418,166.5115
4237.5,48.4527,166.5259
4238.1,48.4874,166.5404
4238.7,48.5221,166.5549
4239.3,48.5568,166.5694
4239.9,48.5915,166.584
4240.6,48.6261,166.5985
4241.2,48.6608,166.6131
4241.8,48.6955,166.6278
4242.4,48.7302,166.6424
4243.0,48.7649,166.6571
4243.6,48.7995,166.6718
4244.2,48.8342,166.6865
4244.8,48.8689,166.7012
4245.5,48.9036,166.716
4246.1,48.9382,166.7308
4246.7,48.9729,166.7456
4247.3,49.0075,166.7604
4247.9,49.0422,166.7753
4248.5,49.0769,166.7901
4249.1,49.1115,166.805
4249.7,49.1461,166.82
4250.4,49.1808,166.8349
4251.0,49.2154,166.8499
4251.6,49.2501,166.8649
4252.2,49.2847,166.8799
4252.8,49.3193,166.895
4253.4,49.354,166.91
4254.0,49.3886,166.9251
4254.6,49.4232,166.9402
4255.3,49.4579,166.9554
4255.9,49.4925,166.9706
4256.5,49.5271,166.9858
4257.1,49.5617,167.001
4257.7,49.5963,167.0162
4258.3,49.6309,167.0315
4258.9,49.6655,167.0468
4259.6,49.7001,167.0621
4260.2,49.7347,167.0775
4260.8,49.7693,167.0928
4261.4,49.8039,167.1082
4262.0,49.8385,167.1237
4262.6,49.8731,167.1391
4263.2,49.9077,167.1546
4263.8,49.9423,167.1701
4264.5,49.9769,167.1856
4265.1,50.0114,167.2012
4265.7,50.046,167.2167
4266.3,50.0806,167.2323
4266.9,50.1152,167.248
4267.5,50.1497,167.2636
4268.1,50.1843,167.2793
4268.7,50.2188,167.295
4269.4,50.2534,167.3107
4270.0,50.288,167.3265
4270.6,50.3225,167.3423
4271.2,50.3571,167.3581
4271.8,50.3916,167.3739
4272.4,50.4261,167.3898
4273.0,50.4607,167.4057
4273.6,50.4952,167.4216
4274.3,50.5298,167.4375
4274.9,50.5643,167.4535
4275.5,50.5988,167.4695
4276.1,50.6333,167.4855
4276.7,50.6679,167.5016
4277.3,50.7024,167.5176
4277.9,50.7369,167.5338
4278.6,50.7714,167.5499
4279.2,50.8059,167.566
4279.8,50.8404,167.5822
4280.4,50.8749,167.5984
4281.0,50.9094,167.6147
4281.6,50.9439,167.631
4282.2,50.9784,167.6472
4282.8,51.0129,167.6636
4283.5,51.0474,167.6799
4284.1,51.0819,167.6963
4284.7,51.1163,167.7127
4285.3,51.1508,167.7291
4285.9,51.1853,167.7456
4286.5,51.2198,167.7621
4287.1,51.2542,167.7786
4287.7,51.2887,167.7952
4288.4,51.3232,167.8117
4289.0,51.3576,167.8283
4289.6,51.3921,167.845
4290.2,51.4265,167.8616
4290.8,51.461,167.8783
4291.4,51.4954,167.8951
4292.0,51.5299,167.9118
4292.6,51.5643,167.9286
4293.3,51.5987,167.9454
4293.9,51.6332,167.9622
4294.5,51.6676,167.9791
4295.1,51.702,167.996
4295.7,51.7365,168.0129
4296.3,51.7709,168.0298
4296.9,51.8053,168.0468
4297.5,51.8397,168.0638
4298.2,51.8741,168.0809
4298.8,51.9085,168.0979
4299.4,51.9429,168.1151
4300.0,51.9773,168.1322
4300.6,52.0117,168.1493
4301.2,52.0461,168.1665
4301.8,52.0805,168.1837
4302.5,52.1149,168.201
4303.1,52.1493,168.2183
4303.7,52.1836,168.2356
4304.3,52.218,168.2529
4304.9,52.2524,168.2703
4305.5,52.2868,168.2877
4306.1,52.3211,168.3051
4306.7,52.3555,168.3226
4307.4,52.3898,168.3401
4308.0,52.4242,168.3576
4308.6,52.4586,168.3752
4309.2,52.4929,168.3928
4309.8,52.5272,168.4104
4310.4,52.5616,168.428
4311.0,52.5959,168.4457
4311.6,52.6303,168.4634
4312.3,52.6646,168.4812
4312.9,52.6989,168.4989
4313.5,52.7332,168.5167
4314.1,52.7676,168.5346
4314.7,52.8019,168.5524
4315.3,52.8362,168.5703
4315.9,52.8705,168.5883
4316.5,52.9048,168.6062
4317.2,52.9391,168.6243
4317.8,52.9734,168.6423
4318.4,53.0077,168.6603
4319.0,53.042,168.6784
4319.6,53.0763,168.6966
4320.2,53.1106,168.7147
4320.8,53.1448,168.7329
4321.5,53.1791,168.7511
4322.1,53.2134,168.7694
4322.7,53.2477,168.7877
4323.3,53.2819,168.806
4323.9,53.3162,168.8244
4324.5,53.3504,168.8428
4325.1,53.3847,168.8612
4325.7,53.4189,168.8797
4326.4,53.4532,168.8981
4327.0,53.4874,168.9167
4327.6,53.5217,168.9352
4328.2,53.5559,168.9538
4328.8,53.5901,168.9724
4329.4,53.6244,168.9911
4330.0,53.6586,169.0098
4330.6,53.6928,169.0285
4331.3,53.727,169.0473
4331.9,53.7612,169.0661
4332.5,53.7954,169.0849
4333.1,53.8296,169.1038
4333.7,53.8638,169.1227
4334.3,53.898,169.1416
4334.9,53.9322,169.1606
4335.5,53.9664,169.1796
4336.2,54.0006,169.1986
4336.8,54.0348,169.2177
4337.4,54.069,169.2368
4338.0,54.1031,169.256
4338.6,54.1373,169.2751
4339.2,54.1715,169.2944
4339.8,54.2056,169.3136
4340.4,54.2398,169.3329
4341.1,54.2739,169.3522
4341.7,54.3081,169.3716
4342.3,54.3422,169.391
4342.9,54.3764,169.4104
4343.5,54.4105,169.4299
4344.1,54.4446,169.4494
4344.7,54.4788,169.4689
4345.4,54.5129,169.4885
4346.0,54.547,169.5081
4346.6,54.5811,169.5278
4347.2,54.6152,169.5475
4347.8,54.6493,169.5672
4348.4,54.6834,169.5869
4349.0,54.7175,169.6068
4349.6,54.7516,169.6266
4350.3,54.7857,169.6465
4350.9,54.8198,169.6664
4351.5,54.8539,169.6863
4352.1,54.888,169.7063
4352.7,54.922,169.7263
4353.3,54.9561,169.7464
4353.9,54.9902,169.7665
4354.5,55.0242,169.7866
4355.2,55.0583,169.8068
4355.8,55.0923,169.827
4356.4,55.1264,169.8473
4357.0,55.1604,169.8676
4357.6,55.1945,169.8879
4358.2,55.2285,169.9083
4358.8,55.2625,169.9287
4359.4,55.2966,169.9491
4360.1,55.3306,169.9696
4360.7,55.3646,169.9901
4361.3,55.3986,170.0107
4361.9,55.4326,170.0313
4362.5,55.4666,170.052
4363.1,55.5006,170.0726
4363.7,55.5346,170.0934
4364.4,55.5686,170.1141
4365.0,55.6026,170.1349
4365.6,55.6366,170.1558
4366.2,55.6706,170.1767
4366.8,55.7045,170.1976
4367.4,55.7385,170.2186
4368.0,55.7725,170.2395
4368.6,55.8064,170.2606
4369.3,55.8404,170.2817
4369.9,55.8743,170.3028
4370.5,55.9083,170.324
4371.1,55.9422,170.3452
4371.7,55.9761,170.3664
4372.3,56.0101,170.3877
4372.9,56.044,170.4091
4373.5,56.0779,170.4305
4374.2,56.1118,170.4519
4374.8,56.1458,170.4733
4375.4,56.1797,170.4948
4107.0,41.0073,163.9076
4107.6,41.0424,163.9183
4108.2,41.0776,163.929
4108.8,41.1127,163.9397
4109.4,41.1478,163.9504
4110.0,41.1829,163.9612
4110.6,41.2181,163.9719
4111.2,41.2532,163.9827
4111.9,41.2883,163.9934
4112.5,41.3234,164.0042
4113.1,41.3585,164.015
4113.7,41.3937,164.0258
4114.3,41.4288,164.0367
4114.9,41.4639,164.0475
4115.5,41.499,164.0583
4116.1,41.5341,164.0692
4116.8,41.5692,164.0801
4117.4,41.6043,164.091
4118.0,41.6394,164.1019
4118.6,41.6745,164.1128
4119.2,41.7096,164.1238
4119.8,41.7447,164.1347
4120.4,41.7798,164.1457
4121.0,41.8149,164.1567
4121.7,41.85,164.1677
4122.3,41.8851,164.1787
4122.9,41.9202,164.1897
4123.5,41.9553,164.2008
4124.1,41.9904,164.2119
4124.7,42.0255,164.2229
4125.3,42.0606,164.234
4125.9,42.0956,164.2451
4126.6,42.1307,164.2562
4127.2,42.1658,164.2674
4127.8,42.2009,164.2785
4128.4,42.236,164.2897
4129.0,42.271,164.3009
4129.6,42.3061,164.312
4130.2,42.3412,164.3233
4130.9,42.3762,164.3345
4131.5,42.4113,164.3457
4132.1,42.4464,164.357
4132.7,42.4814,164.3682
4133.3,42.5165,164.3795
4133.9,42.5516,164.3908
4134.5,42.5866,164.4021
4135.1,42.6217,164.4135
4135.8,42.6567,164.4248
4136.4,42.6918,164.4362
4137.0,42.7268,164.4475
4137.6,42.7619,164.4589
4138.2,42.7969,164.4703
4138.8,42.832,164.4818
4139.4,42.867,164.4932
4140.0,42.9021,164.5047
4140.7,42.9371,164.5161
4141.3,42.9722,164.5276
4141.9,43.0072,164.5391
4142.5,43.0422,164.5506
4143.1,43.0773,164.5621
4143.7,43.1123,164.5737
4144.3,43.1473,164.5853
4144.9,43.1824,164.5968
4145.6,43.2174,164.6084
4146.2,43.2524,164.62
4146.8,43.2874,164.6317
4147.4,43.3224,164.6433
4148.0,43.3575,164.655
4148.6,43.3925,164.6667
4149.2,43.4275,164.6783
4149.8,43.4625,164.69
4150.5,43.4975,164.7018
4151.1,43.5325,164.7135
4151.7,43.5675,164.7253
4152.3,43.6025,164.737
4152.9,43.6375,164.7488
4153.5,43.6725,164.7606
4154.1,43.7075,164.7725
4154.8,43.7425,164.7843
4155.4,43.7775,164.7962
4156.0,43.8125,164.808
4156.6,43.8475,164.8199
4157.2,43.8825,164.8318
4157.8,43.9175,164.8437
4158.4,43.9525,164.8557
4159.0,43.9875,164.8676
4159.7,44.0225,164.8796
4160.3,44.0574,164.8916
4160.9,44.0924,164.9036
4161.5,44.1274,164.9156
4162.1,44.1624,164.9277
4162.7,44.1973,164.9397
4163.3,44.2323,164.9518
4163.9,44.2673,164.9639
4164.6,44.3023,164.976
4165.2,44.3372,164.9881
4165.8,44.3722,165.0003
4166.4,44.4071,165.0124
4167.0,44.4421,165.0246
4167.6,44.4771,165.0368
4168.2,44.512,165.049
4168.8,44.547,165.0612
4169.5,44.5819,165.0735
4170.1,44.6169,165.0857
4170.7,44.6518,165.098
4171.3,44.6868,165.1103
4171.9,44.7217,165.1226
4172.5,44.7566,165.135
4173.1,44.7916,165.1473
4173.8,44.8265,165.1597
4174.4,44.8615,165.1721
4175.0,44.8964,165.1845
4175.6,44.9313,165.1969
4176.2,44.9662,165.2094
4176.8,45.0012,165.2218
4177.4,45.0361,165.2343
4178.0,45.071,165.2468
4178.7,45.1059,165.2593
4179.3,45.1409,165.2718
4179.9,45.1758,165.2844
4180.5,45.2107,165.297
4181.1,45.2456,165.3095
4181.7,45.2805,165.3221
4182.3,45.3154,165.3348
4182.9,45.3503,165.3474
4183.6,45.3852,165.3601
4184.2,45.4201,165.3727
4184.8,45.455,165.3854
4185.4,45.4899,165.3982
4186.0,45.5248,165.4109
4186.6,45.5597,165.4236
4187.2,45.5946,165.4364
4187.8,45.6295,165.4492
4188.5,45.6644,165.462
4189.1,45.6993,165.4749
4189.7,45.7341,165.4877
4190.3,45.769,165.5006
4190.9,45.8039,165.5134
4191.5,45.8388,165.5264
4192.1,45.8737,165.5393
4192.8,45.9085,165.5522
4193.4,45.9434,165.5652
4194.0,45.9783,165.5782
4194.6,46.0131,165.5912
4195.2,46.048,165.6042
4195.8,46.0829,165.6172
4196.4,46.1177,165.6303
4197.0,46.1526,165.6433
4197.7,46.1874,165.6564
4198.3,46.2223,165.6696
4198.9,46.2571,165.6827
4199.5,46.292,165.6958
4200.1,46.3268,165.709
4200.7,46.3617,165.7222
4201.3,46.3965,165.7354
4201.9,46.4313,165.7487
4202.6,46.4662,165.7619
4203.2,46.501,165.7752
4203.8,46.5358,165.7885
4204.4,46.5707,165.8018
4205.0,46.6055,165.8151
4205.6,46.6403,165.8285
4206.2,46.6751,165.8419
4206.8,46.71,165.8553
4207.5,46.7448,165.8687
4208.1,46.7796,165.8821
4208.7,46.8144,165.8956
4209.3,46.8492,165.9091
4209.9,46.884,165.9225
4210.5,46.9188,165.9361
4211.1,46.9536,165.9496
4211.7,46.9884,165.9632
4212.4,47.0232,165.9767
4213.0,47.058,165.9903
4213.6,47.0928,166.004
4214.2,47.1276,166.0176
4214.8,47.1624,166.0313
4215.4,47.1972,166.045
4216.0,47.232,166.0587
4216.7,47.2668,166.0724
4217.3,47.3015,166.0861
4217.9,47.3363,166.0999
4218.5,47.3711,166.1137
4219.1,47.4059,166.1275
4219.7,47.4406,166.1413
4220.3,47.4754,166.1552
4220.9,47.5102,166.1691
4221.6,47.5449,166.183
4222.2,47.5797,166.1969
4222.8,47.6144,166.2108
4223.4,47.6492,166.2248
4224.0,47.6839,166.2388
4224.6,47.7187,166.2528
4225.2,47.7534,166.2668
4225.8,47.7882,166.2808
4226.5,47.8229,166.2949
4227.1,47.8577,166.309
4227.7,47.8924,166.3231
4228.3,47.9271,166.3372
4228.9,47.9619,166.3514
4229.5,47.9966,166.3656
4230.1,48.0313,166.3798
4230.7,48.0661,166.394
4231.4,48.1008,166.4083
4232.0,48.1355,166.4225
4232.6,48.1702,166.4368
4233.2,48.2049,166.4511
4233.8,48.2397,166.4655
4234.4,48.2744,166.4798
4235.0,48.3091,166.4942
4235.7,48.3438,166.5086
4236.3,48.3785,166.523
4236.9,48.4132,166.5375
4237.5,48.4479,166.552
4238.1,48.4826,166.5665
4238.7,48.5173,166.581
4239.3,48.5519,166.5955
4239.9,48.5866,166.6101
4240.6,48.6213,166.6247
4241.2,48.656,166.6393
4241.8,48.6907,166.6539
4242.4,48.7253,166.6686
4243.0,48.76,166.6833
4243.6,48.7947,166.698
4244.2,48.8294,166.7127
4244.8,48.864,166.7275
4245.5,48.8987,166.7422
4246.1,48.9333,166.757
4246.7,48.968,166.7719
4247.3,49.0027,166.7867
4247.9,49.0373,166.8016
4248.5,49.072,166.8165
4249.1,49.1066,166.8314
4249.7,49.1413,166.8463
4250.4,49.1759,166.8613
4251.0,49.2105,166.8763
4251.6,49.2452,166.8913
4252.2,49.2798,166.9064
4252.8,49.3144,166.9214
4253.4,49.3491,166.9365
4254.0,49.3837,166.9516
4254.6,49.4183,166.9668
4255.3,49.4529,166.9819
4255.9,49.4875,166.9971
4256.5,49.5221,167.0123
4257.1,49.5568,167.0276
4257.7,49.5914,167.0428
4258.3,49.626,167.0581
4258.9,49.6606,167.0734
4259.6,49.6952,167.0888
4260.2,49.7298,167.1041
4260.8,49.7644,167.1195
4261.4,49.799,167.1349
4262.0,49.8335,167.1504
4262.6,49.8681,167.1658
4263.2,49.9027,167.1813
4263.8,49.9373,167.1968
4264.5,49.9719,167.2124
4265.1,50.0064,167.228
4265.7,50.041,167.2435
4266.3,50.0756,167.2592
4266.9,50.1101,167.2748
4267.5,50.1447,167.2905
4268.1,50.1793,167.3062
4268.7,50.2138,167.3219
4269.4,50.2484,167.3376
4270.0,50.2829,167.3534
4270.6,50.3175,167.3692
4271.2,50.352,167.385
4271.8,50.3865,167.4009
4272.4,50.4211,167.4168
4273.0,50.4556,167.4327
4273.6,50.4901,167.4486
4274.3,50.5247,167.4646
4274.9,50.5592,167.4806
4275.5,50.5937,167.4966
4276.1,50.6282,167.5126
4276.7,50.6628,167.5287
4277.3,50.6973,167.5448
4277.9,50.7318,167.5609
4278.6,50.7663,167.5771
4279.2,50.8008,167.5932
4279.8,50.8353,167.6094
4280.4,50.8698,167.6257
4281.0,50.9043,167.6419
4281.6,50.9388,167.6582
4282.2,50.9733,167.6745
4282.8,51.0077,167.6909
4283.5,51.0422,167.7072
4284.1,51.0767,167.7236
4284.7,51.1112,167.7401
4285.3,51.1457,167.7565
4285.9,51.1801,167.773
4286.5,51.2146,167.7895
4287.1,51.2491,167.806
4287.7,51.2835,167.8226
4288.4,51.318,167.8392
4289.0,51.3524,167.8558
4289.6,51.3869,167.8725
4290.2,51.4213,167.8892
4290.8,51.4558,167.9059
4291.4,51.4902,167.9226
4292.0,51.5246,167.9394
4292.6,51.5591,167.9562
4293.3,51.5935,167.973
4293.9,51.6279,167.9898
4294.5,51.6624,168.0067
4295.1,51.6968,168.0236
4295.7,51.7312,168.0406
4296.3,51.7656,168.0576
4296.9,51.8,168.0746
4297.5,51.8344,168.0916
4298.2,51.8688,168.1086
4298.8,51.9032,168.1257
4299.4,51.9376,168.1429
4300.0,51.972,168.16
4300.6,52.0064,168.1772
4301.2,52.0408,168.1944
4301.8,52.0752,168.2116
4302.5,52.1096,168.2289
4303.1,52.144,168.2462
4303.7,52.1783,168.2635
4304.3,52.2127,168.2809
4304.9,52.2471,168.2983
4305.5,52.2814,168.3157
4306.1,52.3158,168.3331
4306.7,52.3501,168.3506
4307.4,52.3845,168.3681
4308.0,52.4188,168.3857
4308.6,52.4532,168.4032
4309.2,52.4875,168.4209
4309.8,52.5219,168.4385
4310.4,52.5562,168.4562
4311.0,52.5905,168.4739
4311.6,52.6249,168.4916
4312.3,52.6592,168.5094
4312.9,52.6935,168.5271
4313.5,52.7278,168.545
4314.1,52.7621,168.5628
4314.7,52.7965,168.5807
4315.3,52.8308,168.5986
4315.9,52.8651,168.6166
4316.5,52.8994,168.6346
4317.2,52.9337,168.6526
4317.8,52.968,168.6707
4318.4,53.0022,168.6887
4319.0,53.0365,168.7068
4319.6,53.0708,168.725
4320.2,53.1051,168.7432
4320.8,53.1394,168.7614
4321.5,53.1736,168.7796
4322.1,53.2079,168.7979
4322.7,53.2422,168.8162
4323.3,53.2764,168.8346
4323.9,53.3107,168.8529
4324.5,53.3449,168.8714
4325.1,53.3792,168.8898
4325.7,53.4134,168.9083
4326.4,53.4477,168.9268
4327.0,53.4819,168.9453
4327.6,53.5161,168.9639
4328.2,53.5504,168.9825
4328.8,53.5846,169.0012
4329.4,53.6188,169.0199
4330.0,53.653,169.0386
4330.6,53.6872,169.0573
4331.3,53.7215,169.0761
4331.9,53.7557,169.0949
4332.5,53.7899,169.1138
4333.1,53.8241,169.1326
4333.7,53.8582,169.1516
4334.3,53.8924,169.1705
4334.9,53.9266,169.1895
4335.5,53.9608,169.2085
4336.2,53.995,169.2276
4336.8,54.0292,169.2467
4337.4,54.0633,169.2658
4338.0,54.0975,169.285
4338.6,54.1317,169.3042
4339.2,54.1658,169.3234
4339.8,54.2,169.3427
4340.4,54.2341,169.362
4341.1,54.2683,169.3814
4341.7,54.3024,169.4008
4342.3,54.3366,169.4202
4342.9,54.3707,169.4396
4343.5,54.4048,169.4591
4344.1,54.4389,169.4786
4344.7,54.4731,169.4982
4345.4,54.5072,169.5178
4346.0,54.5413,169.5374
4346.6,54.5754,169.5571
4347.2,54.6095,169.5768
4347.8,54.6436,169.5966
4348.4,54.6777,169.6163
4349.0,54.7118,169.6362
4349.6,54.7459,169.656
4350.3,54.78,169.6759
4350.9,54.8141,169.6958
4351.5,54.8481,169.7158
4352.1,54.8822,169.7358
4352.7,54.9163,169.7559
4353.3,54.9503,169.776
4353.9,54.9844,169.7961
4354.5,55.0185,169.8162
4355.2,55.0525,169.8364
4355.8,55.0865,169.8567
4356.4,55.1206,169.877
4357.0,55.1546,169.8973
4357.6,55.1887,169.9176
4358.2,55.2227,169.938
4358.8,55.2567,169.9584
4359.4,55.2907,169.9789
4360.1,55.3247,169.9994
4360.7,55.3588,170.02
4361.3,55.3928,170.0405
4361.9,55.4268,170.0612
4362.5,55.4608,170.0818
4363.1,55.4948,170.1025
4363.7,55.5287,170.1233
4364.4,55.5627,170.1441
4365.0,55.5967,170.1649
4365.6,55.6307,170.1858
4366.2,55.6647,170.2067
4366.8,55.6986,170.2276
4367.4,55.7326,170.2486
4368.0,55.7665,170.2696
4368.6,55.8005,170.2907
4369.3,55.8344,170.3118
4369.9,55.8684,170.333
4370.5,55.9023,170.3542
4371.1,55.9363,170.3754
4371.7,55.9702,170.3967
4372.3,56.0041,170.418
4372.9,56.038,170.4393
4373.5,56.0719,170.4607
4374.2,56.1059,170.4822
4107.0,41.0033,163.9308
4107.6,41.0384,163.9415
4108.2,41.0735,163.9522
4108.8,41.1086,163.9629
4109.4,41.1438,163.9736
4110.0,41.1789,163.9844
4110.6,41.214,163.9951
4111.2,41.2491,164.0059
4111.9,41.2842,164.0167
4112.5,41.3194,164.0275
4113.1,41.3545,164.0383
4113.7,41.3896,164.0491
4114.3,41.4247,164.06
4114.9,41.4598,164.0708
4115.5,41.4949,164.0817
4116.1,41.53,164.0926
4116.8,41.5651,164.1035
4117.4,41.6002,164.1144
4118.0,41.6353,164.1253
4118.6,41.6704,164.1362
4119.2,41.7055,164.1472
4119.8,41.7406,164.1582
4120.4,41.7757,164.1691
4121.0,41.8108,164.1801
4121.7,41.8459,164.1911
4122.3,41.881,164.2022
4122.9,41.9161,164.2132
4123.5,41.9512,164.2243
4124.1,41.9863,164.2353
4124.7,42.0214,164.2464
4125.3,42.0564,164.2575
4125.9,42.0915,164.2686
4126.6,42.1266,164.2798
4127.2,42.1617,164.2909
4127.8,42.1967,164.3021
4128.4,42.2318,164.3132
4129.0,42.2669,164.3244
4129.6,42.302,164.3356
4130.2,42.337,164.3469
4130.9,42.3721,164.3581
4131.5,42.4072,164.3694
4132.1,42.4422,164.3806
4132.7,42.4773,164.3919
4133.3,42.5123,164.4032
4133.9,42.5474,164.4145
4134.5,42.5824,164.4258
4135.1,42.6175,164.4372
4135.8,42.6526,164.4485
4136.4,42.6876,164.4599
4137.0,42.7227,164.4713
4137.6,42.7577,164.4827
4138.2,42.7927,164.4941
4138.8,42.8278,164.5055
4139.4,42.8628,164.517
4140.0,42.8979,164.5285
4140.7,42.9329,164.5399
4141.3,42.9679,164.5514
4141.9,43.003,164.5629
4142.5,43.038,164.5745
4143.1,43.073,164.586
4143.7,43.1081,164.5976
4144.3,43.1431,164.6092
4144.9,43.1781,164.6207
4145.6,43.2131,164.6324
4146.2,43.2482,164.644
4146.8,43.2832,164.6556
4147.4,43.3182,164.6673
4148.0,43.3532,164.6789
4148.6,43.3882,164.6906
4149.2,43.4232,164.7023
4149.8,43.4582,164.7141
4150.5,43.4933,164.7258
4151.1,43.5283,164.7375
4151.7,43.5633,164.7493
4152.3,43.5983,164.7611
4152.9,43.6333,164.7729
4153.5,43.6683,164.7847
4154.1,43.7033,164.7966
4154.8,43.7383,164.8084
4155.4,43.7732,164.8203
4156.0,43.8082,164.8322
4156.6,43.8432,164.8441
4157.2,43.8782,164.856
4157.8,43.9132,164.8679
4158.4,43.9482,164.8799
4159.0,43.9832,164.8918
4159.7,44.0181,164.9038
4160.3,44.0531,164.9158
4160.9,44.0881,164.9278
4161.5,44.1231,164.9399
4162.1,44.158,164.9519
4162.7,44.193,164.964
4163.3,44.228,164.9761
4163.9,44.2629,164.9882
4164.6,44.2979,165.0003
4165.2,44.3329,165.0125
4165.8,44.3678,165.0246
4166.4,44.4028,165.0368
4167.0,44.4377,165.049
4167.6,44.4727,165.0612
4168.2,44.5076,165.0734
4168.8,44.5426,165.0856
4169.5,44.5775,165.0979
4170.1,44.6125,165.1102
4170.7,44.6474,165.1225
4171.3,44.6824,165.1348
4171.9,44.7173,165.1471
4172.5,44.7523,165.1595
4173.1,44.7872,165.1718
4173.8,44.8221,165.1842
4174.4,44.8571,165.1966
4175.0,44.892,165.209
4175.6,44.9269,165.2215
4176.2,44.9618,165.2339
4176.8,44.9968,165.2464
4177.4,45.0317,165.2589
4178.0,45.0666,165.2714
4178.7,45.1015,165.2839
4179.3,45.1364,165.2965
4179.9,45.1713,165.309
4180.5,45.2062,165.3216
4181.1,45.2412,165.3342
4181.7,45.2761,165.3468
4182.3,45.311,165.3595
4182.9,45.3459,165.3721
4183.6,45.3808,165.3848
4184.2,45.4157,165.3975
4184.8,45.4506,165.4102
4185.4,45.4855,165.4229
4186.0,45.5203,165.4357
4186.6,45.5552,165.4485
4187.2,45.5901,165.4612
4187.8,45.625,165.474
4188.5,45.6599,165.4869
4189.1,45.6948,165.4997
4189.7,45.7297,165.5126
4190.3,45.7645,165.5255
4190.9,45.7994,165.5383
4191.5,45.8343,165.5513
4192.1,45.8691,165.5642
4192.8,45.904,165.5772
4193.4,45.9389,165.5901
4194.0,45.9737,165.6031
4194.6,46.0086,165.6161
4195.2,46.0435,165.6292
4195.8,46.0783,165.6422
4196.4,46.1132,165.6553
4197.0,46.148,165.6684
4197.7,46.1829,165.6815
4198.3,46.2177,165.6946
4198.9,46.2526,165.7078
4199.5,46.2874,165.721
4200.1,46.3223,165.7341
4200.7,46.3571,165.7474
4201.3,46.3919,165.7606
4201.9,46.4268,165.7738
4202.6,46.4616,165.7871
4203.2,46.4964,165.8004
4203.8,46.5312,165.8137
4204.4,46.5661,165.827
4205.0,46.6009,165.8404
4205.6,46.6357,165.8538
4206.2,46.6705,165.8671
4206.8,46.7053,165.8806
4207.5,46.7402,165.894
4208.1,46.775,165.9074
4208.7,46.8098,165.9209
4209.3,46.8446,165.9344
4209.9,46.8794,165.9479
4210.5,46.9142,165.9614
4211.1,46.949,165.975
4211.7,46.9838,165.9886
4212.4,47.0186,166.0022
4213.0,47.0534,166.0158
4213.6,47.0882,166.0294
4214.2,47.123,166.0431
4214.8,47.1577,166.0567
4215.4,47.1925,166.0704
4216.0,47.2273,166.0842
4216.7,47.2621,166.0979
4217.3,47.2969,166.1117
4217.9,47.3316,166.1255
4218.5,47.3664,166.1393
4219.1,47.4012,166.1531
4219.7,47.4359,166.1669
4220.3,47.4707,166.1808
4220.9,47.5055,166.1947
4221.6,47.5402,166.2086
4222.2,47.575,166.2225
4222.8,47.6097,166.2365
4223.4,47.6445,166.2505
4224.0,47.6792,166.2645
4224.6,47.714,166.2785
4225.2,47.7487,166.2925
4225.8,47.7835,166.3066
4226.5,47.8182,166.3207
4227.1,47.8529,166.3348
4227.7,47.8877,166.3489
4228.3,47.9224,166.3631
4228.9,47.9571,166.3772
4229.5,47.9919,166.3914
4230.1,48.0266,166.4056
4230.7,48.0613,166.4199
4231.4,48.096,166.4341
4232.0,48.1307,166.4484
4232.6,48.1654,166.4627
4233.2,48.2002,166.4771
4233.8,48.2349,166.4914
4234.4,48.2696,166.5058
4235.0,48.3043,166.5202
4235.7,48.339,166.5346
4236.3,48.3737,166.5491
4236.9,48.4084,166.5635
4237.5,48.4431,166.578
4238.1,48.4777,166.5925
4238.7,48.5124,166.6071
4239.3,48.5471,166.6216
4239.9,48.5818,166.6362
4240.6,48.6165,166.6508
4241.2,48.6512,166.6654
4241.8,48.6858,166.6801
4242.4,48.7205,166.6948
4243.0,48.7552,166.7095
4243.6,48.7898,166.7242
4244.2,48.8245,166.7389
4244.8,48.8592,166.7537
4245.5,48.8938,166.7685
4246.1,48.9285,166.7833
4246.7,48.9631,166.7981
4247.3,48.9978,166.813
4247.9,49.0324,166.8279
4248.5,49.0671,166.8428
4249.1,49.1017,166.8577
4249.7,49.1363,166.8727
4250.4,49.171,166.8877
4251.0,49.2056,166.9027
4251.6,49.2402,166.9177
4252.2,49.2749,166.9328
4252.8,49.3095,166.9479
4253.4,49.3441,166.963
4254.0,49.3787,166.9781
4254.6,49.4134,166.9933
4255.3,49.448,167.0085
4255.9,49.4826,167.0237
4256.5,49.5172,167.0389
4257.1,49.5518,167.0541
4257.7,49.5864,167.0694
4258.3,49.621,167.0847
4258.9,49.6556,167.1001
4259.6,49.6902,167.1154
4260.2,49.7248,167.1308
4260.8,49.7594,167.1462
4261.4,49.794,167.1616
4262.0,49.8285,167.1771
4262.6,49.8631,167.1926
4263.2,49.8977,167.2081
4263.8,49.9323,167.2236
4264.5,49.9668,167.2392
4265.1,50.0014,167.2547
4265.7,50.036,167.2704
4266.3,50.0705,167.286
4266.9,50.1051,167.3017
4267.5,50.1397,167.3173
4268.1,50.1742,167.3331
4268.7,50.2088,167.3488
4269.4,50.2433,167.3645
4270.0,50.2779,167.3803
4270.6,50.3124,167.3962
4271.2,50.3469,167.412
4271.8,50.3815,167.4279
4272.4,50.416,167.4438
4273.0,50.4505,167.4597
4273.6,50.4851,167.4756
4274.3,50.5196,167.4916
4274.9,50.5541,167.5076
4275.5,50.5886,167.5237
4276.1,50.6231,167.5397
4276.7,50.6576,167.5558
4277.3,50.6922,167.5719
4277.9,50.7267,167.5881
4278.6,50.7612,167.6042
4279.2,50.7957,167.6204
4279.8,50.8302,167.6366
4280.4,50.8647,167.6529
4281.0,50.8991,167.6692
4281.6,50.9336,167.6855
4282.2,50.9681,167.7018
4282.8,51.0026,167.7182
4283.5,51.0371,167.7346
4284.1,51.0715,167.751
4284.7,51.106,167.7674
4285.3,51.1405,167.7839
4285.9,51.1749,167.8004
4286.5,51.2094,167.8169
4287.1,51.2439,167.8335
4287.7,51.2783,167.8501
4288.4,51.3128,167.8667
4289.0,51.3472,167.8833
4289.6,51.3817,167.9
4290.2,51.4161,167.9167
4290.8,51.4505,167.9334
4291.4,51.485,167.9501
4292.0,51.5194,167.9669
4292.6,51.5538,167.9837
4293.3,51.5883,168.0006
4293.9,51.6227,168.0175
4294.5,51.6571,168.0344
4295.1,51.6915,168.0513
4295.7,51.7259,168.0683
4296.3,51.7603,168.0853
4296.9,51.7948,168.1023
4297.5,51.8292,168.1193
4298.2,51.8636,168.1364
4298.8,51.898,168.1535
4299.4,51.9323,168.1706
4300.0,51.9667,168.1878
4300.6,52.0011,168.205
4301.2,52.0355,168.2222
4301.8,52.0699,168.2395
4302.5,52.1043,168.2568
4303.1,52.1386,168.2741
4303.7,52.173,168.2914
4304.3,52.2074,168.3088
4304.9,52.2417,168.3262
4305.5,52.2761,168.3437
4306.1,52.3104,168.3611
4306.7,52.3448,168.3786
4307.4,52.3791,168.3962
4308.0,52.4135,168.4137
4308.6,52.4478,168.4313
4309.2,52.4822,168.4489
4309.8,52.5165,168.4666
4310.4,52.5508,168.4843
4311.0,52.5852,168.502
4311.6,52.6195,168.5198
4312.3,52.6538,168.5375
4312.9,52.6881,168.5554
4313.5,52.7224,168.5732
4314.1,52.7567,168.5911
4314.7,52.791,168.609
4315.3,52.8253,168.6269
4315.9,52.8596,168.6449
4316.5,52.8939,168.6629
4317.2,52.9282,168.6809
4317.8,52.9625,168.699
4318.4,52.9968,168.7171
4319.0,53.0311,168.7352
4319.6,53.0653,168.7534
4320.2,53.0996,168.7716
4320.8,53.1339,168.7898
4321.5,53.1682,168.8081
4322.1,53.2024,168.8264
4322.7,53.2367,168.8447
4323.3,53.2709,168.8631
4323.9,53.3052,168.8815
4324.5,53.3394,168.8999
4325.1,53.3737,168.9184
4325.7,53.4079,168.9369
4326.4,53.4421,168.9554
4327.0,53.4764,168.974
4327.6,53.5106,168.9926
4328.2,53.5448,169.0112
4328.8,53.579,169.0299
4329.4,53.6133,169.0486
4330.0,53.6475,169.0673
4330.6,53.6817,169.0861
4331.3,53.7159,169.1049
4331.9,53.7501,169.1237
4332.5,53.7843,169.1426
4333.1,53.8185,169.1615
4333.7,53.8527,169.1805
4334.3,53.8868,169.1994
4334.9,53.921,169.2184
4335.5,53.9552,169.2375
4336.2,53.9894,169.2566
4336.8,54.0235,169.2757
4337.4,54.0577,169.2948
4338.0,54.0919,169.314
4338.6,54.126,169.3333
4339.2,54.1602,169.3525
4339.8,54.1943,169.3718
4340.4,54.2285,169.3911
4341.1,54.2626,169.4105
4341.7,54.2967,169.4299
4342.3,54.3309,169.4493
4342.9,54.365,169.4688
4343.5,54.3991,169.4883
4344.1,54.4333,169.5079
4344.7,54.4674,169.5275
4345.4,54.5015,169.5471
4346.0,54.5356,169.5667
4346.6,54.5697,169.5864
4347.2,54.6038,169.6062
4347.8,54.6379,169.6259
4348.4,54.672,169.6457
4349.0,54.7061,169.6656
4349.6,54.7402,169.6854
4350.3,54.7742,169.7054
4350.9,54.8083,169.7253
4351.5,54.8424,169.7453
4352.1,54.8764,169.7653
4352.7,54.9105,169.7854
4353.3,54.9446,169.8055
4353.9,54.9786,169.8257
4354.5,55.0127,169.8458
4355.2,55.0467,169.8661
4355.8,55.0807,169.8863
4356.4,55.1148,169.9066
4357.0,55.1488,169.9269
4357.6,55.1828,169.9473
4358.2,55.2169,169.9677
4358.8,55.2509,169.9882
4359.4,55.2849,170.0087
4360.1,55.3189,170.0292
4360.7,55.3529,170.0498
4361.3,55.3869,170.0704
4361.9,55.4209,170.091
4362.5,55.4549,170.1117
4363.1,55.4889,170.1324
4363.7,55.5229,170.1532
4364.4,55.5568,170.174
4365.0,55.5908,170.1949
4365.6,55.6248,170.2158
4366.2,55.6587,170.2367
4366.8,55.6927,170.2576
4367.4,55.7267,170.2787
4368.0,55.7606,170.2997
4368.6,55.7946,170.3208
4369.3,55.8285,170.3419
4369.9,55.8624,170.3631
4370.5,55.8964,170.3843
4371.1,55.9303,170.4056
4371.7,55.9642,170.4269
4372.3,55.9981,170.4482
4372.9,56.0321,170.4696
4373.5,56.066,170.491
4107.0,40.9992,163.954
4107.6,41.0343,163.9647
4108.2,41.0695,163.9754
4108.8,41.1046,163.9861
4109.4,41.1397,163.9968
4110.0,41.1748,164.0076
4110.6,41.2099,164.0184
4111.2,41.2451,164.0291
4111.9,41.2802,164.0399
4112.5,41.3153,164.0508
4113.1,41.3504,164.0616
4113.7,41.3855,164.0724
4114.3,41.4206,164.0833
4114.9,41.4557,164.0941
4115.5,41.4908,164.105
4116.1,41.5259,164.1159
4116.8,41.561,164.1268
4117.4,41.5961,164.1377
4118.0,41.6312,164.1487
4118.6,41.6663,164.1596
4119.2,41.7014,164.1706
4119.8,41.7365,164.1816
4120.4,41.7716,164.1926
4121.0,41.8067,164.2036
4121.7,41.8418,164.2146
4122.3,41.8769,164.2256
4122.9,41.912,164.2367
4123.5,41.9471,164.2477
4124.1,41.9821,164.2588
4124.7,42.0172,164.2699
4125.3,42.0523,164.281
4125.9,42.0874,164.2922
4126.6,42.1224,164.3033
4127.2,42.1575,164.3145
4127.8,42.1926,164.3256
4128.4,42.2277,164.3368
4129.0,42.2627,164.348
4129.6,42.2978,164.3592
4130.2,42.3329,164.3705
4130.9,42.3679,164.3817
4131.5,42.403,164.393
4132.1,42.438,164.4043
4132.7,42.4731,164.4156
4133.3,42.5082,164.4269
4133.9,42.5432,164.4382
4134.5,42.5783,164.4495
4135.1,42.6133,164.4609
4135.8,42.6484,164.4722
4136.4,42.6834,164.4836
4137.0,42.7185,164.495
4137.6,42.7535,164.5064
4138.2,42.7885,164.5179
4138.8,42.8236,164.5293
4139.4,42.8586,164.5408
4140.0,42.8937,164.5523
4140.7,42.9287,164.5638
4141.3,42.9637,164.5753
4141.9,42.9987,164.5868
4142.5,43.0338,164.5983
4143.1,43.0688,164.6099
4143.7,43.1038,164.6215
4144.3,43.1389,164.633
4144.9,43.1739,164.6447
4145.6,43.2089,164.6563
4146.2,43.2439,164.6679
4146.8,43.2789,164.6796
4147.4,43.3139,164.6912
4148.0,43.3489,164.7029
4148.6,43.384,164.7146
4149.2,43.419,164.7263
4149.8,43.454,164.7381
4150.5,43.489,164.7498
4151.1,43.524,164.7616
4151.7,43.559,164.7734
4152.3,43.594,164.7852
4152.9,43.629,164.797
4153.5,43.664,164.8088
4154.1,43.699,164.8206
4154.8,43.734,164.8325
4155.4,43.7689,164.8444
4156.0,43.8039,164.8563
4156.6,43.8389,164.8682
4157.2,43.8739,164.8801
4157.8,43.9089,164.8921
4158.4,43.9439,164.9041
4159.0,43.9788,164.916
4159.7,44.0138,164.928
4160.3,44.0488,164.94
4160.9,44.0838,164.9521
4161.5,44.1187,164.9641
4162.1,44.1537,164.9762
4162.7,44.1887,164.9883
4163.3,44.2236,165.0004
4163.9,44.2586,165.0125
4164.6,44.2936,165.0246
4165.2,44.3285,165.0368
4165.8,44.3635,165.049
4166.4,44.3984,165.0611
4167.0,44.4334,165.0733
4167.6,44.4683,165.0856
4168.2,44.5033,165.0978
4168.8,44.5382,165.1101
4169.5,44.5732,165.1223
4170.1,44.6081,165.1346
4170.7,44.643,165.1469
4171.3,44.678,165.1593
4171.9,44.7129,165.1716
4172.5,44.7479,165.184
4173.1,44.7828,165.1963
4173.8,44.8177,165.2087
4174.4,44.8526,165.2211
4175.0,44.8876,165.2336
4175.6,44.9225,165.246
4176.2,44.9574,165.2585
4176.8,44.9923,165.271
4177.4,45.0272,165.2835
4178.0,45.0622,165.296
4178.7,45.0971,165.3086
4179.3,45.132,165.3211
4179.9,45.1669,165.3337
4180.5,45.2018,165.3463
4181.1,45.2367,165.3589
4181.7,45.2716,165.3715
4182.3,45.3065,165.3842
4182.9,45.3414,165.3969
4183.6,45.3763,165.4095
4184.2,45.4112,165.4223
4184.8,45.4461,165.435
4185.4,45.481,165.4477
4186.0,45.5159,165.4605
4186.6,45.5508,165.4733
4187.2,45.5856,165.4861
4187.8,45.6205,165.4989
4188.5,45.6554,165.5117
4189.1,45.6903,165.5246
4189.7,45.7251,165.5374
4190.3,45.76,165.5503
4190.9,45.7949,165.5632
4191.5,45.8298,165.5762
4192.1,45.8646,165.5891
4192.8,45.8995,165.6021
4193.4,45.9344,165.6151
4194.0,45.9692,165.6281
4194.6,46.0041,165.6411
4195.2,46.0389,165.6542
4195.8,46.0738,165.6673
4196.4,46.1086,165.6803
4197.0,46.1435,165.6934
4197.7,46.1783,165.7066
4198.3,46.2132,165.7197
4198.9,46.248,165.7329
4199.5,46.2828,165.7461
4200.1,46.3177,165.7593
4200.7,46.3525,165.7725
4201.3,46.3873,165.7857
4201.9,46.4222,165.799
4202.6,46.457,165.8123
4203.2,46.4918,165.8256
4203.8,46.5267,165.8389
4204.4,46.5615,165.8522
4205.0,46.5963,165.8656
4205.6,46.6311,165.879
4206.2,46.6659,165.8924
4206.8,46.7007,165.9058
4207.5,46.7355,165.9193
4208.1,46.7704,165.9327
4208.7,46.8052,165.9462
4209.3,46.84,165.9597
4209.9,46.8748,165.9733
4210.5,46.9096,165.9868
4211.1,46.9444,166.0004
4211.7,46.9791,166.014
4212.4,47.0139,166.0276
4213.0,47.0487,166.0412
4213.6,47.0835,166.0549
4214.2,47.1183,166.0685
4214.8,47.1531,166.0822
4215.4,47.1879,166.0959
4216.0,47.2226,166.1097
4216.7,47.2574,166.1234
4217.3,47.2922,166.1372
4217.9,47.3269,166.151
4218.5,47.3617,166.1648
4219.1,47.3965,166.1787
4219.7,47.4312,166.1925
4220.3,47.466,166.2064
4220.9,47.5008,166.2203
4221.6,47.5355,166.2342
4222.2,47.5703,166.2482
4222.8,47.605,166.2622
4223.4,47.6398,166.2762
4224.0,47.6745,166.2902
4224.6,47.7092,166.3042
4225.2,47.744,166.3183
4225.8,47.7787,166.3323
4226.5,47.8134,166.3464
4227.1,47.8482,166.3605
4227.7,47.8829,166.3747
4228.3,47.9176,166.3889
4228.9,47.9524,166.4031
4229.5,47.9871,166.4173
4230.1,48.0218,166.4315
4230.7,48.0565,166.4458
4231.4,48.0912,166.46
4232.0,48.1259,166.4743
4232.6,48.1607,166.4887
4233.2,48.1954,166.503
4233.8,48.2301,166.5174
4234.4,48.2648,166.5318
4235.0,48.2995,166.5462
4235.7,48.3342,166.5606
4236.3,48.3689,166.5751
4236.9,48.4035,166.5896
4237.5,48.4382,166.6041
4238.1,48.4729,166.6186
4238.7,48.5076,166.6331
4239.3,48.5423,166.6477
4239.9,48.577,166.6623
4240.6,48.6116,166.6769
4241.2,48.6463,166.6916
4241.8,48.681,166.7062
4242.4,48.7156,166.7209
4243.0,48.7503,166.7356
4243.6,48.785,166.7504
4244.2,48.8196,166.7652
4244.8,48.8543,166.7799
4245.5,48.8889,166.7947
4246.1,48.9236,166.8096
4246.7,48.9582,166.8244
4247.3,48.9929,166.8393
4247.9,49.0275,166.8542
4248.5,49.0622,166.8691
4249.1,49.0968,166.8841
4249.7,49.1314,166.8991
4250.4,49.1661,166.9141
4251.0,49.2007,166.9291
4251.6,49.2353,166.9442
4252.2,49.27,166.9592
4252.8,49.3046,166.9743
4253.4,49.3392,166.9894
4254.0,49.3738,167.0046
4254.6,49.4084,167.0198
4255.3,49.443,167.035
4255.9,49.4776,167.0502
4256.5,49.5122,167.0654
4257.1,49.5468,167.0807
4257.7,49.5814,167.096
4258.3,49.616,167.1113
4258.9,49.6506,167.1267
4259.6,49.6852,167.142
4260.2,49.7198,167.1574
4260.8,49.7544,167.1729
4261.4,49.789,167.1883
4262.0,49.8235,167.2038
4262.6,49.8581,167.2193
4263.2,49.8927,167.2348
4263.8,49.9273,167.2504
4264.5,49.9618,167.2659
4265.1,49.9964,167.2815
4265.7,50.031,167.2971
4266.3,50.0655,167.3128
4266.9,50.1001,167.3285
4267.5,50.1346,167.3442
4268.1,50.1692,167.3599
4268.7,50.2037,167.3757
4269.4,50.2383,167.3915
4270.0,50.2728,167.4073
4270.6,50.3073,167.4231
4271.2,50.3419,167.439
4271.8,50.3764,167.4548
4272.4,50.4109,167.4708
4273.0,50.4454,167.4867
4273.6,50.48,167.5027
4274.3,50.5145,167.5187
4274.9,50.549,167.5347
4275.5,50.5835,167.5508
4276.1,50.618,167.5668
4276.7,50.6525,167.5829
4277.3,50.687,167.5991
4277.9,50.7215,167.6152
4278.6,50.756,167.6314
4279.2,50.7905,167.6476
4279.8,50.825,167.6638
4280.4,50.8595,167.6801
4281.0,50.894,167.6964
4281.6,50.9285,167.7127
4282.2,50.963,167.7291
4282.8,50.9974,167.7455
4283.5,51.0319,167.7619
4284.1,51.0664,167.7783
4284.7,51.1008,167.7948
4285.3,51.1353,167.8112
4285.9,51.1698,167.8278
4286.5,51.2042,167.8443
4287.1,51.2387,167.8609
4287.7,51.2731,167.8775
4288.4,51.3076,167.8941
4289.0,51.342,167.9108
4289.6,51.3764,167.9275
4290.2,51.4109,167.9442
4290.8,51.4453,167.9609
4291.4,51.4798,167.9777
4292.0,51.5142,167.9945
4292.6,51.5486,168.0113
4293.3,51.583,168.0282
4293.9,51.6174,168.0451
4294.5,51.6519,168.062
4295.1,51.6863,168.0789
4295.7,51.7207,168.0959
4296.3,51.7551,168.1129
4296.9,51.7895,168.13
4297.5,51.8239,168.147
4298.2,51.8583,168.1641
4298.8,51.8927,168.1813
4299.4,51.927,168.1984
4300.0,51.9614,168.2156
4300.6,51.9958,168.2328
4301.2,52.0302,168.2501
4301.8,52.0646,168.2673
4302.5,52.0989,168.2847
4303.1,52.1333,168.302
4303.7,52.1677,168.3194
4304.3,52.202,168.3367
4304.9,52.2364,168.3542
4305.5,52.2707,168.3716
4306.1,52.3051,168.3891
4306.7,52.3394,168.4066
4307.4,52.3738,168.4242
4308.0,52.4081,168.4418
4308.6,52.4424,168.4594
4309.2,52.4768,168.477
4309.8,52.5111,168.4947
4310.4,52.5454,168.5124
4311.0,52.5798,168.5302
4311.6,52.6141,168.5479
4312.3,52.6484,168.5657
4312.9,52.6827,168.5836
4313.5,52.717,168.6014
4314.1,52.7513,168.6193
4314.7,52.7856,168.6373
4315.3,52.8199,168.6552
4315.9,52.8542,168.6732
4316.5,52.8885,168.6912
4317.2,52.9228,168.7093
4317.8,52.9571,168.7274
4318.4,52.9913,168.7455
4319.0,53.0256,168.7636
4319.6,53.0599,168.7818
4320.2,53.0941,168.8
4320.8,53.1284,168.8183
4321.5,53.1627,168.8366
4322.1,53.1969,168.8549
4322.7,53.2312,168.8733
4323.3,53.2654,168.8916
4323.9,53.2997,168.9101
4324.5,53.3339,168.9285
4325.1,53.3681,168.947
4325.7,53.4024,168.9655
4326.4,53.4366,168.9841
4327.0,53.4708,169.0026
4327.6,53.5051,169.0213
4328.2,53.5393,169.0399
4328.8,53.5735,169.0586
4329.4,53.6077,169.0773
4330.0,53.6419,169.0961
4330.6,53.6761,169.1149
4331.3,53.7103,169.1337
4331.9,53.7445,169.1526
4332.5,53.7787,169.1714
4333.1,53.8129,169.1904
4333.7,53.8471,169.2093
4334.3,53.8812,169.2283
4334.9,53.9154,169.2474
4335.5,53.9496,169.2664
4336.2,53.9837,169.2855
4336.8,54.0179,169.3047
4337.4,54.0521,169.3238
4338.0,54.0862,169.343
4338.6,54.1204,169.3623
4339.2,54.1545,169.3816
4339.8,54.1887,169.4009
4340.4,54.2228,169.4202
4341.1,54.2569,169.4396
4341.7,54.2911,169.459
4342.3,54.3252,169.4785
4342.9,54.3593,169.498
4343.5,54.3934,169.5175
4344.1,54.4276,169.5371
4344.7,54.4617,169.5567
4345.4,54.4958,169.5763
4346.0,54.5299,169.596
4346.6,54.564,169.6157
4347.2,54.5981,169.6355
4347.8,54.6322,169.6553
4348.4,54.6662,169.6751
4349.0,54.7003,169.695
4349.6,54.7344,169.7149
4350.3,54.7685,169.7348
4350.9,54.8025,169.7548
4351.5,54.8366,169.7748
4352.1,54.8707,169.7948
4352.7,54.9047,169.8149
4353.3,54.9388,169.8351
4353.9,54.9728,169.8552
4354.5,55.0069,169.8754
4355.2,55.0409,169.8957
4355.8,55.0749,169.9159
4356.4,55.109,169.9363
4357.0,55.143,169.9566
4357.6,55.177,169.977
4358.2,55.211,169.9975
4358.8,55.245,170.0179
4359.4,55.279,170.0384
4360.1,55.313,170.059
4360.7,55.347,170.0796
4361.3,55.381,170.1002
4361.9,55.415,170.1209
4362.5,55.449,170.1416
4363.1,55.483,170.1623
4363.7,55.517,170.1831
4364.4,55.5509,170.2039
4365.0,55.5849,170.2248
4365.6,55.6189,170.2457
4366.2,55.6528,170.2667
4366.8,55.6868,170.2877
4367.4,55.7207,170.3087
4368.0,55.7547,170.3298
4368.6,55.7886,170.3509
4369.3,55.8226,170.372
4369.9,55.8565,170.3932
4370.5,55.8904,170.4145
4371.1,55.9243,170.4357
4371.7,55.9582,170.4571
4372.3,55.9922,170.4784
4372.9,56.0261,170.4998
4107.0,40.9952,163.9771
4107.6,41.0303,163.9878
4108.2,41.0654,163.9986
4108.8,41.1005,164.0093
4109.4,41.1356,164.0201
4110.0,41.1708,164.0308
4110.6,41.2059,164.0416
4111.2,41.241,164.0524
4111.9,41.2761,164.0632
4112.5,41.3112,164.074
4113.1,41.3463,164.0848
4113.7,41.3814,164.0957
4114.3,41.4165,164.1066
4114.9,41.4516,164.1174
4115.5,41.4867,164.1283
4116.1,41.5218,164.1392
4116.8,41.5569,164.1501
4117.4,41.592,164.1611
4118.0,41.6271,164.172
4118.6,41.6622,164.183
4119.2,41.6973,164.194
4119.8,41.7324,164.205
4120.4,41.7675,164.216
4121.0,41.8026,164.227
4121.7,41.8377,164.238
4122.3,41.8728,164.2491
4122.9,41.9078,164.2601
4123.5,41.9429,164.2712
4124.1,41.978,164.2823
4124.7,42.0131,164.2934
4125.3,42.0482,164.3046
4125.9,42.0832,164.3157
4126.6,42.1183,164.3268
4127.2,42.1534,164.338
4127.8,42.1884,164.3492
4128.4,42.2235,164.3604
4129.0,42.2586,164.3716
4129.6,42.2936,164.3828
4130.2,42.3287,164.3941
4130.9,42.3638,164.4053
4131.5,42.3988,164.4166
4132.1,42.4339,164.4279
4132.7,42.4689,164.4392
4133.3,42.504,164.4505
4133.9,42.539,164.4619
4134.5,42.5741,164.4732
4135.1,42.6091,164.4846
4135.8,42.6442,164.496
4136.4,42.6792,164.5074
4137.0,42.7142,164.5188
4137.6,42.7493,164.5302
4138.2,42.7843,164.5416
4138.8,42.8194,164.5531
4139.4,42.8544,164.5646
4140.0,42.8894,164.5761
4140.7,42.9245,164.5876
4141.3,42.9595,164.5991
4141.9,42.9945,164.6106
4142.5,43.0295,164.6222
4143.1,43.0646,164.6338
4143.7,43.0996,164.6453
4144.3,43.1346,164.6569
4144.9,43.1696,164.6685
4145.6,43.2046,164.6802
4146.2,43.2397,164.6918
4146.8,43.2747,164.7035
4147.4,43.3097,164.7152
4148.0,43.3447,164.7269
4148.6,43.3797,164.7386
4149.2,43.4147,164.7503
4149.8,43.4497,164.7621
4150.5,43.4847,164.7738
4151.1,43.5197,164.7856
4151.7,43.5547,164.7974
4152.3,43.5897,164.8092
4152.9,43.6247,164.821
4153.5,43.6597,164.8329
4154.1,43.6947,164.8447
4154.8,43.7297,164.8566
4155.4,43.7646,164.8685
4156.0,43.7996,164.8804
4156.6,43.8346,164.8923
4157.2,43.8696,164.9043
4157.8,43.9046,164.9163
4158.4,43.9395,164.9282
4159.0,43.9745,164.9402
4159.7,44.0095,164.9522
4160.3,44.0445,164.9643
4160.9,44.0794,164.9763
4161.5,44.1144,164.9884
4162.1,44.1494,165.0005
4162.7,44.1843,165.0126
4163.3,44.2193,165.0247
4163.9,44.2542,165.0368
4164.6,44.2892,165.049
4165.2,44.3242,165.0611
4165.8,44.3591,165.0733
4166.4,44.3941,165.0855
4167.0,44.429,165.0977
4167.6,44.4639,165.1099
4168.2,44.4989,165.1222
4168.8,44.5338,165.1345
4169.5,44.5688,165.1467
4170.1,44.6037,165.1591
4170.7,44.6386,165.1714
4171.3,44.6736,165.1837
4171.9,44.7085,165.1961
4172.5,44.7434,165.2085
4173.1,44.7784,165.2208
4173.8,44.8133,165.2332
4174.4,44.8482,165.2457
4175.0,44.8831,165.2581
4175.6,44.9181,165.2706
4176.2,44.953,165.2831
4176.8,44.9879,165.2956
4177.4,45.0228,165.3081
4178.0,45.0577,165.3206
4178.7,45.0926,165.3332
4179.3,45.1275,165.3457
4179.9,45.1624,165.3583
4180.5,45.1973,165.371
4181.1,45.2323,165.3836
4181.7,45.2672,165.3962
4182.3,45.302,165.4089
4182.9,45.3369,165.4216
4183.6,45.3718,165.4343
4184.2,45.4067,165.447
4184.8,45.4416,165.4597
4185.4,45.4765,165.4725
4186.0,45.5114,165.4853
4186.6,45.5463,165.4981
4187.2,45.5811,165.5109
4187.8,45.616,165.5237
4188.5,45.6509,165.5366
4189.1,45.6858,165.5494
4189.7,45.7206,165.5623
4190.3,45.7555,165.5752
4190.9,45.7904,165.5882
4191.5,45.8252,165.6011
4192.1,45.8601,165.6141
4192.8,45.895,165.627
4193.4,45.9298,165.6401
4194.0,45.9647,165.6531
4194.6,45.9995,165.6661
4195.2,46.0344,165.6792
4195.8,46.0692,165.6923
4196.4,46.1041,165.7054
4197.0,46.1389,165.7185
4197.7,46.1738,165.7316
4198.3,46.2086,165.7448
4198.9,46.2434,165.758
4199.5,46.2783,165.7712
4200.1,46.3131,165.7844
4200.7,46.3479,165.7976
4201.3,46.3828,165.8109
4201.9,46.4176,165.8242
4202.6,46.4524,165.8374
4203.2,46.4872,165.8508
4203.8,46.5221,165.8641
4204.4,46.5569,165.8775
4205.0,46.5917,165.8909
4205.6,46.6265,165.9043
4206.2,46.6613,165.9177
4206.8,46.6961,165.9311
4207.5,46.7309,165.9446
4208.1,46.7657,165.958
4208.7,46.8005,165.9715
4209.3,46.8353,165.9851
4209.9,46.8701,165.9986
4210.5,46.9049,166.0122
4211.1,46.9397,166.0258
4211.7,46.9745,166.0394
4212.4,47.0093,166.053
4213.0,47.0441,166.0666
4213.6,47.0788,166.0803
4214.2,47.1136,166.094
4214.8,47.1484,166.1077
4215.4,47.1832,166.1214
4216.0,47.218,166.1352
4216.7,47.2527,166.1489
4217.3,47.2875,166.1627
4217.9,47.3223,166.1765
4218.5,47.357,166.1904
4219.1,47.3918,166.2042
4219.7,47.4265,166.2181
4220.3,47.4613,166.232
4220.9,47.496,166.2459
4221.6,47.5308,166.2599
4222.2,47.5655,166.2738
4222.8,47.6003,166.2878
4223.4,47.635,166.3018
4224.0,47.6698,166.3159
4224.6,47.7045,166.3299
4225.2,47.7392,166.344
4225.8,47.774,166.3581
4226.5,47.8087,166.3722
4227.1,47.8434,166.3863
4227.7,47.8782,166.4005
4228.3,47.9129,166.4147
4228.9,47.9476,166.4289
4229.5,47.9823,166.4431
4230.1,48.017,166.4574
4230.7,48.0517,166.4716
4231.4,48.0865,166.4859
4232.0,48.1212,166.5002
4232.6,48.1559,166.5146
4233.2,48.1906,166.5289
4233.8,48.2253,166.5433
4234.4,48.26,166.5577
4235.0,48.2947,166.5721
4235.7,48.3293,166.5866
4236.3,48.364,166.6011
4236.9,48.3987,166.6156
4237.5,48.4334,166.6301
4238.1,48.4681,166.6446
4238.7,48.5028,166.6592
4239.3,48.5374,166.6738
4239.9,48.5721,166.6884
4240.6,48.6068,166.703
4241.2,48.6415,166.7177
4241.8,48.6761,166.7324
4242.4,48.7108,166.7471
4243.0,48.7454,166.7618
4243.6,48.7801,166.7766
4244.2,48.8148,166.7914
4244.8,48.8494,166.8062
4245.5,48.8841,166.821
4246.1,48.9187,166.8358
4246.7,48.9534,166.8507
4247.3,48.988,166.8656
4247.9,49.0226,166.8805
4248.5,49.0573,166.8955
4249.1,49.0919,166.9104
4249.7,49.1265,166.9254
4250.4,49.1612,166.9404
4251.0,49.1958,166.9555
4251.6,49.2304,166.9706
4252.2,49.265,166.9856
4252.8,49.2996,167.0008
4253.4,49.3342,167.0159
4254.0,49.3689,167.0311
4254.6,49.4035,167.0462
4255.3,49.4381,167.0615
4255.9,49.4727,167.0767
4256.5,49.5073,167.092
4257.1,49.5419,167.1073
4257.7,49.5765,167.1226
4258.3,49.6111,167.1379
4258.9,49.6456,167.1533
4259.6,49.6802,167.1687
4260.2,49.7148,167.1841
4260.8,49.7494,167.1995
4261.4,49.784,167.215
4262.0,49.8185,167.2305
4262.6,49.8531,167.246
4263.2,49.8877,167.2615
4263.8,49.9222,167.2771
4264.5,49.9568,167.2927
4265.1,49.9914,167.3083
4265.7,50.0259,167.3239
4266.3,50.0605,167.3396
4266.9,50.095,167.3553
4267.5,50.1296,167.371
4268.1,50.1641,167.3868
4268.7,50.1987,167.4026
4269.4,50.2332,167.4184
4270.0,50.2677,167.4342
4270.6,50.3023,167.45
4271.2,50.3368,167.4659
4271.8,50.3713,167.4818
4272.4,50.4058,167.4978
4273.0,50.4404,167.5137
4273.6,50.4749,167.5297
4274.3,50.5094,167.5457
4274.9,50.5439,167.5618
4275.5,50.5784,167.5778
4276.1,50.6129,167.5939
4276.7,50.6474,167.61
4277.3,50.6819,167.6262
4277.9,50.7164,167.6423
4278.6,50.7509,167.6586
4279.2,50.7854,167.6748
4279.8,50.8199,167.691
4280.4,50.8544,167.7073
4281.0,50.8888,167.7236
4281.6,50.9233,167.74
4282.2,50.9578,167.7563
4282.8,50.9923,167.7728
4283.5,51.0267,167.7892
4284.1,51.0612,167.8056
4284.7,51.0957,167.8221
4285.3,51.1301,167.8386
4285.9,51.1646,167.8551
4286.5,51.199,167.8717
4287.1,51.2335,167.8883
4287.7,51.2679,167.9049
4288.4,51.3024,167.9216
4289.0,51.3368,167.9382
4289.6,51.3712,167.9549
4290.2,51.4057,167.9717
4290.8,51.4401,167.9884
4291.4,51.4745,168.0052
4292.0,51.5089,168.0221
4292.6,51.5434,168.0389
4293.3,51.5778,168.0558
4293.9,51.6122,168.0727
4294.5,51.6466,168.0896
4295.1,51.681,168.1066
4295.7,51.7154,168.1236
4296.3,51.7498,168.1406
4296.9,51.7842,168.1577
4297.5,51.8186,168.1748
4298.2,51.853,168.1919
4298.8,51.8874,168.209
4299.4,51.9217,168.2262
4300.0,51.9561,168.2434
4300.6,51.9905,168.2606
4301.2,52.0249,168.2779
4301.8,52.0592,168.2952
4302.5,52.0936,168.3125
4303.1,52.128,168.3299
4303.7,52.1623,168.3473
4304.3,52.1967,168.3647
4304.9,52.231,168.3821
4305.5,52.2654,168.3996
4306.1,52.2997,168.4171
4306.7,52.3341,168.4346
4307.4,52.3684,168.4522
4308.0,52.4027,168.4698
4308.6,52.4371,168.4875
4309.2,52.4714,168.5051
4309.8,52.5057,168.5228
4310.4,52.54,168.5405
4311.0,52.5743,168.5583
4311.6,52.6087,168.5761
4312.3,52.643,168.5939
4312.9,52.6773,168.6118
4313.5,52.7116,168.6296
4314.1,52.7459,168.6476
4314.7,52.7802,168.6655
4315.3,52.8145,168.6835
4315.9,52.8487,168.7015
4316.5,52.883,168.7195
4317.2,52.9173,168.7376
4317.8,52.9516,168.7557
4318.4,52.9859,168.7739
4319.0,53.0201,168.792
4319.6,53.0544,168.8102
4320.2,53.0887,168.8285
4320.8,53.1229,168.8468
4321.5,53.1572,168.8651
4322.1,53.1914,168.8834
4322.7,53.2257,168.9018
4323.3,53.2599,168.9202
4323.9,53.2941,168.9386
4324.5,53.3284,168.9571
4325.1,53.3626,168.9756
4325.7,53.3968,168.9941
4326.4,53.4311,169.0127
4327.0,53.4653,169.0313
4327.6,53.4995,169.0499
4328.2,53.5337,169.0686
4328.8,53.5679,169.0873
4329.4,53.6021,169.106
4330.0,53.6363,169.1248
4330.6,53.6705,169.1436
4331.3,53.7047,169.1625
4331.9,53.7389,169.1814
4332.5,53.7731,169.2003
4333.1,53.8073,169.2192
4333.7,53.8414,169.2382
4334.3,53.8756,169.2572
4334.9,53.9098,169.2763
4335.5,53.944,169.2954
4336.2,53.9781,169.3145
4336.8,54.0123,169.3336
4337.4,54.0464,169.3528
4338.0,54.0806,169.3721
4338.6,54.1147,169.3913
4339.2,54.1489,169.4106
4339.8,54.183,169.43
4340.4,54.2171,169.4493
4341.1,54.2513,169.4687
4341.7,54.2854,169.4882
4342.3,54.3195,169.5077
4342.9,54.3536,169.5272
4343.5,54.3877,169.5467
4344.1,54.4218,169.5663
4344.7,54.456,169.5859
4345.4,54.4901,169.6056
4346.0,54.5242,169.6253
4346.6,54.5582,169.645
4347.2,54.5923,169.6648
4347.8,54.6264,169.6846
4348.4,54.6605,169.7045
4349.0,54.6946,169.7243
4349.6,54.7286,169.7443
4350.3,54.7627,169.7642
4350.9,54.7968,169.7842
4351.5,54.8308,169.8043
4352.1,54.8649,169.8243
4352.7,54.8989,169.8444
4353.3,54.933,169.8646
4353.9,54.967,169.8848
4354.5,55.0011,169.905
4355.2,55.0351,169.9253
4355.8,55.0691,169.9456
4356.4,55.1031,169.9659
4357.0,55.1372,169.9863
4357.6,55.1712,170.0067
4358.2,55.2052,170.0271
4358.8,55.2392,170.0477
4359.4,55.2732,170.0682
4360.1,55.3072,170.0888
4360.7,55.3412,170.1094
4361.3,55.3752,170.13
4361.9,55.4091,170.1507
4362.5,55.4431,170.1714
4363.1,55.4771,170.1922
4363.7,55.5111,170.213
4364.4,55.545,170.2339
4365.0,55.579,170.2548
4365.6,55.613,170.2757
4366.2,55.6469,170.2967
4366.8,55.6809,170.3177
4367.4,55.7148,170.3387
4368.0,55.7487,170.3598
4368.6,55.7827,170.381
4369.3,55.8166,170.4021
4369.9,55.8505,170.4234
4370.5,55.8844,170.4446
4371.1,55.9184,170.4659
4371.7,55.9523,170.4873
4107.0,40.9911,164.0003
4107.6,41.0262,164.011
4108.2,41.0614,164.0217
4108.8,41.0965,164.0325
4109.4,41.1316,164.0433
4110.0,41.1667,164.054
4110.6,41.2018,164.0648
4111.2,41.2369,164.0756
4111.9,41.272,164.0864
4112.5,41.3071,164.0973
4113.1,41.3422,164.1081
4113.7,41.3773,164.119
4114.3,41.4125,164.1299
4114.9,41.4476,164.1407
4115.5,41.4827,164.1516
4116.1,41.5177,164.1626
4116.8,41.5528,164.1735
4117.4,41.5879,164.1844
4118.0,41.623,164.1954
4118.6,41.6581,164.2064
4119.2,41.6932,164.2174
4119.8,41.7283,164.2284
4120.4,41.7634,164.2394
4121.0,41.7985,164.2504
4121.7,41.8335,164.2615
4122.3,41.8686,164.2725
4122.9,41.9037,164.2836
4123.5,41.9388,164.2947
4124.1,41.9739,164.3058
4124.7,42.0089,164.3169
4125.3,42.044,164.3281
4125.9,42.0791,164.3392
4126.6,42.1141,164.3504
4127.2,42.1492,164.3616
4127.8,42.1843,164.3728
4128.4,42.2193,164.384
4129.0,42.2544,164.3952
4129.6,42.2895,164.4064
4130.2,42.3245,164.4177
4130.9,42.3596,164.429
4131.5,42.3946,164.4402
4132.1,42.4297,164.4515
4132.7,42.4647,164.4629
4133.3,42.4998,164.4742
4133.9,42.5348,164.4855
4134.5,42.5699,164.4969
4135.1,42.6049,164.5083
4135.8,42.64,164.5197
4136.4,42.675,164.5311
4137.0,42.71,164.5425
4137.6,42.7451,164.554
4138.2,42.7801,164.5654
4138.8,42.8151,164.5769
4139.4,42.8502,164.5884
4140.0,42.8852,164.5999
4140.7,42.9202,164.6114
4141.3,42.9553,164.6229
4141.9,42.9903,164.6345
4142.5,43.0253,164.646
4143.1,43.0603,164.6576
4143.7,43.0953,164.6692
4144.3,43.1304,164.6808
4144.9,43.1654,164.6925
4145.6,43.2004,164.7041
4146.2,43.2354,164.7158
4146.8,43.2704,164.7274
4147.4,43.3054,164.7391
4148.0,43.3404,164.7508
4148.6,43.3754,164.7626
4149.2,43.4104,164.7743
4149.8,43.4454,164.7861
4150.5,43.4804,164.7978
4151.1,43.5154,164.8096
4151.7,43.5504,164.8214
4152.3,43.5854,164.8333
4152.9,43.6204,164.8451
4153.5,43.6554,164.857
4154.1,43.6904,164.8688
4154.8,43.7253,164.8807
4155.4,43.7603,164.8926
4156.0,43.7953,164.9046
4156.6,43.8303,164.9165
4157.2,43.8653,164.9285
4157.8,43.9002,164.9404
4158.4,43.9352,164.9524
4159.0,43.9702,164.9644
4159.7,44.0052,164.9764
4160.3,44.0401,164.9885
4160.9,44.0751,165.0005
4161.5,44.1101,165.0126
4162.1,44.145,165.0247
4162.7,44.18,165.0368
4163.3,44.2149,165.049
4163.9,44.2499,165.0611
4164.6,44.2848,165.0733
4165.2,44.3198,165.0854
4165.8,44.3547,165.0976
4166.4,44.3897,165.1098
4167.0,44.4246,165.1221
4167.6,44.4596,165.1343
4168.2,44.4945,165.1466
4168.8,44.5294,165.1589
4169.5,44.5644,165.1712
4170.1,44.5993,165.1835
4170.7,44.6343,165.1958
4171.3,44.6692,165.2082
4171.9,44.7041,165.2205
4172.5,44.739,165.2329
4173.1,44.774,165.2453
4173.8,44.8089,165.2578
4174.4,44.8438,165.2702
4175.0,44.8787,165.2827
4175.6,44.9136,165.2951
4176.2,44.9486,165.3076
4176.8,44.9835,165.3201
4177.4,45.0184,165.3327
4178.0,45.0533,165.3452
4178.7,45.0882,165.3578
4179.3,45.1231,165.3704
4179.9,45.158,165.383
4180.5,45.1929,165.3956
4181.1,45.2278,165.4082
4181.7,45.2627,165.4209
4182.3,45.2976,165.4336
4182.9,45.3325,165.4463
4183.6,45.3674,165.459
4184.2,45.4022,165.4717
4184.8,45.4371,165.4845
4185.4,45.472,165.4973
4186.0,45.5069,165.5101
4186.6,45.5418,165.5229
4187.2,45.5766,165.5357
4187.8,45.6115,165.5485
4188.5,45.6464,165.5614
4189.1,45.6813,165.5743
4189.7,45.7161,165.5872
4190.3,45.751,165.6001
4190.9,45.7859,165.6131
4191.5,45.8207,165.626
4192.1,45.8556,165.639
4192.8,45.8904,165.652
4193.4,45.9253,165.665
4194.0,45.9601,165.678
4194.6,45.995,165.6911
4195.2,46.0298,165.7042
4195.8,46.0647,165.7173
4196.4,46.0995,165.7304
4197.0,46.1344,165.7435
4197.7,46.1692,165.7567
4198.3,46.204,165.7699
4198.9,46.2389,165.7831
4199.5,46.2737,165.7962
4200.1,46.3085,165.8095
4200.7,46.3434,165.8227
4201.3,46.3782,165.836
4201.9,46.413,165.8493
4202.6,46.4478,165.8626
4203.2,46.4826,165.876
4203.8,46.5175,165.8893
4204.4,46.5523,165.9027
4205.0,46.5871,165.9161
4205.6,46.6219,165.9295
4206.2,46.6567,165.9429
4206.8,46.6915,165.9564
4207.5,46.7263,165.9698
4208.1,46.7611,165.9833
4208.7,46.7959,165.9969
4209.3,46.8307,166.0104
4209.9,46.8655,166.024
4210.5,46.9003,166.0375
4211.1,46.9351,166.0511
4211.7,46.9698,166.0647
4212.4,47.0046,166.0784
4213.0,47.0394,166.092
4213.6,47.0742,166.1057
4214.2,47.109,166.1194
4214.8,47.1437,166.1331
4215.4,47.1785,166.1469
4216.0,47.2133,166.1607
4216.7,47.248,166.1744
4217.3,47.2828,166.1882
4217.9,47.3176,166.2021
4218.5,47.3523,166.2159
4219.1,47.3871,166.2298
4219.7,47.4218,166.2437
4220.3,47.4566,166.2576
4220.9,47.4913,166.2715
4221.6,47.5261,166.2855
4222.2,47.5608,166.2995
4222.8,47.5956,166.3135
4223.4,47.6303,166.3275
4224.0,47.665,166.3415
4224.6,47.6998,166.3556
4225.2,47.7345,166.3697
4225.8,47.7692,166.3838
4226.5,47.8039,166.3979
4227.1,47.8387,166.4121
4227.7,47.8734,166.4263
4228.3,47.9081,166.4405
4228.9,47.9428,166.4547
4229.5,47.9775,166.4689
4230.1,48.0122,166.4832
4230.7,48.047,166.4975
4231.4,48.0817,166.5118
4232.0,48.1164,166.5261
4232.6,48.1511,166.5405
4233.2,48.1858,166.5549
4233.8,48.2205,166.5692
4234.4,48.2552,166.5837
4235.0,48.2898,166.5981
4235.7,48.3245,166.6126
4236.3,48.3592,166.6271
4236.9,48.3939,166.6416
4237.5,48.4286,166.6561
4238.1,48.4633,166.6707
4238.7,48.4979,166.6853
4239.3,48.5326,166.6999
4239.9,48.5673,166.7145
4240.6,48.6019,166.7292
4241.2,48.6366,166.7438
4241.8,48.6713,166.7585
4242.4,48.7059,166.7733
4243.0,48.7406,166.788
4243.6,48.7752,166.8028
4244.2,48.8099,166.8176
4244.8,48.8445,166.8324
4245.5,48.8792,166.8472
4246.1,48.9138,166.8621
4246.7,48.9485,166.877
4247.3,48.9831,166.8919
4247.9,49.0177,166.9068
4248.5,49.0524,166.9218
4249.1,49.087,166.9368
4249.7,49.1216,166.9518
4250.4,49.1562,166.9668
4251.0,49.1908,166.9819
4251.6,49.2255,166.997
4252.2,49.2601,167.0121
4252.8,49.2947,167.0272
4253.4,49.3293,167.0424
4254.0,49.3639,167.0575
4254.6,49.3985,167.0727
4255.3,49.4331,167.088
4255.9,49.4677,167.1032
4256.5,49.5023,167.1185
4257.1,49.5369,167.1338
4257.7,49.5715,167.1491
4258.3,49.6061,167.1645
4258.9,49.6407,167.1799
4259.6,49.6752,167.1953
4260.2,49.7098,167.2107
4260.8,49.7444,167.2262
4261.4,49.779,167.2417
4262.0,49.8135,167.2572
4262.6,49.8481,167.2727
4263.2,49.8827,167.2883
4263.8,49.9172,167.3038
4264.5,49.9518,167.3194
4265.1,49.9863,167.3351
4265.7,50.0209,167.3507
4266.3,50.0554,167.3664
4266.9,50.09,167.3821
4267.5,50.1245,167.3979
4268.1,50.1591,167.4136
4268.7,50.1936,167.4294
4269.4,50.2281,167.4453
4270.0,50.2627,167.4611
4270.6,50.2972,167.477
4271.2,50.3317,167.4929
4271.8,50.3662,167.5088
4272.4,50.4007,167.5247
4273.0,50.4353,167.5407
4273.6,50.4698,167.5567
4274.3,50.5043,167.5727
4274.9,50.5388,167.5888
4275.5,50.5733,167.6049
4276.1,50.6078,167.621
4276.7,50.6423,167.6371
4277.3,50.6768,167.6533
4277.9,50.7113,167.6695
4278.6,50.7458,167.6857
4279.2,50.7802,167.702
4279.8,50.8147,167.7182
4280.4,50.8492,167.7345
4281.0,50.8837,167.7509
4281.6,50.9182,167.7672
4282.2,50.9526,167.7836
4282.8,50.9871,167.8
4283.5,51.0215,167.8165
4284.1,51.056,167.8329
4284.7,51.0905,167.8494
4285.3,51.1249,167.866
4285.9,51.1594,167.8825
4286.5,51.1938,167.8991
4287.1,51.2283,167.9157
4287.7,51.2627,167.9323
4288.4,51.2971,167.949
4289.0,51.3316,167.9657
4289.6,51.366,167.9824
4290.2,51.4004,167.9992
4290.8,51.4348,168.016
4291.4,51.4693,168.0328
4292.0,51.5037,168.0496
4292.6,51.5381,168.0665
4293.3,51.5725,168.0834
4293.9,51.6069,168.1003
4294.5,51.6413,168.1173
4295.1,51.6757,168.1342
4295.7,51.7101,168.1513
4296.3,51.7445,168.1683
4296.9,51.7789,168.1854
4297.5,51.8133,168.2025
4298.2,51.8477,168.2196
4298.8,51.8821,168.2368
4299.4,51.9164,168.254
4300.0,51.9508,168.2712
4300.6,51.9852,168.2885
4301.2,52.0195,168.3057
4301.8,52.0539,168.323
4302.5,52.0883,168.3404
4303.1,52.1226,168.3578
4303.7,52.157,168.3752
4304.3,52.1913,168.3926
4304.9,52.2257,168.4101
4305.5,52.26,168.4276
4306.1,52.2944,168.4451
4306.7,52.3287,168.4626
4307.4,52.363,168.4802
4308.0,52.3974,168.4978
4308.6,52.4317,168.5155
4309.2,52.466,168.5332
4309.8,52.5003,168.5509
4310.4,52.5346,168.5686
4311.0,52.5689,168.5864
4311.6,52.6032,168.6042
4312.3,52.6376,168.6221
4312.9,52.6718,168.6399
4313.5,52.7061,168.6579
4314.1,52.7404,168.6758
4314.7,52.7747,168.6937
4315.3,52.809,168.7117
4315.9,52.8433,168.7298
4316.5,52.8776,168.7478
4317.2,52.9118,168.7659
4317.8,52.9461,168.7841
4318.4,52.9804,168.8022
4319.0,53.0146,168.8204
4319.6,53.0489,168.8386
4320.2,53.0832,168.8569
4320.8,53.1174,168.8752
4321.5,53.1517,168.8935
4322.1,53.1859,168.9119
4322.7,53.2202,168.9303
4323.3,53.2544,168.9487
4323.9,53.2886,168.9671
4324.5,53.3229,168.9856
4325.1,53.3571,169.0042
4325.7,53.3913,169.0227
4326.4,53.4255,169.0413
4327.0,53.4597,169.0599
4327.6,53.4939,169.0786
4328.2,53.5281,169.0973
4328.8,53.5624,169.116
4329.4,53.5966,169.1348
4330.0,53.6307,169.1536
4330.6,53.6649,169.1724
4331.3,53.6991,169.1913
4331.9,53.7333,169.2102
4332.5,53.7675,169.2291
4333.1,53.8017,169.2481
4333.7,53.8358,169.2671
4334.3,53.87,169.2861
4334.9,53.9042,169.3052
4335.5,53.9383,169.3243
4336.2,53.9725,169.3434
4336.8,54.0066,169.3626
4337.4,54.0408,169.3818
4338.0,54.0749,169.4011
4338.6,54.1091,169.4203
4339.2,54.1432,169.4397
4339.8,54.1773,169.459
4340.4,54.2115,169.4784
4341.1,54.2456,169.4978
4341.7,54.2797,169.5173
4342.3,54.3138,169.5368
4342.9,54.3479,169.5563
4343.5,54.382,169.5759
4344.1,54.4161,169.5955
4344.7,54.4502,169.6152
4345.4,54.4843,169.6349
4346.0,54.5184,169.6546
4346.6,54.5525,169.6743
4347.2,54.5866,169.6941
4347.8,54.6207,169.714
4348.4,54.6547,169.7338
4349.0,54.6888,169.7537
4349.6,54.7229,169.7737
4350.3,54.7569,169.7937
4350.9,54.791,169.8137
4351.5,54.825,169.8337
4352.1,54.8591,169.8538
4352.7,54.8931,169.8739
4353.3,54.9272,169.8941
4353.9,54.9612,169.9143
4354.5,54.9952,169.9346
4355.2,55.0293,169.9548
4355.8,55.0633,169.9752
4356.4,55.0973,169.9955
4357.0,55.1313,170.0159
4357.6,55.1653,170.0364
4358.2,55.1993,170.0569
4358.8,55.2333,170.0774
4359.4,55.2673,170.0979
4360.1,55.3013,170.1185
4360.7,55.3353,170.1392
4361.3,55.3693,170.1598
4361.9,55.4033,170.1805
4362.5,55.4372,170.2013
4363.1,55.4712,170.2221
4363.7,55.5052,170.2429
4364.4,55.5391,170.2638
4365.0,55.5731,170.2847
4365.6,55.607,170.3057
4366.2,55.641,170.3267
4366.8,55.6749,170.3477
4367.4,55.7089,170.3688
4368.0,55.7428,170.3899
4368.6,55.7767,170.411
4369.3,55.8106,170.4322
4369.9,55.8446,170.4535
4370.5,55.8785,170.4748
4371.1,55.9124,170.4961
4107.0,40.9871,164.0235
4107.6,41.0222,164.0342
4108.2,41.0573,164.0449
4108.8,41.0924,164.0557
4109.4,41.1275,164.0665
4110.0,41.1626,164.0772
4110.6,41.1977,164.088
4111.2,41.2328,164.0989
4111.9,41.268,164.1097
4112.5,41.3031,164.1205
4113.1,41.3382,164.1314
4113.7,41.3733,164.1423
4114.3,41.4084,164.1532
4114.9,41.4435,164.164
4115.5,41.4786,164.175
4116.1,41.5136,164.1859
4116.8,41.5487,164.1968
4117.4,41.5838,164.2078
4118.0,41.6189,164.2188
4118.6,41.654,164.2298
4119.2,41.6891,164.2408
4119.8,41.7242,164.2518
4120.4,41.7593,164.2628
4121.0,41.7943,164.2738
4121.7,41.8294,164.2849
4122.3,41.8645,164.296
4122.9,41.8996,164.3071
4123.5,41.9346,164.3182
4124.1,41.9697,164.3293
4124.7,42.0048,164.3404
4125.3,42.0399,164.3516
4125.9,42.0749,164.3627
4126.6,42.11,164.3739
4127.2,42.1451,164.3851
4127.8,42.1801,164.3963
4128.4,42.2152,164.4075
4129.0,42.2502,164.4188
4129.6,42.2853,164.43
4130.2,42.3203,164.4413
4130.9,42.3554,164.4526
4131.5,42.3904,164.4639
4132.1,42.4255,164.4752
4132.7,42.4605,164.4865
4133.3,42.4956,164.4978
4133.9,42.5306,164.5092
4134.5,42.5657,164.5206
4135.1,42.6007,164.532
4135.8,42.6358,164.5434
4136.4,42.6708,164.5548
4137.0,42.7058,164.5662
4137.6,42.7409,164.5777
4138.2,42.7759,164.5892
4138.8,42.8109,164.6006
4139.4,42.846,164.6122
4140.0,42.881,164.6237
4140.7,42.916,164.6352
4141.3,42.951,164.6467
4141.9,42.986,164.6583
4142.5,43.0211,164.6699
4143.1,43.0561,164.6815
4143.7,43.0911,164.6931
4144.3,43.1261,164.7047
4144.9,43.1611,164.7164
4145.6,43.1961,164.728
4146.2,43.2311,164.7397
4146.8,43.2661,164.7514
4147.4,43.3011,164.7631
4148.0,43.3361,164.7748
4148.6,43.3711,164.7865
4149.2,43.4061,164.7983
4149.8,43.4411,164.8101
4150.5,43.4761,164.8219
4151.1,43.5111,164.8336
4151.7,43.5461,164.8455
4152.3,43.5811,164.8573
4152.9,43.6161,164.8692
4153.5,43.6511,164.881
4154.1,43.6861,164.8929
4154.8,43.721,164.9048
4155.4,43.756,164.9167
4156.0,43.791,164.9287
4156.6,43.826,164.9406
4157.2,43.8609,164.9526
4157.8,43.8959,164.9646
4158.4,43.9309,164.9766
4159.0,43.9659,164.9886
4159.7,44.0008,165.0007
4160.3,44.0358,165.0127
4160.9,44.0707,165.0248
4161.5,44.1057,165.0369
4162.1,44.1407,165.049
4162.7,44.1756,165.0611
4163.3,44.2106,165.0732
4163.9,44.2455,165.0854
4164.6,44.2805,165.0976
4165.2,44.3154,165.1098
4165.8,44.3504,165.122
4166.4,44.3853,165.1342
4167.0,44.4202,165.1464
4167.6,44.4552,165.1587
4168.2,44.4901,165.171
4168.8,44.5251,165.1833
4169.5,44.56,165.1956
4170.1,44.5949,165.2079
4170.7,44.6298,165.2203
4171.3,44.6648,165.2326
4171.9,44.6997,165.245
4172.5,44.7346,165.2574
4173.1,44.7695,165.2698
4173.8,44.8045,165.2823
4174.4,44.8394,165.2947
4175.0,44.8743,165.3072
4175.6,44.9092,165.3197
4176.2,44.9441,165.3322
4176.8,44.979,165.3447
4177.4,45.0139,165.3573
4178.0,45.0488,165.3698
4178.7,45.0837,165.3824
4179.3,45.1186,165.395
4179.9,45.1535,165.4076
4180.5,45.1884,165.4203
4181.1,45.2233,165.4329
4181.7,45.2582,165.4456
4182.3,45.2931,165.4583
4182.9,45.328,165.471
4183.6,45.3629,165.4837
4184.2,45.3978,165.4965
4184.8,45.4326,165.5092
4185.4,45.4675,165.522
4186.0,45.5024,165.5348
4186.6,45.5373,165.5477
4187.2,45.5721,165.5605
4187.8,45.607,165.5733
4188.5,45.6419,165.5862
4189.1,45.6767,165.5991
4189.7,45.7116,165.612
4190.3,45.7465,165.625
4190.9,45.7813,165.6379
4191.5,45.8162,165.6509
4192.1,45.851,165.6639
4192.8,45.8859,165.6769
4193.4,45.9207,165.69
4194.0,45.9556,165.703
4194.6,45.9904,165.7161
4195.2,46.0253,165.7292
4195.8,46.0601,165.7423
4196.4,46.095,165.7554
4197.0,46.1298,165.7686
4197.7,46.1646,165.7817
4198.3,46.1995,165.7949
4198.9,46.2343,165.8081
4199.5,46.2691,165.8214
4200.1,46.3039,165.8346
4200.7,46.3388,165.8479
4201.3,46.3736,165.8611
4201.9,46.4084,165.8745
4202.6,46.4432,165.8878
4203.2,46.478,165.9011
4203.8,46.5128,165.9145
4204.4,46.5477,165.9279
4205.0,46.5825,165.9413
4205.6,46.6173,165.9547
4206.2,46.6521,165.9682
4206.8,46.6869,165.9816
4207.5,46.7217,165.9951
4208.1,46.7565,166.0086
4208.7,46.7912,166.0222
4209.3,46.826,166.0357
4209.9,46.8608,166.0493
4210.5,46.8956,166.0629
4211.1,46.9304,166.0765
4211.7,46.9652,166.0901
4212.4,47.0,166.1038
4213.0,47.0347,166.1175
4213.6,47.0695,166.1311
4214.2,47.1043,166.1449
4214.8,47.139,166.1586
4215.4,47.1738,166.1724
4216.0,47.2086,166.1861
4216.7,47.2433,166.2
4217.3,47.2781,166.2138
4217.9,47.3129,166.2276
4218.5,47.3476,166.2415
4219.1,47.3824,166.2554
4219.7,47.4171,166.2693
4220.3,47.4519,166.2832
4220.9,47.4866,166.2971
4221.6,47.5213,166.3111
4222.2,47.5561,166.3251
4222.8,47.5908,166.3391
4223.4,47.6256,166.3532
4224.0,47.6603,166.3672
4224.6,47.695,166.3813
4225.2,47.7297,166.3954
4225.8,47.7645,166.4095
4226.5,47.7992,166.4237
4227.1,47.8339,166.4379
4227.7,47.8686,166.452
4228.3,47.9033,166.4663
4228.9,47.938,166.4805
4229.5,47.9728,166.4948
4230.1,48.0075,166.509
4230.7,48.0422,166.5233
4231.4,48.0769,166.5377
4232.0,48.1116,166.552
4232.6,48.1463,166.5664
4233.2,48.181,166.5808
4233.8,48.2156,166.5952
4234.4,48.2503,166.6096
4235.0,48.285,166.6241
4235.7,48.3197,166.6386
4236.3,48.3544,166.6531
4236.9,48.3891,166.6676
4237.5,48.4237,166.6822
4238.1,48.4584,166.6967
4238.7,48.4931,166.7113
4239.3,48.5277,166.726
4239.9,48.5624,166.7406
4240.6,48.5971,166.7553
4241.2,48.6317,166.77
4241.8,48.6664,166.7847
4242.4,48.701,166.7994
4243.0,48.7357,166.8142
4243.6,48.7703,166.829
4244.2,48.805,166.8438
4244.8,48.8396,166.8586
4245.5,48.8743,166.8735
4246.1,48.9089,166.8884
4246.7,48.9435,166.9033
4247.3,48.9782,166.9182
4247.9,49.0128,166.9331
4248.5,49.0474,166.9481
4249.1,49.0821,166.9631
4249.7,49.1167,166.9781
4250.4,49.1513,166.9932
4251.0,49.1859,167.0083
4251.6,49.2205,167.0234
4252.2,49.2551,167.0385
4252.8,49.2897,167.0536
4253.4,49.3243,167.0688
4254.0,49.3589,167.084
4254.6,49.3935,167.0992
4255.3,49.4281,167.1145
4255.9,49.4627,167.1297
4256.5,49.4973,167.145
4257.1,49.5319,167.1604
4257.7,49.5665,167.1757
4258.3,49.6011,167.1911
4258.9,49.6357,167.2065
4259.6,49.6702,167.2219
4260.2,49.7048,167.2374
4260.8,49.7394,167.2528
4261.4,49.7739,167.2683
4262.0,49.8085,167.2838
4262.6,49.8431,167.2994
4263.2,49.8776,167.315
4263.8,49.9122,167.3306
4264.5,49.9467,167.3462
4265.1,49.9813,167.3618
4265.7,50.0158,167.3775
4266.3,50.0504,167.3932
4266.9,50.0849,167.409
4267.5,50.1195,167.4247
4268.1,50.154,167.4405
4268.7,50.1885,167.4563
4269.4,50.223,167.4721
4270.0,50.2576,167.488
4270.6,50.2921,167.5039
4271.2,50.3266,167.5198
4271.8,50.3611,167.5357
4272.4,50.3956,167.5517
4273.0,50.4302,167.5677
4273.6,50.4647,167.5837
4274.3,50.4992,167.5998
4274.9,50.5337,167.6158
4275.5,50.5682,167.6319
4276.1,50.6027,167.6481
4276.7,50.6372,167.6642
4277.3,50.6716,167.6804
4277.9,50.7061,167.6966
4278.6,50.7406,167.7129
4279.2,50.7751,167.7291
4279.8,50.8096,167.7454
4280.4,50.844,167.7617
4281.0,50.8785,167.7781
4281.6,50.913,167.7945
4282.2,50.9474,167.8109
4282.8,50.9819,167.8273
4283.5,51.0164,167.8438
4284.1,51.0508,167.8602
4284.7,51.0853,167.8768
4285.3,51.1197,167.8933
4285.9,51.1542,167.9099
4286.5,51.1886,167.9265
4287.1,51.223,167.9431
4287.7,51.2575,167.9598
4288.4,51.2919,167.9764
4289.0,51.3263,167.9931
4289.6,51.3608,168.0099
4290.2,51.3952,168.0267
4290.8,51.4296,168.0435
4291.4,51.464,168.0603
4292.0,51.4984,168.0771
4292.6,51.5328,168.094
4293.3,51.5672,168.111
4293.9,51.6016,168.1279
4294.5,51.636,168.1449
4295.1,51.6704,168.1619
4295.7,51.7048,168.1789
4296.3,51.7392,168.196
4296.9,51.7736,168.2131
4297.5,51.808,168.2302
4298.2,51.8424,168.2473
4298.8,51.8767,168.2645
4299.4,51.9111,168.2817
4300.0,51.9455,168.299
4300.6,51.9799,168.3163
4301.2,52.0142,168.3336
4301.8,52.0486,168.3509
4302.5,52.0829,168.3682
4303.1,52.1173,168.3856
4303.7,52.1516,168.4031
4304.3,52.186,168.4205
4304.9,52.2203,168.438
4305.5,52.2546,168.4555
4306.1,52.289,168.4731
4306.7,52.3233,168.4906
4307.4,52.3576,168.5082
4308.0,52.392,168.5259
4308.6,52.4263,168.5435
4309.2,52.4606,168.5612
4309.8,52.4949,168.579
4310.4,52.5292,168.5968
4311.0,52.5635,168.6145
4311.6,52.5978,168.6324
4312.3,52.6321,168.6502
4312.9,52.6664,168.6681
4313.5,52.7007,168.6861
4314.1,52.735,168.704
4314.7,52.7693,168.722
4315.3,52.8036,168.74
4315.9,52.8378,168.7581
4316.5,52.8721,168.7761
4317.2,52.9064,168.7943
4317.8,52.9406,168.8124
4318.4,52.9749,168.8306
4319.0,53.0092,168.8488
4319.6,53.0434,168.867
4320.2,53.0777,168.8853
4320.8,53.1119,168.9036
4321.5,53.1462,168.922
4322.1,53.1804,168.9404
4322.7,53.2146,168.9588
4323.3,53.2489,168.9772
4323.9,53.2831,168.9957
4324.5,53.3173,169.0142
4325.1,53.3515,169.0327
4325.7,53.3858,169.0513
4326.4,53.42,169.0699
4327.0,53.4542,169.0886
4327.6,53.4884,169.1072
4328.2,53.5226,169.126
4328.8,53.5568,169.1447
4329.4,53.591,169.1635
4330.0,53.6252,169.1823
4330.6,53.6593,169.2012
4331.3,53.6935,169.22
4331.9,53.7277,169.239
4332.5,53.7619,169.2579
4333.1,53.796,169.2769
4333.7,53.8302,169.2959
4334.3,53.8644,169.315
4334.9,53.8985,169.3341
4335.5,53.9327,169.3532
4336.2,53.9668,169.3724
4336.8,54.001,169.3916
4337.4,54.0351,169.4108
4338.0,54.0693,169.4301
4338.6,54.1034,169.4494
4339.2,54.1375,169.4687
4339.8,54.1717,169.4881
4340.4,54.2058,169.5075
4341.1,54.2399,169.5269
4341.7,54.274,169.5464
4342.3,54.3081,169.5659
4342.9,54.3422,169.5855
4343.5,54.3763,169.6051
4344.1,54.4104,169.6247
4344.7,54.4445,169.6444
4345.4,54.4786,169.6641
4346.0,54.5127,169.6838
4346.6,54.5468,169.7036
4347.2,54.5808,169.7234
4347.8,54.6149,169.7433
4348.4,54.649,169.7632
4349.0,54.683,169.7831
4349.6,54.7171,169.8031
4350.3,54.7512,169.8231
4350.9,54.7852,169.8431
4351.5,54.8192,169.8632
4352.1,54.8533,169.8833
4352.7,54.8873,169.9034
4353.3,54.9214,169.9236
4353.9,54.9554,169.9439
4354.5,54.9894,169.9641
4355.2,55.0234,169.9844
4355.8,55.0574,170.0048
4356.4,55.0915,170.0252
4357.0,55.1255,170.0456
4357.6,55.1595,170.066
4358.2,55.1935,170.0865
4358.8,55.2275,170.1071
4359.4,55.2615,170.1277
4360.1,55.2954,170.1483
4360.7,55.3294,170.1689
4361.3,55.3634,170.1896
4361.9,55.3974,170.2104
4362.5,55.4313,170.2311
4363.1,55.4653,170.252
4363.7,55.4993,170.2728
4364.4,55.5332,170.2937
4365.0,55.5672,170.3146
4365.6,55.6011,170.3356
4366.2,55.635,170.3566
4366.8,55.669,170.3777
4367.4,55.7029,170.3988
4368.0,55.7368,170.4199
4368.6,55.7707,170.4411
4369.3,55.8047,170.4623
4369.9,55.8386,170.4836
4107.0,40.983,164.0466
4107.6,41.0181,164.0573
4108.2,41.0532,164.0681
4108.8,41.0883,164.0789
4109.4,41.1234,164.0897
4110.0,41.1586,164.1005
4110.6,41.1937,164.1113
4111.2,41.2288,164.1221
4111.9,41.2639,164.1329
4112.5,41.299,164.1438
4113.1,41.3341,164.1547
4113.7,41.3692,164.1655
4114.3,41.4043,164.1764
4114.9,41.4394,164.1873
4115.5,41.4744,164.1983
4116.1,41.5095,164.2092
4116.8,41.5446,164.2202
4117.4,41.5797,164.2311
4118.0,41.6148,164.2421
4118.6,41.6499,164.2531
4119.2,41.685,164.2641
4119.8,41.7201,164.2752
4120.4,41.7551,164.2862
4121.0,41.7902,164.2973
4121.7,41.8253,164.3083
4122.3,41.8604,164.3194
4122.9,41.8954,164.3305
4123.5,41.9305,164.3416
4124.1,41.9656,164.3528
4124.7,42.0006,164.3639
4125.3,42.0357,164.3751
4125.9,42.0708,164.3862
4126.6,42.1058,164.3974
4127.2,42.1409,164.4086
4127.8,42.1759,164.4199
4128.4,42.211,164.4311
4129.0,42.2461,164.4423
4129.6,42.2811,164.4536
4130.2,42.3162,164.4649
4130.9,42.3512,164.4762
4131.5,42.3863,164.4875
4132.1,42.4213,164.4988
4132.7,42.4564,164.5102
4133.3,42.4914,164.5215
4133.9,42.5264,164.5329
4134.5,42.5615,164.5443
4135.1,42.5965,164.5557
4135.8,42.6315,164.5671
4136.4,42.6666,164.5785
4137.0,42.7016,164.59
4137.6,42.7366,164.6014
4138.2,42.7717,164.6129
4138.8,42.8067,164.6244
4139.4,42.8417,164.6359
4140.0,42.8767,164.6475
4140.7,42.9118,164.659
4141.3,42.9468,164.6706
4141.9,42.9818,164.6821
4142.5,43.0168,164.6937
4143.1,43.0518,164.7053
4143.7,43.0868,164.7169
4144.3,43.1218,164.7286
4144.9,43.1569,164.7402
4145.6,43.1919,164.7519
4146.2,43.2269,164.7636
4146.8,43.2619,164.7753
4147.4,43.2969,164.787
4148.0,43.3319,164.7988
4148.6,43.3669,164.8105
4149.2,43.4019,164.8223
4149.8,43.4369,164.8341
4150.5,43.4718,164.8459
4151.1,43.5068,164.8577
4151.7,43.5418,164.8695
4152.3,43.5768,164.8814
4152.9,43.6118,164.8932
4153.5,43.6468,164.9051
4154.1,43.6817,164.917
4154.8,43.7167,164.9289
4155.4,43.7517,164.9409
4156.0,43.7867,164.9528
4156.6,43.8216,164.9648
4157.2,43.8566,164.9767
4157.8,43.8916,164.9888
4158.4,43.9265,165.0008
4159.0,43.9615,165.0128
4159.7,43.9965,165.0248
4160.3,44.0314,165.0369
4160.9,44.0664,165.049
4161.5,44.1013,165.0611
4162.1,44.1363,165.0732
4162.7,44.1712,165.0854
4163.3,44.2062,165.0975
4163.9,44.2411,165.1097
4164.6,44.2761,165.1219
4165.2,44.311,165.1341
4165.8,44.346,165.1463
4166.4,44.3809,165.1585
4167.0,44.4159,165.1708
4167.6,44.4508,165.1831
4168.2,44.4857,165.1953
4168.8,44.5207,165.2077
4169.5,44.5556,165.22
4170.1,44.5905,165.2323
4170.7,44.6254,165.2447
4171.3,44.6604,165.2571
4171.9,44.6953,165.2695
4172.5,44.7302,165.2819
4173.1,44.7651,165.2943
4173.8,44.8,165.3068
4174.4,44.8349,165.3192
4175.0,44.8699,165.3317
4175.6,44.9048,165.3442
4176.2,44.9397,165.3568
4176.8,44.9746,165.3693
4177.4,45.0095,165.3819
4178.0,45.0444,165.3944
4178.7,45.0793,165.407
4179.3,45.1142,165.4196
4179.9,45.1491,165.4323
4180.5,45.184,165.4449
4181.1,45.2188,165.4576
4181.7,45.2537,165.4703
4182.3,45.2886,165.483
4182.9,45.3235,165.4957
4183.6,45.3584,165.5085
4184.2,45.3933,165.5212
4184.8,45.4281,165.534
4185.4,45.463,165.5468
4186.0,45.4979,165.5596
4186.6,45.5328,165.5724
4187.2,45.5676,165.5853
4187.8,45.6025,165.5982
4188.5,45.6374,165.6111
4189.1,45.6722,165.624
4189.7,45.7071,165.6369
4190.3,45.7419,165.6499
4190.9,45.7768,165.6628
4191.5,45.8116,165.6758
4192.1,45.8465,165.6888
4192.8,45.8813,165.7019
4193.4,45.9162,165.7149
4194.0,45.951,165.728
4194.6,45.9859,165.741
4195.2,46.0207,165.7542
4195.8,46.0556,165.7673
4196.4,46.0904,165.7804
4197.0,46.1252,165.7936
4197.7,46.16,165.8068
4198.3,46.1949,165.82
4198.9,46.2297,165.8332
4199.5,46.2645,165.8464
4200.1,46.2994,165.8597
4200.7,46.3342,165.873
4201.3,46.369,165.8863
4201.9,46.4038,165.8996
4202.6,46.4386,165.9129
4203.2,46.4734,165.9263
4203.8,46.5082,165.9397
4204.4,46.543,165.9531
4205.0,46.5778,165.9665
4205.6,46.6126,165.9799
4206.2,46.6474,165.9934
4206.8,46.6822,166.0069
4207.5,46.717,166.0204
4208.1,46.7518,166.0339
4208.7,46.7866,166.0475
4209.3,46.8214,166.061
4209.9,46.8562,166.0746
4210.5,46.891,166.0882
4211.1,46.9257,166.1019
4211.7,46.9605,166.1155
4212.4,46.9953,166.1292
4213.0,47.0301,166.1429
4213.6,47.0648,166.1566
4214.2,47.0996,166.1703
4214.8,47.1344,166.1841
4215.4,47.1691,166.1978
4216.0,47.2039,166.2116
4216.7,47.2386,166.2254
4217.3,47.2734,166.2393
4217.9,47.3081,166.2531
4218.5,47.3429,166.267
4219.1,47.3776,166.2809
4219.7,47.4124,166.2948
4220.3,47.4471,166.3088
4220.9,47.4819,166.3228
4221.6,47.5166,166.3367
4222.2,47.5513,166.3508
4222.8,47.5861,166.3648
4223.4,47.6208,166.3788
4224.0,47.6555,166.3929
4224.6,47.6903,166.407
4225.2,47.725,166.4211
4225.8,47.7597,166.4353
4226.5,47.7944,166.4494
4227.1,47.8291,166.4636
4227.7,47.8638,166.4778
4228.3,47.8986,166.4921
4228.9,47.9333,166.5063
4229.5,47.968,166.5206
4230.1,48.0027,166.5349
4230.7,48.0374,166.5492
4231.4,48.0721,166.5635
4232.0,48.1068,166.5779
4232.6,48.1415,166.5923
4233.2,48.1761,166.6067
4233.8,48.2108,166.6211
4234.4,48.2455,166.6356
4235.0,48.2802,166.65
4235.7,48.3149,166.6645
4236.3,48.3496,166.6791
4236.9,48.3842,166.6936
4237.5,48.4189,166.7082
4238.1,48.4536,166.7228
4238.7,48.4882,166.7374
4239.3,48.5229,166.752
4239.9,48.5576,166.7667
4240.6,48.5922,166.7814
4241.2,48.6269,166.7961
4241.8,48.6615,166.8108
4242.4,48.6962,166.8256
4243.0,48.7308,166.8403
4243.6,48.7655,166.8551
4244.2,48.8001,166.87
4244.8,48.8347,166.8848
4245.5,48.8694,166.8997
4246.1,48.904,166.9146
4246.7,48.9386,166.9295
4247.3,48.9733,166.9445
4247.9,49.0079,166.9594
4248.5,49.0425,166.9744
4249.1,49.0771,166.9894
4249.7,49.1117,167.0045
4250.4,49.1464,167.0195
4251.0,49.181,167.0346
4251.6,49.2156,167.0498
4252.2,49.2502,167.0649
4252.8,49.2848,167.0801
4253.4,49.3194,167.0952
4254.0,49.354,167.1105
4254.6,49.3886,167.1257
4255.3,49.4232,167.141
4255.9,49.4578,167.1562
4256.5,49.4923,167.1716
4257.1,49.5269,167.1869
4257.7,49.5615,167.2023
4258.3,49.5961,167.2177
4258.9,49.6307,167.2331
4259.6,49.6652,167.2485
4260.2,49.6998,167.264
4260.8,49.7344,167.2795
4261.4,49.7689,167.295
4262.0,49.8035,167.3105
4262.6,49.838,167.3261
4263.2,49.8726,167.3417
4263.8,49.9071,167.3573
4264.5,49.9417,167.3729
4265.1,49.9762,167.3886
4265.7,50.0108,167.4043
4266.3,50.0453,167.42
4266.9,50.0799,167.4358
4267.5,50.1144,167.4515
4268.1,50.1489,167.4673
4268.7,50.1834,167.4832
4269.4,50.218,167.499
4270.0,50.2525,167.5149
4270.6,50.287,167.5308
4271.2,50.3215,167.5467
4271.8,50.356,167.5627
4272.4,50.3905,167.5787
4273.0,50.425,167.5947
4273.6,50.4596,167.6107
4274.3,50.4941,167.6268
4274.9,50.5285,167.6429
4275.5,50.563,167.659
4276.1,50.5975,167.6751
4276.7,50.632,167.6913
4277.3,50.6665,167.7075
4277.9,50.701,167.7238
4278.6,50.7355,167.74
4279.2,50.7699,167.7563
4279.8,50.8044,167.7726
4280.4,50.8389,167.7889
4281.0,50.8733,167.8053
4281.6,50.9078,167.8217
4282.2,50.9423,167.8381
4282.8,50.9767,167.8546
4283.5,51.0112,167.871
4284.1,51.0456,167.8875
4284.7,51.0801,167.9041
4285.3,51.1145,167.9206
4285.9,51.149,167.9372
4286.5,51.1834,167.9538
4287.1,51.2178,167.9705
4287.7,51.2523,167.9872
4288.4,51.2867,168.0039
4289.0,51.3211,168.0206
4289.6,51.3555,168.0374
4290.2,51.3899,168.0542
4290.8,51.4244,168.071
4291.4,51.4588,168.0878
4292.0,51.4932,168.1047
4292.6,51.5276,168.1216
4293.3,51.562,168.1385
4293.9,51.5964,168.1555
4294.5,51.6308,168.1725
4295.1,51.6652,168.1895
4295.7,51.6995,168.2066
4296.3,51.7339,168.2236
4296.9,51.7683,168.2408
4297.5,51.8027,168.2579
4298.2,51.8371,168.2751
4298.8,51.8714,168.2923
4299.4,51.9058,168.3095
4300.0,51.9402,168.3268
4300.6,51.9745,168.344
4301.2,52.0089,168.3614
4301.8,52.0432,168.3787
4302.5,52.0776,168.3961
4303.1,52.1119,168.4135
4303.7,52.1463,168.431
4304.3,52.1806,168.4484
4304.9,52.2149,168.4659
4305.5,52.2493,168.4835
4306.1,52.2836,168.501
4306.7,52.3179,168.5186
4307.4,52.3522,168.5362
4308.0,52.3866,168.5539
4308.6,52.4209,168.5716
4309.2,52.4552,168.5893
4309.8,52.4895,168.6071
4310.4,52.5238,168.6248
4311.0,52.5581,168.6427
4311.6,52.5924,168.6605
4312.3,52.6267,168.6784
4312.9,52.661,168.6963
4313.5,52.6953,168.7142
4314.1,52.7295,168.7322
4314.7,52.7638,168.7502
4315.3,52.7981,168.7682
4315.9,52.8324,168.7863
4316.5,52.8666,168.8044
4317.2,52.9009,168.8226
4317.8,52.9352,168.8407
4318.4,52.9694,168.8589
4319.0,53.0037,168.8772
4319.6,53.0379,168.8954
4320.2,53.0722,168.9137
4320.8,53.1064,168.9321
4321.5,53.1406,168.9504
4322.1,53.1749,168.9688
4322.7,53.2091,168.9872
4323.3,53.2433,169.0057
4323.9,53.2776,169.0242
4324.5,53.3118,169.0427
4325.1,53.346,169.0613
4325.7,53.3802,169.0799
4326.4,53.4144,169.0985
4327.0,53.4486,169.1172
4327.6,53.4828,169.1359
4328.2,53.517,169.1546
4328.8,53.5512,169.1734
4329.4,53.5854,169.1922
4330.0,53.6196,169.211
4330.6,53.6537,169.2299
4331.3,53.6879,169.2488
4331.9,53.7221,169.2677
4332.5,53.7563,169.2867
4333.1,53.7904,169.3057
4333.7,53.8246,169.3248
4334.3,53.8587,169.3438
4334.9,53.8929,169.3629
4335.5,53.927,169.3821
4336.2,53.9612,169.4013
4336.8,53.9953,169.4205
4337.4,54.0295,169.4398
4338.0,54.0636,169.459
4338.6,54.0977,169.4784
4339.2,54.1318,169.4977
4339.8,54.166,169.5171
4340.4,54.2001,169.5366
4341.1,54.2342,169.556
4341.7,54.2683,169.5755
4342.3,54.3024,169.5951
4342.9,54.3365,169.6147
4343.5,54.3706,169.6343
4344.1,54.4047,169.6539
4344.7,54.4388,169.6736
4345.4,54.4729,169.6933
4346.0,54.5069,169.7131
4346.6,54.541,169.7329
4347.2,54.5751,169.7527
4347.8,54.6091,169.7726
4348.4,54.6432,169.7925
4349.0,54.6773,169.8125
4349.6,54.7113,169.8324
4350.3,54.7454,169.8525
4350.9,54.7794,169.8725
4351.5,54.8135,169.8926
4352.1,54.8475,169.9128
4352.7,54.8815,169.9329
4353.3,54.9155,169.9531
4353.9,54.9496,169.9734
4354.5,54.9836,169.9937
4355.2,55.0176,170.014
4355.8,55.0516,170.0344
4356.4,55.0856,170.0548
4357.0,55.1196,170.0752
4357.6,55.1536,170.0957
4358.2,55.1876,170.1162
4358.8,55.2216,170.1368
4359.4,55.2556,170.1574
4360.1,55.2896,170.178
4360.7,55.3235,170.1987
4361.3,55.3575,170.2194
4361.9,55.3915,170.2402
4362.5,55.4254,170.261
4363.1,55.4594,170.2818
4363.7,55.4933,170.3027
4364.4,55.5273,170.3236
4365.0,55.5612,170.3446
4365.6,55.5952,170.3656
4366.2,55.6291,170.3866
4366.8,55.663,170.4077
4367.4,55.6969,170.4288
4368.0,55.7309,170.45
4368.6,55.7648,170.4711
4369.3,55.7987,170.4924
4107.0,40.9789,164.0698
4107.6,41.014,164.0805
4108.2,41.0492,164.0913
4108.8,41.0843,164.1021
4109.4,41.1194,164.1129
4110.0,41.1545,164.1237
4110.6,41.1896,164.1345
4111.2,41.2247,164.1453
4111.9,41.2598,164.1562
4112.5,41.2949,164.167
4113.1,41.33,164.1779
4113.7,41.3651,164.1888
4114.3,41.4002,164.1997
4114.9,41.4352,164.2106
4115.5,41.4703,164.2216
4116.1,41.5054,164.2325
4116.8,41.5405,164.2435
4117.4,41.5756,164.2545
4118.0,41.6107,164.2655
4118.6,41.6458,164.2765
4119.2,41.6808,164.2875
4119.8,41.7159,164.2986
4120.4,41.751,164.3096
4121.0,41.7861,164.3207
4121.7,41.8211,164.3318
4122.3,41.8562,164.3428
4122.9,41.8913,164.354
4123.5,41.9264,164.3651
4124.1,41.9614,164.3762
4124.7,41.9965,164.3874
4125.3,42.0315,164.3986
4125.9,42.0666,164.4098
4126.6,42.1017,164.421
4127.2,42.1367,164.4322
4127.8,42.1718,164.4434
4128.4,42.2068,164.4547
4129.0,42.2419,164.4659
4129.6,42.2769,164.4772
4130.2,42.312,164.4885
4130.9,42.347,164.4998
4131.5,42.3821,164.5111
4132.1,42.4171,164.5224
4132.7,42.4522,164.5338
4133.3,42.4872,164.5452
4133.9,42.5222,164.5565
4134.5,42.5573,164.5679
4135.1,42.5923,164.5794
4135.8,42.6273,164.5908
4136.4,42.6624,164.6022
4137.0,42.6974,164.6137
4137.6,42.7324,164.6252
4138.2,42.7674,164.6367
4138.8,42.8025,164.6482
4139.4,42.8375,164.6597
4140.0,42.8725,164.6712
4140.7,42.9075,164.6828
4141.3,42.9425,164.6944
4141.9,42.9776,164.706
4142.5,43.0126,164.7176
4143.1,43.0476,164.7292
4143.7,43.0826,164.7408
4144.3,43.1176,164.7525
4144.9,43.1526,164.7641
4145.6,43.1876,164.7758
4146.2,43.2226,164.7875
4146.8,43.2576,164.7992
4147.4,43.2926,164.811
4148.0,43.3276,164.8227
4148.6,43.3626,164.8345
4149.2,43.3976,164.8463
4149.8,43.4326,164.858
4150.5,43.4675,164.8699
4151.1,43.5025,164.8817
4151.7,43.5375,164.8935
4152.3,43.5725,164.9054
4152.9,43.6075,164.9173
4153.5,43.6425,164.9292
4154.1,43.6774,164.9411
4154.8,43.7124,164.953
4155.4,43.7474,164.965
4156.0,43.7823,164.9769
4156.6,43.8173,164.9889
4157.2,43.8523,165.0009
4157.8,43.8872,165.0129
4158.4,43.9222,165.0249
4159.0,43.9572,165.037
4159.7,43.9921,165.049
4160.3,44.0271,165.0611
4160.9,44.062,165.0732
4161.5,44.097,165.0853
4162.1,44.1319,165.0975
4162.7,44.1669,165.1096
4163.3,44.2018,165.1218
4163.9,44.2368,165.134
4164.6,44.2717,165.1462
4165.2,44.3067,165.1584
4165.8,44.3416,165.1706
4166.4,44.3765,165.1829
4167.0,44.4115,165.1951
4167.6,44.4464,165.2074
4168.2,44.4813,165.2197
4168.8,44.5163,165.2321
4169.5,44.5512,165.2444
4170.1,44.5861,165.2567
4170.7,44.621,165.2691
4171.3,44.6559,165.2815
4171.9,44.6909,165.2939
4172.5,44.7258,165.3064
4173.1,44.7607,165.3188
4173.8,44.7956,165.3313
4174.4,44.8305,165.3438
4175.0,44.8654,165.3562
4175.6,44.9003,165.3688
4176.2,44.9352,165.3813
4176.8,44.9701,165.3939
4177.4,45.005,165.4064
4178.0,45.0399,165.419
4178.7,45.0748,165.4316
4179.3,45.1097,165.4443
4179.9,45.1446,165.4569
4180.5,45.1795,165.4696
4181.1,45.2144,165.4823
4181.7,45.2493,165.4949
4182.3,45.2841,165.5077
4182.9,45.319,165.5204
4183.6,45.3539,165.5332
4184.2,45.3888,165.5459
4184.8,45.4236,165.5587
4185.4,45.4585,165.5715
4186.0,45.4934,165.5844
4186.6,45.5283,165.5972
4187.2,45.5631,165.6101
4187.8,45.598,165.623
4188.5,45.6328,165.6359
4189.1,45.6677,165.6488
4189.7,45.7026,165.6618
4190.3,45.7374,165.6747
4190.9,45.7723,165.6877
4191.5,45.8071,165.7007
4192.1,45.8419,165.7137
4192.8,45.8768,165.7268
4193.4,45.9116,165.7398
4194.0,45.9465,165.7529
4194.6,45.9813,165.766
4195.2,46.0162,165.7791
4195.8,46.051,165.7923
4196.4,46.0858,165.8054
4197.0,46.1206,165.8186
4197.7,46.1555,165.8318
4198.3,46.1903,165.845
4198.9,46.2251,165.8583
4199.5,46.2599,165.8715
4200.1,46.2948,165.8848
4200.7,46.3296,165.8981
4201.3,46.3644,165.9114
4201.9,46.3992,165.9247
4202.6,46.434,165.9381
4203.2,46.4688,165.9515
4203.8,46.5036,165.9649
4204.4,46.5384,165.9783
4205.0,46.5732,165.9917
4205.6,46.608,166.0052
4206.2,46.6428,166.0187
4206.8,46.6776,166.0322
4207.5,46.7124,166.0457
4208.1,46.7472,166.0592
4208.7,46.782,166.0728
4209.3,46.8167,166.0863
4209.9,46.8515,166.1
4210.5,46.8863,166.1136
4211.1,46.9211,166.1272
4211.7,46.9558,166.1409
4212.4,46.9906,166.1546
4213.0,47.0254,166.1683
4213.6,47.0601,166.182
4214.2,47.0949,166.1957
4214.8,47.1297,166.2095
4215.4,47.1644,166.2233
4216.0,47.1992,166.2371
4216.7,47.2339,166.2509
4217.3,47.2687,166.2648
4217.9,47.3034,166.2787
4218.5,47.3382,166.2926
4219.1,47.3729,166.3065
4219.7,47.4077,166.3204
4220.3,47.4424,166.3344
4220.9,47.4771,166.3484
4221.6,47.5119,166.3624
4222.2,47.5466,166.3764
4222.8,47.5813,166.3904
4223.4,47.6161,166.4045
4224.0,47.6508,166.4186
4224.6,47.6855,166.4327
4225.2,47.7202,166.4468
4225.8,47.7549,166.461
4226.5,47.7896,166.4752
4227.1,47.8244,166.4894
4227.7,47.8591,166.5036
4228.3,47.8938,166.5178
4228.9,47.9285,166.5321
4229.5,47.9632,166.5464
4230.1,47.9979,166.5607
4230.7,48.0326,166.575
4231.4,48.0673,166.5894
4232.0,48.102,166.6038
4232.6,48.1366,166.6182
4233.2,48.1713,166.6326
4233.8,48.206,166.647
4234.4,48.2407,166.6615
4235.0,48.2754,166.676
4235.7,48.31,166.6905
4236.3,48.3447,166.705
4236.9,48.3794,166.7196
4237.5,48.414,166.7342
4238.1,48.4487,166.7488
4238.7,48.4834,166.7634
4239.3,48.518,166.7781
4239.9,48.5527,166.7928
4240.6,48.5873,166.8075
4241.2,48.622,166.8222
4241.8,48.6566,166.8369
4242.4,48.6913,166.8517
4243.0,48.7259,166.8665
4243.6,48.7606,166.8813
4244.2,48.7952,166.8962
4244.8,48.8298,166.911
4245.5,48.8645,166.9259
4246.1,48.8991,166.9408
4246.7,48.9337,166.9558
4247.3,48.9683,166.9707
4247.9,49.003,166.9857
4248.5,49.0376,167.0007
4249.1,49.0722,167.0158
4249.7,49.1068,167.0308
4250.4,49.1414,167.0459
4251.0,49.176,167.061
4251.6,49.2106,167.0761
4252.2,49.2452,167.0913
4252.8,49.2798,167.1065
4253.4,49.3144,167.1217
4254.0,49.349,167.1369
4254.6,49.3836,167.1522
4255.3,49.4182,167.1674
4255.9,49.4528,167.1828
4256.5,49.4874,167.1981
4257.1,49.5219,167.2134
4257.7,49.5565,167.2288
4258.3,49.5911,167.2442
4258.9,49.6257,167.2597
4259.6,49.6602,167.2751
4260.2,49.6948,167.2906
4260.8,49.7293,167.3061
4261.4,49.7639,167.3216
4262.0,49.7985,167.3372
4262.6,49.833,167.3528
4263.2,49.8676,167.3684
4263.8,49.9021,167.384
4264.5,49.9366,167.3997
4265.1,49.9712,167.4154
4265.7,50.0057,167.4311
4266.3,50.0403,167.4468
4266.9,50.0748,167.4626
4267.5,50.1093,167.4784
4268.1,50.1438,167.4942
4268.7,50.1784,167.51
4269.4,50.2129,167.5259
4270.0,50.2474,167.5418
4270.6,50.2819,167.5577
4271.2,50.3164,167.5737
4271.8,50.3509,167.5896
4272.4,50.3854,167.6056
4273.0,50.4199,167.6217
4273.6,50.4544,167.6377
4274.3,50.4889,167.6538
4274.9,50.5234,167.6699
4275.5,50.5579,167.6861
4276.1,50.5924,167.7022
4276.7,50.6269,167.7184
4277.3,50.6614,167.7346
4277.9,50.6958,167.7509
4278.6,50.7303,167.7671
4279.2,50.7648,167.7834
4279.8,50.7992,167.7998
4280.4,50.8337,167.8161
4281.0,50.8682,167.8325
4281.6,50.9026,167.8489
4282.2,50.9371,167.8654
4282.8,50.9715,167.8818
4283.5,51.006,167.8983
4284.1,51.0404,167.9148
4284.7,51.0749,167.9314
4285.3,51.1093,167.948
4285.9,51.1437,167.9646
4286.5,51.1782,167.9812
4287.1,51.2126,167.9979
4287.7,51.247,168.0146
4288.4,51.2814,168.0313
4289.0,51.3159,168.048
4289.6,51.3503,168.0648
4290.2,51.3847,168.0816
4290.8,51.4191,168.0985
4291.4,51.4535,168.1153
4292.0,51.4879,168.1322
4292.6,51.5223,168.1491
4293.3,51.5567,168.1661
4293.9,51.5911,168.1831
4294.5,51.6255,168.2001
4295.1,51.6599,168.2171
4295.7,51.6942,168.2342
4296.3,51.7286,168.2513
4296.9,51.763,168.2684
4297.5,51.7974,168.2856
4298.2,51.8317,168.3028
4298.8,51.8661,168.32
4299.4,51.9005,168.3372
4300.0,51.9348,168.3545
4300.6,51.9692,168.3718
4301.2,52.0035,168.3892
4301.8,52.0379,168.4065
4302.5,52.0722,168.4239
4303.1,52.1066,168.4414
4303.7,52.1409,168.4588
4304.3,52.1752,168.4763
4304.9,52.2096,168.4939
4305.5,52.2439,168.5114
4306.1,52.2782,168.529
4306.7,52.3125,168.5466
4307.4,52.3468,168.5642
4308.0,52.3812,168.5819
4308.6,52.4155,168.5996
4309.2,52.4498,168.6174
4309.8,52.4841,168.6351
4310.4,52.5184,168.6529
4311.0,52.5527,168.6708
4311.6,52.587,168.6886
4312.3,52.6212,168.7065
4312.9,52.6555,168.7245
4313.5,52.6898,168.7424
4314.1,52.7241,168.7604
4314.7,52.7584,168.7784
4315.3,52.7926,168.7965
4315.9,52.8269,168.8146
4316.5,52.8612,168.8327
4317.2,52.8954,168.8509
4317.8,52.9297,168.869
4318.4,52.9639,168.8873
4319.0,52.9982,168.9055
4319.6,53.0324,168.9238
4320.2,53.0667,168.9421
4320.8,53.1009,168.9605
4321.5,53.1351,168.9789
4322.1,53.1693,168.9973
4322.7,53.2036,169.0157
4323.3,53.2378,169.0342
4323.9,53.272,169.0527
4324.5,53.3062,169.0713
4325.1,53.3404,169.0899
4325.7,53.3746,169.1085
4326.4,53.4088,169.1271
4327.0,53.443,169.1458
4327.6,53.4772,169.1645
4328.2,53.5114,169.1833
4328.8,53.5456,169.2021
4329.4,53.5798,169.2209
4330.0,53.614,169.2397
4330.6,53.6481,169.2586
4331.3,53.6823,169.2776
4331.9,53.7165,169.2965
4332.5,53.7506,169.3155
4333.1,53.7848,169.3345
4333.7,53.819,169.3536
4334.3,53.8531,169.3727
4334.9,53.8872,169.3918
4335.5,53.9214,169.411
4336.2,53.9555,169.4302
4336.8,53.9897,169.4494
4337.4,54.0238,169.4687
4338.0,54.0579,169.488
4338.6,54.092,169.5074
4339.2,54.1262,169.5267
4339.8,54.1603,169.5462
4340.4,54.1944,169.5656
4341.1,54.2285,169.5851
4341.7,54.2626,169.6046
4342.3,54.2967,169.6242
4342.9,54.3308,169.6438
4343.5,54.3649,169.6634
4344.1,54.399,169.6831
4344.7,54.433,169.7028
4345.4,54.4671,169.7226
4346.0,54.5012,169.7423
4346.6,54.5353,169.7622
4347.2,54.5693,169.782
4347.8,54.6034,169.8019
4348.4,54.6374,169.8218
4349.0,54.6715,169.8418
4349.6,54.7055,169.8618
4350.3,54.7396,169.8819
4350.9,54.7736,169.9019
4351.5,54.8076,169.9221
4352.1,54.8417,169.9422
4352.7,54.8757,169.9624
4353.3,54.9097,169.9827
4353.9,54.9437,170.0029
4354.5,54.9778,170.0232
4355.2,55.0118,170.0436
4355.8,55.0458,170.064
4356.4,55.0798,170.0844
4357.0,55.1138,170.1048
4357.6,55.1477,170.1254
4358.2,55.1817,170.1459
4358.8,55.2157,170.1665
4359.4,55.2497,170.1871
4360.1,55.2837,170.2078
4360.7,55.3176,170.2285
4361.3,55.3516,170.2492
4361.9,55.3856,170.27
4362.5,55.4195,170.2908
4363.1,55.4535,170.3116
4363.7,55.4874,170.3326
4364.4,55.5213,170.3535
4365.0,55.5553,170.3745
4365.6,55.5892,170.3955
4366.2,55.6231,170.4165
4366.8,55.6571,170.4377
4367.4,55.691,170.4588
4368.0,55.7249,170.48
4107.0,40.9749,164.0929
4107.6,41.01,164.1037
4108.2,41.0451,164.1145
4108.8,41.0802,164.1252
4109.4,41.1153,164.136
4110.0,41.1504,164.1469
4110.6,41.1855,164.1577
4111.2,41.2206,164.1685
4111.9,41.2557,164.1794
4112.5,41.2908,164.1903
4113.1,41.3259,164.2012
4113.7,41.361,164.2121
4114.3,41.396,164.223
4114.9,41.4311,164.2339
4115.5,41.4662,164.2449
4116.1,41.5013,164.2559
4116.8,41.5364,164.2668
4117.4,41.5715,164.2778
4118.0,41.6066,164.2888
4118.6,41.6416,164.2999
4119.2,41.6767,164.3109
4119.8,41.7118,164.3219
4120.4,41.7469,164.333
4121.0,41.7819,164.3441
4121.7,41.817,164.3552
4122.3,41.8521,164.3663
4122.9,41.8871,164.3774
4123.5,41.9222,164.3885
4124.1,41.9573,164.3997
4124.7,41.9923,164.4109
4125.3,42.0274,164.4221
4125.9,42.0624,164.4333
4126.6,42.0975,164.4445
4127.2,42.1325,164.4557
4127.8,42.1676,164.4669
4128.4,42.2026,164.4782
4129.0,42.2377,164.4895
4129.6,42.2727,164.5008
4130.2,42.3078,164.5121
4130.9,42.3428,164.5234
4131.5,42.3779,164.5347
4132.1,42.4129,164.5461
4132.7,42.4479,164.5574
4133.3,42.483,164.5688
4133.9,42.518,164.5802
4134.5,42.5531,164.5916
4135.1,42.5881,164.6031
4135.8,42.6231,164.6145
4136.4,42.6581,164.626
4137.0,42.6932,164.6374
4137.6,42.7282,164.6489
4138.2,42.7632,164.6604
4138.8,42.7982,164.6719
4139.4,42.8332,164.6835
4140.0,42.8683,164.695
4140.7,42.9033,164.7066
4141.3,42.9383,164.7182
4141.9,42.9733,164.7298
4142.5,43.0083,164.7414
4143.1,43.0433,164.753
4143.7,43.0783,164.7647
4144.3,43.1133,164.7763
4144.9,43.1483,164.788
4145.6,43.1833,164.7997
4146.2,43.2183,164.8114
4146.8,43.2533,164.8232
4147.4,43.2883,164.8349
4148.0,43.3233,164.8466
4148.6,43.3583,164.8584
4149.2,43.3933,164.8702
4149.8,43.4283,164.882
4150.5,43.4632,164.8939
4151.1,43.4982,164.9057
4151.7,43.5332,164.9176
4152.3,43.5682,164.9294
4152.9,43.6032,164.9413
4153.5,43.6381,164.9532
4154.1,43.6731,164.9652
4154.8,43.7081,164.9771
4155.4,43.743,164.9891
4156.0,43.778,165.001
4156.6,43.813,165.013
4157.2,43.8479,165.025
4157.8,43.8829,165.037
4158.4,43.9179,165.0491
4159.0,43.9528,165.0612
4159.7,43.9878,165.0732
4160.3,44.0227,165.0853
4160.9,44.0577,165.0974
4161.5,44.0926,165.1096
4162.1,44.1276,165.1217
4162.7,44.1625,165.1339
4163.3,44.1975,165.146
4163.9,44.2324,165.1582
4164.6,44.2673,165.1705
4165.2,44.3023,165.1827
4165.8,44.3372,165.1949
4166.4,44.3721,165.2072
4167.0,44.4071,165.2195
4167.6,44.442,165.2318
4168.2,44.4769,165.2441
4168.8,44.5118,165.2564
4169.5,44.5468,165.2688
4170.1,44.5817,165.2812
4170.7,44.6166,165.2935
4171.3,44.6515,165.306
4171.9,44.6864,165.3184
4172.5,44.7213,165.3308
4173.1,44.7563,165.3433
4173.8,44.7912,165.3558
4174.4,44.8261,165.3683
4175.0,44.861,165.3808
4175.6,44.8959,165.3933
4176.2,44.9308,165.4059
4176.8,44.9657,165.4184
4177.4,45.0006,165.431
4178.0,45.0355,165.4436
4178.7,45.0703,165.4562
4179.3,45.1052,165.4689
4179.9,45.1401,165.4815
4180.5,45.175,165.4942
4181.1,45.2099,165.5069
4181.7,45.2448,165.5196
4182.3,45.2796,165.5323
4182.9,45.3145,165.5451
4183.6,45.3494,165.5579
4184.2,45.3843,165.5707
4184.8,45.4191,165.5835
4185.4,45.454,165.5963
4186.0,45.4889,165.6091
4186.6,45.5237,165.622
4187.2,45.5586,165.6349
4187.8,45.5935,165.6478
4188.5,45.6283,165.6607
4189.1,45.6632,165.6737
4189.7,45.698,165.6866
4190.3,45.7329,165.6996
4190.9,45.7677,165.7126
4191.5,45.8026,165.7256
4192.1,45.8374,165.7386
4192.8,45.8722,165.7517
4193.4,45.9071,165.7648
4194.0,45.9419,165.7779
4194.6,45.9767,165.791
4195.2,46.0116,165.8041
4195.8,46.0464,165.8173
4196.4,46.0812,165.8304
4197.0,46.1161,165.8436
4197.7,46.1509,165.8568
4198.3,46.1857,165.8701
4198.9,46.2205,165.8833
4199.5,46.2553,165.8966
4200.1,46.2901,165.9099
4200.7,46.325,165.9232
4201.3,46.3598,165.9365
4201.9,46.3946,165.9499
4202.6,46.4294,165.9632
4203.2,46.4642,165.9766
4203.8,46.499,165.9901
4204.4,46.5338,166.0035
4205.0,46.5686,166.0169
4205.6,46.6034,166.0304
4206.2,46.6382,166.0439
4206.8,46.6729,166.0574
4207.5,46.7077,166.0709
4208.1,46.7425,166.0845
4208.7,46.7773,166.0981
4209.3,46.8121,166.1117
4209.9,46.8468,166.1253
4210.5,46.8816,166.1389
4211.1,46.9164,166.1526
4211.7,46.9512,166.1662
4212.4,46.9859,166.1799
4213.0,47.0207,166.1937
4213.6,47.0555,166.2074
4214.2,47.0902,166.2212
4214.8,47.125,166.235
4215.4,47.1597,166.2487
4216.0,47.1945,166.2626
4216.7,47.2292,166.2764
4217.3,47.264,166.2903
4217.9,47.2987,166.3042
4218.5,47.3335,166.3181
4219.1,47.3682,166.332
4219.7,47.4029,166.346
4220.3,47.4377,166.36
4220.9,47.4724,166.3739
4221.6,47.5071,166.388
4222.2,47.5419,166.402
4222.8,47.5766,166.4161
4223.4,47.6113,166.4301
4224.0,47.646,166.4443
4224.6,47.6807,166.4584
4225.2,47.7154,166.4725
4225.8,47.7502,166.4867
4226.5,47.7849,166.5009
4227.1,47.8196,166.5151
4227.7,47.8543,166.5293
4228.3,47.889,166.5436
4228.9,47.9237,166.5579
4229.5,47.9584,166.5722
4230.1,47.9931,166.5865
4230.7,48.0278,166.6009
4231.4,48.0625,166.6152
4232.0,48.0971,166.6296
4232.6,48.1318,166.6441
4233.2,48.1665,166.6585
4233.8,48.2012,166.673
4234.4,48.2359,166.6874
4235.0,48.2705,166.702
4235.7,48.3052,166.7165
4236.3,48.3399,166.731
4236.9,48.3745,166.7456
4237.5,48.4092,166.7602
4238.1,48.4438,166.7748
4238.7,48.4785,166.7895
4239.3,48.5132,166.8042
4239.9,48.5478,166.8188
4240.6,48.5825,166.8336
4241.2,48.6171,166.8483
4241.8,48.6517,166.8631
4242.4,48.6864,166.8779
4243.0,48.721,166.8927
4243.6,48.7557,166.9075
4244.2,48.7903,166.9223
4244.8,48.8249,166.9372
4245.5,48.8596,166.9521
4246.1,48.8942,166.9671
4246.7,48.9288,166.982
4247.3,48.9634,166.997
4247.9,48.998,167.012
4248.5,49.0326,167.027
4249.1,49.0673,167.0421
4249.7,49.1019,167.0572
4250.4,49.1365,167.0723
4251.0,49.1711,167.0874
4251.6,49.2057,167.1025
4252.2,49.2403,167.1177
4252.8,49.2749,167.1329
4253.4,49.3095,167.1481
4254.0,49.344,167.1634
4254.6,49.3786,167.1786
4255.3,49.4132,167.1939
4255.9,49.4478,167.2093
4256.5,49.4824,167.2246
4257.1,49.5169,167.24
4257.7,49.5515,167.2554
4258.3,49.5861,167.2708
4258.9,49.6206,167.2862
4259.6,49.6552,167.3017
4260.2,49.6898,167.3172
4260.8,49.7243,167.3327
4261.4,49.7589,167.3483
4262.0,49.7934,167.3639
4262.6,49.828,167.3795
4263.2,49.8625,167.3951
4263.8,49.8971,167.4107
4264.5,49.9316,167.4264
4265.1,49.9661,167.4421
4265.7,50.0007,167.4578
4266.3,50.0352,167.4736
4266.9,50.0697,167.4894
4267.5,50.1042,167.5052
4268.1,50.1388,167.521
4268.7,50.1733,167.5369
4269.4,50.2078,167.5528
4270.0,50.2423,167.5687
4270.6,50.2768,167.5846
4271.2,50.3113,167.6006
4271.8,50.3458,167.6166
4272.4,50.3803,167.6326
4273.0,50.4148,167.6486
4273.6,50.4493,167.6647
4274.3,50.4838,167.6808
4274.9,50.5183,167.6969
4275.5,50.5528,167.7131
4276.1,50.5872,167.7293
4276.7,50.6217,167.7455
4277.3,50.6562,167.7617
4277.9,50.6907,167.778
4278.6,50.7251,167.7943
4279.2,50.7596,167.8106
4279.8,50.7941,167.8269
4280.4,50.8285,167.8433
4281.0,50.863,167.8597
4281.6,50.8974,167.8761
4282.2,50.9319,167.8926
4282.8,50.9663,167.9091
4283.5,51.0008,167.9256
4284.1,51.0352,167.9421
4284.7,51.0696,167.9587
4285.3,51.1041,167.9753
4285.9,51.1385,167.9919
4286.5,51.1729,168.0086
4287.1,51.2074,168.0253
4287.7,51.2418,168.042
4288.4,51.2762,168.0587
4289.0,51.3106,168.0755
4289.6,51.345,168.0923
4290.2,51.3794,168.1091
4290.8,51.4138,168.1259
4291.4,51.4482,168.1428
4292.0,51.4826,168.1597
4292.6,51.517,168.1767
4293.3,51.5514,168.1937
4293.9,51.5858,168.2107
4294.5,51.6202,168.2277
4295.1,51.6546,168.2448
4295.7,51.6889,168.2618
4296.3,51.7233,168.279
4296.9,51.7577,168.2961
4297.5,51.792,168.3133
4298.2,51.8264,168.3305
4298.8,51.8608,168.3477
4299.4,51.8951,168.365
4300.0,51.9295,168.3823
4300.6,51.9638,168.3996
4301.2,51.9982,168.417
4301.8,52.0325,168.4344
4302.5,52.0669,168.4518
4303.1,52.1012,168.4692
4303.7,52.1355,168.4867
4304.3,52.1698,168.5042
4304.9,52.2042,168.5218
4305.5,52.2385,168.5393
4306.1,52.2728,168.5569
4306.7,52.3071,168.5746
4307.4,52.3414,168.5922
4308.0,52.3757,168.6099
4308.6,52.4101,168.6277
4309.2,52.4444,168.6454
4309.8,52.4786,168.6632
4310.4,52.5129,168.681
4311.0,52.5472,168.6989
4311.6,52.5815,168.7168
4312.3,52.6158,168.7347
4312.9,52.6501,168.7526
4313.5,52.6844,168.7706
4314.1,52.7186,168.7886
4314.7,52.7529,168.8067
4315.3,52.7872,168.8247
4315.9,52.8214,168.8428
4316.5,52.8557,168.861
4317.2,52.8899,168.8792
4317.8,52.9242,168.8974
4318.4,52.9584,168.9156
4319.0,52.9927,168.9339
4319.6,53.0269,168.9522
4320.2,53.0611,168.9705
4320.8,53.0954,168.9889
4321.5,53.1296,169.0073
4322.1,53.1638,169.0257
4322.7,53.198,169.0442
4323.3,53.2322,169.0627
4323.9,53.2665,169.0812
4324.5,53.3007,169.0998
4325.1,53.3349,169.1184
4325.7,53.3691,169.137
4326.4,53.4033,169.1557
4327.0,53.4375,169.1744
4327.6,53.4716,169.1931
4328.2,53.5058,169.2119
4328.8,53.54,169.2307
4329.4,53.5742,169.2496
4330.0,53.6084,169.2684
4330.6,53.6425,169.2874
4331.3,53.6767,169.3063
4331.9,53.7108,169.3253
4332.5,53.745,169.3443
4333.1,53.7792,169.3633
4333.7,53.8133,169.3824
4334.3,53.8475,169.4016
4334.9,53.8816,169.4207
4335.5,53.9157,169.4399
4336.2,53.9499,169.4591
4336.8,53.984,169.4784
4337.4,54.0181,169.4977
4338.0,54.0522,169.517
4338.6,54.0864,169.5364
4339.2,54.1205,169.5558
4339.8,54.1546,169.5752
4340.4,54.1887,169.5947
4341.1,54.2228,169.6142
4341.7,54.2569,169.6337
4342.3,54.291,169.6533
4342.9,54.3251,169.6729
4343.5,54.3591,169.6926
4344.1,54.3932,169.7123
4344.7,54.4273,169.732
4345.4,54.4614,169.7518
4346.0,54.4954,169.7716
4346.6,54.5295,169.7914
4347.2,54.5635,169.8113
4347.8,54.5976,169.8312
4348.4,54.6316,169.8512
4349.0,54.6657,169.8712
4349.6,54.6997,169.8912
4350.3,54.7338,169.9112
4350.9,54.7678,169.9314
4351.5,54.8018,169.9515
4352.1,54.8359,169.9717
4352.7,54.8699,169.9919
4353.3,54.9039,170.0121
4353.9,54.9379,170.0324
4354.5,54.9719,170.0528
4355.2,55.0059,170.0731
4355.8,55.0399,170.0935
4356.4,55.0739,170.114
4357.0,55.1079,170.1345
4357.6,55.1419,170.155
4358.2,55.1759,170.1756
4358.8,55.2098,170.1962
4359.4,55.2438,170.2168
4360.1,55.2778,170.2375
4360.7,55.3117,170.2582
4361.3,55.3457,170.279
4361.9,55.3796,170.2998
4362.5,55.4136,170.3206
4363.1,55.4475,170.3415
4363.7,55.4815,170.3624
4364.4,55.5154,170.3834
4365.0,55.5493,170.4044
4365.6,55.5833,170.4254
4366.2,55.6172,170.4465
4366.8,55.6511,170.4676
4367.4,55.685,170.4888
4107.0,40.9708,164.1161
4107.6,41.0059,164.1268
4108.2,41.041,164.1376
4108.8,41.0761,164.1484
4109.4,41.1112,164.1592
4110.0,41.1463,164.1701
4110.6,41.1814,164.1809
4111.2,41.2165,164.1918
4111.9,41.2516,164.2027
4112.5,41.2867,164.2135
4113.1,41.3218,164.2244
4113.7,41.3569,164.2354
4114.3,41.3919,164.2463
4114.9,41.427,164.2572
4115.5,41.4621,164.2682
4116.1,41.4972,164.2792
4116.8,41.5323,164.2902
4117.4,41.5673,164.3012
4118.0,41.6024,164.3122
4118.6,41.6375,164.3232
4119.2,41.6726,164.3343
4119.8,41.7076,164.3453
4120.4,41.7427,164.3564
4121.0,41.7778,164.3675
4121.7,41.8128,164.3786
4122.3,41.8479,164.3897
4122.9,41.883,164.4009
4123.5,41.918,164.412
4124.1,41.9531,164.4232
4124.7,41.9882,164.4344
4125.3,42.0232,164.4456
4125.9,42.0583,164.4568
4126.6,42.0933,164.468
4127.2,42.1284,164.4792
4127.8,42.1634,164.4905
4128.4,42.1985,164.5018
4129.0,42.2335,164.513
4129.6,42.2686,164.5243
4130.2,42.3036,164.5357
4130.9,42.3386,164.547
4131.5,42.3737,164.5583
4132.1,42.4087,164.5697
4132.7,42.4437,164.5811
4133.3,42.4788,164.5925
4133.9,42.5138,164.6039
4134.5,42.5488,164.6153
4135.1,42.5839,164.6267
4135.8,42.6189,164.6382
4136.4,42.6539,164.6497
4137.0,42.6889,164.6611
4137.6,42.7239,164.6727
4138.2,42.759,164.6842
4138.8,42.794,164.6957
4139.4,42.829,164.7072
4140.0,42.864,164.7188
4140.7,42.899,164.7304
4141.3,42.934,164.742
4141.9,42.969,164.7536
4142.5,43.004,164.7652
4143.1,43.039,164.7769
4143.7,43.074,164.7885
4144.3,43.109,164.8002
4144.9,43.144,164.8119
4145.6,43.179,164.8236
4146.2,43.214,164.8353
4146.8,43.249,164.8471
4147.4,43.284,164.8588
4148.0,43.319,164.8706
4148.6,43.354,164.8824
4149.2,43.389,164.8942
4149.8,43.424,164.906
4150.5,43.4589,164.9178
4151.1,43.4939,164.9297
4151.7,43.5289,164.9416
4152.3,43.5639,164.9535
4152.9,43.5988,164.9654
4153.5,43.6338,164.9773
4154.1,43.6688,164.9892
4154.8,43.7037,165.0012
4155.4,43.7387,165.0132
4156.0,43.7737,165.0251
4156.6,43.8086,165.0371
4157.2,43.8436,165.0492
4157.8,43.8785,165.0612
4158.4,43.9135,165.0733
4159.0,43.9485,165.0853
4159.7,43.9834,165.0974
4160.3,44.0184,165.1095
4160.9,44.0533,165.1216
4161.5,44.0882,165.1338
4162.1,44.1232,165.146
4162.7,44.1581,165.1581
4163.3,44.1931,165.1703
4163.9,44.228,165.1825
4164.6,44.2629,165.1947
4165.2,44.2979,165.207
4165.8,44.3328,165.2193
4166.4,44.3677,165.2315
4167.0,44.4027,165.2438
4167.6,44.4376,165.2561
4168.2,44.4725,165.2685
4168.8,44.5074,165.2808
4169.5,44.5423,165.2932
4170.1,44.5773,165.3056
4170.7,44.6122,165.318
4171.3,44.6471,165.3304
4171.9,44.682,165.3428
4172.5,44.7169,165.3553
4173.1,44.7518,165.3678
4173.8,44.7867,165.3802
4174.4,44.8216,165.3928
4175.0,44.8565,165.4053
4175.6,44.8914,165.4178
4176.2,44.9263,165.4304
4176.8,44.9612,165.443
4177.4,44.9961,165.4556
4178.0,45.031,165.4682
4178.7,45.0659,165.4808
4179.3,45.1008,165.4935
4179.9,45.1356,165.5062
4180.5,45.1705,165.5188
4181.1,45.2054,165.5316
4181.7,45.2403,165.5443
4182.3,45.2752,165.557
4182.9,45.31,165.5698
4183.6,45.3449,165.5826
4184.2,45.3798,165.5954
4184.8,45.4146,165.6082
4185.4,45.4495,165.621
4186.0,45.4844,165.6339
4186.6,45.5192,165.6468
4187.2,45.5541,165.6597
4187.8,45.5889,165.6726
4188.5,45.6238,165.6855
4189.1,45.6586,165.6985
4189.7,45.6935,165.7115
4190.3,45.7283,165.7245
4190.9,45.7632,165.7375
4191.5,45.798,165.7505
4192.1,45.8328,165.7635
4192.8,45.8677,165.7766
4193.4,45.9025,165.7897
4194.0,45.9373,165.8028
4194.6,45.9722,165.8159
4195.2,46.007,165.8291
4195.8,46.0418,165.8423
4196.4,46.0767,165.8554
4197.0,46.1115,165.8687
4197.7,46.1463,165.8819
4198.3,46.1811,165.8951
4198.9,46.2159,165.9084
4199.5,46.2507,165.9217
4200.1,46.2855,165.935
4200.7,46.3204,165.9483
4201.3,46.3552,165.9616
4201.9,46.39,165.975
4202.6,46.4248,165.9884
4203.2,46.4596,166.0018
4203.8,46.4944,166.0152
4204.4,46.5291,166.0287
4205.0,46.5639,166.0421
4205.6,46.5987,166.0556
4206.2,46.6335,166.0691
4206.8,46.6683,166.0827
4207.5,46.7031,166.0962
4208.1,46.7379,166.1098
4208.7,46.7726,166.1234
4209.3,46.8074,166.137
4209.9,46.8422,166.1506
4210.5,46.8769,166.1642
4211.1,46.9117,166.1779
4211.7,46.9465,166.1916
4212.4,46.9812,166.2053
4213.0,47.016,166.2191
4213.6,47.0508,166.2328
4214.2,47.0855,166.2466
4214.8,47.1203,166.2604
4215.4,47.155,166.2742
4216.0,47.1898,166.2881
4216.7,47.2245,166.3019
4217.3,47.2592,166.3158
4217.9,47.294,166.3297
4218.5,47.3287,166.3436
4219.1,47.3635,166.3576
4219.7,47.3982,166.3715
4220.3,47.4329,166.3855
4220.9,47.4677,166.3995
4221.6,47.5024,166.4136
4222.2,47.5371,166.4276
4222.8,47.5718,166.4417
4223.4,47.6065,166.4558
4224.0,47.6413,166.4699
4224.6,47.676,166.4841
4225.2,47.7107,166.4982
4225.8,47.7454,166.5124
4226.5,47.7801,166.5266
4227.1,47.8148,166.5408
4227.7,47.8495,166.5551
4228.3,47.8842,166.5694
4228.9,47.9189,166.5837
4229.5,47.9536,166.598
4230.1,47.9883,166.6123
4230.7,48.0229,166.6267
4231.4,48.0576,166.6411
4232.0,48.0923,166.6555
4232.6,48.127,166.6699
4233.2,48.1617,166.6844
4233.8,48.1963,166.6989
4234.4,48.231,166.7134
4235.0,48.2657,166.7279
4235.7,48.3003,166.7424
4236.3,48.335,166.757
4236.9,48.3697,166.7716
4237.5,48.4043,166.7862
4238.1,48.439,166.8009
4238.7,48.4736,166.8155
4239.3,48.5083,166.8302
4239.9,48.5429,166.8449
4240.6,48.5776,166.8596
4241.2,48.6122,166.8744
4241.8,48.6469,166.8892
4242.4,48.6815,166.904
4243.0,48.7161,166.9188
4243.6,48.7508,166.9337
4244.2,48.7854,166.9485
4244.8,48.82,166.9634
4245.5,48.8546,166.9784
4246.1,48.8893,166.9933
4246.7,48.9239,167.0083
4247.3,48.9585,167.0233
4247.9,48.9931,167.0383
4248.5,49.0277,167.0533
4249.1,49.0623,167.0684
4249.7,49.0969,167.0835
4250.4,49.1315,167.0986
4251.0,49.1661,167.1137
4251.6,49.2007,167.1289
4252.2,49.2353,167.1441
4252.8,49.2699,167.1593
4253.4,49.3045,167.1745
4254.0,49.3391,167.1898
4254.6,49.3736,167.2051
4255.3,49.4082,167.2204
4255.9,49.4428,167.2357
4256.5,49.4774,167.2511
4257.1,49.5119,167.2665
4257.7,49.5465,167.2819
4258.3,49.5811,167.2973
4258.9,49.6156,167.3128
4259.6,49.6502,167.3283
4260.2,49.6847,167.3438
4260.8,49.7193,167.3594
4261.4,49.7538,167.3749
4262.0,49.7884,167.3905
4262.6,49.8229,167.4061
4263.2,49.8575,167.4218
4263.8,49.892,167.4374
4264.5,49.9265,167.4531
4265.1,49.9611,167.4689
4265.7,49.9956,167.4846
4266.3,50.0301,167.5004
4266.9,50.0646,167.5162
4267.5,50.0992,167.532
4268.1,50.1337,167.5479
4268.7,50.1682,167.5637
4269.4,50.2027,167.5796
4270.0,50.2372,167.5956
4270.6,50.2717,167.6115
4271.2,50.3062,167.6275
4271.8,50.3407,167.6435
4272.4,50.3752,167.6595
4273.0,50.4097,167.6756
4273.6,50.4442,167.6917
4274.3,50.4787,167.7078
4274.9,50.5131,167.724
4275.5,50.5476,167.7401
4276.1,50.5821,167.7563
4276.7,50.6166,167.7726
4277.3,50.651,167.7888
4277.9,50.6855,167.8051
4278.6,50.72,167.8214
4279.2,50.7544,167.8377
4279.8,50.7889,167.8541
4280.4,50.8233,167.8705
4281.0,50.8578,167.8869
4281.6,50.8922,167.9034
4282.2,50.9267,167.9198
4282.8,50.9611,167.9363
4283.5,50.9956,167.9529
4284.1,51.03,167.9694
4284.7,51.0644,167.986
4285.3,51.0989,168.0026
4285.9,51.1333,168.0193
4286.5,51.1677,168.0359
4287.1,51.2021,168.0526
4287.7,51.2365,168.0694
4288.4,51.2709,168.0861
4289.0,51.3054,168.1029
4289.6,51.3398,168.1197
4290.2,51.3742,168.1366
4290.8,51.4086,168.1534
4291.4,51.443,168.1703
4292.0,51.4773,168.1873
4292.6,51.5117,168.2042
4293.3,51.5461,168.2212
4293.9,51.5805,168.2382
4294.5,51.6149,168.2553
4295.1,51.6493,168.2724
4295.7,51.6836,168.2895
4296.3,51.718,168.3066
4296.9,51.7524,168.3238
4297.5,51.7867,168.341
4298.2,51.8211,168.3582
4298.8,51.8554,168.3754
4299.4,51.8898,168.3927
4300.0,51.9241,168.41
4300.6,51.9585,168.4274
4301.2,51.9928,168.4448
4301.8,52.0272,168.4622
4302.5,52.0615,168.4796
4303.1,52.0958,168.4971
4303.7,52.1301,168.5146
4304.3,52.1645,168.5321
4304.9,52.1988,168.5497
4305.5,52.2331,168.5673
4306.1,52.2674,168.5849
4306.7,52.3017,168.6025
4307.4,52.336,168.6202
4308.0,52.3703,168.6379
4308.6,52.4046,168.6557
4309.2,52.4389,168.6734
4309.8,52.4732,168.6913
4310.4,52.5075,168.7091
4311.0,52.5418,168.727
4311.6,52.5761,168.7449
4312.3,52.6103,168.7628
4312.9,52.6446,168.7808
4313.5,52.6789,168.7988
4314.1,52.7132,168.8168
4314.7,52.7474,168.8349
4315.3,52.7817,168.853
4315.9,52.8159,168.8711
4316.5,52.8502,168.8893
4317.2,52.8844,168.9074
4317.8,52.9187,168.9257
4318.4,52.9529,168.9439
4319.0,52.9871,168.9622
4319.6,53.0214,168.9805
4320.2,53.0556,168.9989
4320.8,53.0898,169.0173
4321.5,53.1241,169.0357
4322.1,53.1583,169.0542
4322.7,53.1925,169.0727
4323.3,53.2267,169.0912
4323.9,53.2609,169.1097
4324.5,53.2951,169.1283
4325.1,53.3293,169.1469
4325.7,53.3635,169.1656
4326.4,53.3977,169.1843
4327.0,53.4319,169.203
4327.6,53.466,169.2218
4328.2,53.5002,169.2406
4328.8,53.5344,169.2594
4329.4,53.5686,169.2783
4330.0,53.6027,169.2971
4330.6,53.6369,169.3161
4331.3,53.6711,169.335
4331.9,53.7052,169.354
4332.5,53.7394,169.3731
4333.1,53.7735,169.3922
4333.7,53.8077,169.4113
4334.3,53.8418,169.4304
4334.9,53.8759,169.4496
4335.5,53.9101,169.4688
4336.2,53.9442,169.488
4336.8,53.9783,169.5073
4337.4,54.0124,169.5266
4338.0,54.0465,169.546
4338.6,54.0807,169.5654
4339.2,54.1148,169.5848
4339.8,54.1489,169.6042
4340.4,54.183,169.6237
4341.1,54.2171,169.6432
4341.7,54.2511,169.6628
4342.3,54.2852,169.6824
4342.9,54.3193,169.7021
4343.5,54.3534,169.7217
4344.1,54.3875,169.7415
4344.7,54.4215,169.7612
4345.4,54.4556,169.781
4346.0,54.4897,169.8008
4346.6,54.5237,169.8207
4347.2,54.5578,169.8406
4347.8,54.5918,169.8605
4348.4,54.6259,169.8805
4349.0,54.6599,169.9005
4349.6,54.6939,169.9205
4350.3,54.728,169.9406
4350.9,54.762,169.9608
4351.5,54.796,169.9809
4352.1,54.83,170.0011
4352.7,54.864,170.0213
4353.3,54.8981,170.0416
4353.9,54.9321,170.0619
4354.5,54.9661,170.0823
4355.2,55.0001,170.1027
4355.8,55.034,170.1231
4356.4,55.068,170.1436
4357.0,55.102,170.1641
4357.6,55.136,170.1846
4358.2,55.17,170.2052
4358.8,55.2039,170.2258
4359.4,55.2379,170.2465
4360.1,55.2719,170.2672
4360.7,55.3058,170.2879
4361.3,55.3398,170.3087
4361.9,55.3737,170.3296
4362.5,55.4077,170.3504
4363.1,55.4416,170.3713
4363.7,55.4755,170.3923
4364.4,55.5094,170.4132
4365.0,55.5434,170.4343
4365.6,55.5773,170.4553
4366.2,55.6112,170.4764
4366.8,55.6451,170.4976
4107.0,40.9667,164.1392
4107.6,41.0018,164.15
4108.2,41.0369,164.1608
4108.8,41.072,164.1716
4109.4,41.1071,164.1824
4110.0,41.1422,164.1933
4110.6,41.1773,164.2041
4111.2,41.2124,164.215
4111.9,41.2475,164.2259
4112.5,41.2826,164.2368
4113.1,41.3177,164.2477
4113.7,41.3527,164.2586
4114.3,41.3878,164.2696
4114.9,41.4229,164.2805
4115.5,41.458,164.2915
4116.1,41.4931,164.3025
4116.8,41.5281,164.3135
4117.4,41.5632,164.3245
4118.0,41.5983,164.3355
4118.6,41.6334,164.3466
4119.2,41.6684,164.3576
4119.8,41.7035,164.3687
4120.4,41.7386,164.3798
4121.0,41.7736,164.3909
4121.7,41.8087,164.402
4122.3,41.8438,164.4132
4122.9,41.8788,164.4243
4123.5,41.9139,164.4355
4124.1,41.9489,164.4466
4124.7,41.984,164.4578
4125.3,42.019,164.469
4125.9,42.0541,164.4803
4126.6,42.0891,164.4915
4127.2,42.1242,164.5028
4127.8,42.1592,164.514
4128.4,42.1943,164.5253
4129.0,42.2293,164.5366
4129.6,42.2644,164.5479
4130.2,42.2994,164.5592
4130.9,42.3344,164.5706
4131.5,42.3695,164.5819
4132.1,42.4045,164.5933
4132.7,42.4395,164.6047
4133.3,42.4746,164.6161
4133.9,42.5096,164.6275
4134.5,42.5446,164.639
4135.1,42.5796,164.6504
4135.8,42.6147,164.6619
4136.4,42.6497,164.6734
4137.0,42.6847,164.6849
4137.6,42.7197,164.6964
4138.2,42.7547,164.7079
4138.8,42.7897,164.7195
4139.4,42.8247,164.731
4140.0,42.8598,164.7426
4140.7,42.8948,164.7542
4141.3,42.9298,164.7658
4141.9,42.9648,164.7774
4142.5,42.9998,164.7891
4143.1,43.0348,164.8007
4143.7,43.0698,164.8124
4144.3,43.1048,164.8241
4144.9,43.1398,164.8358
4145.6,43.1748,164.8475
4146.2,43.2097,164.8592
4146.8,43.2447,164.871
4147.4,43.2797,164.8828
4148.0,43.3147,164.8945
4148.6,43.3497,164.9063
4149.2,43.3847,164.9182
4149.8,43.4196,164.93
4150.5,43.4546,164.9418
4151.1,43.4896,164.9537
4151.7,43.5246,164.9656
4152.3,43.5595,164.9775
4152.9,43.5945,164.9894
4153.5,43.6295,165.0013
4154.1,43.6644,165.0133
4154.8,43.6994,165.0253
4155.4,43.7344,165.0372
4156.0,43.7693,165.0492
4156.6,43.8043,165.0613
4157.2,43.8392,165.0733
4157.8,43.8742,165.0853
4158.4,43.9091,165.0974
4159.0,43.9441,165.1095
4159.7,43.979,165.1216
4160.3,44.014,165.1337
4160.9,44.0489,165.1459
4161.5,44.0839,165.158
4162.1,44.1188,165.1702
4162.7,44.1537,165.1824
4163.3,44.1887,165.1946
4163.9,44.2236,165.2068
4164.6,44.2585,165.219
4165.2,44.2935,165.2313
4165.8,44.3284,165.2436
4166.4,44.3633,165.2559
4167.0,44.3983,165.2682
4167.6,44.4332,165.2805
4168.2,44.4681,165.2928
4168.8,44.503,165.3052
4169.5,44.5379,165.3176
4170.1,44.5728,165.33
4170.7,44.6077,165.3424
4171.3,44.6427,165.3548
4171.9,44.6776,165.3673
4172.5,44.7125,165.3797
4173.1,44.7474,165.3922
4173.8,44.7823,165.4047
4174.4,44.8172,165.4173
4175.0,44.8521,165.4298
4175.6,44.887,165.4424
4176.2,44.9219,165.4549
4176.8,44.9567,165.4675
4177.4,44.9916,165.4801
4178.0,45.0265,165.4928
4178.7,45.0614,165.5054
4179.3,45.0963,165.5181
4179.9,45.1312,165.5308
4180.5,45.166,165.5435
4181.1,45.2009,165.5562
4181.7,45.2358,165.569
4182.3,45.2707,165.5817
4182.9,45.3055,165.5945
4183.6,45.3404,165.6073
4184.2,45.3753,165.6201
4184.8,45.4101,165.6329
4185.4,45.445,165.6458
4186.0,45.4798,165.6587
4186.6,45.5147,165.6716
4187.2,45.5495,165.6845
4187.8,45.5844,165.6974
4188.5,45.6192,165.7103
4189.1,45.6541,165.7233
4189.7,45.6889,165.7363
4190.3,45.7238,165.7493
4190.9,45.7586,165.7623
4191.5,45.7934,165.7754
4192.1,45.8283,165.7885
4192.8,45.8631,165.8015
4193.4,45.8979,165.8146
4194.0,45.9328,165.8278
4194.6,45.9676,165.8409
4195.2,46.0024,165.854
4195.8,46.0372,165.8672
4196.4,46.0721,165.8804
4197.0,46.1069,165.8937
4197.7,46.1417,165.9069
4198.3,46.1765,165.9202
4198.9,46.2113,165.9334
4199.5,46.2461,165.9467
4200.1,46.2809,165.9601
4200.7,46.3157,165.9734
4201.3,46.3505,165.9868
4201.9,46.3853,166.0001
4202.6,46.4201,166.0135
4203.2,46.4549,166.0269
4203.8,46.4897,166.0404
4204.4,46.5245,166.0538
4205.0,46.5593,166.0673
4205.6,46.5941,166.0808
4206.2,46.6289,166.0944
4206.8,46.6636,166.1079
4207.5,46.6984,166.1215
4208.1,46.7332,166.135
4208.7,46.768,166.1487
4209.3,46.8027,166.1623
4209.9,46.8375,166.1759
4210.5,46.8723,166.1896
4211.1,46.907,166.2033
4211.7,46.9418,166.217
4212.4,46.9765,166.2307
4213.0,47.0113,166.2444
4213.6,47.0461,166.2582
4214.2,47.0808,166.272
4214.8,47.1156,166.2858
4215.4,47.1503,166.2997
4216.0,47.185,166.3135
4216.7,47.2198,166.3274
4217.3,47.2545,166.3413
4217.9,47.2893,166.3552
4218.5,47.324,166.3691
4219.1,47.3587,166.3831
4219.7,47.3934,166.3971
4220.3,47.4282,166.4111
4220.9,47.4629,166.4251
4221.6,47.4976,166.4392
4222.2,47.5323,166.4532
4222.8,47.5671,166.4673
4223.4,47.6018,166.4814
4224.0,47.6365,166.4956
4224.6,47.6712,166.5097
4225.2,47.7059,166.5239
4225.8,47.7406,166.5381
4226.5,47.7753,166.5523
4227.1,47.81,166.5666
4227.7,47.8447,166.5809
4228.3,47.8794,166.5952
4228.9,47.9141,166.6095
4229.5,47.9488,166.6238
4230.1,47.9834,166.6382
4230.7,48.0181,166.6525
4231.4,48.0528,166.6669
4232.0,48.0875,166.6814
4232.6,48.1222,166.6958
4233.2,48.1568,166.7103
4233.8,48.1915,166.7248
4234.4,48.2262,166.7393
4235.0,48.2608,166.7538
4235.7,48.2955,166.7684
4236.3,48.3302,166.783
4236.9,48.3648,166.7976
4237.5,48.3995,166.8122
4238.1,48.4341,166.8269
4238.7,48.4688,166.8416
4239.3,48.5034,166.8563
4239.9,48.538,166.871
4240.6,48.5727,166.8857
4241.2,48.6073,166.9005
4241.8,48.642,166.9153
4242.4,48.6766,166.9301
4243.0,48.7112,166.945
4243.6,48.7458,166.9598
4244.2,48.7805,166.9747
4244.8,48.8151,166.9896
4245.5,48.8497,167.0046
4246.1,48.8843,167.0195
4246.7,48.9189,167.0345
4247.3,48.9535,167.0495
4247.9,48.9882,167.0646
4248.5,49.0228,167.0796
4249.1,49.0574,167.0947
4249.7,49.092,167.1098
4250.4,49.1266,167.1249
4251.0,49.1611,167.1401
4251.6,49.1957,167.1553
4252.2,49.2303,167.1705
4252.8,49.2649,167.1857
4253.4,49.2995,167.201
4254.0,49.3341,167.2162
4254.6,49.3686,167.2316
4255.3,49.4032,167.2469
4255.9,49.4378,167.2622
4256.5,49.4724,167.2776
4257.1,49.5069,167.293
4257.7,49.5415,167.3085
4258.3,49.576,167.3239
4258.9,49.6106,167.3394
4259.6,49.6451,167.3549
4260.2,49.6797,167.3704
4260.8,49.7142,167.386
4261.4,49.7488,167.4016
4262.0,49.7833,167.4172
4262.6,49.8179,167.4328
4263.2,49.8524,167.4485
4263.8,49.8869,167.4642
4264.5,49.9215,167.4799
4265.1,49.956,167.4956
4265.7,49.9905,167.5114
4266.3,50.025,167.5271
4266.9,50.0595,167.543
4267.5,50.0941,167.5588
4268.1,50.1286,167.5747
4268.7,50.1631,167.5906
4269.4,50.1976,167.6065
4270.0,50.2321,167.6224
4270.6,50.2666,167.6384
4271.2,50.3011,167.6544
4271.8,50.3356,167.6704
4272.4,50.3701,167.6865
4273.0,50.4045,167.7026
4273.6,50.439,167.7187
4274.3,50.4735,167.7348
4274.9,50.508,167.751
4275.5,50.5425,167.7672
4276.1,50.5769,167.7834
4276.7,50.6114,167.7996
4277.3,50.6459,167.8159
4277.9,50.6803,167.8322
4278.6,50.7148,167.8485
4279.2,50.7492,167.8649
4279.8,50.7837,167.8813
4280.4,50.8181,167.8977
4281.0,50.8526,167.9141
4281.6,50.887,167.9306
4282.2,50.9215,167.9471
4282.8,50.9559,167.9636
4283.5,50.9903,167.9801
4284.1,51.0248,167.9967
4284.7,51.0592,168.0133
4285.3,51.0936,168.0299
4285.9,51.128,168.0466
4286.5,51.1625,168.0633
4287.1,51.1969,168.08
4287.7,51.2313,168.0967
4288.4,51.2657,168.1135
4289.0,51.3001,168.1303
4289.6,51.3345,168.1472
4290.2,51.3689,168.164
4290.8,51.4033,168.1809
4291.4,51.4377,168.1978
4292.0,51.4721,168.2148
4292.6,51.5064,168.2318
4293.3,51.5408,168.2488
4293.9,51.5752,168.2658
4294.5,51.6096,168.2829
4295.1,51.6439,168.3
4295.7,51.6783,168.3171
4296.3,51.7127,168.3342
4296.9,51.747,168.3514
4297.5,51.7814,168.3686
4298.2,51.8157,168.3859
4298.8,51.8501,168.4032
4299.4,51.8844,168.4205
4300.0,51.9188,168.4378
4300.6,51.9531,168.4552
4301.2,51.9874,168.4725
4301.8,52.0218,168.49
4302.5,52.0561,168.5074
4303.1,52.0904,168.5249
4303.7,52.1248,168.5424
4304.3,52.1591,168.56
4304.9,52.1934,168.5776
4305.5,52.2277,168.5952
4306.1,52.262,168.6128
4306.7,52.2963,168.6305
4307.4,52.3306,168.6482
4308.0,52.3649,168.6659
4308.6,52.3992,168.6837
4309.2,52.4335,168.7015
4309.8,52.4678,168.7193
4310.4,52.5021,168.7372
4311.0,52.5363,168.7551
4311.6,52.5706,168.773
4312.3,52.6049,168.7909
4312.9,52.6392,168.8089
4313.5,52.6734,168.8269
4314.1,52.7077,168.845
4314.7,52.7419,168.8631
4315.3,52.7762,168.8812
4315.9,52.8104,168.8993
4316.5,52.8447,168.9175
4317.2,52.8789,168.9357
4317.8,52.9132,168.954
4318.4,52.9474,168.9722
4319.0,52.9816,168.9906
4319.6,53.0159,169.0089
4320.2,53.0501,169.0273
4320.8,53.0843,169.0457
4321.5,53.1185,169.0641
4322.1,53.1527,169.0826
4322.7,53.1869,169.1011
4323.3,53.2211,169.1197
4323.9,53.2553,169.1382
4324.5,53.2895,169.1568
4325.1,53.3237,169.1755
4325.7,53.3579,169.1942
4326.4,53.3921,169.2129
4327.0,53.4263,169.2316
4327.6,53.4604,169.2504
4328.2,53.4946,169.2692
4328.8,53.5288,169.2881
4329.4,53.563,169.3069
4330.0,53.5971,169.3259
4330.6,53.6313,169.3448
4331.3,53.6654,169.3638
4331.9,53.6996,169.3828
4332.5,53.7337,169.4019
4333.1,53.7679,169.4209
4333.7,53.802,169.4401
4334.3,53.8361,169.4592
4334.9,53.8703,169.4784
4335.5,53.9044,169.4977
4336.2,53.9385,169.5169
4336.8,53.9726,169.5362
4337.4,54.0067,169.5555
4338.0,54.0409,169.5749
4338.6,54.075,169.5943
4339.2,54.1091,169.6138
4339.8,54.1432,169.6333
4340.4,54.1772,169.6528
4341.1,54.2113,169.6723
4341.7,54.2454,169.6919
4342.3,54.2795,169.7115
4342.9,54.3136,169.7312
4343.5,54.3476,169.7509
4344.1,54.3817,169.7706
4344.7,54.4158,169.7904
4345.4,54.4498,169.8102
4346.0,54.4839,169.83
4346.6,54.5179,169.8499
4347.2,54.552,169.8698
4347.8,54.586,169.8898
4348.4,54.6201,169.9098
4349.0,54.6541,169.9298
4349.6,54.6881,169.9499
4350.3,54.7221,169.97
4350.9,54.7562,169.9901
4351.5,54.7902,170.0103
4352.1,54.8242,170.0305
4352.7,54.8582,170.0508
4353.3,54.8922,170.0711
4353.9,54.9262,170.0914
4354.5,54.9602,170.1118
4355.2,54.9942,170.1322
4355.8,55.0282,170.1527
4356.4,55.0622,170.1732
4357.0,55.0961,170.1937
4357.6,55.1301,170.2142
4358.2,55.1641,170.2349
4358.8,55.198,170.2555
4359.4,55.232,170.2762
4360.1,55.2659,170.2969
4360.7,55.2999,170.3177
4361.3,55.3338,170.3385
4361.9,55.3678,170.3593
4362.5,55.4017,170.3802
4363.1,55.4356,170.4011
4363.7,55.4696,170.4221
4364.4,55.5035,170.4431
4365.0,55.5374,170.4641
4365.6,55.5713,170.4852
4107.0,40.9626,164.1623
4107.6,40.9977,164.1731
4108.2,41.0328,164.1839
4108.8,41.0679,164.1948
4109.4,41.103,164.2056
4110.0,41.1381,164.2165
4110.6,41.1732,164.2273
4111.2,41.2083,164.2382
4111.9,41.2434,164.2491
4112.5,41.2785,164.26
4113.1,41.3135,164.271
4113.7,41.3486,164.2819
4114.3,41.3837,164.2928
4114.9,41.4188,164.3038
4115.5,41.4539,164.3148
4116.1,41.4889,164.3258
4116.8,41.524,164.3368
4117.4,41.5591,164.3478
4118.0,41.5942,164.3589
4118.6,41.6292,164.3699
4119.2,41.6643,164.381
4119.8,41.6993,164.3921
4120.4,41.7344,164.4032
4121.0,41.7695,164.4143
4121.7,41.8045,164.4254
4122.3,41.8396,164.4366
4122.9,41.8746,164.4477
4123.5,41.9097,164.4589
4124.1,41.9448,164.4701
4124.7,41.9798,164.4813
4125.3,42.0149,164.4925
4125.9,42.0499,164.5038
4126.6,42.0849,164.515
4127.2,42.12,164.5263
4127.8,42.155,164.5376
4128.4,42.1901,164.5489
4129.0,42.2251,164.5602
4129.6,42.2602,164.5715
4130.2,42.2952,164.5828
4130.9,42.3302,164.5942
4131.5,42.3652,164.6056
4132.1,42.4003,164.6169
4132.7,42.4353,164.6283
4133.3,42.4703,164.6398
4133.9,42.5054,164.6512
4134.5,42.5404,164.6626
4135.1,42.5754,164.6741
4135.8,42.6104,164.6856
4136.4,42.6454,164.6971
4137.0,42.6805,164.7086
4137.6,42.7155,164.7201
4138.2,42.7505,164.7316
4138.8,42.7855,164.7432
4139.4,42.8205,164.7548
4140.0,42.8555,164.7664
4140.7,42.8905,164.778
4141.3,42.9255,164.7896
4141.9,42.9605,164.8012
4142.5,42.9955,164.8129
4143.1,43.0305,164.8246
4143.7,43.0655,164.8362
4144.3,43.1005,164.8479
4144.9,43.1355,164.8596
4145.6,43.1705,164.8714
4146.2,43.2055,164.8831
4146.8,43.2404,164.8949
4147.4,43.2754,164.9067
4148.0,43.3104,164.9185
4148.6,43.3454,164.9303
4149.2,43.3804,164.9421
4149.8,43.4153,164.954
4150.5,43.4503,164.9658
4151.1,43.4853,164.9777
4151.7,43.5202,164.9896
4152.3,43.5552,165.0015
4152.9,43.5902,165.0135
4153.5,43.6251,165.0254
4154.1,43.6601,165.0374
4154.8,43.6951,165.0493
4155.4,43.73,165.0613
4156.0,43.765,165.0733
4156.6,43.7999,165.0854
4157.2,43.8349,165.0974
4157.8,43.8698,165.1095
4158.4,43.9048,165.1216
4159.0,43.9397,165.1337
4159.7,43.9747,165.1458
4160.3,44.0096,165.1579
4160.9,44.0446,165.1701
4161.5,44.0795,165.1822
4162.1,44.1144,165.1944
4162.7,44.1494,165.2066
4163.3,44.1843,165.2188
4163.9,44.2192,165.2311
4164.6,44.2542,165.2433
4165.2,44.2891,165.2556
4165.8,44.324,165.2679
4166.4,44.3589,165.2802
4167.0,44.3938,165.2925
4167.6,44.4288,165.3048
4168.2,44.4637,165.3172
4168.8,44.4986,165.3296
4169.5,44.5335,165.342
4170.1,44.5684,165.3544
4170.7,44.6033,165.3668
4171.3,44.6382,165.3793
4171.9,44.6731,165.3917
4172.5,44.708,165.4042
4173.1,44.7429,165.4167
4173.8,44.7778,165.4292
4174.4,44.8127,165.4418
4175.0,44.8476,165.4543
4175.6,44.8825,165.4669
4176.2,44.9174,165.4795
4176.8,44.9523,165.4921
4177.4,44.9872,165.5047
4178.0,45.022,165.5173
4178.7,45.0569,165.53
4179.3,45.0918,165.5427
4179.9,45.1267,165.5554
4180.5,45.1615,165.5681
4181.1,45.1964,165.5809
4181.7,45.2313,165.5936
4182.3,45.2661,165.6064
4182.9,45.301,165.6192
4183.6,45.3359,165.632
4184.2,45.3707,165.6448
4184.8,45.4056,165.6577
4185.4,45.4404,165.6705
4186.0,45.4753,165.6834
4186.6,45.5102,165.6963
4187.2,45.545,165.7093
4187.8,45.5798,165.7222
4188.5,45.6147,165.7352
4189.1,45.6495,165.7481
4189.7,45.6844,165.7611
4190.3,45.7192,165.7742
4190.9,45.754,165.7872
4191.5,45.7889,165.8003
4192.1,45.8237,165.8133
4192.8,45.8585,165.8264
4193.4,45.8934,165.8396
4194.0,45.9282,165.8527
4194.6,45.963,165.8658
4195.2,45.9978,165.879
4195.8,46.0327,165.8922
4196.4,46.0675,165.9054
4197.0,46.1023,165.9187
4197.7,46.1371,165.9319
4198.3,46.1719,165.9452
4198.9,46.2067,165.9585
4199.5,46.2415,165.9718
4200.1,46.2763,165.9851
4200.7,46.3111,165.9985
4201.3,46.3459,166.0119
4201.9,46.3807,166.0253
4202.6,46.4155,166.0387
4203.2,46.4503,166.0521
4203.8,46.4851,166.0656
4204.4,46.5199,166.079
4205.0,46.5546,166.0925
4205.6,46.5894,166.106
4206.2,46.6242,166.1196
4206.8,46.659,166.1331
4207.5,46.6937,166.1467
4208.1,46.7285,166.1603
4208.7,46.7633,166.1739
4209.3,46.798,166.1876
4209.9,46.8328,166.2012
4210.5,46.8676,166.2149
4211.1,46.9023,166.2286
4211.7,46.9371,166.2423
4212.4,46.9718,166.2561
4213.0,47.0066,166.2698
4213.6,47.0413,166.2836
4214.2,47.0761,166.2974
4214.8,47.1108,166.3112
4215.4,47.1456,166.3251
4216.0,47.1803,166.339
4216.7,47.2151,166.3529
4217.3,47.2498,166.3668
4217.9,47.2845,166.3807
4218.5,47.3192,166.3947
4219.1,47.354,166.4086
4219.7,47.3887,166.4226
4220.3,47.4234,166.4367
4220.9,47.4581,166.4507
4221.6,47.4929,166.4648
4222.2,47.5276,166.4789
4222.8,47.5623,166.493
4223.4,47.597,166.5071
4224.0,47.6317,166.5212
4224.6,47.6664,166.5354
4225.2,47.7011,166.5496
4225.8,47.7358,166.5638
4226.5,47.7705,166.5781
4227.1,47.8052,166.5923
4227.7,47.8399,166.6066
4228.3,47.8746,166.6209
4228.9,47.9093,166.6352
4229.5,47.9439,166.6496
4230.1,47.9786,166.664
4230.7,48.0133,166.6784
4231.4,48.048,166.6928
4232.0,48.0826,166.7072
4232.6,48.1173,166.7217
4233.2,48.152,166.7362
4233.8,48.1867,166.7507
4234.4,48.2213,166.7652
4235.0,48.256,166.7798
4235.7,48.2906,166.7943
4236.3,48.3253,166.8089
4236.9,48.3599,166.8236
4237.5,48.3946,166.8382
4238.1,48.4292,166.8529
4238.7,48.4639,166.8676
4239.3,48.4985,166.8823
4239.9,48.5332,166.897
4240.6,48.5678,166.9118
4241.2,48.6024,166.9266
4241.8,48.6371,166.9414
4242.4,48.6717,166.9562
4243.0,48.7063,166.9711
4243.6,48.7409,166.986
4244.2,48.7755,167.0009
4244.8,48.8102,167.0158
4245.5,48.8448,167.0308
4246.1,48.8794,167.0458
4246.7,48.914,167.0608
4247.3,48.9486,167.0758
4247.9,48.9832,167.0908
4248.5,49.0178,167.1059
4249.1,49.0524,167.121
4249.7,49.087,167.1361
4250.4,49.1216,167.1513
4251.0,49.1562,167.1665
4251.6,49.1908,167.1817
4252.2,49.2253,167.1969
4252.8,49.2599,167.2121
4253.4,49.2945,167.2274
4254.0,49.3291,167.2427
4254.6,49.3636,167.258
4255.3,49.3982,167.2733
4255.9,49.4328,167.2887
4256.5,49.4673,167.3041
4257.1,49.5019,167.3195
4257.7,49.5365,167.335
4258.3,49.571,167.3505
4258.9,49.6056,167.366
4259.6,49.6401,167.3815
4260.2,49.6747,167.397
4260.8,49.7092,167.4126
4261.4,49.7437,167.4282
4262.0,49.7783,167.4438
4262.6,49.8128,167.4595
4263.2,49.8473,167.4751
4263.8,49.8819,167.4908
4264.5,49.9164,167.5066
4265.1,49.9509,167.5223
4265.7,49.9854,167.5381
4266.3,50.0199,167.5539
4266.9,50.0545,167.5697
4267.5,50.089,167.5856
4268.1,50.1235,167.6015
4268.7,50.158,167.6174
4269.4,50.1925,167.6333
4270.0,50.227,167.6493
4270.6,50.2615,167.6653
4271.2,50.296,167.6813
4271.8,50.3304,167.6974
4272.4,50.3649,167.7134
4273.0,50.3994,167.7295
4273.6,50.4339,167.7457
4274.3,50.4684,167.7618
4274.9,50.5028,167.778
4275.5,50.5373,167.7942
4276.1,50.5718,167.8104
4276.7,50.6062,167.8267
4277.3,50.6407,167.843
4277.9,50.6752,167.8593
4278.6,50.7096,167.8756
4279.2,50.7441,167.892
4279.8,50.7785,167.9084
4280.4,50.8129,167.9248
4281.0,50.8474,167.9413
4281.6,50.8818,167.9578
4282.2,50.9163,167.9743
4282.8,50.9507,167.9908
4283.5,50.9851,168.0074
4284.1,51.0195,168.024
4284.7,51.054,168.0406
4285.3,51.0884,168.0572
4285.9,51.1228,168.0739
4286.5,51.1572,168.0906
4287.1,51.1916,168.1074
4287.7,51.226,168.1241
4288.4,51.2604,168.1409
4289.0,51.2948,168.1577
4289.6,51.3292,168.1746
4290.2,51.3636,168.1915
4290.8,51.398,168.2084
4291.4,51.4324,168.2253
4292.0,51.4668,168.2423
4292.6,51.5011,168.2593
4293.3,51.5355,168.2763
4293.9,51.5699,168.2934
4294.5,51.6043,168.3104
4295.1,51.6386,168.3276
4295.7,51.673,168.3447
4296.3,51.7073,168.3619
4296.9,51.7417,168.3791
4297.5,51.776,168.3963
4298.2,51.8104,168.4136
4298.8,51.8447,168.4309
4299.4,51.8791,168.4482
4300.0,51.9134,168.4655
4300.6,51.9477,168.4829
4301.2,51.9821,168.5003
4301.8,52.0164,168.5178
4302.5,52.0507,168.5352
4303.1,52.085,168.5528
4303.7,52.1194,168.5703
4304.3,52.1537,168.5879
4304.9,52.188,168.6055
4305.5,52.2223,168.6231
4306.1,52.2566,168.6407
4306.7,52.2909,168.6584
4307.4,52.3252,168.6761
4308.0,52.3595,168.6939
4308.6,52.3938,168.7117
4309.2,52.428,168.7295
4309.8,52.4623,168.7474
4310.4,52.4966,168.7652
4311.0,52.5309,168.7831
4311.6,52.5651,168.8011
4312.3,52.5994,168.8191
4312.9,52.6337,168.8371
4313.5,52.6679,168.8551
4314.1,52.7022,168.8732
4314.7,52.7364,168.8913
4315.3,52.7707,168.9094
4315.9,52.8049,168.9276
4316.5,52.8392,168.9458
4317.2,52.8734,168.964
4317.8,52.9076,168.9823
4318.4,52.9419,169.0006
4319.0,52.9761,169.0189
4319.6,53.0103,169.0372
4320.2,53.0445,169.0556
4320.8,53.0787,169.0741
4321.5,53.113,169.0925
4322.1,53.1472,169.111
4322.7,53.1814,169.1296
4323.3,53.2156,169.1481
4323.9,53.2498,169.1667
4324.5,53.284,169.1853
4325.1,53.3181,169.204
4325.7,53.3523,169.2227
4326.4,53.3865,169.2414
4327.0,53.4207,169.2602
4327.6,53.4548,169.279
4328.2,53.489,169.2978
4328.8,53.5232,169.3167
4329.4,53.5573,169.3356
4330.0,53.5915,169.3545
4330.6,53.6256,169.3735
4331.3,53.6598,169.3925
4331.9,53.6939,169.4115
4332.5,53.7281,169.4306
4333.1,53.7622,169.4497
4333.7,53.7963,169.4689
4334.3,53.8305,169.4881
4334.9,53.8646,169.5073
4335.5,53.8987,169.5265
4336.2,53.9328,169.5458
4336.8,53.9669,169.5651
4337.4,54.001,169.5845
4338.0,54.0351,169.6039
4338.6,54.0692,169.6233
4339.2,54.1033,169.6428
4339.8,54.1374,169.6623
4340.4,54.1715,169.6818
4341.1,54.2056,169.7014
4341.7,54.2397,169.721
4342.3,54.2738,169.7406
4342.9,54.3078,169.7603
4343.5,54.3419,169.78
4344.1,54.3759,169.7998
4344.7,54.41,169.8196
4345.4,54.4441,169.8394
4346.0,54.4781,169.8593
4346.6,54.5122,169.8792
4347.2,54.5462,169.8991
4347.8,54.5802,169.9191
4348.4,54.6143,169.9391
4349.0,54.6483,169.9591
4349.6,54.6823,169.9792
4350.3,54.7163,169.9994
4350.9,54.7503,170.0195
4351.5,54.7844,170.0397
4352.1,54.8184,170.06
4352.7,54.8524,170.0802
4353.3,54.8864,170.1006
4353.9,54.9203,170.1209
4354.5,54.9543,170.1413
4355.2,54.9883,170.1617
4355.8,55.0223,170.1822
4356.4,55.0563,170.2027
4357.0,55.0902,170.2233
4357.6,55.1242,170.2439
4358.2,55.1582,170.2645
4358.8,55.1921,170.2852
4359.4,55.2261,170.3059
4360.1,55.26,170.3266
4360.7,55.294,170.3474
4361.3,55.3279,170.3682
4361.9,55.3618,170.3891
4362.5,55.3958,170.41
4363.1,55.4297,170.4309
4363.7,55.4636,170.4519
4364.4,55.4975,170.473
4365.0,55.5314,170.494
4107.0,40.9585,164.1855
4107.6,40.9936,164.1963
4108.2,41.0287,164.2071
4108.8,41.0638,164.2179
4109.4,41.0989,164.2288
4110.0,41.134,164.2397
4110.6,41.1691,164.2505
4111.2,41.2042,164.2614
4111.9,41.2393,164.2724
4112.5,41.2743,164.2833
4113.1,41.3094,164.2942
4113.7,41.3445,164.3052
4114.3,41.3796,164.3161
4114.9,41.4146,164.3271
4115.5,41.4497,164.3381
4116.1,41.4848,164.3491
4116.8,41.5199,164.3601
4117.4,41.5549,164.3712
4118.0,41.59,164.3822
4118.6,41.6251,164.3933
4119.2,41.6601,164.4044
4119.8,41.6952,164.4155
4120.4,41.7303,164.4266
4121.0,41.7653,164.4377
4121.7,41.8004,164.4489
4122.3,41.8354,164.46
4122.9,41.8705,164.4712
4123.5,41.9055,164.4824
4124.1,41.9406,164.4936
4124.7,41.9756,164.5048
4125.3,42.0107,164.516
4125.9,42.0457,164.5273
4126.6,42.0808,164.5385
4127.2,42.1158,164.5498
4127.8,42.1508,164.5611
4128.4,42.1859,164.5724
4129.0,42.2209,164.5837
4129.6,42.2559,164.5951
4130.2,42.291,164.6064
4130.9,42.326,164.6178
4131.5,42.361,164.6292
4132.1,42.3961,164.6405
4132.7,42.4311,164.652
4133.3,42.4661,164.6634
4133.9,42.5011,164.6748
4134.5,42.5361,164.6863
4135.1,42.5712,164.6978
4135.8,42.6062,164.7093
4136.4,42.6412,164.7208
4137.0,42.6762,164.7323
4137.6,42.7112,164.7438
4138.2,42.7462,164.7554
4138.8,42.7812,164.767
4139.4,42.8162,164.7785
4140.0,42.8512,164.7901
4140.7,42.8862,164.8018
4141.3,42.9212,164.8134
4141.9,42.9562,164.825
4142.5,42.9912,164.8367
4143.1,43.0262,164.8484
4143.7,43.0612,164.8601
4144.3,43.0962,164.8718
4144.9,43.1312,164.8835
4145.6,43.1662,164.8953
4146.2,43.2012,164.907
4146.8,43.2361,164.9188
4147.4,43.2711,164.9306
4148.0,43.3061,164.9424
4148.6,43.3411,164.9542
4149.2,43.376,164.9661
4149.8,43.411,164.9779
4150.5,43.446,164.9898
4151.1,43.4809,165.0017
4151.7,43.5159,165.0136
4152.3,43.5509,165.0255
4152.9,43.5858,165.0375
4153.5,43.6208,165.0494
4154.1,43.6558,165.0614
4154.8,43.6907,165.0734
4155.4,43.7257,165.0854
4156.0,43.7606,165.0974
4156.6,43.7956,165.1095
4157.2,43.8305,165.1216
4157.8,43.8655,165.1336
4158.4,43.9004,165.1457
4159.0,43.9354,165.1578
4159.7,43.9703,165.17
4160.3,44.0052,165.1821
4160.9,44.0402,165.1943
4161.5,44.0751,165.2065
4162.1,44.11,165.2186
4162.7,44.145,165.2309
4163.3,44.1799,165.2431
4163.9,44.2148,165.2553
4164.6,44.2497,165.2676
4165.2,44.2847,165.2799
4165.8,44.3196,165.2922
4166.4,44.3545,165.3045
4167.0,44.3894,165.3168
4167.6,44.4243,165.3292
4168.2,44.4592,165.3416
4168.8,44.4942,165.3539
4169.5,44.5291,165.3664
4170.1,44.564,165.3788
4170.7,44.5989,165.3912
4171.3,44.6338,165.4037
4171.9,44.6687,165.4162
4172.5,44.7036,165.4286
4173.1,44.7385,165.4412
4173.8,44.7734,165.4537
4174.4,44.8082,165.4662
4175.0,44.8431,165.4788
4175.6,44.878,165.4914
4176.2,44.9129,165.504
4176.8,44.9478,165.5166
4177.4,44.9827,165.5293
4178.0,45.0175,165.5419
4178.7,45.0524,165.5546
4179.3,45.0873,165.5673
4179.9,45.1222,165.58
4180.5,45.157,165.5927
4181.1,45.1919,165.6055
4181.7,45.2268,165.6183
4182.3,45.2616,165.6311
4182.9,45.2965,165.6439
4183.6,45.3314,165.6567
4184.2,45.3662,165.6695
4184.8,45.4011,165.6824
4185.4,45.4359,165.6953
4186.0,45.4708,165.7082
4186.6,45.5056,165.7211
4187.2,45.5405,165.734
4187.8,45.5753,165.747
4188.5,45.6101,165.76
4189.1,45.645,165.773
4189.7,45.6798,165.786
4190.3,45.7146,165.799
4190.9,45.7495,165.8121
4191.5,45.7843,165.8251
4192.1,45.8191,165.8382
4192.8,45.854,165.8513
4193.4,45.8888,165.8645
4194.0,45.9236,165.8776
4194.6,45.9584,165.8908
4195.2,45.9932,165.904
4195.8,46.0281,165.9172
4196.4,46.0629,165.9304
4197.0,46.0977,165.9437
4197.7,46.1325,165.9569
4198.3,46.1673,165.9702
4198.9,46.2021,165.9835
4199.5,46.2369,165.9969
4200.1,46.2717,166.0102
4200.7,46.3065,166.0236
4201.3,46.3413,166.037
4201.9,46.3761,166.0504
4202.6,46.4109,166.0638
4203.2,46.4456,166.0773
4203.8,46.4804,166.0907
4204.4,46.5152,166.1042
4205.0,46.55,166.1177
4205.6,46.5848,166.1313
4206.2,46.6195,166.1448
4206.8,46.6543,166.1584
4207.5,46.6891,166.172
4208.1,46.7238,166.1856
4208.7,46.7586,166.1992
4209.3,46.7934,166.2129
4209.9,46.8281,166.2265
4210.5,46.8629,166.2402
4211.1,46.8976,166.254
4211.7,46.9324,166.2677
4212.4,46.9671,166.2814
4213.0,47.0019,166.2952
4213.6,47.0366,166.309
4214.2,47.0714,166.3228
4214.8,47.1061,166.3367
4215.4,47.1409,166.3505
4216.0,47.1756,166.3644
4216.7,47.2103,166.3783
4217.3,47.245,166.3923
4217.9,47.2798,166.4062
4218.5,47.3145,166.4202
4219.1,47.3492,166.4342
4219.7,47.3839,166.4482
4220.3,47.4187,166.4622
4220.9,47.4534,166.4763
4221.6,47.4881,166.4904
4222.2,47.5228,166.5045
4222.8,47.5575,166.5186
4223.4,47.5922,166.5327
4224.0,47.6269,166.5469
4224.6,47.6616,166.5611
4225.2,47.6963,166.5753
4225.8,47.731,166.5895
4226.5,47.7657,166.6038
4227.1,47.8004,166.6181
4227.7,47.8351,166.6324
4228.3,47.8698,166.6467
4228.9,47.9044,166.661
4229.5,47.9391,166.6754
4230.1,47.9738,166.6898
4230.7,48.0085,166.7042
4231.4,48.0431,166.7186
4232.0,48.0778,166.7331
4232.6,48.1125,166.7476
4233.2,48.1471,166.7621
4233.8,48.1818,166.7766
4234.4,48.2165,166.7911
4235.0,48.2511,166.8057
4235.7,48.2858,166.8203
4236.3,48.3204,166.8349
4236.9,48.3551,166.8495
4237.5,48.3897,166.8642
4238.1,48.4244,166.8789
4238.7,48.459,166.8936
4239.3,48.4936,166.9083
4239.9,48.5283,166.9231
4240.6,48.5629,166.9379
4241.2,48.5975,166.9527
4241.8,48.6321,166.9675
4242.4,48.6668,166.9824
4243.0,48.7014,166.9972
4243.6,48.736,167.0121
4244.2,48.7706,167.0271
4244.8,48.8052,167.042
4245.5,48.8398,167.057
4246.1,48.8744,167.072
4246.7,48.909,167.087
4247.3,48.9437,167.102
4247.9,48.9782,167.1171
4248.5,49.0128,167.1322
4249.1,49.0474,167.1473
4249.7,49.082,167.1624
4250.4,49.1166,167.1776
4251.0,49.1512,167.1928
4251.6,49.1858,167.208
4252.2,49.2204,167.2233
4252.8,49.2549,167.2385
4253.4,49.2895,167.2538
4254.0,49.3241,167.2691
4254.6,49.3586,167.2845
4255.3,49.3932,167.2998
4255.9,49.4278,167.3152
4256.5,49.4623,167.3306
4257.1,49.4969,167.3461
4257.7,49.5314,167.3615
4258.3,49.566,167.377
4258.9,49.6005,167.3925
4259.6,49.6351,167.4081
4260.2,49.6696,167.4236
4260.8,49.7041,167.4392
4261.4,49.7387,167.4548
4262.0,49.7732,167.4705
4262.6,49.8077,167.4861
4263.2,49.8423,167.5018
4263.8,49.8768,167.5175
4264.5,49.9113,167.5333
4265.1,49.9458,167.5491
4265.7,49.9803,167.5649
4266.3,50.0149,167.5807
4266.9,50.0494,167.5965
4267.5,50.0839,167.6124
4268.1,50.1184,167.6283
4268.7,50.1529,167.6442
4269.4,50.1874,167.6602
4270.0,50.2218,167.6762
4270.6,50.2563,167.6922
4271.2,50.2908,167.7082
4271.8,50.3253,167.7243
4272.4,50.3598,167.7404
4273.0,50.3943,167.7565
4273.6,50.4287,167.7726
4274.3,50.4632,167.7888
4274.9,50.4977,167.805
4275.5,50.5321,167.8212
4276.1,50.5666,167.8375
4276.7,50.6011,167.8537
4277.3,50.6355,167.87
4277.9,50.67,167.8864
4278.6,50.7044,167.9027
4279.2,50.7389,167.9191
4279.8,50.7733,167.9355
4280.4,50.8077,167.952
4281.0,50.8422,167.9685
4281.6,50.8766,167.985
4282.2,50.911,168.0015
4282.8,50.9455,168.018
4283.5,50.9799,168.0346
4284.1,51.0143,168.0512
4284.7,51.0487,168.0679
4285.3,51.0831,168.0845
4285.9,51.1175,168.1012
4286.5,51.152,168.118
4287.1,51.1864,168.1347
4287.7,51.2208,168.1515
4288.4,51.2551,168.1683
4289.0,51.2895,168.1852
4289.6,51.3239,168.202
4290.2,51.3583,168.2189
4290.8,51.3927,168.2358
4291.4,51.4271,168.2528
4292.0,51.4615,168.2698
4292.6,51.4958,168.2868
4293.3,51.5302,168.3038
4293.9,51.5646,168.3209
4294.5,51.5989,168.338
4295.1,51.6333,168.3551
4295.7,51.6676,168.3723
4296.3,51.702,168.3895
4296.9,51.7364,168.4067
4297.5,51.7707,168.424
4298.2,51.805,168.4413
4298.8,51.8394,168.4586
4299.4,51.8737,168.4759
4300.0,51.908,168.4933
4300.6,51.9424,168.5107
4301.2,51.9767,168.5281
4301.8,52.011,168.5456
4302.5,52.0453,168.5631
4303.1,52.0797,168.5806
4303.7,52.114,168.5981
4304.3,52.1483,168.6157
4304.9,52.1826,168.6333
4305.5,52.2169,168.651
4306.1,52.2512,168.6687
4306.7,52.2855,168.6864
4307.4,52.3198,168.7041
4308.0,52.354,168.7219
4308.6,52.3883,168.7397
4309.2,52.4226,168.7575
4309.8,52.4569,168.7754
4310.4,52.4911,168.7933
4311.0,52.5254,168.8112
4311.6,52.5597,168.8292
4312.3,52.5939,168.8472
4312.9,52.6282,168.8652
4313.5,52.6625,168.8833
4314.1,52.6967,168.9013
4314.7,52.7309,168.9195
4315.3,52.7652,168.9376
4315.9,52.7994,168.9558
4316.5,52.8337,168.974
4317.2,52.8679,168.9923
4317.8,52.9021,169.0105
4318.4,52.9363,169.0289
4319.0,52.9706,169.0472
4319.6,53.0048,169.0656
4320.2,53.039,169.084
4320.8,53.0732,169.1025
4321.5,53.1074,169.1209
4322.1,53.1416,169.1395
4322.7,53.1758,169.158
4323.3,53.21,169.1766
4323.9,53.2442,169.1952
4324.5,53.2784,169.2139
4325.1,53.3125,169.2325
4325.7,53.3467,169.2512
4326.4,53.3809,169.27
4327.0,53.4151,169.2888
4327.6,53.4492,169.3076
4328.2,53.4834,169.3264
4328.8,53.5176,169.3453
4329.4,53.5517,169.3643
4330.0,53.5859,169.3832
4330.6,53.62,169.4022
4331.3,53.6541,169.4212
4331.9,53.6883,169.4403
4332.5,53.7224,169.4594
4333.1,53.7565,169.4785
4333.7,53.7907,169.4977
4334.3,53.8248,169.5169
4334.9,53.8589,169.5361
4335.5,53.893,169.5554
4336.2,53.9271,169.5747
4336.8,53.9612,169.594
4337.4,53.9953,169.6134
4338.0,54.0294,169.6328
4338.6,54.0635,169.6523
4339.2,54.0976,169.6717
4339.8,54.1317,169.6913
4340.4,54.1658,169.7108
4341.1,54.1999,169.7304
4341.7,54.2339,169.75
4342.3,54.268,169.7697
4342.9,54.3021,169.7894
4343.5,54.3361,169.8091
4344.1,54.3702,169.8289
4344.7,54.4042,169.8487
4345.4,54.4383,169.8686
4346.0,54.4723,169.8885
4346.6,54.5064,169.9084
4347.2,54.5404,169.9283
4347.8,54.5744,169.9483
4348.4,54.6084,169.9684
4349.0,54.6425,169.9884
4349.6,54.6765,170.0086
4350.3,54.7105,170.0287
4350.9,54.7445,170.0489
4351.5,54.7785,170.0691
4352.1,54.8125,170.0894
4352.7,54.8465,170.1097
4353.3,54.8805,170.13
4353.9,54.9145,170.1504
4354.5,54.9485,170.1708
4355.2,54.9824,170.1913
4355.8,55.0164,170.2118
4356.4,55.0504,170.2323
4357.0,55.0843,170.2529
4357.6,55.1183,170.2735
4358.2,55.1523,170.2941
4358.8,55.1862,170.3148
4359.4,55.2202,170.3355
4360.1,55.2541,170.3563
4360.7,55.288,170.3771
4361.3,55.322,170.398
4361.9,55.3559,170.4189
4362.5,55.3898,170.4398
4363.1,55.4237,170.4607
4363.7,55.4576,170.4818
4107.0,40.9544,164.2086
4107.6,40.9895,164.2194
4108.2,41.0246,164.2303
4108.8,41.0597,164.2411
4109.4,41.0948,164.252
4110.0,41.1299,164.2628
4110.6,41.165,164.2737
4111.2,41.2001,164.2847
4111.9,41.2351,164.2956
4112.5,41.2702,164.3065
4113.1,41.3053,164.3175
4113.7,41.3404,164.3284
4114.3,41.3754,164.3394
4114.9,41.4105,164.3504
4115.5,41.4456,164.3614
4116.1,41.4807,164.3724
4116.8,41.5157,164.3835
4117.4,41.5508,164.3945
4118.0,41.5859,164.4056
4118.6,41.6209,164.4166
4119.2,41.656,164.4277
4119.8,41.691,164.4388
4120.4,41.7261,164.45
4121.0,41.7611,164.4611
4121.7,41.7962,164.4723
4122.3,41.8313,164.4834
4122.9,41.8663,164.4946
4123.5,41.9013,164.5058
4124.1,41.9364,164.517
4124.7,41.9714,164.5283
4125.3,42.0065,164.5395
4125.9,42.0415,164.5508
4126.6,42.0766,164.562
4127.2,42.1116,164.5733
4127.8,42.1466,164.5846
4128.4,42.1817,164.5959
4129.0,42.2167,164.6073
4129.6,42.2517,164.6186
4130.2,42.2868,164.63
4130.9,42.3218,164.6414
4131.5,42.3568,164.6528
4132.1,42.3918,164.6642
4132.7,42.4269,164.6756
4133.3,42.4619,164.687
4133.9,42.4969,164.6985
4134.5,42.5319,164.71
4135.1,42.5669,164.7215
4135.8,42.6019,164.733
4136.4,42.6369,164.7445
4137.0,42.672,164.756
4137.6,42.707,164.7675
4138.2,42.742,164.7791
4138.8,42.777,164.7907
4139.4,42.812,164.8023
4140.0,42.847,164.8139
4140.7,42.882,164.8255
4141.3,42.917,164.8372
4141.9,42.952,164.8488
4142.5,42.9869,164.8605
4143.1,43.0219,164.8722
4143.7,43.0569,164.8839
4144.3,43.0919,164.8957
4144.9,43.1269,164.9074
4145.6,43.1619,164.9192
4146.2,43.1968,164.9309
4146.8,43.2318,164.9427
4147.4,43.2668,164.9545
4148.0,43.3018,164.9663
4148.6,43.3368,164.9782
4149.2,43.3717,164.99
4149.8,43.4067,165.0019
4150.5,43.4417,165.0138
4151.1,43.4766,165.0257
4151.7,43.5116,165.0376
4152.3,43.5465,165.0496
4152.9,43.5815,165.0615
4153.5,43.6165,165.0735
4154.1,43.6514,165.0855
4154.8,43.6864,165.0975
4155.4,43.7213,165.1095
4156.0,43.7563,165.1216
4156.6,43.7912,165.1336
4157.2,43.8262,165.1457
4157.8,43.8611,165.1578
4158.4,43.896,165.1699
4159.0,43.931,165.182
4159.7,43.9659,165.1941
4160.3,44.0009,165.2063
4160.9,44.0358,165.2185
4161.5,44.0707,165.2307
4162.1,44.1056,165.2429
4162.7,44.1406,165.2551
4163.3,44.1755,165.2673
4163.9,44.2104,165.2796
4164.6,44.2453,165.2919
4165.2,44.2803,165.3042
4165.8,44.3152,165.3165
4166.4,44.3501,165.3288
4167.0,44.385,165.3412
4167.6,44.4199,165.3535
4168.2,44.4548,165.3659
4168.8,44.4897,165.3783
4169.5,44.5246,165.3907
4170.1,44.5595,165.4032
4170.7,44.5944,165.4156
4171.3,44.6293,165.4281
4171.9,44.6642,165.4406
4172.5,44.6991,165.4531
4173.1,44.734,165.4656
4173.8,44.7689,165.4782
4174.4,44.8038,165.4907
4175.0,44.8387,165.5033
4175.6,44.8735,165.5159
4176.2,44.9084,165.5285
4176.8,44.9433,165.5412
4177.4,44.9782,165.5538
4178.0,45.0131,165.5665
4178.7,45.0479,165.5792
4179.3,45.0828,165.5919
4179.9,45.1177,165.6046
4180.5,45.1525,165.6174
4181.1,45.1874,165.6301
4181.7,45.2223,165.6429
4182.3,45.2571,165.6557
4182.9,45.292,165.6685
4183.6,45.3268,165.6814
4184.2,45.3617,165.6942
4184.8,45.3965,165.7071
4185.4,45.4314,165.72
4186.0,45.4662,165.7329
4186.6,45.5011,165.7458
4187.2,45.5359,165.7588
4187.8,45.5708,165.7718
4188.5,45.6056,165.7848
4189.1,45.6404,165.7978
4189.7,45.6753,165.8108
4190.3,45.7101,165.8239
4190.9,45.7449,165.8369
4191.5,45.7797,165.85
4192.1,45.8146,165.8631
4192.8,45.8494,165.8763
4193.4,45.8842,165.8894
4194.0,45.919,165.9026
4194.6,45.9538,165.9157
4195.2,45.9886,165.9289
4195.8,46.0235,165.9422
4196.4,46.0583,165.9554
4197.0,46.0931,165.9687
4197.7,46.1279,165.9819
4198.3,46.1627,165.9953
4198.9,46.1975,166.0086
4199.5,46.2323,166.0219
4200.1,46.2671,166.0353
4200.7,46.3018,166.0487
4201.3,46.3366,166.0621
4201.9,46.3714,166.0755
4202.6,46.4062,166.0889
4203.2,46.441,166.1024
4203.8,46.4758,166.1159
4204.4,46.5105,166.1294
4205.0,46.5453,166.1429
4205.6,46.5801,166.1564
4206.2,46.6149,166.17
4206.8,46.6496,166.1836
4207.5,46.6844,166.1972
4208.1,46.7192,166.2108
4208.7,46.7539,166.2245
4209.3,46.7887,166.2381
4209.9,46.8234,166.2518
4210.5,46.8582,166.2655
4211.1,46.8929,166.2793
4211.7,46.9277,166.293
4212.4,46.9624,166.3068
4213.0,46.9972,166.3206
4213.6,47.0319,166.3344
4214.2,47.0667,166.3483
4214.8,47.1014,166.3621
4215.4,47.1361,166.376
4216.0,47.1709,166.3899
4216.7,47.2056,166.4038
4217.3,47.2403,166.4177
4217.9,47.275,166.4317
4218.5,47.3097,166.4457
4219.1,47.3445,166.4597
4219.7,47.3792,166.4737
4220.3,47.4139,166.4878
4220.9,47.4486,166.5018
4221.6,47.4833,166.5159
4222.2,47.518,166.5301
4222.8,47.5527,166.5442
4223.4,47.5874,166.5583
4224.0,47.6221,166.5725
4224.6,47.6568,166.5867
4225.2,47.6915,166.601
4225.8,47.7262,166.6152
4226.5,47.7609,166.6295
4227.1,47.7956,166.6438
4227.7,47.8303,166.6581
4228.3,47.8649,166.6724
4228.9,47.8996,166.6868
4229.5,47.9343,166.7012
4230.1,47.969,166.7156
4230.7,48.0036,166.73
4231.4,48.0383,166.7444
4232.0,48.073,166.7589
4232.6,48.1076,166.7734
4233.2,48.1423,166.7879
4233.8,48.1769,166.8025
4234.4,48.2116,166.817
4235.0,48.2462,166.8316
4235.7,48.2809,166.8462
4236.3,48.3155,166.8609
4236.9,48.3502,166.8755
4237.5,48.3848,166.8902
4238.1,48.4195,166.9049
4238.7,48.4541,166.9196
4239.3,48.4887,166.9344
4239.9,48.5234,166.9492
4240.6,48.558,166.9639
4241.2,48.5926,166.9788
4241.8,48.6272,166.9936
4242.4,48.6618,167.0085
4243.0,48.6965,167.0234
4243.6,48.7311,167.0383
4244.2,48.7657,167.0532
4244.8,48.8003,167.0682
4245.5,48.8349,167.0832
4246.1,48.8695,167.0982
4246.7,48.9041,167.1132
4247.3,48.9387,167.1283
4247.9,48.9733,167.1434
4248.5,49.0079,167.1585
4249.1,49.0425,167.1736
4249.7,49.0771,167.1888
4250.4,49.1116,167.2039
4251.0,49.1462,167.2191
4251.6,49.1808,167.2344
4252.2,49.2154,167.2496
4252.8,49.2499,167.2649
4253.4,49.2845,167.2802
4254.0,49.3191,167.2955
4254.6,49.3536,167.3109
4255.3,49.3882,167.3263
4255.9,49.4227,167.3417
4256.5,49.4573,167.3571
4257.1,49.4918,167.3726
4257.7,49.5264,167.388
4258.3,49.5609,167.4035
4258.9,49.5955,167.4191
4259.6,49.63,167.4346
4260.2,49.6646,167.4502
4260.8,49.6991,167.4658
4261.4,49.7336,167.4814
4262.0,49.7681,167.4971
4262.6,49.8027,167.5128
4263.2,49.8372,167.5285
4263.8,49.8717,167.5442
4264.5,49.9062,167.56
4265.1,49.9407,167.5758
4265.7,49.9752,167.5916
4266.3,50.0098,167.6074
4266.9,50.0443,167.6233
4267.5,50.0788,167.6392
4268.1,50.1132,167.6551
4268.7,50.1477,167.6711
4269.4,50.1822,167.687
4270.0,50.2167,167.703
4270.6,50.2512,167.7191
4271.2,50.2857,167.7351
4271.8,50.3202,167.7512
4272.4,50.3546,167.7673
4273.0,50.3891,167.7834
4273.6,50.4236,167.7996
4274.3,50.458,167.8158
4274.9,50.4925,167.832
4275.5,50.527,167.8482
4276.1,50.5614,167.8645
4276.7,50.5959,167.8808
4277.3,50.6303,167.8971
4277.9,50.6648,167.9135
4278.6,50.6992,167.9298
4279.2,50.7337,167.9462
4279.8,50.7681,167.9627
4280.4,50.8025,167.9791
4281.0,50.837,167.9956
4281.6,50.8714,168.0121
4282.2,50.9058,168.0287
4282.8,50.9402,168.0453
4283.5,50.9746,168.0619
4284.1,51.0091,168.0785
4284.7,51.0435,168.0952
4285.3,51.0779,168.1118
4285.9,51.1123,168.1286
4286.5,51.1467,168.1453
4287.1,51.1811,168.1621
4287.7,51.2155,168.1789
4288.4,51.2499,168.1957
4289.0,51.2843,168.2126
4289.6,51.3186,168.2294
4290.2,51.353,168.2464
4290.8,51.3874,168.2633
4291.4,51.4218,168.2803
4292.0,51.4562,168.2973
4292.6,51.4905,168.3143
4293.3,51.5249,168.3314
4293.9,51.5592,168.3485
4294.5,51.5936,168.3656
4295.1,51.628,168.3827
4295.7,51.6623,168.3999
4296.3,51.6967,168.4171
4296.9,51.731,168.4344
4297.5,51.7653,168.4516
4298.2,51.7997,168.4689
4298.8,51.834,168.4863
4299.4,51.8683,168.5036
4300.0,51.9027,168.521
4300.6,51.937,168.5384
4301.2,51.9713,168.5559
4301.8,52.0056,168.5734
4302.5,52.0399,168.5909
4303.1,52.0743,168.6084
4303.7,52.1086,168.626
4304.3,52.1429,168.6436
4304.9,52.1772,168.6612
4305.5,52.2115,168.6789
4306.1,52.2457,168.6966
4306.7,52.28,168.7143
4307.4,52.3143,168.7321
4308.0,52.3486,168.7499
4308.6,52.3829,168.7677
4309.2,52.4171,168.7855
4309.8,52.4514,168.8034
4310.4,52.4857,168.8213
4311.0,52.5199,168.8393
4311.6,52.5542,168.8573
4312.3,52.5885,168.8753
4312.9,52.6227,168.8933
4313.5,52.657,168.9114
4314.1,52.6912,168.9295
4314.7,52.7254,168.9476
4315.3,52.7597,168.9658
4315.9,52.7939,168.984
4316.5,52.8281,169.0023
4317.2,52.8624,169.0205
4317.8,52.8966,169.0388
4318.4,52.9308,169.0572
4319.0,52.965,169.0755
4319.6,52.9992,169.0939
4320.2,53.0334,169.1124
4320.8,53.0676,169.1308
4321.5,53.1018,169.1493
4322.1,53.136,169.1679
4322.7,53.1702,169.1864
4323.3,53.2044,169.205
4323.9,53.2386,169.2237
4324.5,53.2728,169.2423
4325.1,53.3069,169.261
4325.7,53.3411,169.2798
4326.4,53.3753,169.2985
4327.0,53.4095,169.3174
4327.6,53.4436,169.3362
4328.2,53.4778,169.3551
4328.8,53.5119,169.374
4329.4,53.5461,169.3929
4330.0,53.5802,169.4119
4330.6,53.6144,169.4309
4331.3,53.6485,169.4499
4331.9,53.6826,169.469
4332.5,53.7167,169.4881
4333.1,53.7509,169.5073
4333.7,53.785,169.5265
4334.3,53.8191,169.5457
4334.9,53.8532,169.5649
4335.5,53.8873,169.5842
4336.2,53.9214,169.6035
4336.8,53.9555,169.6229
4337.4,53.9896,169.6423
4338.0,54.0237,169.6617
4338.6,54.0578,169.6812
4339.2,54.0919,169.7007
4339.8,54.126,169.7202
4340.4,54.16,169.7398
4341.1,54.1941,169.7594
4341.7,54.2282,169.7791
4342.3,54.2622,169.7988
4342.9,54.2963,169.8185
4343.5,54.3304,169.8383
4344.1,54.3644,169.858
4344.7,54.3984,169.8779
4345.4,54.4325,169.8978
4346.0,54.4665,169.9177
4346.6,54.5006,169.9376
4347.2,54.5346,169.9576
4347.8,54.5686,169.9776
4348.4,54.6026,169.9977
4349.0,54.6366,170.0178
4349.6,54.6707,170.0379
4350.3,54.7047,170.0581
4350.9,54.7387,170.0783
4351.5,54.7727,170.0985
4352.1,54.8067,170.1188
4352.7,54.8406,170.1391
4353.3,54.8746,170.1595
4353.9,54.9086,170.1799
4354.5,54.9426,170.2003
4355.2,54.9766,170.2208
4355.8,55.0105,170.2413
4356.4,55.0445,170.2619
4357.0,55.0784,170.2824
4357.6,55.1124,170.3031
4358.2,55.1463,170.3237
4358.8,55.1803,170.3445
4359.4,55.2142,170.3652
4360.1,55.2482,170.386
4360.7,55.2821,170.4068
4361.3,55.316,170.4277
4361.9,55.3499,170.4486
4362.5,55.3839,170.4695
4363.1,55.4178,170.4905
4107.0,40.9503,164.2317
4107.6,40.9854,164.2426
4108.2,41.0205,164.2534
4108.8,41.0556,164.2643
4109.4,41.0907,164.2751
4110.0,41.1258,164.286
4110.6,41.1609,164.297
4111.2,41.1959,164.3079
4111.9,41.231,164.3188
4112.5,41.2661,164.3297
4113.1,41.3012,164.3407
4113.7,41.3362,164.3517
4114.3,41.3713,164.3627
4114.9,41.4064,164.3737
4115.5,41.4414,164.3847
4116.1,41.4765,164.3957
4116.8,41.5116,164.4068
4117.4,41.5466,164.4178
4118.0,41.5817,164.4289
4118.6,41.6168,164.44
4119.2,41.6518,164.4511
4119.8,41.6869,164.4622
4120.4,41.7219,164.4734
4121.0,41.757,164.4845
4121.7,41.792,164.4957
4122.3,41.8271,164.5069
4122.9,41.8621,164.5181
4123.5,41.8972,164.5293
4124.1,41.9322,164.5405
4124.7,41.9673,164.5517
4125.3,42.0023,164.563
4125.9,42.0373,164.5742
4126.6,42.0724,164.5855
4127.2,42.1074,164.5968
4127.8,42.1424,164.6081
4128.4,42.1775,164.6195
4129.0,42.2125,164.6308
4129.6,42.2475,164.6422
4130.2,42.2825,164.6535
4130.9,42.3176,164.6649
4131.5,42.3526,164.6763
4132.1,42.3876,164.6878
4132.7,42.4226,164.6992
4133.3,42.4576,164.7107
4133.9,42.4927,164.7221
4134.5,42.5277,164.7336
4135.1,42.5627,164.7451
4135.8,42.5977,164.7566
4136.4,42.6327,164.7682
4137.0,42.6677,164.7797
4137.6,42.7027,164.7913
4138.2,42.7377,164.8029
4138.8,42.7727,164.8144
4139.4,42.8077,164.826
4140.0,42.8427,164.8377
4140.7,42.8777,164.8493
4141.3,42.9127,164.861
4141.9,42.9477,164.8727
4142.5,42.9827,164.8843
4143.1,43.0176,164.896
4143.7,43.0526,164.9078
4144.3,43.0876,164.9195
4144.9,43.1226,164.9313
4145.6,43.1576,164.943
4146.2,43.1925,164.9548
4146.8,43.2275,164.9666
4147.4,43.2625,164.9784
4148.0,43.2975,164.9903
4148.6,43.3324,165.0021
4149.2,43.3674,165.014
4149.8,43.4024,165.0259
4150.5,43.4373,165.0378
4151.1,43.4723,165.0497
4151.7,43.5072,165.0616
4152.3,43.5422,165.0736
4152.9,43.5772,165.0856
4153.5,43.6121,165.0975
4154.1,43.6471,165.1095
4154.8,43.682,165.1216
4155.4,43.717,165.1336
4156.0,43.7519,165.1456
4156.6,43.7868,165.1577
4157.2,43.8218,165.1698
4157.8,43.8567,165.1819
4158.4,43.8917,165.194
4159.0,43.9266,165.2061
4159.7,43.9615,165.2183
4160.3,43.9965,165.2305
4160.9,44.0314,165.2427
4161.5,44.0663,165.2549
4162.1,44.1012,165.2671
4162.7,44.1362,165.2793
4163.3,44.1711,165.2916
4163.9,44.206,165.3039
4164.6,44.2409,165.3161
4165.2,44.2758,165.3285
4165.8,44.3107,165.3408
4166.4,44.3457,165.3531
4167.0,44.3806,165.3655
4167.6,44.4155,165.3779
4168.2,44.4504,165.3903
4168.8,44.4853,165.4027
4169.5,44.5202,165.4151
4170.1,44.5551,165.4276
4170.7,44.59,165.44
4171.3,44.6249,165.4525
4171.9,44.6598,165.465
4172.5,44.6947,165.4776
4173.1,44.7295,165.4901
4173.8,44.7644,165.5026
4174.4,44.7993,165.5152
4175.0,44.8342,165.5278
4175.6,44.8691,165.5404
4176.2,44.9039,165.5531
4176.8,44.9388,165.5657
4177.4,44.9737,165.5784
4178.0,45.0086,165.5911
4178.7,45.0434,165.6038
4179.3,45.0783,165.6165
4179.9,45.1132,165.6292
4180.5,45.148,165.642
4181.1,45.1829,165.6548
4181.7,45.2177,165.6676
4182.3,45.2526,165.6804
4182.9,45.2874,165.6932
4183.6,45.3223,165.7061
4184.2,45.3571,165.7189
4184.8,45.392,165.7318
4185.4,45.4268,165.7447
4186.0,45.4617,165.7577
4186.6,45.4965,165.7706
4187.2,45.5314,165.7836
4187.8,45.5662,165.7966
4188.5,45.601,165.8096
4189.1,45.6359,165.8226
4189.7,45.6707,165.8356
4190.3,45.7055,165.8487
4190.9,45.7403,165.8618
4191.5,45.7752,165.8749
4192.1,45.81,165.888
4192.8,45.8448,165.9011
4193.4,45.8796,165.9143
4194.0,45.9144,165.9275
4194.6,45.9492,165.9407
4195.2,45.984,165.9539
4195.8,46.0188,165.9671
4196.4,46.0536,165.9804
4197.0,46.0885,165.9937
4197.7,46.1232,166.007
4198.3,46.158,166.0203
4198.9,46.1928,166.0336
4199.5,46.2276,166.047
4200.1,46.2624,166.0603
4200.7,46.2972,166.0737
4201.3,46.332,166.0872
4201.9,46.3668,166.1006
4202.6,46.4016,166.1141
4203.2,46.4363,166.1275
4203.8,46.4711,166.141
4204.4,46.5059,166.1546
4205.0,46.5407,166.1681
4205.6,46.5754,166.1816
4206.2,46.6102,166.1952
4206.8,46.645,166.2088
4207.5,46.6797,166.2224
4208.1,46.7145,166.2361
4208.7,46.7492,166.2498
4209.3,46.784,166.2634
4209.9,46.8187,166.2771
4210.5,46.8535,166.2909
4211.1,46.8882,166.3046
4211.7,46.923,166.3184
4212.4,46.9577,166.3322
4213.0,46.9925,166.346
4213.6,47.0272,166.3598
4214.2,47.0619,166.3736
4214.8,47.0967,166.3875
4215.4,47.1314,166.4014
4216.0,47.1661,166.4153
4216.7,47.2008,166.4293
4217.3,47.2356,166.4432
4217.9,47.2703,166.4572
4218.5,47.305,166.4712
4219.1,47.3397,166.4852
4219.7,47.3744,166.4993
4220.3,47.4091,166.5133
4220.9,47.4438,166.5274
4221.6,47.4785,166.5415
4222.2,47.5132,166.5557
4222.8,47.5479,166.5698
4223.4,47.5826,166.584
4224.0,47.6173,166.5982
4224.6,47.652,166.6124
4225.2,47.6867,166.6266
4225.8,47.7214,166.6409
4226.5,47.7561,166.6552
4227.1,47.7908,166.6695
4227.7,47.8254,166.6838
4228.3,47.8601,166.6982
4228.9,47.8948,166.7126
4229.5,47.9295,166.7269
4230.1,47.9641,166.7414
4230.7,47.9988,166.7558
4231.4,48.0335,166.7703
4232.0,48.0681,166.7848
4232.6,48.1028,166.7993
4233.2,48.1374,166.8138
4233.8,48.1721,166.8284
4234.4,48.2067,166.8429
4235.0,48.2414,166.8575
4235.7,48.276,166.8722
4236.3,48.3107,166.8868
4236.9,48.3453,166.9015
4237.5,48.3799,166.9162
4238.1,48.4146,166.9309
4238.7,48.4492,166.9456
4239.3,48.4838,166.9604
4239.9,48.5184,166.9752
4240.6,48.5531,166.99
4241.2,48.5877,167.0049
4241.8,48.6223,167.0197
4242.4,48.6569,167.0346
4243.0,48.6915,167.0495
4243.6,48.7261,167.0644
4244.2,48.7607,167.0794
4244.8,48.7953,167.0944
4245.5,48.8299,167.1094
4246.1,48.8645,167.1244
4246.7,48.8991,167.1394
4247.3,48.9337,167.1545
4247.9,48.9683,167.1696
4248.5,49.0029,167.1847
4249.1,49.0375,167.1999
4249.7,49.0721,167.2151
4250.4,49.1066,167.2303
4251.0,49.1412,167.2455
4251.6,49.1758,167.2607
4252.2,49.2104,167.276
4252.8,49.2449,167.2913
4253.4,49.2795,167.3066
4254.0,49.3141,167.322
4254.6,49.3486,167.3373
4255.3,49.3832,167.3527
4255.9,49.4177,167.3681
4256.5,49.4523,167.3836
4257.1,49.4868,167.3991
4257.7,49.5214,167.4146
4258.3,49.5559,167.4301
4258.9,49.5904,167.4456
4259.6,49.625,167.4612
4260.2,49.6595,167.4768
4260.8,49.694,167.4924
4261.4,49.7285,167.5081
4262.0,49.7631,167.5237
4262.6,49.7976,167.5394
4263.2,49.8321,167.5552
4263.8,49.8666,167.5709
4264.5,49.9011,167.5867
4265.1,49.9356,167.6025
4265.7,49.9701,167.6183
4266.3,50.0046,167.6342
4266.9,50.0391,167.6501
4267.5,50.0736,167.666
4268.1,50.1081,167.6819
4268.7,50.1426,167.6979
4269.4,50.1771,167.7139
4270.0,50.2116,167.7299
4270.6,50.2461,167.7459
4271.2,50.2805,167.762
4271.8,50.315,167.7781
4272.4,50.3495,167.7942
4273.0,50.3839,167.8104
4273.6,50.4184,167.8265
4274.3,50.4529,167.8427
4274.9,50.4873,167.859
4275.5,50.5218,167.8752
4276.1,50.5562,167.8915
4276.7,50.5907,167.9078
4277.3,50.6251,167.9242
4277.9,50.6596,167.9405
4278.6,50.694,167.9569
4279.2,50.7284,167.9734
4279.8,50.7629,167.9898
4280.4,50.7973,168.0063
4281.0,50.8317,168.0228
4281.6,50.8662,168.0393
4282.2,50.9006,168.0559
4282.8,50.935,168.0725
4283.5,50.9694,168.0891
4284.1,51.0038,168.1057
4284.7,51.0382,168.1224
4285.3,51.0726,168.1391
4285.9,51.107,168.1559
4286.5,51.1414,168.1726
4287.1,51.1758,168.1894
4287.7,51.2102,168.2062
4288.4,51.2446,168.2231
4289.0,51.279,168.2399
4289.6,51.3134,168.2569
4290.2,51.3477,168.2738
4290.8,51.3821,168.2908
4291.4,51.4165,168.3077
4292.0,51.4508,168.3248
4292.6,51.4852,168.3418
4293.3,51.5196,168.3589
4293.9,51.5539,168.376
4294.5,51.5883,168.3931
4295.1,51.6226,168.4103
4295.7,51.657,168.4275
4296.3,51.6913,168.4447
4296.9,51.7256,168.462
4297.5,51.76,168.4793
4298.2,51.7943,168.4966
4298.8,51.8286,168.5139
4299.4,51.863,168.5313
4300.0,51.8973,168.5487
4300.6,51.9316,168.5662
4301.2,51.9659,168.5836
4301.8,52.0002,168.6011
4302.5,52.0345,168.6187
4303.1,52.0688,168.6362
4303.7,52.1031,168.6538
4304.3,52.1374,168.6714
4304.9,52.1717,168.6891
4305.5,52.206,168.7068
4306.1,52.2403,168.7245
4306.7,52.2746,168.7422
4307.4,52.3089,168.76
4308.0,52.3431,168.7778
4308.6,52.3774,168.7957
4309.2,52.4117,168.8135
4309.8,52.4459,168.8314
4310.4,52.4802,168.8494
4311.0,52.5145,168.8673
4311.6,52.5487,168.8853
4312.3,52.583,168.9034
4312.9,52.6172,168.9214
4313.5,52.6515,168.9395
4314.1,52.6857,168.9577
4314.7,52.7199,168.9758
4315.3,52.7542,168.994
4315.9,52.7884,169.0122
4316.5,52.8226,169.0305
4317.2,52.8568,169.0488
4317.8,52.8911,169.0671
4318.4,52.9253,169.0854
4319.0,52.9595,169.1038
4319.6,52.9937,169.1223
4320.2,53.0279,169.1407
4320.8,53.0621,169.1592
4321.5,53.0963,169.1777
4322.1,53.1305,169.1963
4322.7,53.1646,169.2149
4323.3,53.1988,169.2335
4323.9,53.233,169.2521
4324.5,53.2672,169.2708
4325.1,53.3013,169.2896
4325.7,53.3355,169.3083
4326.4,53.3697,169.3271
4327.0,53.4038,169.3459
4327.6,53.438,169.3648
4328.2,53.4721,169.3837
4328.8,53.5063,169.4026
4329.4,53.5404,169.4216
4330.0,53.5746,169.4405
4330.6,53.6087,169.4596
4331.3,53.6428,169.4786
4331.9,53.677,169.4977
4332.5,53.7111,169.5169
4333.1,53.7452,169.536
4333.7,53.7793,169.5552
4334.3,53.8134,169.5745
4334.9,53.8475,169.5938
4335.5,53.8816,169.6131
4336.2,53.9157,169.6324
4336.8,53.9498,169.6518
4337.4,53.9839,169.6712
4338.0,54.018,169.6907
4338.6,54.0521,169.7102
4339.2,54.0862,169.7297
4339.8,54.1202,169.7492
4340.4,54.1543,169.7688
4341.1,54.1884,169.7885
4341.7,54.2224,169.8081
4342.3,54.2565,169.8279
4342.9,54.2905,169.8476
4343.5,54.3246,169.8674
4344.1,54.3586,169.8872
4344.7,54.3927,169.907
4345.4,54.4267,169.9269
4346.0,54.4607,169.9469
4346.6,54.4948,169.9668
4347.2,54.5288,169.9868
4347.8,54.5628,170.0069
4348.4,54.5968,170.0269
4349.0,54.6308,170.047
4349.6,54.6648,170.0672
4350.3,54.6988,170.0874
4350.9,54.7328,170.1076
4351.5,54.7668,170.1279
4352.1,54.8008,170.1482
4352.7,54.8348,170.1685
4353.3,54.8688,170.1889
4353.9,54.9027,170.2093
4354.5,54.9367,170.2298
4355.2,54.9707,170.2503
4355.8,55.0046,170.2708
4356.4,55.0386,170.2914
4357.0,55.0725,170.312
4357.6,55.1065,170.3327
4358.2,55.1404,170.3534
4358.8,55.1744,170.3741
4359.4,55.2083,170.3949
4360.1,55.2422,170.4157
4360.7,55.2761,170.4365
4361.3,55.3101,170.4574
4361.9,55.344,170.4783
4362.5,55.3779,170.4993
4107.0,40.9462,164.2549
4107.6,40.9813,164.2657
4108.2,41.0164,164.2766
4108.8,41.0515,164.2874
4109.4,41.0866,164.2983
4110.0,41.1217,164.3092
4110.6,41.1567,164.3201
4111.2,41.1918,164.3311
4111.9,41.2269,164.342
4112.5,41.262,164.353
4113.1,41.297,164.3639
4113.7,41.3321,164.3749
4114.3,41.3672,164.3859
4114.9,41.4022,164.3969
4115.5,41.4373,164.408
4116.1,41.4724,164.419
4116.8,41.5074,164.4301
4117.4,41.5425,164.4411
4118.0,41.5775,164.4522
4118.6,41.6126,164.4633
4119.2,41.6477,164.4745
4119.8,41.6827,164.4856
4120.4,41.7178,164.4967
4121.0,41.7528,164.5079
4121.7,41.7878,164.5191
4122.3,41.8229,164.5303
4122.9,41.8579,164.5415
4123.5,41.893,164.5527
4124.1,41.928,164.5639
4124.7,41.9631,164.5752
4125.3,41.9981,164.5865
4125.9,42.0331,164.5977
4126.6,42.0682,164.609
4127.2,42.1032,164.6203
4127.8,42.1382,164.6317
4128.4,42.1732,164.643
4129.0,42.2083,164.6544
4129.6,42.2433,164.6657
4130.2,42.2783,164.6771
4130.9,42.3133,164.6885
4131.5,42.3484,164.7
4132.1,42.3834,164.7114
4132.7,42.4184,164.7228
4133.3,42.4534,164.7343
4133.9,42.4884,164.7458
4134.5,42.5234,164.7573
4135.1,42.5584,164.7688
4135.8,42.5934,164.7803
4136.4,42.6284,164.7919
4137.0,42.6634,164.8034
4137.6,42.6984,164.815
4138.2,42.7334,164.8266
4138.8,42.7684,164.8382
4139.4,42.8034,164.8498
4140.0,42.8384,164.8615
4140.7,42.8734,164.8731
4141.3,42.9084,164.8848
4141.9,42.9434,164.8965
4142.5,42.9784,164.9082
4143.1,43.0133,164.9199
4143.7,43.0483,164.9316
4144.3,43.0833,164.9434
4144.9,43.1183,164.9551
4145.6,43.1533,164.9669
4146.2,43.1882,164.9787
4146.8,43.2232,164.9905
4147.4,43.2582,165.0023
4148.0,43.2931,165.0142
4148.6,43.3281,165.0261
4149.2,43.3631,165.0379
4149.8,43.398,165.0498
4150.5,43.433,165.0618
4151.1,43.4679,165.0737
4151.7,43.5029,165.0856
4152.3,43.5379,165.0976
4152.9,43.5728,165.1096
4153.5,43.6078,165.1216
4154.1,43.6427,165.1336
4154.8,43.6776,165.1456
4155.4,43.7126,165.1577
4156.0,43.7475,165.1697
4156.6,43.7825,165.1818
4157.2,43.8174,165.1939
4157.8,43.8523,165.206
4158.4,43.8873,165.2182
4159.0,43.9222,165.2303
4159.7,43.9571,165.2425
4160.3,43.9921,165.2547
4160.9,44.027,165.2668
4161.5,44.0619,165.2791
4162.1,44.0968,165.2913
4162.7,44.1318,165.3036
4163.3,44.1667,165.3158
4163.9,44.2016,165.3281
4164.6,44.2365,165.3404
4165.2,44.2714,165.3527
4165.8,44.3063,165.3651
4166.4,44.3412,165.3774
4167.0,44.3761,165.3898
4167.6,44.411,165.4022
4168.2,44.4459,165.4146
4168.8,44.4808,165.427
4169.5,44.5157,165.4395
4170.1,44.5506,165.452
4170.7,44.5855,165.4644
4171.3,44.6204,165.4769
4171.9,44.6553,165.4895
4172.5,44.6902,165.502
4173.1,44.7251,165.5145
4173.8,44.7599,165.5271
4174.4,44.7948,165.5397
4175.0,44.8297,165.5523
4175.6,44.8646,165.5649
4176.2,44.8995,165.5776
4176.8,44.9343,165.5902
4177.4,44.9692,165.6029
4178.0,45.0041,165.6156
4178.7,45.0389,165.6283
4179.3,45.0738,165.6411
4179.9,45.1086,165.6538
4180.5,45.1435,165.6666
4181.1,45.1784,165.6794
4181.7,45.2132,165.6922
4182.3,45.2481,165.705
4182.9,45.2829,165.7179
4183.6,45.3178,165.7307
4184.2,45.3526,165.7436
4184.8,45.3875,165.7565
4185.4,45.4223,165.7695
4186.0,45.4571,165.7824
4186.6,45.492,165.7954
4187.2,45.5268,165.8083
4187.8,45.5616,165.8214
4188.5,45.5965,165.8344
4189.1,45.6313,165.8474
4189.7,45.6661,165.8605
4190.3,45.7009,165.8735
4190.9,45.7358,165.8866
4191.5,45.7706,165.8997
4192.1,45.8054,165.9129
4192.8,45.8402,165.926
4193.4,45.875,165.9392
4194.0,45.9098,165.9524
4194.6,45.9446,165.9656
4195.2,45.9794,165.9789
4195.8,46.0142,165.9921
4196.4,46.049,166.0054
4197.0,46.0838,166.0187
4197.7,46.1186,166.032
4198.3,46.1534,166.0453
4198.9,46.1882,166.0587
4199.5,46.223,166.072
4200.1,46.2578,166.0854
4200.7,46.2926,166.0988
4201.3,46.3273,166.1123
4201.9,46.3621,166.1257
4202.6,46.3969,166.1392
4203.2,46.4317,166.1527
4203.8,46.4664,166.1662
4204.4,46.5012,166.1797
4205.0,46.536,166.1933
4205.6,46.5707,166.2068
4206.2,46.6055,166.2204
4206.8,46.6403,166.2341
4207.5,46.675,166.2477
4208.1,46.7098,166.2613
4208.7,46.7445,166.275
4209.3,46.7793,166.2887
4209.9,46.814,166.3024
4210.5,46.8488,166.3162
4211.1,46.8835,166.3299
4211.7,46.9183,166.3437
4212.4,46.953,166.3575
4213.0,46.9877,166.3713
4213.6,47.0225,166.3852
4214.2,47.0572,166.399
4214.8,47.0919,166.4129
4215.4,47.1266,166.4268
4216.0,47.1614,166.4408
4216.7,47.1961,166.4547
4217.3,47.2308,166.4687
4217.9,47.2655,166.4827
4218.5,47.3002,166.4967
4219.1,47.3349,166.5107
4219.7,47.3696,166.5248
4220.3,47.4044,166.5389
4220.9,47.4391,166.553
4221.6,47.4738,166.5671
4222.2,47.5084,166.5813
4222.8,47.5431,166.5954
4223.4,47.5778,166.6096
4224.0,47.6125,166.6238
4224.6,47.6472,166.638
4225.2,47.6819,166.6523
4225.8,47.7166,166.6666
4226.5,47.7513,166.6809
4227.1,47.7859,166.6952
4227.7,47.8206,166.7095
4228.3,47.8553,166.7239
4228.9,47.8899,166.7383
4229.5,47.9246,166.7527
4230.1,47.9593,166.7672
4230.7,47.9939,166.7816
4231.4,48.0286,166.7961
4232.0,48.0633,166.8106
4232.6,48.0979,166.8251
4233.2,48.1326,166.8397
4233.8,48.1672,166.8542
4234.4,48.2019,166.8688
4235.0,48.2365,166.8835
4235.7,48.2711,166.8981
4236.3,48.3058,166.9128
4236.9,48.3404,166.9274
4237.5,48.375,166.9422
4238.1,48.4097,166.9569
4238.7,48.4443,166.9716
4239.3,48.4789,166.9864
4239.9,48.5135,167.0012
4240.6,48.5482,167.0161
4241.2,48.5828,167.0309
4241.8,48.6174,167.0458
4242.4,48.652,167.0607
4243.0,48.6866,167.0756
4243.6,48.7212,167.0906
4244.2,48.7558,167.1055
4244.8,48.7904,167.1205
4245.5,48.825,167.1355
4246.1,48.8596,167.1506
4246.7,48.8942,167.1656
4247.3,48.9288,167.1807
4247.9,48.9633,167.1959
4248.5,48.9979,167.211
4249.1,49.0325,167.2262
4249.7,49.0671,167.2413
4250.4,49.1017,167.2566
4251.0,49.1362,167.2718
4251.6,49.1708,167.2871
4252.2,49.2054,167.3024
4252.8,49.2399,167.3177
4253.4,49.2745,167.333
4254.0,49.309,167.3484
4254.6,49.3436,167.3638
4255.3,49.3781,167.3792
4255.9,49.4127,167.3946
4256.5,49.4472,167.4101
4257.1,49.4818,167.4256
4257.7,49.5163,167.4411
4258.3,49.5508,167.4566
4258.9,49.5854,167.4722
4259.6,49.6199,167.4877
4260.2,49.6544,167.5034
4260.8,49.689,167.519
4261.4,49.7235,167.5347
4262.0,49.758,167.5504
4262.6,49.7925,167.5661
4263.2,49.827,167.5818
4263.8,49.8615,167.5976
4264.5,49.896,167.6134
4265.1,49.9305,167.6292
4265.7,49.965,167.6451
4266.3,49.9995,167.6609
4266.9,50.034,167.6768
4267.5,50.0685,167.6928
4268.1,50.103,167.7087
4268.7,50.1375,167.7247
4269.4,50.172,167.7407
4270.0,50.2064,167.7567
4270.6,50.2409,167.7728
4271.2,50.2754,167.7889
4271.8,50.3099,167.805
4272.4,50.3443,167.8211
4273.0,50.3788,167.8373
4273.6,50.4132,167.8535
4274.3,50.4477,167.8697
4274.9,50.4822,167.886
4275.5,50.5166,167.9022
4276.1,50.551,167.9185
4276.7,50.5855,167.9349
4277.3,50.6199,167.9512
4277.9,50.6544,167.9676
4278.6,50.6888,167.984
4279.2,50.7232,168.0005
4279.8,50.7577,168.0169
4280.4,50.7921,168.0334
4281.0,50.8265,168.05
4281.6,50.8609,168.0665
4282.2,50.8953,168.0831
4282.8,50.9297,168.0997
4283.5,50.9642,168.1163
4284.1,50.9986,168.133
4284.7,51.033,168.1497
4285.3,51.0674,168.1664
4285.9,51.1018,168.1832
4286.5,51.1361,168.1999
4287.1,51.1705,168.2168
4287.7,51.2049,168.2336
4288.4,51.2393,168.2504
4289.0,51.2737,168.2673
4289.6,51.3081,168.2843
4290.2,51.3424,168.3012
4290.8,51.3768,168.3182
4291.4,51.4112,168.3352
4292.0,51.4455,168.3522
4292.6,51.4799,168.3693
4293.3,51.5142,168.3864
4293.9,51.5486,168.4035
4294.5,51.5829,168.4207
4295.1,51.6173,168.4379
4295.7,51.6516,168.4551
4296.3,51.686,168.4723
4296.9,51.7203,168.4896
4297.5,51.7546,168.5069
4298.2,51.7889,168.5243
4298.8,51.8233,168.5416
4299.4,51.8576,168.559
4300.0,51.8919,168.5764
4300.6,51.9262,168.5939
4301.2,51.9605,168.6114
4301.8,51.9948,168.6289
4302.5,52.0291,168.6465
4303.1,52.0634,168.664
4303.7,52.0977,168.6816
4304.3,52.132,168.6993
4304.9,52.1663,168.717
4305.5,52.2006,168.7347
4306.1,52.2349,168.7524
4306.7,52.2691,168.7702
4307.4,52.3034,168.788
4308.0,52.3377,168.8058
4308.6,52.372,168.8236
4309.2,52.4062,168.8415
4309.8,52.4405,168.8595
4310.4,52.4747,168.8774
4311.0,52.509,168.8954
4311.6,52.5432,168.9134
4312.3,52.5775,168.9315
4312.9,52.6117,168.9496
4313.5,52.646,168.9677
4314.1,52.6802,168.9858
4314.7,52.7144,169.004
4315.3,52.7486,169.0222
4315.9,52.7829,169.0404
4316.5,52.8171,169.0587
4317.2,52.8513,169.077
4317.8,52.8855,169.0954
4318.4,52.9197,169.1137
4319.0,52.9539,169.1321
4319.6,52.9881,169.1506
4320.2,53.0223,169.1691
4320.8,53.0565,169.1876
4321.5,53.0907,169.2061
4322.1,53.1249,169.2247
4322.7,53.1591,169.2433
4323.3,53.1932,169.2619
4323.9,53.2274,169.2806
4324.5,53.2616,169.2993
4325.1,53.2957,169.318
4325.7,53.3299,169.3368
4326.4,53.3641,169.3556
4327.0,53.3982,169.3745
4327.6,53.4324,169.3933
4328.2,53.4665,169.4123
4328.8,53.5006,169.4312
4329.4,53.5348,169.4502
4330.0,53.5689,169.4692
4330.6,53.603,169.4883
4331.3,53.6372,169.5073
4331.9,53.6713,169.5264
4332.5,53.7054,169.5456
4333.1,53.7395,169.5648
4333.7,53.7736,169.584
4334.3,53.8077,169.6033
4334.9,53.8418,169.6226
4335.5,53.8759,169.6419
4336.2,53.91,169.6613
4336.8,53.9441,169.6807
4337.4,53.9782,169.7001
4338.0,54.0123,169.7196
4338.6,54.0463,169.7391
4339.2,54.0804,169.7586
4339.8,54.1145,169.7782
4340.4,54.1485,169.7978
4341.1,54.1826,169.8175
4341.7,54.2167,169.8372
4342.3,54.2507,169.8569
4342.9,54.2848,169.8767
4343.5,54.3188,169.8965
4344.1,54.3528,169.9163
4344.7,54.3869,169.9362
4345.4,54.4209,169.9561
4346.0,54.4549,169.976
4346.6,54.4889,169.996
4347.2,54.523,170.016
4347.8,54.557,170.0361
4348.4,54.591,170.0562
4349.0,54.625,170.0763
4349.6,54.659,170.0965
4350.3,54.693,170.1167
4350.9,54.727,170.137
4351.5,54.7609,170.1573
4352.1,54.7949,170.1776
4352.7,54.8289,170.198
4353.3,54.8629,170.2184
4353.9,54.8968,170.2388
4354.5,54.9308,170.2593
4355.2,54.9648,170.2798
4355.8,54.9987,170.3003
4356.4,55.0327,170.3209
4357.0,55.0666,170.3416
4357.6,55.1006,170.3622
4358.2,55.1345,170.383
4358.8,55.1684,170.4037
4359.4,55.2024,170.4245
4360.1,55.2363,170.4453
4360.7,55.2702,170.4662
4361.3,55.3041,170.4871
4107.0,40.9421,164.278
4107.6,40.9772,164.2888
4108.2,41.0123,164.2997
4108.8,41.0474,164.3106
4109.4,41.0825,164.3215
4110.0,41.1175,164.3324
4110.6,41.1526,164.3433
4111.2,41.1877,164.3543
4111.9,41.2228,164.3652
4112.5,41.2578,164.3762
4113.1,41.2929,164.3872
4113.7,41.328,164.3982
4114.3,41.363,164.4092
4114.9,41.3981,164.4202
4115.5,41.4331,164.4313
4116.1,41.4682,164.4423
4116.8,41.5033,164.4534
4117.4,41.5383,164.4645
4118.0,41.5734,164.4756
4118.6,41.6084,164.4867
4119.2,41.6435,164.4978
4119.8,41.6785,164.509
4120.4,41.7136,164.5201
4121.0,41.7486,164.5313
4121.7,41.7837,164.5425
4122.3,41.8187,164.5537
4122.9,41.8537,164.5649
4123.5,41.8888,164.5761
4124.1,41.9238,164.5874
4124.7,41.9589,164.5986
4125.3,41.9939,164.6099
4125.9,42.0289,164.6212
4126.6,42.0639,164.6325
4127.2,42.099,164.6438
4127.8,42.134,164.6552
4128.4,42.169,164.6665
4129.0,42.204,164.6779
4129.6,42.2391,164.6893
4130.2,42.2741,164.7007
4130.9,42.3091,164.7121
4131.5,42.3441,164.7235
4132.1,42.3791,164.735
4132.7,42.4141,164.7464
4133.3,42.4492,164.7579
4133.9,42.4842,164.7694
4134.5,42.5192,164.7809
4135.1,42.5542,164.7924
4135.8,42.5892,164.804
4136.4,42.6242,164.8155
4137.0,42.6592,164.8271
4137.6,42.6942,164.8387
4138.2,42.7292,164.8503
4138.8,42.7641,164.8619
4139.4,42.7991,164.8736
4140.0,42.8341,164.8852
4140.7,42.8691,164.8969
4141.3,42.9041,164.9086
4141.9,42.9391,164.9202
4142.5,42.9741,164.932
4143.1,43.009,164.9437
4143.7,43.044,164.9554
4144.3,43.079,164.9672
4144.9,43.114,164.979
4145.6,43.1489,164.9908
4146.2,43.1839,165.0026
4146.8,43.2189,165.0144
4147.4,43.2538,165.0263
4148.0,43.2888,165.0381
4148.6,43.3238,165.05
4149.2,43.3587,165.0619
4149.8,43.3937,165.0738
4150.5,43.4286,165.0857
4151.1,43.4636,165.0977
4151.7,43.4986,165.1096
4152.3,43.5335,165.1216
4152.9,43.5684,165.1336
4153.5,43.6034,165.1456
4154.1,43.6383,165.1576
4154.8,43.6733,165.1697
4155.4,43.7082,165.1817
4156.0,43.7432,165.1938
4156.6,43.7781,165.2059
4157.2,43.813,165.218
4157.8,43.848,165.2301
4158.4,43.8829,165.2423
4159.0,43.9178,165.2545
4159.7,43.9527,165.2666
4160.3,43.9877,165.2788
4160.9,44.0226,165.291
4161.5,44.0575,165.3033
4162.1,44.0924,165.3155
4162.7,44.1273,165.3278
4163.3,44.1623,165.3401
4163.9,44.1972,165.3524
4164.6,44.2321,165.3647
4165.2,44.267,165.377
4165.8,44.3019,165.3894
4166.4,44.3368,165.4017
4167.0,44.3717,165.4141
4167.6,44.4066,165.4265
4168.2,44.4415,165.439
4168.8,44.4764,165.4514
4169.5,44.5113,165.4639
4170.1,44.5462,165.4763
4170.7,44.5811,165.4888
4171.3,44.6159,165.5013
4171.9,44.6508,165.5139
4172.5,44.6857,165.5264
4173.1,44.7206,165.539
4173.8,44.7555,165.5516
4174.4,44.7903,165.5642
4175.0,44.8252,165.5768
4175.6,44.8601,165.5894
4176.2,44.895,165.6021
4176.8,44.9298,165.6148
4177.4,44.9647,165.6275
4178.0,44.9996,165.6402
4178.7,45.0344,165.6529
4179.3,45.0693,165.6657
4179.9,45.1041,165.6784
4180.5,45.139,165.6912
4181.1,45.1738,165.704
4181.7,45.2087,165.7168
4182.3,45.2435,165.7297
4182.9,45.2784,165.7426
4183.6,45.3132,165.7554
4184.2,45.3481,165.7683
4184.8,45.3829,165.7812
4185.4,45.4177,165.7942
4186.0,45.4526,165.8071
4186.6,45.4874,165.8201
4187.2,45.5222,165.8331
4187.8,45.5571,165.8461
4188.5,45.5919,165.8592
4189.1,45.6267,165.8722
4189.7,45.6615,165.8853
4190.3,45.6964,165.8984
4190.9,45.7312,165.9115
4191.5,45.766,165.9246
4192.1,45.8008,165.9378
4192.8,45.8356,165.9509
4193.4,45.8704,165.9641
4194.0,45.9052,165.9773
4194.6,45.94,165.9905
4195.2,45.9748,166.0038
4195.8,46.0096,166.0171
4196.4,46.0444,166.0303
4197.0,46.0792,166.0436
4197.7,46.114,166.057
4198.3,46.1488,166.0703
4198.9,46.1836,166.0837
4199.5,46.2184,166.0971
4200.1,46.2531,166.1105
4200.7,46.2879,166.1239
4201.3,46.3227,166.1373
4201.9,46.3575,166.1508
4202.6,46.3922,166.1643
4203.2,46.427,166.1778
4203.8,46.4618,166.1913
4204.4,46.4965,166.2049
4205.0,46.5313,166.2184
4205.6,46.5661,166.232
4206.2,46.6008,166.2456
4206.8,46.6356,166.2593
4207.5,46.6703,166.2729
4208.1,46.7051,166.2866
4208.7,46.7398,166.3003
4209.3,46.7746,166.314
4209.9,46.8093,166.3277
4210.5,46.8441,166.3415
4211.1,46.8788,166.3553
4211.7,46.9135,166.369
4212.4,46.9483,166.3829
4213.0,46.983,166.3967
4213.6,47.0177,166.4106
4214.2,47.0524,166.4244
4214.8,47.0872,166.4383
4215.4,47.1219,166.4523
4216.0,47.1566,166.4662
4216.7,47.1913,166.4802
4217.3,47.226,166.4942
4217.9,47.2608,166.5082
4218.5,47.2955,166.5222
4219.1,47.3302,166.5363
4219.7,47.3649,166.5503
4220.3,47.3996,166.5644
4220.9,47.4343,166.5785
4221.6,47.469,166.5927
4222.2,47.5037,166.6068
4222.8,47.5383,166.621
4223.4,47.573,166.6352
4224.0,47.6077,166.6494
4224.6,47.6424,166.6637
4225.2,47.6771,166.678
4225.8,47.7118,166.6923
4226.5,47.7464,166.7066
4227.1,47.7811,166.7209
4227.7,47.8158,166.7353
4228.3,47.8504,166.7497
4228.9,47.8851,166.7641
4229.5,47.9198,166.7785
4230.1,47.9544,166.7929
4230.7,47.9891,166.8074
4231.4,48.0237,166.8219
4232.0,48.0584,166.8364
4232.6,48.093,166.851
4233.2,48.1277,166.8655
4233.8,48.1623,166.8801
4234.4,48.197,166.8947
4235.0,48.2316,166.9094
4235.7,48.2662,166.924
4236.3,48.3009,166.9387
4236.9,48.3355,166.9534
4237.5,48.3701,166.9681
4238.1,48.4048,166.9829
4238.7,48.4394,166.9977
4239.3,48.474,167.0125
4239.9,48.5086,167.0273
4240.6,48.5432,167.0421
4241.2,48.5778,167.057
4241.8,48.6124,167.0719
4242.4,48.647,167.0868
4243.0,48.6817,167.1017
4243.6,48.7163,167.1167
4244.2,48.7509,167.1317
4244.8,48.7854,167.1467
4245.5,48.82,167.1617
4246.1,48.8546,167.1768
4246.7,48.8892,167.1919
4247.3,48.9238,167.207
4247.9,48.9584,167.2221
4248.5,48.9929,167.2373
4249.1,49.0275,167.2524
4249.7,49.0621,167.2677
4250.4,49.0967,167.2829
4251.0,49.1312,167.2981
4251.6,49.1658,167.3134
4252.2,49.2003,167.3287
4252.8,49.2349,167.344
4253.4,49.2695,167.3594
4254.0,49.304,167.3748
4254.6,49.3386,167.3902
4255.3,49.3731,167.4056
4255.9,49.4076,167.4211
4256.5,49.4422,167.4365
4257.1,49.4767,167.452
4257.7,49.5113,167.4676
4258.3,49.5458,167.4831
4258.9,49.5803,167.4987
4259.6,49.6148,167.5143
4260.2,49.6494,167.5299
4260.8,49.6839,167.5456
4261.4,49.7184,167.5613
4262.0,49.7529,167.577
4262.6,49.7874,167.5927
4263.2,49.8219,167.6085
4263.8,49.8564,167.6243
4264.5,49.8909,167.6401
4265.1,49.9254,167.6559
4265.7,49.9599,167.6718
4266.3,49.9944,167.6877
4266.9,50.0289,167.7036
4267.5,50.0634,167.7195
4268.1,50.0979,167.7355
4268.7,50.1323,167.7515
4269.4,50.1668,167.7675
4270.0,50.2013,167.7836
4270.6,50.2358,167.7997
4271.2,50.2702,167.8158
4271.8,50.3047,167.8319
4272.4,50.3392,167.848
4273.0,50.3736,167.8642
4273.6,50.4081,167.8804
4274.3,50.4425,167.8967
4274.9,50.477,167.9129
4275.5,50.5114,167.9292
4276.1,50.5459,167.9456
4276.7,50.5803,167.9619
4277.3,50.6147,167.9783
4277.9,50.6492,167.9947
4278.6,50.6836,168.0111
4279.2,50.718,168.0276
4279.8,50.7524,168.0441
4280.4,50.7869,168.0606
4281.0,50.8213,168.0771
4281.6,50.8557,168.0937
4282.2,50.8901,168.1103
4282.8,50.9245,168.1269
4283.5,50.9589,168.1436
4284.1,50.9933,168.1602
4284.7,51.0277,168.1769
4285.3,51.0621,168.1937
4285.9,51.0965,168.2104
4286.5,51.1309,168.2272
4287.1,51.1652,168.2441
4287.7,51.1996,168.2609
4288.4,51.234,168.2778
4289.0,51.2684,168.2947
4289.6,51.3027,168.3117
4290.2,51.3371,168.3286
4290.8,51.3715,168.3456
4291.4,51.4058,168.3627
4292.0,51.4402,168.3797
4292.6,51.4745,168.3968
4293.3,51.5089,168.4139
4293.9,51.5432,168.4311
4294.5,51.5776,168.4482
4295.1,51.6119,168.4654
4295.7,51.6463,168.4827
4296.3,51.6806,168.4999
4296.9,51.7149,168.5172
4297.5,51.7492,168.5346
4298.2,51.7836,168.5519
4298.8,51.8179,168.5693
4299.4,51.8522,168.5867
4300.0,51.8865,168.6042
4300.6,51.9208,168.6216
4301.2,51.9551,168.6391
4301.8,51.9894,168.6567
4302.5,52.0237,168.6742
4303.1,52.058,168.6918
4303.7,52.0923,168.7095
4304.3,52.1266,168.7271
4304.9,52.1609,168.7448
4305.5,52.1951,168.7625
4306.1,52.2294,168.7803
4306.7,52.2637,168.7981
4307.4,52.298,168.8159
4308.0,52.3322,168.8337
4308.6,52.3665,168.8516
4309.2,52.4007,168.8695
4309.8,52.435,168.8875
4310.4,52.4692,168.9054
4311.0,52.5035,168.9234
4311.6,52.5377,168.9415
4312.3,52.572,168.9595
4312.9,52.6062,168.9776
4313.5,52.6404,168.9958
4314.1,52.6747,169.0139
4314.7,52.7089,169.0322
4315.3,52.7431,169.0504
4315.9,52.7773,169.0686
4316.5,52.8115,169.0869
4317.2,52.8458,169.1053
4317.8,52.88,169.1236
4318.4,52.9142,169.142
4319.0,52.9484,169.1604
4319.6,52.9825,169.1789
4320.2,53.0167,169.1974
4320.8,53.0509,169.2159
4321.5,53.0851,169.2345
4322.1,53.1193,169.2531
4322.7,53.1535,169.2717
4323.3,53.1876,169.2904
4323.9,53.2218,169.3091
4324.5,53.256,169.3278
4325.1,53.2901,169.3465
4325.7,53.3243,169.3653
4326.4,53.3584,169.3842
4327.0,53.3926,169.403
4327.6,53.4267,169.4219
4328.2,53.4608,169.4408
4328.8,53.495,169.4598
4329.4,53.5291,169.4788
4330.0,53.5632,169.4978
4330.6,53.5974,169.5169
4331.3,53.6315,169.536
4331.9,53.6656,169.5552
4332.5,53.6997,169.5743
4333.1,53.7338,169.5935
4333.7,53.7679,169.6128
4334.3,53.802,169.6321
4334.9,53.8361,169.6514
4335.5,53.8702,169.6707
4336.2,53.9043,169.6901
4336.8,53.9384,169.7095
4337.4,53.9725,169.729
4338.0,54.0065,169.7485
4338.6,54.0406,169.768
4339.2,54.0747,169.7876
4339.8,54.1087,169.8072
4340.4,54.1428,169.8268
4341.1,54.1768,169.8465
4341.7,54.2109,169.8662
4342.3,54.2449,169.886
4342.9,54.279,169.9057
4343.5,54.313,169.9256
4344.1,54.347,169.9454
4344.7,54.3811,169.9653
4345.4,54.4151,169.9852
4346.0,54.4491,170.0052
4346.6,54.4831,170.0252
4347.2,54.5171,170.0453
4347.8,54.5511,170.0653
4348.4,54.5851,170.0855
4349.0,54.6191,170.1056
4349.6,54.6531,170.1258
4350.3,54.6871,170.146
4350.9,54.7211,170.1663
4351.5,54.7551,170.1866
4352.1,54.789,170.207
4352.7,54.823,170.2273
4353.3,54.857,170.2478
4353.9,54.8909,170.2682
4354.5,54.9249,170.2887
4355.2,54.9589,170.3093
4355.8,54.9928,170.3298
4356.4,55.0267,170.3505
4357.0,55.0607,170.3711
4357.6,55.0946,170.3918
4358.2,55.1286,170.4126
4358.8,55.1625,170.4333
4359.4,55.1964,170.4541
4360.1,55.2303,170.475
4360.7,55.2642,170.4959
4107.0,40.938,164.3011
4107.6,40.9731,164.312
4108.2,41.0082,164.3229
4108.8,41.0433,164.3338
4109.4,41.0783,164.3447
4110.0,41.1134,164.3556
4110.6,41.1485,164.3665
4111.2,41.1836,164.3775
4111.9,41.2186,164.3884
4112.5,41.2537,164.3994
4113.1,41.2887,164.4104
4113.7,41.3238,164.4214
4114.3,41.3589,164.4324
4114.9,41.3939,164.4435
4115.5,41.429,164.4545
4116.1,41.4641,164.4656
4116.8,41.4991,164.4767
4117.4,41.5342,164.4878
4118.0,41.5692,164.4989
4118.6,41.6043,164.51
4119.2,41.6393,164.5212
4119.8,41.6744,164.5323
4120.4,41.7094,164.5435
4121.0,41.7444,164.5547
4121.7,41.7795,164.5659
4122.3,41.8145,164.5771
4122.9,41.8496,164.5883
4123.5,41.8846,164.5996
4124.1,41.9196,164.6108
4124.7,41.9547,164.6221
4125.3,41.9897,164.6334
4125.9,42.0247,164.6447
4126.6,42.0597,164.656
4127.2,42.0948,164.6673
4127.8,42.1298,164.6787
4128.4,42.1648,164.6901
4129.0,42.1998,164.7014
4129.6,42.2348,164.7128
4130.2,42.2699,164.7243
4130.9,42.3049,164.7357
4131.5,42.3399,164.7471
4132.1,42.3749,164.7586
4132.7,42.4099,164.7701
4133.3,42.4449,164.7815
4133.9,42.4799,164.793
4134.5,42.5149,164.8046
4135.1,42.5499,164.8161
4135.8,42.5849,164.8277
4136.4,42.6199,164.8392
4137.0,42.6549,164.8508
4137.6,42.6899,164.8624
4138.2,42.7249,164.874
4138.8,42.7599,164.8857
4139.4,42.7949,164.8973
4140.0,42.8298,164.909
4140.7,42.8648,164.9206
4141.3,42.8998,164.9323
4141.9,42.9348,164.944
4142.5,42.9698,164.9558
4143.1,43.0047,164.9675
4143.7,43.0397,164.9793
4144.3,43.0747,164.991
4144.9,43.1097,165.0028
4145.6,43.1446,165.0146
4146.2,43.1796,165.0265
4146.8,43.2146,165.0383
4147.4,43.2495,165.0502
4148.0,43.2845,165.062
4148.6,43.3194,165.0739
4149.2,43.3544,165.0858
4149.8,43.3893,165.0977
4150.5,43.4243,165.1097
4151.1,43.4592,165.1216
4151.7,43.4942,165.1336
4152.3,43.5291,165.1456
4152.9,43.5641,165.1576
4153.5,43.599,165.1696
4154.1,43.634,165.1817
4154.8,43.6689,165.1937
4155.4,43.7038,165.2058
4156.0,43.7388,165.2179
4156.6,43.7737,165.23
4157.2,43.8086,165.2421
4157.8,43.8436,165.2543
4158.4,43.8785,165.2664
4159.0,43.9134,165.2786
4159.7,43.9483,165.2908
4160.3,43.9833,165.303
4160.9,44.0182,165.3152
4161.5,44.0531,165.3275
4162.1,44.088,165.3397
4162.7,44.1229,165.352
4163.3,44.1578,165.3643
4163.9,44.1927,165.3766
4164.6,44.2276,165.3889
4165.2,44.2626,165.4013
4165.8,44.2975,165.4137
4166.4,44.3324,165.426
4167.0,44.3672,165.4384
4167.6,44.4021,165.4509
4168.2,44.437,165.4633
4168.8,44.4719,165.4758
4169.5,44.5068,165.4882
4170.1,44.5417,165.5007
4170.7,44.5766,165.5132
4171.3,44.6115,165.5258
4171.9,44.6464,165.5383
4172.5,44.6812,165.5509
4173.1,44.7161,165.5634
4173.8,44.751,165.576
4174.4,44.7859,165.5887
4175.0,44.8207,165.6013
4175.6,44.8556,165.6139
4176.2,44.8905,165.6266
4176.8,44.9253,165.6393
4177.4,44.9602,165.652
4178.0,44.995,165.6647
4178.7,45.0299,165.6775
4179.3,45.0648,165.6902
4179.9,45.0996,165.703
4180.5,45.1345,165.7158
4181.1,45.1693,165.7286
4181.7,45.2042,165.7415
4182.3,45.239,165.7543
4182.9,45.2738,165.7672
4183.6,45.3087,165.7801
4184.2,45.3435,165.793
4184.8,45.3783,165.806
4185.4,45.4132,165.8189
4186.0,45.448,165.8319
4186.6,45.4828,165.8449
4187.2,45.5177,165.8579
4187.8,45.5525,165.8709
4188.5,45.5873,165.8839
4189.1,45.6221,165.897
4189.7,45.6569,165.9101
4190.3,45.6918,165.9232
4190.9,45.7266,165.9363
4191.5,45.7614,165.9495
4192.1,45.7962,165.9626
4192.8,45.831,165.9758
4193.4,45.8658,165.989
4194.0,45.9006,166.0022
4194.6,45.9354,166.0155
4195.2,45.9702,166.0287
4195.8,46.005,166.042
4196.4,46.0398,166.0553
4197.0,46.0746,166.0686
4197.7,46.1094,166.082
4198.3,46.1441,166.0953
4198.9,46.1789,166.1087
4199.5,46.2137,166.1221
4200.1,46.2485,166.1355
4200.7,46.2833,166.149
4201.3,46.318,166.1624
4201.9,46.3528,166.1759
4202.6,46.3876,166.1894
4203.2,46.4223,166.2029
4203.8,46.4571,166.2165
4204.4,46.4919,166.23
4205.0,46.5266,166.2436
4205.6,46.5614,166.2572
4206.2,46.5961,166.2708
4206.8,46.6309,166.2845
4207.5,46.6656,166.2981
4208.1,46.7004,166.3118
4208.7,46.7351,166.3255
4209.3,46.7699,166.3393
4209.9,46.8046,166.353
4210.5,46.8393,166.3668
4211.1,46.8741,166.3806
4211.7,46.9088,166.3944
4212.4,46.9435,166.4082
4213.0,46.9783,166.4221
4213.6,47.013,166.4359
4214.2,47.0477,166.4498
4214.8,47.0824,166.4637
4215.4,47.1171,166.4777
4216.0,47.1519,166.4916
4216.7,47.1866,166.5056
4217.3,47.2213,166.5196
4217.9,47.256,166.5336
4218.5,47.2907,166.5477
4219.1,47.3254,166.5618
4219.7,47.3601,166.5759
4220.3,47.3948,166.59
4220.9,47.4295,166.6041
4221.6,47.4642,166.6182
4222.2,47.4989,166.6324
4222.8,47.5335,166.6466
4223.4,47.5682,166.6608
4224.0,47.6029,166.6751
4224.6,47.6376,166.6893
4225.2,47.6723,166.7036
4225.8,47.7069,166.7179
4226.5,47.7416,166.7323
4227.1,47.7763,166.7466
4227.7,47.8109,166.761
4228.3,47.8456,166.7754
4228.9,47.8803,166.7898
4229.5,47.9149,166.8043
4230.1,47.9496,166.8187
4230.7,47.9842,166.8332
4231.4,48.0189,166.8477
4232.0,48.0535,166.8623
4232.6,48.0882,166.8768
4233.2,48.1228,166.8914
4233.8,48.1574,166.906
4234.4,48.1921,166.9206
4235.0,48.2267,166.9353
4235.7,48.2613,166.95
4236.3,48.296,166.9646
4236.9,48.3306,166.9794
4237.5,48.3652,166.9941
4238.1,48.3998,167.0089
4238.7,48.4345,167.0237
4239.3,48.4691,167.0385
4239.9,48.5037,167.0533
4240.6,48.5383,167.0682
4241.2,48.5729,167.0831
4241.8,48.6075,167.098
4242.4,48.6421,167.1129
4243.0,48.6767,167.1278
4243.6,48.7113,167.1428
4244.2,48.7459,167.1578
4244.8,48.7805,167.1729
4245.5,48.8151,167.1879
4246.1,48.8497,167.203
4246.7,48.8842,167.2181
4247.3,48.9188,167.2332
4247.9,48.9534,167.2484
4248.5,48.988,167.2635
4249.1,49.0225,167.2787
4249.7,49.0571,167.2939
4250.4,49.0917,167.3092
4251.0,49.1262,167.3244
4251.6,49.1608,167.3398
4252.2,49.1953,167.3551
4252.8,49.2299,167.3704
4253.4,49.2644,167.3858
4254.0,49.299,167.4012
4254.6,49.3335,167.4166
4255.3,49.3681,167.432
4255.9,49.4026,167.4475
4256.5,49.4371,167.463
4257.1,49.4717,167.4785
4257.7,49.5062,167.4941
4258.3,49.5407,167.5096
4258.9,49.5752,167.5252
4259.6,49.6098,167.5409
4260.2,49.6443,167.5565
4260.8,49.6788,167.5722
4261.4,49.7133,167.5879
4262.0,49.7478,167.6036
4262.6,49.7823,167.6194
4263.2,49.8168,167.6351
4263.8,49.8513,167.6509
4264.5,49.8858,167.6668
4265.1,49.9203,167.6826
4265.7,49.9548,167.6985
4266.3,49.9893,167.7144
4266.9,50.0238,167.7303
4267.5,50.0583,167.7463
4268.1,50.0927,167.7623
4268.7,50.1272,167.7783
4269.4,50.1617,167.7943
4270.0,50.1961,167.8104
4270.6,50.2306,167.8265
4271.2,50.2651,167.8426
4271.8,50.2995,167.8588
4272.4,50.334,167.8749
4273.0,50.3684,167.8911
4273.6,50.4029,167.9074
4274.3,50.4373,167.9236
4274.9,50.4718,167.9399
4275.5,50.5062,167.9562
4276.1,50.5406,167.9726
4276.7,50.5751,167.9889
4277.3,50.6095,168.0053
4277.9,50.6439,168.0217
4278.6,50.6784,168.0382
4279.2,50.7128,168.0547
4279.8,50.7472,168.0712
4280.4,50.7816,168.0877
4281.0,50.816,168.1042
4281.6,50.8504,168.1208
4282.2,50.8848,168.1375
4282.8,50.9192,168.1541
4283.5,50.9536,168.1708
4284.1,50.988,168.1875
4284.7,51.0224,168.2042
4285.3,51.0568,168.221
4285.9,51.0912,168.2377
4286.5,51.1256,168.2546
4287.1,51.16,168.2714
4287.7,51.1943,168.2883
4288.4,51.2287,168.3052
4289.0,51.2631,168.3221
4289.6,51.2974,168.3391
4290.2,51.3318,168.356
4290.8,51.3662,168.3731
4291.4,51.4005,168.3901
4292.0,51.4349,168.4072
4292.6,51.4692,168.4243
4293.3,51.5036,168.4414
4293.9,51.5379,168.4586
4294.5,51.5722,168.4758
4295.1,51.6066,168.493
4295.7,51.6409,168.5103
4296.3,51.6752,168.5275
4296.9,51.7095,168.5448
4297.5,51.7439,168.5622
4298.2,51.7782,168.5796
4298.8,51.8125,168.597
4299.4,51.8468,168.6144
4300.0,51.8811,168.6319
4300.6,51.9154,168.6494
4301.2,51.9497,168.6669
4301.8,51.984,168.6844
4302.5,52.0183,168.702
4303.1,52.0526,168.7196
4303.7,52.0869,168.7373
4304.3,52.1211,168.755
4304.9,52.1554,168.7727
4305.5,52.1897,168.7904
4306.1,52.224,168.8082
4306.7,52.2582,168.826
4307.4,52.2925,168.8438
4308.0,52.3268,168.8617
4308.6,52.361,168.8796
4309.2,52.3953,168.8975
4309.8,52.4295,168.9155
4310.4,52.4638,168.9335
4311.0,52.498,168.9515
4311.6,52.5322,168.9695
4312.3,52.5665,168.9876
4312.9,52.6007,169.0058
4313.5,52.6349,169.0239
4314.1,52.6691,169.0421
4314.7,52.7034,169.0603
4315.3,52.7376,169.0786
4315.9,52.7718,169.0968
4316.5,52.806,169.1151
4317.2,52.8402,169.1335
4317.8,52.8744,169.1519
4318.4,52.9086,169.1703
4319.0,52.9428,169.1887
4319.6,52.977,169.2072
4320.2,53.0112,169.2257
4320.8,53.0453,169.2443
4321.5,53.0795,169.2628
4322.1,53.1137,169.2814
4322.7,53.1479,169.3001
4323.3,53.182,169.3188
4323.9,53.2162,169.3375
4324.5,53.2503,169.3562
4325.1,53.2845,169.375
4325.7,53.3186,169.3938
4326.4,53.3528,169.4127
4327.0,53.3869,169.4316
4327.6,53.4211,169.4505
4328.2,53.4552,169.4694
4328.8,53.4893,169.4884
4329.4,53.5235,169.5074
4330.0,53.5576,169.5265
4330.6,53.5917,169.5456
4331.3,53.6258,169.5647
4331.9,53.6599,169.5839
4332.5,53.694,169.6031
4333.1,53.7281,169.6223
4333.7,53.7622,169.6415
4334.3,53.7963,169.6608
4334.9,53.8304,169.6802
4335.5,53.8645,169.6996
4336.2,53.8986,169.719
4336.8,53.9326,169.7384
4337.4,53.9667,169.7579
4338.0,54.0008,169.7774
4338.6,54.0348,169.7969
4339.2,54.0689,169.8165
4339.8,54.103,169.8362
4340.4,54.137,169.8558
4341.1,54.1711,169.8755
4341.7,54.2051,169.8952
4342.3,54.2391,169.915
4342.9,54.2732,169.9348
4343.5,54.3072,169.9546
4344.1,54.3412,169.9745
4344.7,54.3752,169.9944
4345.4,54.4093,170.0144
4346.0,54.4433,170.0344
4346.6,54.4773,170.0544
4347.2,54.5113,170.0745
4347.8,54.5453,170.0946
4348.4,54.5793,170.1147
4349.0,54.6133,170.1349
4349.6,54.6473,170.1551
4350.3,54.6812,170.1754
4350.9,54.7152,170.1956
4351.5,54.7492,170.216
4352.1,54.7832,170.2363
4352.7,54.8171,170.2567
4353.3,54.8511,170.2772
4353.9,54.885,170.2977
4354.5,54.919,170.3182
4355.2,54.9529,170.3387
4355.8,54.9869,170.3593
4356.4,55.0208,170.38
4357.0,55.0548,170.4007
4357.6,55.0887,170.4214
4358.2,55.1226,170.4421
4358.8,55.1565,170.4629
4359.4,55.1904,170.4838
4107.0,40.9339,164.3242
4107.6,40.969,164.3351
4108.2,41.0041,164.346
4108.8,41.0391,164.3569
4109.4,41.0742,164.3678
4110.0,41.1093,164.3788
4110.6,41.1443,164.3897
4111.2,41.1794,164.4007
4111.9,41.2145,164.4117
4112.5,41.2495,164.4226
4113.1,41.2846,164.4337
4113.7,41.3197,164.4447
4114.3,41.3547,164.4557
4114.9,41.3898,164.4668
4115.5,41.4248,164.4778
4116.1,41.4599,164.4889
4116.8,41.4949,164.5
4117.4,41.53,164.5111
4118.0,41.565,164.5222
4118.6,41.6001,164.5334
4119.2,41.6351,164.5445
4119.8,41.6702,164.5557
4120.4,41.7052,164.5669
4121.0,41.7402,164.5781
4121.7,41.7753,164.5893
4122.3,41.8103,164.6005
4122.9,41.8454,164.6117
4123.5,41.8804,164.623
4124.1,41.9154,164.6343
4124.7,41.9504,164.6456
4125.3,41.9855,164.6569
4125.9,42.0205,164.6682
4126.6,42.0555,164.6795
4127.2,42.0905,164.6909
4127.8,42.1256,164.7022
4128.4,42.1606,164.7136
4129.0,42.1956,164.725
4129.6,42.2306,164.7364
4130.2,42.2656,164.7478
4130.9,42.3006,164.7592
4131.5,42.3356,164.7707
4132.1,42.3706,164.7822
4132.7,42.4056,164.7937
4133.3,42.4406,164.8052
4133.9,42.4756,164.8167
4134.5,42.5106,164.8282
4135.1,42.5456,164.8398
4135.8,42.5806,164.8513
4136.4,42.6156,164.8629
4137.0,42.6506,164.8745
4137.6,42.6856,164.8861
4138.2,42.7206,164.8977
4138.8,42.7556,164.9094
4139.4,42.7906,164.921
4140.0,42.8255,164.9327
4140.7,42.8605,164.9444
4141.3,42.8955,164.9561
4141.9,42.9305,164.9678
4142.5,42.9655,164.9796
4143.1,43.0004,164.9913
4143.7,43.0354,165.0031
4144.3,43.0704,165.0149
4144.9,43.1053,165.0267
4145.6,43.1403,165.0385
4146.2,43.1753,165.0503
4146.8,43.2102,165.0622
4147.4,43.2452,165.0741
4148.0,43.2801,165.086
4148.6,43.3151,165.0979
4149.2,43.35,165.1098
4149.8,43.385,165.1217
4150.5,43.4199,165.1337
4151.1,43.4549,165.1456
4151.7,43.4898,165.1576
4152.3,43.5248,165.1696
4152.9,43.5597,165.1816
4153.5,43.5947,165.1937
4154.1,43.6296,165.2057
4154.8,43.6645,165.2178
4155.4,43.6995,165.2299
4156.0,43.7344,165.242
4156.6,43.7693,165.2541
4157.2,43.8042,165.2662
4157.8,43.8392,165.2784
4158.4,43.8741,165.2906
4159.0,43.909,165.3027
4159.7,43.9439,165.3149
4160.3,43.9789,165.3272
4160.9,44.0138,165.3394
4161.5,44.0487,165.3517
4162.1,44.0836,165.3639
4162.7,44.1185,165.3762
4163.3,44.1534,165.3885
4163.9,44.1883,165.4009
4164.6,44.2232,165.4132
4165.2,44.2581,165.4256
4165.8,44.293,165.4379
4166.4,44.3279,165.4503
4167.0,44.3628,165.4628
4167.6,44.3977,165.4752
4168.2,44.4326,165.4876
4168.8,44.4675,165.5001
4169.5,44.5024,165.5126
4170.1,44.5372,165.5251
4170.7,44.5721,165.5376
4171.3,44.607,165.5502
4171.9,44.6419,165.5627
4172.5,44.6768,165.5753
4173.1,44.7116,165.5879
4173.8,44.7465,165.6005
4174.4,44.7814,165.6131
4175.0,44.8162,165.6258
4175.6,44.8511,165.6384
4176.2,44.886,165.6511
4176.8,44.9208,165.6638
4177.4,44.9557,165.6765
4178.0,44.9905,165.6893
4178.7,45.0254,165.702
4179.3,45.0602,165.7148
4179.9,45.0951,165.7276
4180.5,45.1299,165.7404
4181.1,45.1648,165.7533
4181.7,45.1996,165.7661
4182.3,45.2345,165.779
4182.9,45.2693,165.7919
4183.6,45.3041,165.8048
4184.2,45.339,165.8177
4184.8,45.3738,165.8307
4185.4,45.4086,165.8436
4186.0,45.4434,165.8566
4186.6,45.4783,165.8696
4187.2,45.5131,165.8826
4187.8,45.5479,165.8957
4188.5,45.5827,165.9087
4189.1,45.6175,165.9218
4189.7,45.6524,165.9349
4190.3,45.6872,165.948
4190.9,45.722,165.9612
4191.5,45.7568,165.9743
4192.1,45.7916,165.9875
4192.8,45.8264,166.0007
4193.4,45.8612,166.0139
4194.0,45.896,166.0271
4194.6,45.9308,166.0404
4195.2,45.9656,166.0537
4195.8,46.0004,166.067
4196.4,46.0351,166.0803
4197.0,46.0699,166.0936
4197.7,46.1047,166.107
4198.3,46.1395,166.1203
4198.9,46.1743,166.1337
4199.5,46.2091,166.1471
4200.1,46.2438,166.1606
4200.7,46.2786,166.174
4201.3,46.3134,166.1875
4201.9,46.3481,166.201
4202.6,46.3829,166.2145
4203.2,46.4177,166.228
4203.8,46.4524,166.2416
4204.4,46.4872,166.2552
4205.0,46.5219,166.2688
4205.6,46.5567,166.2824
4206.2,46.5914,166.296
4206.8,46.6262,166.3097
4207.5,46.6609,166.3234
4208.1,46.6957,166.3371
4208.7,46.7304,166.3508
4209.3,46.7651,166.3645
4209.9,46.7999,166.3783
4210.5,46.8346,166.3921
4211.1,46.8693,166.4059
4211.7,46.9041,166.4197
4212.4,46.9388,166.4335
4213.0,46.9735,166.4474
4213.6,47.0082,166.4613
4214.2,47.043,166.4752
4214.8,47.0777,166.4892
4215.4,47.1124,166.5031
4216.0,47.1471,166.5171
4216.7,47.1818,166.5311
4217.3,47.2165,166.5451
4217.9,47.2512,166.5591
4218.5,47.2859,166.5732
4219.1,47.3206,166.5873
4219.7,47.3553,166.6014
4220.3,47.39,166.6155
4220.9,47.4247,166.6296
4221.6,47.4594,166.6438
4222.2,47.4941,166.658
4222.8,47.5287,166.6722
4223.4,47.5634,166.6864
4224.0,47.5981,166.7007
4224.6,47.6328,166.715
4225.2,47.6674,166.7293
4225.8,47.7021,166.7436
4226.5,47.7368,166.7579
4227.1,47.7714,166.7723
4227.7,47.8061,166.7867
4228.3,47.8408,166.8011
4228.9,47.8754,166.8156
4229.5,47.9101,166.83
4230.1,47.9447,166.8445
4230.7,47.9794,166.859
4231.4,48.014,166.8735
4232.0,48.0486,166.8881
4232.6,48.0833,166.9026
4233.2,48.1179,166.9173
4233.8,48.1526,166.9319
4234.4,48.1872,166.9465
4235.0,48.2218,166.9612
4235.7,48.2564,166.9759
4236.3,48.2911,166.9906
4236.9,48.3257,167.0053
4237.5,48.3603,167.0201
4238.1,48.3949,167.0349
4238.7,48.4295,167.0497
4239.3,48.4641,167.0645
4239.9,48.4988,167.0793
4240.6,48.5334,167.0942
4241.2,48.568,167.1091
4241.8,48.6026,167.124
4242.4,48.6372,167.139
4243.0,48.6717,167.1539
4243.6,48.7063,167.1689
4244.2,48.7409,167.184
4244.8,48.7755,167.199
4245.5,48.8101,167.2141
4246.1,48.8447,167.2292
4246.7,48.8792,167.2443
4247.3,48.9138,167.2594
4247.9,48.9484,167.2746
4248.5,48.983,167.2898
4249.1,49.0175,167.305
4249.7,49.0521,167.3202
4250.4,49.0867,167.3355
4251.0,49.1212,167.3508
4251.6,49.1558,167.3661
4252.2,49.1903,167.3814
4252.8,49.2249,167.3968
4253.4,49.2594,167.4122
4254.0,49.2939,167.4276
4254.6,49.3285,167.443
4255.3,49.363,167.4585
4255.9,49.3976,167.474
4256.5,49.4321,167.4895
4257.1,49.4666,167.505
4257.7,49.5011,167.5206
4258.3,49.5357,167.5361
4258.9,49.5702,167.5518
4259.6,49.6047,167.5674
4260.2,49.6392,167.5831
4260.8,49.6737,167.5988
4261.4,49.7082,167.6145
4262.0,49.7427,167.6302
4262.6,49.7772,167.646
4263.2,49.8117,167.6618
4263.8,49.8462,167.6776
4264.5,49.8807,167.6934
4265.1,49.9152,167.7093
4265.7,49.9497,167.7252
4266.3,49.9842,167.7411
4266.9,50.0186,167.7571
4267.5,50.0531,167.7731
4268.1,50.0876,167.7891
4268.7,50.1221,167.8051
4269.4,50.1565,167.8212
4270.0,50.191,167.8372
4270.6,50.2254,167.8533
4271.2,50.2599,167.8695
4271.8,50.2944,167.8857
4272.4,50.3288,167.9018
4273.0,50.3633,167.9181
4273.6,50.3977,167.9343
4274.3,50.4321,167.9506
4274.9,50.4666,167.9669
4275.5,50.501,167.9832
4276.1,50.5354,167.9996
4276.7,50.5699,168.0159
4277.3,50.6043,168.0323
4277.9,50.6387,168.0488
4278.6,50.6731,168.0653
4279.2,50.7076,168.0818
4279.8,50.742,168.0983
4280.4,50.7764,168.1148
4281.0,50.8108,168.1314
4281.6,50.8452,168.148
4282.2,50.8796,168.1646
4282.8,50.914,168.1813
4283.5,50.9484,168.198
4284.1,50.9828,168.2147
4284.7,51.0171,168.2314
4285.3,51.0515,168.2482
4285.9,51.0859,168.265
4286.5,51.1203,168.2819
4287.1,51.1547,168.2987
4287.7,51.189,168.3156
4288.4,51.2234,168.3325
4289.0,51.2578,168.3495
4289.6,51.2921,168.3664
4290.2,51.3265,168.3835
4290.8,51.3608,168.4005
4291.4,51.3952,168.4176
4292.0,51.4295,168.4346
4292.6,51.4639,168.4518
4293.3,51.4982,168.4689
4293.9,51.5325,168.4861
4294.5,51.5669,168.5033
4295.1,51.6012,168.5206
4295.7,51.6355,168.5378
4296.3,51.6698,168.5551
4296.9,51.7042,168.5724
4297.5,51.7385,168.5898
4298.2,51.7728,168.6072
4298.8,51.8071,168.6246
4299.4,51.8414,168.6421
4300.0,51.8757,168.6596
4300.6,51.91,168.6771
4301.2,51.9443,168.6946
4301.8,51.9786,168.7122
4302.5,52.0129,168.7298
4303.1,52.0471,168.7474
4303.7,52.0814,168.7651
4304.3,52.1157,168.7828
4304.9,52.15,168.8005
4305.5,52.1842,168.8183
4306.1,52.2185,168.8361
4306.7,52.2528,168.8539
4307.4,52.287,168.8717
4308.0,52.3213,168.8896
4308.6,52.3555,168.9075
4309.2,52.3898,168.9255
4309.8,52.424,168.9435
4310.4,52.4583,168.9615
4311.0,52.4925,168.9795
4311.6,52.5267,168.9976
4312.3,52.561,169.0157
4312.9,52.5952,169.0338
4313.5,52.6294,169.052
4314.1,52.6636,169.0702
4314.7,52.6978,169.0884
4315.3,52.732,169.1067
4315.9,52.7662,169.125
4316.5,52.8004,169.1433
4317.2,52.8346,169.1617
4317.8,52.8688,169.1801
4318.4,52.903,169.1985
4319.0,52.9372,169.217
4319.6,52.9714,169.2355
4320.2,53.0056,169.254
4320.8,53.0397,169.2726
4321.5,53.0739,169.2912
4322.1,53.1081,169.3098
4322.7,53.1423,169.3285
4323.3,53.1764,169.3472
4323.9,53.2106,169.3659
4324.5,53.2447,169.3847
4325.1,53.2789,169.4035
4325.7,53.313,169.4223
4326.4,53.3471,169.4412
4327.0,53.3813,169.4601
4327.6,53.4154,169.479
4328.2,53.4495,169.498
4328.8,53.4837,169.517
4329.4,53.5178,169.536
4330.0,53.5519,169.5551
4330.6,53.586,169.5742
4331.3,53.6201,169.5934
4331.9,53.6542,169.6125
4332.5,53.6883,169.6318
4333.1,53.7224,169.651
4333.7,53.7565,169.6703
4334.3,53.7906,169.6896
4334.9,53.8247,169.709
4335.5,53.8588,169.7284
4336.2,53.8928,169.7478
4336.8,53.9269,169.7672
4337.4,53.961,169.7867
4338.0,53.995,169.8063
4338.6,54.0291,169.8259
4339.2,54.0631,169.8455
4339.8,54.0972,169.8651
4340.4,54.1312,169.8848
4341.1,54.1653,169.9045
4341.7,54.1993,169.9242
4342.3,54.2333,169.944
4342.9,54.2674,169.9639
4343.5,54.3014,169.9837
4344.1,54.3354,170.0036
4344.7,54.3694,170.0235
4345.4,54.4034,170.0435
4346.0,54.4375,170.0635
4346.6,54.4715,170.0836
4347.2,54.5055,170.1037
4347.8,54.5394,170.1238
4348.4,54.5734,170.144
4349.0,54.6074,170.1641
4349.6,54.6414,170.1844
4350.3,54.6754,170.2047
4350.9,54.7093,170.225
4351.5,54.7433,170.2453
4352.1,54.7773,170.2657
4352.7,54.8112,170.2861
4353.3,54.8452,170.3066
4353.9,54.8791,170.3271
4354.5,54.9131,170.3476
4355.2,54.947,170.3682
4355.8,54.981,170.3888
4356.4,55.0149,170.4095
4357.0,55.0488,170.4302
4357.6,55.0827,170.4509
4358.2,55.1167,170.4717
4358.8,55.1506,170.4925
4107.0,40.9298,164.3474
4107.6,40.9649,164.3582
4108.2,40.9999,164.3691
4108.8,41.035,164.3801
4109.4,41.0701,164.391
4110.0,41.1051,164.4019
4110.6,41.1402,164.4129
4111.2,41.1753,164.4239
4111.9,41.2103,164.4349
4112.5,41.2454,164.4459
4113.1,41.2805,164.4569
4113.7,41.3155,164.4679
4114.3,41.3506,164.479
4114.9,41.3856,164.49
4115.5,41.4207,164.5011
4116.1,41.4557,164.5122
4116.8,41.4908,164.5233
4117.4,41.5258,164.5344
4118.0,41.5609,164.5455
4118.6,41.5959,164.5567
4119.2,41.6309,164.5679
4119.8,41.666,164.579
4120.4,41.701,164.5902
4121.0,41.736,164.6014
4121.7,41.7711,164.6127
4122.3,41.8061,164.6239
4122.9,41.8411,164.6351
4123.5,41.8762,164.6464
4124.1,41.9112,164.6577
4124.7,41.9462,164.669
4125.3,41.9813,164.6803
4125.9,42.0163,164.6917
4126.6,42.0513,164.703
4127.2,42.0863,164.7143
4127.8,42.1213,164.7257
4128.4,42.1563,164.7371
4129.0,42.1913,164.7485
4129.6,42.2264,164.7599
4130.2,42.2614,164.7714
4130.9,42.2964,164.7828
4131.5,42.3314,164.7943
4132.1,42.3664,164.8058
4132.7,42.4014,164.8173
4133.3,42.4364,164.8288
4133.9,42.4714,164.8403
4134.5,42.5064,164.8519
4135.1,42.5414,164.8634
4135.8,42.5764,164.875
4136.4,42.6114,164.8866
4137.0,42.6463,164.8982
4137.6,42.6813,164.9098
4138.2,42.7163,164.9214
4138.8,42.7513,164.9331
4139.4,42.7863,164.9448
4140.0,42.8212,164.9565
4140.7,42.8562,164.9682
4141.3,42.8912,164.9799
4141.9,42.9262,164.9916
4142.5,42.9611,165.0034
4143.1,42.9961,165.0151
4143.7,43.0311,165.0269
4144.3,43.066,165.0387
4144.9,43.101,165.0505
4145.6,43.136,165.0624
4146.2,43.1709,165.0742
4146.8,43.2059,165.0861
4147.4,43.2408,165.098
4148.0,43.2758,165.1099
4148.6,43.3107,165.1218
4149.2,43.3457,165.1337
4149.8,43.3806,165.1457
4150.5,43.4156,165.1576
4151.1,43.4505,165.1696
4151.7,43.4855,165.1816
4152.3,43.5204,165.1936
4152.9,43.5553,165.2056
4153.5,43.5903,165.2177
4154.1,43.6252,165.2298
4154.8,43.6601,165.2418
4155.4,43.6951,165.2539
4156.0,43.73,165.2661
4156.6,43.7649,165.2782
4157.2,43.7999,165.2903
4157.8,43.8348,165.3025
4158.4,43.8697,165.3147
4159.0,43.9046,165.3269
4159.7,43.9395,165.3391
4160.3,43.9744,165.3513
4160.9,44.0093,165.3636
4161.5,44.0443,165.3759
4162.1,44.0792,165.3881
4162.7,44.1141,165.4005
4163.3,44.149,165.4128
4163.9,44.1839,165.4251
4164.6,44.2188,165.4375
4165.2,44.2537,165.4498
4165.8,44.2886,165.4622
4166.4,44.3235,165.4746
4167.0,44.3583,165.4871
4167.6,44.3932,165.4995
4168.2,44.4281,165.512
4168.8,44.463,165.5245
4169.5,44.4979,165.537
4170.1,44.5328,165.5495
4170.7,44.5676,165.562
4171.3,44.6025,165.5746
4171.9,44.6374,165.5871
4172.5,44.6723,165.5997
4173.1,44.7071,165.6123
4173.8,44.742,165.625
4174.4,44.7769,165.6376
4175.0,44.8117,165.6503
4175.6,44.8466,165.6629
4176.2,44.8814,165.6756
4176.8,44.9163,165.6883
4177.4,44.9512,165.7011
4178.0,44.986,165.7138
4178.7,45.0209,165.7266
4179.3,45.0557,165.7394
4179.9,45.0905,165.7522
4180.5,45.1254,165.765
4181.1,45.1602,165.7779
4181.7,45.1951,165.7907
4182.3,45.2299,165.8036
4182.9,45.2647,165.8165
4183.6,45.2996,165.8295
4184.2,45.3344,165.8424
4184.8,45.3692,165.8553
4185.4,45.4041,165.8683
4186.0,45.4389,165.8813
4186.6,45.4737,165.8943
4187.2,45.5085,165.9074
4187.8,45.5433,165.9204
4188.5,45.5781,165.9335
4189.1,45.613,165.9466
4189.7,45.6478,165.9597
4190.3,45.6826,165.9728
4190.9,45.7174,165.986
4191.5,45.7522,165.9992
4192.1,45.787,166.0124
4192.8,45.8218,166.0256
4193.4,45.8566,166.0388
4194.0,45.8914,166.052
4194.6,45.9262,166.0653
4195.2,45.9609,166.0786
4195.8,45.9957,166.0919
4196.4,46.0305,166.1052
4197.0,46.0653,166.1186
4197.7,46.1001,166.1319
4198.3,46.1348,166.1453
4198.9,46.1696,166.1588
4199.5,46.2044,166.1722
4200.1,46.2392,166.1856
4200.7,46.2739,166.1991
4201.3,46.3087,166.2126
4201.9,46.3435,166.2261
4202.6,46.3782,166.2396
4203.2,46.413,166.2532
4203.8,46.4477,166.2667
4204.4,46.4825,166.2803
4205.0,46.5172,166.2939
4205.6,46.552,166.3076
4206.2,46.5867,166.3212
4206.8,46.6215,166.3349
4207.5,46.6562,166.3486
4208.1,46.6909,166.3623
4208.7,46.7257,166.376
4209.3,46.7604,166.3898
4209.9,46.7952,166.4036
4210.5,46.8299,166.4174
4211.1,46.8646,166.4312
4211.7,46.8993,166.445
4212.4,46.934,166.4589
4213.0,46.9688,166.4728
4213.6,47.0035,166.4867
4214.2,47.0382,166.5006
4214.8,47.0729,166.5145
4215.4,47.1076,166.5285
4216.0,47.1423,166.5425
4216.7,47.177,166.5565
4217.3,47.2117,166.5705
4217.9,47.2464,166.5846
4218.5,47.2811,166.5987
4219.1,47.3158,166.6128
4219.7,47.3505,166.6269
4220.3,47.3852,166.641
4220.9,47.4199,166.6552
4221.6,47.4546,166.6694
4222.2,47.4892,166.6836
4222.8,47.5239,166.6978
4223.4,47.5586,166.7121
4224.0,47.5933,166.7263
4224.6,47.6279,166.7406
4225.2,47.6626,166.7549
4225.8,47.6973,166.7693
4226.5,47.7319,166.7836
4227.1,47.7666,166.798
4227.7,47.8012,166.8124
4228.3,47.8359,166.8269
4228.9,47.8705,166.8413
4229.5,47.9052,166.8558
4230.1,47.9398,166.8703
4230.7,47.9745,166.8848
4231.4,48.0091,166.8993
4232.0,48.0438,166.9139
4232.6,48.0784,166.9285
4233.2,48.113,166.9431
4233.8,48.1477,166.9577
4234.4,48.1823,166.9724
4235.0,48.2169,166.9871
4235.7,48.2515,167.0018
4236.3,48.2862,167.0165
4236.9,48.3208,167.0312
4237.5,48.3554,167.046
4238.1,48.39,167.0608
4238.7,48.4246,167.0756
4239.3,48.4592,167.0905
4239.9,48.4938,167.1053
4240.6,48.5284,167.1202
4241.2,48.563,167.1352
4241.8,48.5976,167.1501
4242.4,48.6322,167.1651
4243.0,48.6668,167.1801
4243.6,48.7014,167.1951
4244.2,48.736,167.2101
4244.8,48.7705,167.2251
4245.5,48.8051,167.2402
4246.1,48.8397,167.2553
4246.7,48.8743,167.2705
4247.3,48.9088,167.2856
4247.9,48.9434,167.3008
4248.5,48.978,167.316
4249.1,49.0125,167.3312
4249.7,49.0471,167.3465
4250.4,49.0816,167.3618
4251.0,49.1162,167.3771
4251.6,49.1507,167.3924
4252.2,49.1853,167.4078
4252.8,49.2198,167.4231
4253.4,49.2544,167.4385
4254.0,49.2889,167.454
4254.6,49.3234,167.4694
4255.3,49.358,167.4849
4255.9,49.3925,167.5004
4256.5,49.427,167.5159
4257.1,49.4615,167.5315
4257.7,49.4961,167.5471
4258.3,49.5306,167.5627
4258.9,49.5651,167.5783
4259.6,49.5996,167.5939
4260.2,49.6341,167.6096
4260.8,49.6686,167.6253
4261.4,49.7031,167.6411
4262.0,49.7376,167.6568
4262.6,49.7721,167.6726
4263.2,49.8066,167.6884
4263.8,49.8411,167.7043
4264.5,49.8756,167.7201
4265.1,49.9101,167.736
4265.7,49.9445,167.7519
4266.3,49.979,167.7679
4266.9,50.0135,167.7838
4267.5,50.048,167.7998
4268.1,50.0824,167.8158
4268.7,50.1169,167.8319
4269.4,50.1514,167.848
4270.0,50.1858,167.8641
4270.6,50.2203,167.8802
4271.2,50.2547,167.8963
4271.8,50.2892,167.9125
4272.4,50.3236,167.9287
4273.0,50.3581,167.945
4273.6,50.3925,167.9612
4274.3,50.4269,167.9775
4274.9,50.4614,167.9938
4275.5,50.4958,168.0102
4276.1,50.5302,168.0266
4276.7,50.5647,168.043
4277.3,50.5991,168.0594
4277.9,50.6335,168.0758
4278.6,50.6679,168.0923
4279.2,50.7023,168.1088
4279.8,50.7367,168.1254
4280.4,50.7711,168.1419
4281.0,50.8055,168.1585
4281.6,50.8399,168.1752
4282.2,50.8743,168.1918
4282.8,50.9087,168.2085
4283.5,50.9431,168.2252
4284.1,50.9775,168.2419
4284.7,51.0119,168.2587
4285.3,51.0462,168.2755
4285.9,51.0806,168.2923
4286.5,51.115,168.3091
4287.1,51.1494,168.326
4287.7,51.1837,168.3429
4288.4,51.2181,168.3599
4289.0,51.2524,168.3768
4289.6,51.2868,168.3938
4290.2,51.3211,168.4109
4290.8,51.3555,168.4279
4291.4,51.3898,168.445
4292.0,51.4242,168.4621
4292.6,51.4585,168.4792
4293.3,51.4928,168.4964
4293.9,51.5272,168.5136
4294.5,51.5615,168.5308
4295.1,51.5958,168.5481
4295.7,51.6301,168.5654
4296.3,51.6645,168.5827
4296.9,51.6988,168.6001
4297.5,51.7331,168.6174
4298.2,51.7674,168.6348
4298.8,51.8017,168.6523
4299.4,51.836,168.6698
4300.0,51.8703,168.6873
4300.6,51.9046,168.7048
4301.2,51.9389,168.7223
4301.8,51.9731,168.7399
4302.5,52.0074,168.7576
4303.1,52.0417,168.7752
4303.7,52.076,168.7929
4304.3,52.1103,168.8106
4304.9,52.1445,168.8284
4305.5,52.1788,168.8461
4306.1,52.213,168.8639
4306.7,52.2473,168.8818
4307.4,52.2815,168.8997
4308.0,52.3158,168.9176
4308.6,52.35,168.9355
4309.2,52.3843,168.9535
4309.8,52.4185,168.9715
4310.4,52.4528,168.9895
4311.0,52.487,169.0075
4311.6,52.5212,169.0256
4312.3,52.5554,169.0438
4312.9,52.5896,169.0619
4313.5,52.6239,169.0801
4314.1,52.6581,169.0983
4314.7,52.6923,169.1166
4315.3,52.7265,169.1349
4315.9,52.7607,169.1532
4316.5,52.7949,169.1715
4317.2,52.8291,169.1899
4317.8,52.8633,169.2083
4318.4,52.8974,169.2268
4319.0,52.9316,169.2453
4319.6,52.9658,169.2638
4320.2,53.0,169.2823
4320.8,53.0341,169.3009
4321.5,53.0683,169.3195
4322.1,53.1025,169.3382
4322.7,53.1366,169.3569
4323.3,53.1708,169.3756
4323.9,53.2049,169.3943
4324.5,53.2391,169.4131
4325.1,53.2732,169.432
4325.7,53.3074,169.4508
4326.4,53.3415,169.4697
4327.0,53.3756,169.4886
4327.6,53.4098,169.5076
4328.2,53.4439,169.5266
4328.8,53.478,169.5456
4329.4,53.5121,169.5647
4330.0,53.5462,169.5837
4330.6,53.5803,169.6029
4331.3,53.6144,169.622
4331.9,53.6485,169.6412
4332.5,53.6826,169.6605
4333.1,53.7167,169.6797
4333.7,53.7508,169.699
4334.3,53.7849,169.7184
4334.9,53.8189,169.7378
4335.5,53.853,169.7572
4336.2,53.8871,169.7766
4336.8,53.9212,169.7961
4337.4,53.9552,169.8156
4338.0,53.9893,169.8352
4338.6,54.0233,169.8548
4339.2,54.0574,169.8744
4339.8,54.0914,169.894
4340.4,54.1255,169.9137
4341.1,54.1595,169.9335
4341.7,54.1935,169.9532
4342.3,54.2275,169.9731
4342.9,54.2616,169.9929
4343.5,54.2956,170.0128
4344.1,54.3296,170.0327
4344.7,54.3636,170.0527
4345.4,54.3976,170.0726
4346.0,54.4316,170.0927
4346.6,54.4656,170.1127
4347.2,54.4996,170.1329
4347.8,54.5336,170.153
4348.4,54.5676,170.1732
4349.0,54.6016,170.1934
4349.6,54.6355,170.2137
4350.3,54.6695,170.2339
4350.9,54.7035,170.2543
4351.5,54.7374,170.2747
4352.1,54.7714,170.2951
4352.7,54.8053,170.3155
4353.3,54.8393,170.336
4353.9,54.8732,170.3565
4354.5,54.9072,170.3771
4355.2,54.9411,170.3977
4355.8,54.975,170.4183
4356.4,55.0089,170.439
4357.0,55.0429,170.4597
4357.6,55.0768,170.4805
4107.0,40.9257,164.3705
4107.6,40.9607,164.3814
4108.2,40.9958,164.3923
4108.8,41.0309,164.4032
4109.4,41.0659,164.4142
4110.0,41.101,164.4251
4110.6,41.1361,164.4361
4111.2,41.1711,164.4471
4111.9,41.2062,164.4581
4112.5,41.2412,164.4691
4113.1,41.2763,164.4801
4113.7,41.3113,164.4911
4114.3,41.3464,164.5022
4114.9,41.3815,164.5133
4115.5,41.4165,164.5244
4116.1,41.4515,164.5355
4116.8,41.4866,164.5466
4117.4,41.5216,164.5577
4118.0,41.5567,164.5689
4118.6,41.5917,164.58
4119.2,41.6268,164.5912
4119.8,41.6618,164.6024
4120.4,41.6968,164.6136
4121.0,41.7319,164.6248
4121.7,41.7669,164.636
4122.3,41.8019,164.6473
4122.9,41.8369,164.6586
4123.5,41.872,164.6698
4124.1,41.907,164.6811
4124.7,41.942,164.6924
4125.3,41.977,164.7038
4125.9,42.012,164.7151
4126.6,42.0471,164.7265
4127.2,42.0821,164.7378
4127.8,42.1171,164.7492
4128.4,42.1521,164.7606
4129.0,42.1871,164.772
4129.6,42.2221,164.7835
4130.2,42.2571,164.7949
4130.9,42.2921,164.8064
4131.5,42.3271,164.8179
4132.1,42.3621,164.8294
4132.7,42.3971,164.8409
4133.3,42.4321,164.8524
4133.9,42.4671,164.8639
4134.5,42.5021,164.8755
4135.1,42.5371,164.8871
4135.8,42.5721,164.8987
4136.4,42.6071,164.9103
4137.0,42.6421,164.9219
4137.6,42.677,164.9335
4138.2,42.712,164.9452
4138.8,42.747,164.9568
4139.4,42.782,164.9685
4140.0,42.8169,164.9802
4140.7,42.8519,164.9919
4141.3,42.8869,165.0037
4141.9,42.9219,165.0154
4142.5,42.9568,165.0272
4143.1,42.9918,165.0389
4143.7,43.0268,165.0507
4144.3,43.0617,165.0626
4144.9,43.0967,165.0744
4145.6,43.1316,165.0862
4146.2,43.1666,165.0981
4146.8,43.2015,165.11
4147.4,43.2365,165.1219
4148.0,43.2714,165.1338
4148.6,43.3064,165.1457
4149.2,43.3413,165.1576
4149.8,43.3763,165.1696
4150.5,43.4112,165.1816
4151.1,43.4462,165.1936
4151.7,43.4811,165.2056
4152.3,43.516,165.2176
4152.9,43.551,165.2296
4153.5,43.5859,165.2417
4154.1,43.6208,165.2538
4154.8,43.6558,165.2659
4155.4,43.6907,165.278
4156.0,43.7256,165.2901
4156.6,43.7605,165.3023
4157.2,43.7954,165.3144
4157.8,43.8304,165.3266
4158.4,43.8653,165.3388
4159.0,43.9002,165.351
4159.7,43.9351,165.3633
4160.3,43.97,165.3755
4160.9,44.0049,165.3878
4161.5,44.0398,165.4
4162.1,44.0747,165.4123
4162.7,44.1096,165.4247
4163.3,44.1445,165.437
4163.9,44.1794,165.4493
4164.6,44.2143,165.4617
4165.2,44.2492,165.4741
4165.8,44.2841,165.4865
4166.4,44.319,165.4989
4167.0,44.3539,165.5114
4167.6,44.3888,165.5238
4168.2,44.4237,165.5363
4168.8,44.4585,165.5488
4169.5,44.4934,165.5613
4170.1,44.5283,165.5738
4170.7,44.5632,165.5864
4171.3,44.598,165.599
4171.9,44.6329,165.6115
4172.5,44.6678,165.6241
4173.1,44.7026,165.6368
4173.8,44.7375,165.6494
4174.4,44.7724,165.662
4175.0,44.8072,165.6747
4175.6,44.8421,165.6874
4176.2,44.8769,165.7001
4176.8,44.9118,165.7129
4177.4,44.9466,165.7256
4178.0,44.9815,165.7384
4178.7,45.0163,165.7512
4179.3,45.0512,165.764
4179.9,45.086,165.7768
4180.5,45.1208,165.7896
4181.1,45.1557,165.8025
4181.7,45.1905,165.8154
4182.3,45.2253,165.8283
4182.9,45.2602,165.8412
4183.6,45.295,165.8541
4184.2,45.3298,165.8671
4184.8,45.3647,165.88
4185.4,45.3995,165.893
4186.0,45.4343,165.9061
4186.6,45.4691,165.9191
4187.2,45.5039,165.9321
4187.8,45.5387,165.9452
4188.5,45.5735,165.9583
4189.1,45.6084,165.9714
4189.7,45.6432,165.9845
4190.3,45.678,165.9977
4190.9,45.7128,166.0108
4191.5,45.7476,166.024
4192.1,45.7824,166.0372
4192.8,45.8172,166.0504
4193.4,45.8519,166.0637
4194.0,45.8867,166.0769
4194.6,45.9215,166.0902
4195.2,45.9563,166.1035
4195.8,45.9911,166.1169
4196.4,46.0259,166.1302
4197.0,46.0606,166.1436
4197.7,46.0954,166.1569
4198.3,46.1302,166.1703
4198.9,46.165,166.1838
4199.5,46.1997,166.1972
4200.1,46.2345,166.2107
4200.7,46.2693,166.2242
4201.3,46.304,166.2376
4201.9,46.3388,166.2512
4202.6,46.3735,166.2647
4203.2,46.4083,166.2783
4203.8,46.443,166.2919
4204.4,46.4778,166.3055
4205.0,46.5125,166.3191
4205.6,46.5473,166.3327
4206.2,46.582,166.3464
4206.8,46.6168,166.3601
4207.5,46.6515,166.3738
4208.1,46.6862,166.3875
4208.7,46.721,166.4013
4209.3,46.7557,166.4151
4209.9,46.7904,166.4288
4210.5,46.8251,166.4427
4211.1,46.8599,166.4565
4211.7,46.8946,166.4703
4212.4,46.9293,166.4842
4213.0,46.964,166.4981
4213.6,46.9987,166.512
4214.2,47.0334,166.526
4214.8,47.0681,166.5399
4215.4,47.1028,166.5539
4216.0,47.1375,166.5679
4216.7,47.1722,166.5819
4217.3,47.2069,166.596
4217.9,47.2416,166.6101
4218.5,47.2763,166.6241
4219.1,47.311,166.6383
4219.7,47.3457,166.6524
4220.3,47.3804,166.6665
4220.9,47.4151,166.6807
4221.6,47.4497,166.6949
4222.2,47.4844,166.7091
4222.8,47.5191,166.7234
4223.4,47.5538,166.7377
4224.0,47.5884,166.7519
4224.6,47.6231,166.7663
4225.2,47.6578,166.7806
4225.8,47.6924,166.7949
4226.5,47.7271,166.8093
4227.1,47.7617,166.8237
4227.7,47.7964,166.8381
4228.3,47.831,166.8526
4228.9,47.8657,166.867
4229.5,47.9003,166.8815
4230.1,47.935,166.896
4230.7,47.9696,166.9106
4231.4,48.0042,166.9251
4232.0,48.0389,166.9397
4232.6,48.0735,166.9543
4233.2,48.1081,166.9689
4233.8,48.1428,166.9836
4234.4,48.1774,166.9983
4235.0,48.212,167.013
4235.7,48.2466,167.0277
4236.3,48.2812,167.0424
4236.9,48.3159,167.0572
4237.5,48.3505,167.072
4238.1,48.3851,167.0868
4238.7,48.4197,167.1016
4239.3,48.4543,167.1165
4239.9,48.4889,167.1314
4240.6,48.5235,167.1463
4241.2,48.5581,167.1612
4241.8,48.5927,167.1762
4242.4,48.6272,167.1911
4243.0,48.6618,167.2061
4243.6,48.6964,167.2212
4244.2,48.731,167.2362
4244.8,48.7656,167.2513
4245.5,48.8001,167.2664
4246.1,48.8347,167.2815
4246.7,48.8693,167.2967
4247.3,48.9038,167.3118
4247.9,48.9384,167.327
4248.5,48.973,167.3423
4249.1,49.0075,167.3575
4249.7,49.0421,167.3728
4250.4,49.0766,167.3881
4251.0,49.1112,167.4034
4251.6,49.1457,167.4187
4252.2,49.1802,167.4341
4252.8,49.2148,167.4495
4253.4,49.2493,167.4649
4254.0,49.2839,167.4803
4254.6,49.3184,167.4958
4255.3,49.3529,167.5113
4255.9,49.3874,167.5268
4256.5,49.422,167.5424
4257.1,49.4565,167.5579
4257.7,49.491,167.5735
4258.3,49.5255,167.5892
4258.9,49.56,167.6048
4259.6,49.5945,167.6205
4260.2,49.629,167.6362
4260.8,49.6635,167.6519
4261.4,49.698,167.6676
4262.0,49.7325,167.6834
4262.6,49.767,167.6992
4263.2,49.8015,167.715
4263.8,49.836,167.7309
4264.5,49.8704,167.7468
4265.1,49.9049,167.7627
4265.7,49.9394,167.7786
4266.3,49.9739,167.7946
4266.9,50.0083,167.8106
4267.5,50.0428,167.8266
4268.1,50.0773,167.8426
4268.7,50.1117,167.8587
4269.4,50.1462,167.8748
4270.0,50.1806,167.8909
4270.6,50.2151,167.907
4271.2,50.2495,167.9232
4271.8,50.284,167.9394
4272.4,50.3184,167.9556
4273.0,50.3529,167.9719
4273.6,50.3873,167.9882
4274.3,50.4217,168.0045
4274.9,50.4562,168.0208
4275.5,50.4906,168.0372
4276.1,50.525,168.0535
4276.7,50.5594,168.07
4277.3,50.5938,168.0864
4277.9,50.6283,168.1029
4278.6,50.6627,168.1194
4279.2,50.6971,168.1359
4279.8,50.7315,168.1525
4280.4,50.7659,168.1691
4281.0,50.8003,168.1857
4281.6,50.8347,168.2023
4282.2,50.869,168.219
4282.8,50.9034,168.2357
4283.5,50.9378,168.2524
4284.1,50.9722,168.2691
4284.7,51.0066,168.2859
4285.3,51.0409,168.3027
4285.9,51.0753,168.3196
4286.5,51.1097,168.3364
4287.1,51.144,168.3533
4287.7,51.1784,168.3703
4288.4,51.2128,168.3872
4289.0,51.2471,168.4042
4289.6,51.2815,168.4212
4290.2,51.3158,168.4382
4290.8,51.3501,168.4553
4291.4,51.3845,168.4724
4292.0,51.4188,168.4895
4292.6,51.4532,168.5067
4293.3,51.4875,168.5239
4293.9,51.5218,168.5411
4294.5,51.5561,168.5584
4295.1,51.5904,168.5756
4295.7,51.6248,168.5929
4296.3,51.6591,168.6103
4296.9,51.6934,168.6276
4297.5,51.7277,168.6451
4298.2,51.762,168.6625
4298.8,51.7963,168.6799
4299.4,51.8306,168.6974
4300.0,51.8649,168.7149
4300.6,51.8992,168.7325
4301.2,51.9334,168.7501
4301.8,51.9677,168.7677
4302.5,52.002,168.7853
4303.1,52.0363,168.803
4303.7,52.0705,168.8207
4304.3,52.1048,168.8384
4304.9,52.1391,168.8562
4305.5,52.1733,168.874
4306.1,52.2076,168.8918
4306.7,52.2418,168.9097
4307.4,52.2761,168.9276
4308.0,52.3103,168.9455
4308.6,52.3445,168.9634
4309.2,52.3788,168.9814
4309.8,52.413,168.9994
4310.4,52.4472,169.0175
4311.0,52.4815,169.0356
4311.6,52.5157,169.0537
4312.3,52.5499,169.0718
4312.9,52.5841,169.09
4313.5,52.6183,169.1082
4314.1,52.6525,169.1264
4314.7,52.6867,169.1447
4315.3,52.7209,169.163
4315.9,52.7551,169.1814
4316.5,52.7893,169.1997
4317.2,52.8235,169.2181
4317.8,52.8577,169.2366
4318.4,52.8919,169.2551
4319.0,52.926,169.2735
4319.6,52.9602,169.2921
4320.2,52.9944,169.3107
4320.8,53.0285,169.3293
4321.5,53.0627,169.3479
4322.1,53.0969,169.3666
4322.7,53.131,169.3853
4323.3,53.1652,169.404
4323.9,53.1993,169.4228
4324.5,53.2334,169.4416
4325.1,53.2676,169.4604
4325.7,53.3017,169.4793
4326.4,53.3358,169.4982
4327.0,53.37,169.5171
4327.6,53.4041,169.5361
4328.2,53.4382,169.5551
4328.8,53.4723,169.5742
4329.4,53.5064,169.5932
4330.0,53.5405,169.6124
4330.6,53.5746,169.6315
4331.3,53.6087,169.6507
4331.9,53.6428,169.6699
4332.5,53.6769,169.6892
4333.1,53.711,169.7085
4333.7,53.7451,169.7278
4334.3,53.7791,169.7471
4334.9,53.8132,169.7665
4335.5,53.8473,169.786
4336.2,53.8813,169.8054
4336.8,53.9154,169.8249
4337.4,53.9495,169.8445
4338.0,53.9835,169.864
4338.6,54.0175,169.8837
4339.2,54.0516,169.9033
4339.8,54.0856,169.923
4340.4,54.1197,169.9427
4341.1,54.1537,169.9625
4341.7,54.1877,169.9823
4342.3,54.2217,170.0021
4342.9,54.2558,170.0219
4343.5,54.2898,170.0418
4344.1,54.3238,170.0618
4344.7,54.3578,170.0818
4345.4,54.3918,170.1018
4346.0,54.4258,170.1218
4346.6,54.4598,170.1419
4347.2,54.4937,170.162
4347.8,54.5277,170.1822
4348.4,54.5617,170.2024
4349.0,54.5957,170.2226
4349.6,54.6296,170.2429
4350.3,54.6636,170.2632
4350.9,54.6976,170.2836
4351.5,54.7315,170.304
4352.1,54.7655,170.3244
4352.7,54.7994,170.3449
4353.3,54.8334,170.3654
4353.9,54.8673,170.3859
4354.5,54.9012,170.4065
4355.2,54.9352,170.4271
4355.8,54.9691,170.4478
4356.4,55.003,170.4685
4357.0,55.0369,170.4892
4107.0,40.9215,164.3936
4107.6,40.9566,164.4045
4108.2,40.9917,164.4154
4108.8,41.0267,164.4263
4109.4,41.0618,164.4373
4110.0,41.0969,164.4483
4110.6,41.1319,164.4593
4111.2,41.167,164.4703
4111.9,41.202,164.4813
4112.5,41.2371,164.4923
4113.1,41.2721,164.5033
4113.7,41.3072,164.5144
4114.3,41.3422,164.5255
4114.9,41.3773,164.5365
4115.5,41.4123,164.5476
4116.1,41.4474,164.5587
4116.8,41.4824,164.5699
4117.4,41.5174,164.581
4118.0,41.5525,164.5922
4118.6,41.5875,164.6033
4119.2,41.6226,164.6145
4119.8,41.6576,164.6257
4120.4,41.6926,164.637
4121.0,41.7276,164.6482
4121.7,41.7627,164.6594
4122.3,41.7977,164.6707
4122.9,41.8327,164.682
4123.5,41.8677,164.6933
4124.1,41.9028,164.7046
4124.7,41.9378,164.7159
4125.3,41.9728,164.7272
4125.9,42.0078,164.7386
4126.6,42.0428,164.75
4127.2,42.0778,164.7613
4127.8,42.1128,164.7727
4128.4,42.1479,164.7841
4129.0,42.1829,164.7956
4129.6,42.2179,164.807
4130.2,42.2529,164.8185
4130.9,42.2879,164.83
4131.5,42.3229,164.8414
4132.1,42.3579,164.853
4132.7,42.3929,164.8645
4133.3,42.4278,164.876
4133.9,42.4628,164.8876
4134.5,42.4978,164.8991
4135.1,42.5328,164.9107
4135.8,42.5678,164.9223
4136.4,42.6028,164.9339
4137.0,42.6378,164.9456
4137.6,42.6727,164.9572
4138.2,42.7077,164.9689
4138.8,42.7427,164.9805
4139.4,42.7777,164.9922
4140.0,42.8126,165.004
4140.7,42.8476,165.0157
4141.3,42.8826,165.0274
4141.9,42.9175,165.0392
4142.5,42.9525,165.051
4143.1,42.9875,165.0628
4143.7,43.0224,165.0746
4144.3,43.0574,165.0864
4144.9,43.0923,165.0982
4145.6,43.1273,165.1101
4146.2,43.1622,165.1219
4146.8,43.1972,165.1339
4147.4,43.2321,165.1458
4148.0,43.2671,165.1577
4148.6,43.302,165.1696
4149.2,43.337,165.1816
4149.8,43.3719,165.1935
4150.5,43.4069,165.2055
4151.1,43.4418,165.2175
4151.7,43.4767,165.2296
4152.3,43.5117,165.2416
4152.9,43.5466,165.2536
4153.5,43.5815,165.2657
4154.1,43.6164,165.2778
4154.8,43.6514,165.2899
4155.4,43.6863,165.302
4156.0,43.7212,165.3142
4156.6,43.7561,165.3263
4157.2,43.791,165.3385
4157.8,43.826,165.3507
4158.4,43.8609,165.3629
4159.0,43.8958,165.3752
4159.7,43.9307,165.3874
4160.3,43.9656,165.3996
4160.9,44.0005,165.4119
4161.5,44.0354,165.4242
4162.1,44.0703,165.4365
4162.7,44.1052,165.4489
4163.3,44.1401,165.4612
4163.9,44.175,165.4736
4164.6,44.2099,165.486
4165.2,44.2448,165.4984
4165.8,44.2797,165.5108
4166.4,44.3145,165.5232
4167.0,44.3494,165.5357
4167.6,44.3843,165.5481
4168.2,44.4192,165.5606
4168.8,44.4541,165.5731
4169.5,44.4889,165.5857
4170.1,44.5238,165.5982
4170.7,44.5587,165.6108
4171.3,44.5935,165.6234
4171.9,44.6284,165.6359
4172.5,44.6633,165.6486
4173.1,44.6981,165.6612
4173.8,44.733,165.6738
4174.4,44.7678,165.6865
4175.0,44.8027,165.6992
4175.6,44.8376,165.7119
4176.2,44.8724,165.7246
4176.8,44.9073,165.7374
4177.4,44.9421,165.7501
4178.0,44.9769,165.7629
4178.7,45.0118,165.7757
4179.3,45.0466,165.7885
4179.9,45.0815,165.8014
4180.5,45.1163,165.8142
4181.1,45.1511,165.8271
4181.7,45.186,165.84
4182.3,45.2208,165.8529
4182.9,45.2556,165.8658
4183.6,45.2904,165.8788
4184.2,45.3253,165.8917
4184.8,45.3601,165.9047
4185.4,45.3949,165.9177
4186.0,45.4297,165.9308
4186.6,45.4645,165.9438
4187.2,45.4993,165.9569
4187.8,45.5341,165.97
4188.5,45.569,165.983
4189.1,45.6038,165.9962
4189.7,45.6386,166.0093
4190.3,45.6734,166.0225
4190.9,45.7082,166.0356
4191.5,45.7429,166.0488
4192.1,45.7777,166.0621
4192.8,45.8125,166.0753
4193.4,45.8473,166.0886
4194.0,45.8821,166.1018
4194.6,45.9169,166.1151
4195.2,45.9517,166.1284
4195.8,45.9864,166.1418
4196.4,46.0212,166.1552
4197.0,46.056,166.1685
4197.7,46.0908,166.1819
4198.3,46.1255,166.1953
4198.9,46.1603,166.2088
4199.5,46.1951,166.2222
4200.1,46.2298,166.2357
4200.7,46.2646,166.2492
4201.3,46.2993,166.2627
4201.9,46.3341,166.2762
4202.6,46.3688,166.2898
4203.2,46.4036,166.3034
4203.8,46.4383,166.317
4204.4,46.4731,166.3306
4205.0,46.5078,166.3442
4205.6,46.5426,166.3579
4206.2,46.5773,166.3716
4206.8,46.612,166.3853
4207.5,46.6468,166.399
4208.1,46.6815,166.4128
4208.7,46.7162,166.4265
4209.3,46.751,166.4403
4209.9,46.7857,166.4541
4210.5,46.8204,166.4679
4211.1,46.8551,166.4818
4211.7,46.8898,166.4957
4212.4,46.9245,166.5095
4213.0,46.9593,166.5235
4213.6,46.994,166.5374
4214.2,47.0287,166.5513
4214.8,47.0634,166.5653
4215.4,47.0981,166.5793
4216.0,47.1328,166.5933
4216.7,47.1675,166.6074
4217.3,47.2022,166.6214
4217.9,47.2368,166.6355
4218.5,47.2715,166.6496
4219.1,47.3062,166.6637
4219.7,47.3409,166.6779
4220.3,47.3756,166.6921
4220.9,47.4103,166.7063
4221.6,47.4449,166.7205
4222.2,47.4796,166.7347
4222.8,47.5143,166.749
4223.4,47.5489,166.7632
4224.0,47.5836,166.7775
4224.6,47.6183,166.7919
4225.2,47.6529,166.8062
4225.8,47.6876,166.8206
4226.5,47.7222,166.835
4227.1,47.7569,166.8494
4227.7,47.7915,166.8638
4228.3,47.8262,166.8783
4228.9,47.8608,166.8928
4229.5,47.8955,166.9073
4230.1,47.9301,166.9218
4230.7,47.9647,166.9364
4231.4,47.9994,166.9509
4232.0,48.034,166.9655
4232.6,48.0686,166.9801
4233.2,48.1032,166.9948
4233.8,48.1379,167.0094
4234.4,48.1725,167.0241
4235.0,48.2071,167.0388
4235.7,48.2417,167.0536
4236.3,48.2763,167.0683
4236.9,48.3109,167.0831
4237.5,48.3455,167.0979
4238.1,48.3801,167.1128
4238.7,48.4147,167.1276
4239.3,48.4493,167.1425
4239.9,48.4839,167.1574
4240.6,48.5185,167.1723
4241.2,48.5531,167.1873
4241.8,48.5877,167.2022
4242.4,48.6223,167.2172
4243.0,48.6568,167.2322
4243.6,48.6914,167.2473
4244.2,48.726,167.2623
4244.8,48.7606,167.2774
4245.5,48.7951,167.2925
4246.1,48.8297,167.3077
4246.7,48.8643,167.3228
4247.3,48.8988,167.338
4247.9,48.9334,167.3532
4248.5,48.9679,167.3685
4249.1,49.0025,167.3837
4249.7,49.037,167.399
4250.4,49.0716,167.4143
4251.0,49.1061,167.4297
4251.6,49.1407,167.445
4252.2,49.1752,167.4604
4252.8,49.2097,167.4758
4253.4,49.2443,167.4913
4254.0,49.2788,167.5067
4254.6,49.3133,167.5222
4255.3,49.3478,167.5377
4255.9,49.3824,167.5533
4256.5,49.4169,167.5688
4257.1,49.4514,167.5844
4257.7,49.4859,167.6
4258.3,49.5204,167.6156
4258.9,49.5549,167.6313
4259.6,49.5894,167.647
4260.2,49.6239,167.6627
4260.8,49.6584,167.6785
4261.4,49.6929,167.6942
4262.0,49.7274,167.71
4262.6,49.7619,167.7258
4263.2,49.7964,167.7417
4263.8,49.8308,167.7576
4264.5,49.8653,167.7734
4265.1,49.8998,167.7894
4265.7,49.9343,167.8053
4266.3,49.9687,167.8213
4266.9,50.0032,167.8373
4267.5,50.0377,167.8533
4268.1,50.0721,167.8694
4268.7,50.1066,167.8855
4269.4,50.141,167.9016
4270.0,50.1755,167.9177
4270.6,50.2099,167.9339
4271.2,50.2444,167.95
4271.8,50.2788,167.9663
4272.4,50.3132,167.9825
4273.0,50.3477,167.9988
4273.6,50.3821,168.0151
4274.3,50.4165,168.0314
4274.9,50.4509,168.0477
4275.5,50.4854,168.0641
4276.1,50.5198,168.0805
4276.7,50.5542,168.097
4277.3,50.5886,168.1134
4277.9,50.623,168.1299
4278.6,50.6574,168.1464
4279.2,50.6918,168.163
4279.8,50.7262,168.1796
4280.4,50.7606,168.1962
4281.0,50.795,168.2128
4281.6,50.8294,168.2294
4282.2,50.8638,168.2461
4282.8,50.8981,168.2628
4283.5,50.9325,168.2796
4284.1,50.9669,168.2964
4284.7,51.0013,168.3132
4285.3,51.0356,168.33
4285.9,51.07,168.3468
4286.5,51.1044,168.3637
4287.1,51.1387,168.3806
4287.7,51.1731,168.3976
4288.4,51.2074,168.4146
4289.0,51.2418,168.4315
4289.6,51.2761,168.4486
4290.2,51.3105,168.4656
4290.8,51.3448,168.4827
4291.4,51.3791,168.4998
4292.0,51.4135,168.517
4292.6,51.4478,168.5342
4293.3,51.4821,168.5514
4293.9,51.5164,168.5686
4294.5,51.5507,168.5859
4295.1,51.5851,168.6032
4295.7,51.6194,168.6205
4296.3,51.6537,168.6378
4296.9,51.688,168.6552
4297.5,51.7223,168.6727
4298.2,51.7566,168.6901
4298.8,51.7909,168.7076
4299.4,51.8252,168.7251
4300.0,51.8594,168.7426
4300.6,51.8937,168.7602
4301.2,51.928,168.7778
4301.8,51.9623,168.7954
4302.5,51.9965,168.8131
4303.1,52.0308,168.8307
4303.7,52.0651,168.8485
4304.3,52.0993,168.8662
4304.9,52.1336,168.884
4305.5,52.1678,168.9018
4306.1,52.2021,168.9197
4306.7,52.2363,168.9375
4307.4,52.2706,168.9555
4308.0,52.3048,168.9734
4308.6,52.339,168.9914
4309.2,52.3733,169.0094
4309.8,52.4075,169.0274
4310.4,52.4417,169.0455
4311.0,52.4759,169.0636
4311.6,52.5102,169.0817
4312.3,52.5444,169.0999
4312.9,52.5786,169.1181
4313.5,52.6128,169.1363
4314.1,52.647,169.1546
4314.7,52.6812,169.1729
4315.3,52.7154,169.1912
4315.9,52.7496,169.2095
4316.5,52.7837,169.2279
4317.2,52.8179,169.2463
4317.8,52.8521,169.2648
4318.4,52.8863,169.2833
4319.0,52.9204,169.3018
4319.6,52.9546,169.3204
4320.2,52.9888,169.339
4320.8,53.0229,169.3576
4321.5,53.0571,169.3762
4322.1,53.0912,169.3949
4322.7,53.1254,169.4136
4323.3,53.1595,169.4324
4323.9,53.1937,169.4512
4324.5,53.2278,169.47
4325.1,53.2619,169.4889
4325.7,53.2961,169.5078
4326.4,53.3302,169.5267
4327.0,53.3643,169.5457
4327.6,53.3984,169.5647
4328.2,53.4325,169.5837
4328.8,53.4666,169.6027
4329.4,53.5007,169.6218
4330.0,53.5348,169.641
4330.6,53.5689,169.6601
4331.3,53.603,169.6793
4331.9,53.6371,169.6986
4332.5,53.6712,169.7178
4333.1,53.7053,169.7372
4333.7,53.7393,169.7565
4334.3,53.7734,169.7759
4334.9,53.8075,169.7953
4335.5,53.8415,169.8148
4336.2,53.8756,169.8342
4336.8,53.9096,169.8538
4337.4,53.9437,169.8733
4338.0,53.9777,169.8929
4338.6,54.0118,169.9125
4339.2,54.0458,169.9322
4339.8,54.0798,169.9519
4340.4,54.1139,169.9716
4341.1,54.1479,169.9914
4341.7,54.1819,170.0112
4342.3,54.2159,170.0311
4342.9,54.2499,170.051
4343.5,54.2839,170.0709
4344.1,54.3179,170.0909
4344.7,54.3519,170.1109
4345.4,54.3859,170.1309
4346.0,54.4199,170.151
4346.6,54.4539,170.1711
4347.2,54.4879,170.1912
4347.8,54.5219,170.2114
4348.4,54.5558,170.2316
4349.0,54.5898,170.2519
4349.6,54.6238,170.2722
4350.3,54.6577,170.2925
4350.9,54.6917,170.3129
4351.5,54.7256,170.3333
4352.1,54.7596,170.3537
4352.7,54.7935,170.3742
4353.3,54.8274,170.3948
4353.9,54.8614,170.4153
4354.5,54.8953,170.4359
4355.2,54.9292,170.4566
4355.8,54.9631,170.4773
4356.4,54.997,170.498
4107.0,40.9174,164.4167
4107.6,40.9525,164.4276
4108.2,40.9875,164.4385
4108.8,41.0226,164.4495
4109.4,41.0576,164.4605
4110.0,41.0927,164.4714
4110.6,41.1278,164.4824
4111.2,41.1628,164.4934
4111.9,41.1979,164.5045
4112.5,41.2329,164.5155
4113.1,41.268,164.5266
4113.7,41.303,164.5376
4114.3,41.3381,164.5487
4114.9,41.3731,164.5598
4115.5,41.4081,164.5709
4116.1,41.4432,164.582
4116.8,41.4782,164.5932
4117.4,41.5133,164.6043
4118.0,41.5483,164.6155
4118.6,41.5833,164.6267
4119.2,41.6184,164.6379
4119.8,41.6534,164.6491
4120.4,41.6884,164.6603
4121.0,41.7234,164.6716
4121.7,41.7585,164.6828
4122.3,41.7935,164.6941
4122.9,41.8285,164.7054
4123.5,41.8635,164.7167
4124.1,41.8985,164.728
4124.7,41.9336,164.7393
4125.3,41.9686,164.7507
4125.9,42.0036,164.7621
4126.6,42.0386,164.7734
4127.2,42.0736,164.7848
4127.8,42.1086,164.7962
4128.4,42.1436,164.8077
4129.0,42.1786,164.8191
4129.6,42.2136,164.8306
4130.2,42.2486,164.842
4130.9,42.2836,164.8535
4131.5,42.3186,164.865
4132.1,42.3536,164.8765
4132.7,42.3886,164.8881
4133.3,42.4236,164.8996
4133.9,42.4586,164.9112
4134.5,42.4935,164.9228
4135.1,42.5285,164.9344
4135.8,42.5635,164.946
4136.4,42.5985,164.9576
4137.0,42.6335,164.9692
4137.6,42.6684,164.9809
4138.2,42.7034,164.9926
4138.8,42.7384,165.0043
4139.4,42.7734,165.016
4140.0,42.8083,165.0277
4140.7,42.8433,165.0394
4141.3,42.8783,165.0512
4141.9,42.9132,165.063
4142.5,42.9482,165.0748
4143.1,42.9831,165.0865
4143.7,43.0181,165.0984
4144.3,43.053,165.1102
4144.9,43.088,165.1221
4145.6,43.1229,165.1339
4146.2,43.1579,165.1458
4146.8,43.1928,165.1577
4147.4,43.2278,165.1696
4148.0,43.2627,165.1816
4148.6,43.2977,165.1935
4149.2,43.3326,165.2055
4149.8,43.3675,165.2175
4150.5,43.4025,165.2295
4151.1,43.4374,165.2415
4151.7,43.4723,165.2535
4152.3,43.5073,165.2656
4152.9,43.5422,165.2776
4153.5,43.5771,165.2897
4154.1,43.612,165.3018
4154.8,43.647,165.314
4155.4,43.6819,165.3261
4156.0,43.7168,165.3383
4156.6,43.7517,165.3504
4157.2,43.7866,165.3626
4157.8,43.8215,165.3748
4158.4,43.8564,165.387
4159.0,43.8914,165.3993
4159.7,43.9263,165.4115
4160.3,43.9612,165.4238
4160.9,43.9961,165.4361
4161.5,44.031,165.4484
4162.1,44.0659,165.4607
4162.7,44.1007,165.4731
4163.3,44.1356,165.4854
4163.9,44.1705,165.4978
4164.6,44.2054,165.5102
4165.2,44.2403,165.5226
4165.8,44.2752,165.535
4166.4,44.3101,165.5475
4167.0,44.3449,165.56
4167.6,44.3798,165.5724
4168.2,44.4147,165.585
4168.8,44.4496,165.5975
4169.5,44.4844,165.61
4170.1,44.5193,165.6226
4170.7,44.5542,165.6351
4171.3,44.589,165.6477
4171.9,44.6239,165.6603
4172.5,44.6588,165.673
4173.1,44.6936,165.6856
4173.8,44.7285,165.6983
4174.4,44.7633,165.711
4175.0,44.7982,165.7237
4175.6,44.833,165.7364
4176.2,44.8679,165.7491
4176.8,44.9027,165.7619
4177.4,44.9376,165.7747
4178.0,44.9724,165.7874
4178.7,45.0072,165.8003
4179.3,45.0421,165.8131
4179.9,45.0769,165.8259
4180.5,45.1117,165.8388
4181.1,45.1466,165.8517
4181.7,45.1814,165.8646
4182.3,45.2162,165.8775
4182.9,45.251,165.8905
4183.6,45.2859,165.9034
4184.2,45.3207,165.9164
4184.8,45.3555,165.9294
4185.4,45.3903,165.9424
4186.0,45.4251,165.9555
4186.6,45.4599,165.9685
4187.2,45.4947,165.9816
4187.8,45.5295,165.9947
4188.5,45.5643,166.0078
4189.1,45.5991,166.021
4189.7,45.6339,166.0341
4190.3,45.6687,166.0473
4190.9,45.7035,166.0605
4191.5,45.7383,166.0737
4192.1,45.7731,166.0869
4192.8,45.8079,166.1002
4193.4,45.8427,166.1134
4194.0,45.8775,166.1267
4194.6,45.9122,166.14
4195.2,45.947,166.1534
4195.8,45.9818,166.1667
4196.4,46.0166,166.1801
4197.0,46.0513,166.1935
4197.7,46.0861,166.2069
4198.3,46.1209,166.2203
4198.9,46.1556,166.2338
4199.5,46.1904,166.2472
4200.1,46.2251,166.2607
4200.7,46.2599,166.2742
4201.3,46.2947,166.2878
4201.9,46.3294,166.3013
4202.6,46.3641,166.3149
4203.2,46.3989,166.3285
4203.8,46.4336,166.3421
4204.4,46.4684,166.3557
4205.0,46.5031,166.3694
4205.6,46.5378,166.3831
4206.2,46.5726,166.3968
4206.8,46.6073,166.4105
4207.5,46.642,166.4242
4208.1,46.6768,166.438
4208.7,46.7115,166.4518
4209.3,46.7462,166.4655
4209.9,46.7809,166.4794
4210.5,46.8156,166.4932
4211.1,46.8504,166.5071
4211.7,46.8851,166.521
4212.4,46.9198,166.5349
4213.0,46.9545,166.5488
4213.6,46.9892,166.5627
4214.2,47.0239,166.5767
4214.8,47.0586,166.5907
4215.4,47.0933,166.6047
4216.0,47.128,166.6187
4216.7,47.1627,166.6328
4217.3,47.1974,166.6469
4217.9,47.232,166.661
4218.5,47.2667,166.6751
4219.1,47.3014,166.6892
4219.7,47.3361,166.7034
4220.3,47.3708,166.7176
4220.9,47.4054,166.7318
4221.6,47.4401,166.746
4222.2,47.4748,166.7603
4222.8,47.5094,166.7745
4223.4,47.5441,166.7888
4224.0,47.5788,166.8031
4224.6,47.6134,166.8175
4225.2,47.6481,166.8318
4225.8,47.6827,166.8462
4226.5,47.7174,166.8606
4227.1,47.752,166.8751
4227.7,47.7867,166.8895
4228.3,47.8213,166.904
4228.9,47.8559,166.9185
4229.5,47.8906,166.933
4230.1,47.9252,166.9476
4230.7,47.9598,166.9621
4231.4,47.9945,166.9767
4232.0,48.0291,166.9913
4232.6,48.0637,167.006
4233.2,48.0983,167.0206
4233.8,48.1329,167.0353
4234.4,48.1676,167.05
4235.0,48.2022,167.0647
4235.7,48.2368,167.0795
4236.3,48.2714,167.0943
4236.9,48.306,167.1091
4237.5,48.3406,167.1239
4238.1,48.3752,167.1387
4238.7,48.4098,167.1536
4239.3,48.4444,167.1685
4239.9,48.479,167.1834
4240.6,48.5136,167.1983
4241.2,48.5481,167.2133
4241.8,48.5827,167.2283
4242.4,48.6173,167.2433
4243.0,48.6519,167.2583
4243.6,48.6864,167.2734
4244.2,48.721,167.2885
4244.8,48.7556,167.3036
4245.5,48.7901,167.3187
4246.1,48.8247,167.3338
4246.7,48.8593,167.349
4247.3,48.8938,167.3642
4247.9,48.9284,167.3795
4248.5,48.9629,167.3947
4249.1,48.9975,167.41
4249.7,49.032,167.4253
4250.4,49.0666,167.4406
4251.0,49.1011,167.456
4251.6,49.1356,167.4713
4252.2,49.1702,167.4867
4252.8,49.2047,167.5022
4253.4,49.2392,167.5176
4254.0,49.2737,167.5331
4254.6,49.3083,167.5486
4255.3,49.3428,167.5641
4255.9,49.3773,167.5797
4256.5,49.4118,167.5953
4257.1,49.4463,167.6109
4257.7,49.4808,167.6265
4258.3,49.5153,167.6421
4258.9,49.5498,167.6578
4259.6,49.5843,167.6735
4260.2,49.6188,167.6893
4260.8,49.6533,167.705
4261.4,49.6878,167.7208
4262.0,49.7223,167.7366
4262.6,49.7567,167.7524
4263.2,49.7912,167.7683
4263.8,49.8257,167.7842
4264.5,49.8602,167.8001
4265.1,49.8946,167.816
4265.7,49.9291,167.832
4266.3,49.9636,167.848
4266.9,49.998,167.864
4267.5,50.0325,167.8801
4268.1,50.0669,167.8961
4268.7,50.1014,167.9122
4269.4,50.1358,167.9283
4270.0,50.1703,167.9445
4270.6,50.2047,167.9607
4271.2,50.2392,167.9769
4271.8,50.2736,167.9931
4272.4,50.308,168.0094
4273.0,50.3425,168.0257
4273.6,50.3769,168.042
4274.3,50.4113,168.0583
4274.9,50.4457,168.0747
4275.5,50.4801,168.0911
4276.1,50.5145,168.1075
4276.7,50.549,168.124
4277.3,50.5834,168.1404
4277.9,50.6178,168.157
4278.6,50.6522,168.1735
4279.2,50.6866,168.19
4279.8,50.7209,168.2066
4280.4,50.7553,168.2233
4281.0,50.7897,168.2399
4281.6,50.8241,168.2566
4282.2,50.8585,168.2733
4282.8,50.8929,168.29
4283.5,50.9272,168.3068
4284.1,50.9616,168.3236
4284.7,50.996,168.3404
4285.3,51.0303,168.3572
4285.9,51.0647,168.3741
4286.5,51.099,168.391
4287.1,51.1334,168.4079
4287.7,51.1677,168.4249
4288.4,51.2021,168.4419
4289.0,51.2364,168.4589
4289.6,51.2708,168.4759
4290.2,51.3051,168.493
4290.8,51.3394,168.5101
4291.4,51.3738,168.5273
4292.0,51.4081,168.5444
4292.6,51.4424,168.5616
4293.3,51.4767,168.5788
4293.9,51.5111,168.5961
4294.5,51.5454,168.6134
4295.1,51.5797,168.6307
4295.7,51.614,168.648
4296.3,51.6483,168.6654
4296.9,51.6826,168.6828
4297.5,51.7169,168.7002
4298.2,51.7512,168.7177
4298.8,51.7854,168.7352
4299.4,51.8197,168.7527
4300.0,51.854,168.7703
4300.6,51.8883,168.7879
4301.2,51.9226,168.8055
4301.8,51.9568,168.8231
4302.5,51.9911,168.8408
4303.1,52.0253,168.8585
4303.7,52.0596,168.8763
4304.3,52.0939,168.894
4304.9,52.1281,168.9118
4305.5,52.1624,168.9297
4306.1,52.1966,168.9475
4306.7,52.2308,168.9654
4307.4,52.2651,168.9834
4308.0,52.2993,169.0013
4308.6,52.3335,169.0193
4309.2,52.3678,169.0373
4309.8,52.402,169.0554
4310.4,52.4362,169.0735
4311.0,52.4704,169.0916
4311.6,52.5046,169.1097
4312.3,52.5388,169.1279
4312.9,52.573,169.1461
4313.5,52.6072,169.1644
4314.1,52.6414,169.1826
4314.7,52.6756,169.201
4315.3,52.7098,169.2193
4315.9,52.744,169.2377
4316.5,52.7782,169.2561
4317.2,52.8123,169.2745
4317.8,52.8465,169.293
4318.4,52.8807,169.3115
4319.0,52.9148,169.3301
4319.6,52.949,169.3486
4320.2,52.9832,169.3672
4320.8,53.0173,169.3859
4321.5,53.0515,169.4046
4322.1,53.0856,169.4233
4322.7,53.1197,169.442
4323.3,53.1539,169.4608
4323.9,53.188,169.4796
4324.5,53.2221,169.4984
4325.1,53.2563,169.5173
4325.7,53.2904,169.5362
4326.4,53.3245,169.5552
4327.0,53.3586,169.5742
4327.6,53.3927,169.5932
4328.2,53.4268,169.6122
4328.8,53.4609,169.6313
4329.4,53.495,169.6504
4330.0,53.5291,169.6696
4330.6,53.5632,169.6888
4331.3,53.5973,169.708
4331.9,53.6314,169.7272
4332.5,53.6655,169.7465
4333.1,53.6995,169.7659
4333.7,53.7336,169.7852
4334.3,53.7677,169.8046
4334.9,53.8017,169.8241
4335.5,53.8358,169.8435
4336.2,53.8698,169.863
4336.8,53.9039,169.8826
4337.4,53.9379,169.9022
4338.0,53.972,169.9218
4338.6,54.006,169.9414
4339.2,54.04,169.9611
4339.8,54.074,169.9808
4340.4,54.1081,170.0006
4341.1,54.1421,170.0204
4341.7,54.1761,170.0402
4342.3,54.2101,170.0601
4342.9,54.2441,170.08
4343.5,54.2781,170.0999
4344.1,54.3121,170.1199
4344.7,54.3461,170.1399
4345.4,54.3801,170.16
4346.0,54.4141,170.1801
4346.6,54.448,170.2002
4347.2,54.482,170.2204
4347.8,54.516,170.2406
4348.4,54.5499,170.2608
4349.0,54.5839,170.2811
4349.6,54.6179,170.3014
4350.3,54.6518,170.3218
4350.9,54.6858,170.3422
4351.5,54.7197,170.3626
4352.1,54.7536,170.3831
4352.7,54.7876,170.4036
4353.3,54.8215,170.4241
4353.9,54.8554,170.4447
4354.5,54.8894,170.4653
4355.2,54.9233,170.486
4107.0,40.9133,164.4398
4107.6,40.9483,164.4507
4108.2,40.9834,164.4617
4108.8,41.0184,164.4726
4109.4,41.0535,164.4836
4110.0,41.0885,164.4946
4110.6,41.1236,164.5056
4111.2,41.1587,164.5166
4111.9,41.1937,164.5277
4112.5,41.2287,164.5387
4113.1,41.2638,164.5498
4113.7,41.2988,164.5609
4114.3,41.3339,164.5719
4114.9,41.3689,164.5831
4115.5,41.404,164.5942
4116.1,41.439,164.6053
4116.8,41.474,164.6165
4117.4,41.5091,164.6276
4118.0,41.5441,164.6388
4118.6,41.5791,164.65
4119.2,41.6142,164.6612
4119.8,41.6492,164.6724
4120.4,41.6842,164.6837
4121.0,41.7192,164.6949
4121.7,41.7542,164.7062
4122.3,41.7893,164.7175
4122.9,41.8243,164.7288
4123.5,41.8593,164.7401
4124.1,41.8943,164.7514
4124.7,41.9293,164.7628
4125.3,41.9643,164.7741
4125.9,41.9993,164.7855
4126.6,42.0343,164.7969
4127.2,42.0694,164.8083
4127.8,42.1044,164.8197
4128.4,42.1394,164.8312
4129.0,42.1744,164.8426
4129.6,42.2093,164.8541
4130.2,42.2443,164.8656
4130.9,42.2793,164.8771
4131.5,42.3143,164.8886
4132.1,42.3493,164.9001
4132.7,42.3843,164.9117
4133.3,42.4193,164.9232
4133.9,42.4543,164.9348
4134.5,42.4893,164.9464
4135.1,42.5242,164.958
4135.8,42.5592,164.9696
4136.4,42.5942,164.9813
4137.0,42.6292,164.9929
4137.6,42.6641,165.0046
4138.2,42.6991,165.0163
4138.8,42.7341,165.028
4139.4,42.769,165.0397
4140.0,42.804,165.0514
4140.7,42.839,165.0632
4141.3,42.8739,165.075
4141.9,42.9089,165.0867
4142.5,42.9438,165.0985
4143.1,42.9788,165.1104
4143.7,43.0138,165.1222
4144.3,43.0487,165.134
4144.9,43.0837,165.1459
4145.6,43.1186,165.1578
4146.2,43.1535,165.1697
4146.8,43.1885,165.1816
4147.4,43.2234,165.1935
4148.0,43.2584,165.2055
4148.6,43.2933,165.2174
4149.2,43.3282,165.2294
4149.8,43.3632,165.2414
4150.5,43.3981,165.2534
4151.1,43.433,165.2655
4151.7,43.468,165.2775
4152.3,43.5029,165.2896
4152.9,43.5378,165.3017
4153.5,43.5727,165.3138
4154.1,43.6077,165.3259
4154.8,43.6426,165.338
4155.4,43.6775,165.3501
4156.0,43.7124,165.3623
4156.6,43.7473,165.3745
4157.2,43.7822,165.3867
4157.8,43.8171,165.3989
4158.4,43.852,165.4111
4159.0,43.8869,165.4234
4159.7,43.9218,165.4357
4160.3,43.9567,165.448
4160.9,43.9916,165.4603
4161.5,44.0265,165.4726
4162.1,44.0614,165.4849
4162.7,44.0963,165.4973
4163.3,44.1312,165.5096
4163.9,44.1661,165.522
4164.6,44.201,165.5345
4165.2,44.2358,165.5469
4165.8,44.2707,165.5593
4166.4,44.3056,165.5718
4167.0,44.3405,165.5843
4167.6,44.3753,165.5968
4168.2,44.4102,165.6093
4168.8,44.4451,165.6218
4169.5,44.48,165.6344
4170.1,44.5148,165.6469
4170.7,44.5497,165.6595
4171.3,44.5845,165.6721
4171.9,44.6194,165.6847
4172.5,44.6543,165.6974
4173.1,44.6891,165.71
4173.8,44.724,165.7227
4174.4,44.7588,165.7354
4175.0,44.7937,165.7481
4175.6,44.8285,165.7609
4176.2,44.8633,165.7736
4176.8,44.8982,165.7864
4177.4,44.933,165.7992
4178.0,44.9679,165.812
4178.7,45.0027,165.8248
4179.3,45.0375,165.8376
4179.9,45.0724,165.8505
4180.5,45.1072,165.8634
4181.1,45.142,165.8763
4181.7,45.1768,165.8892
4182.3,45.2117,165.9022
4182.9,45.2465,165.9151
4183.6,45.2813,165.9281
4184.2,45.3161,165.9411
4184.8,45.3509,165.9541
4185.4,45.3857,165.9671
4186.0,45.4205,165.9802
4186.6,45.4553,165.9933
4187.2,45.4901,166.0063
4187.8,45.5249,166.0195
4188.5,45.5597,166.0326
4189.1,45.5945,166.0457
4189.7,45.6293,166.0589
4190.3,45.6641,166.0721
4190.9,45.6989,166.0853
4191.5,45.7337,166.0985
4192.1,45.7685,166.1118
4192.8,45.8033,166.125
4193.4,45.838,166.1383
4194.0,45.8728,166.1516
4194.6,45.9076,166.1649
4195.2,45.9424,166.1783
4195.8,45.9771,166.1917
4196.4,46.0119,166.205
4197.0,46.0467,166.2184
4197.7,46.0814,166.2319
4198.3,46.1162,166.2453
4198.9,46.1509,166.2588
4199.5,46.1857,166.2723
4200.1,46.2205,166.2858
4200.7,46.2552,166.2993
4201.3,46.29,166.3128
4201.9,46.3247,166.3264
4202.6,46.3594,166.34
4203.2,46.3942,166.3536
4203.8,46.4289,166.3672
4204.4,46.4637,166.3809
4205.0,46.4984,166.3945
4205.6,46.5331,166.4082
4206.2,46.5679,166.4219
4206.8,46.6026,166.4357
4207.5,46.6373,166.4494
4208.1,46.672,166.4632
4208.7,46.7068,166.477
4209.3,46.7415,166.4908
4209.9,46.7762,166.5046
4210.5,46.8109,166.5185
4211.1,46.8456,166.5324
4211.7,46.8803,166.5463
4212.4,46.915,166.5602
4213.0,46.9497,166.5741
4213.6,46.9844,166.5881
4214.2,47.0191,166.6021
4214.8,47.0538,166.6161
4215.4,47.0885,166.6301
4216.0,47.1232,166.6441
4216.7,47.1579,166.6582
4217.3,47.1926,166.6723
4217.9,47.2272,166.6864
4218.5,47.2619,166.7006
4219.1,47.2966,166.7147
4219.7,47.3313,166.7289
4220.3,47.3659,166.7431
4220.9,47.4006,166.7573
4221.6,47.4353,166.7716
4222.2,47.4699,166.7858
4222.8,47.5046,166.8001
4223.4,47.5393,166.8144
4224.0,47.5739,166.8288
4224.6,47.6086,166.8431
4225.2,47.6432,166.8575
4225.8,47.6779,166.8719
4226.5,47.7125,166.8863
4227.1,47.7471,166.9008
4227.7,47.7818,166.9152
4228.3,47.8164,166.9297
4228.9,47.8511,166.9442
4229.5,47.8857,166.9588
4230.1,47.9203,166.9733
4230.7,47.9549,166.9879
4231.4,47.9896,167.0025
4232.0,48.0242,167.0171
4232.6,48.0588,167.0318
4233.2,48.0934,167.0464
4233.8,48.128,167.0611
4234.4,48.1626,167.0759
4235.0,48.1973,167.0906
4235.7,48.2319,167.1054
4236.3,48.2665,167.1202
4236.9,48.3011,167.135
4237.5,48.3357,167.1498
4238.1,48.3702,167.1647
4238.7,48.4048,167.1796
4239.3,48.4394,167.1945
4239.9,48.474,167.2094
4240.6,48.5086,167.2243
4241.2,48.5432,167.2393
4241.8,48.5777,167.2543
4242.4,48.6123,167.2693
4243.0,48.6469,167.2844
4243.6,48.6815,167.2995
4244.2,48.716,167.3146
4244.8,48.7506,167.3297
4245.5,48.7851,167.3448
4246.1,48.8197,167.36
4246.7,48.8543,167.3752
4247.3,48.8888,167.3904
4247.9,48.9234,167.4057
4248.5,48.9579,167.4209
4249.1,48.9924,167.4362
4249.7,49.027,167.4516
4250.4,49.0615,167.4669
4251.0,49.096,167.4823
4251.6,49.1306,167.4977
4252.2,49.1651,167.5131
4252.8,49.1996,167.5285
4253.4,49.2341,167.544
4254.0,49.2687,167.5595
4254.6,49.3032,167.575
4255.3,49.3377,167.5905
4255.9,49.3722,167.6061
4256.5,49.4067,167.6217
4257.1,49.4412,167.6373
4257.7,49.4757,167.653
4258.3,49.5102,167.6686
4258.9,49.5447,167.6843
4259.6,49.5792,167.7
4260.2,49.6137,167.7158
4260.8,49.6482,167.7316
4261.4,49.6827,167.7474
4262.0,49.7171,167.7632
4262.6,49.7516,167.779
4263.2,49.7861,167.7949
4263.8,49.8206,167.8108
4264.5,49.855,167.8268
4265.1,49.8895,167.8427
4265.7,49.924,167.8587
4266.3,49.9584,167.8747
4266.9,49.9929,167.8907
4267.5,50.0273,167.9068
4268.1,50.0618,167.9229
4268.7,50.0962,167.939
4269.4,50.1306,167.9551
4270.0,50.1651,167.9713
4270.6,50.1995,167.9875
4271.2,50.234,168.0037
4271.8,50.2684,168.02
4272.4,50.3028,168.0363
4273.0,50.3372,168.0526
4273.6,50.3717,168.0689
4274.3,50.4061,168.0852
4274.9,50.4405,168.1016
4275.5,50.4749,168.118
4276.1,50.5093,168.1345
4276.7,50.5437,168.151
4277.3,50.5781,168.1674
4277.9,50.6125,168.184
4278.6,50.6469,168.2005
4279.2,50.6813,168.2171
4279.8,50.7157,168.2337
4280.4,50.7501,168.2504
4281.0,50.7844,168.267
4281.6,50.8188,168.2837
4282.2,50.8532,168.3004
4282.8,50.8876,168.3172
4283.5,50.9219,168.334
4284.1,50.9563,168.3508
4284.7,50.9907,168.3676
4285.3,51.025,168.3844
4285.9,51.0594,168.4013
4286.5,51.0937,168.4183
4287.1,51.1281,168.4352
4287.7,51.1624,168.4522
4288.4,51.1968,168.4692
4289.0,51.2311,168.4862
4289.6,51.2654,168.5033
4290.2,51.2998,168.5204
4290.8,51.3341,168.5375
4291.4,51.3684,168.5547
4292.0,51.4027,168.5719
4292.6,51.437,168.5891
4293.3,51.4714,168.6063
4293.9,51.5057,168.6236
4294.5,51.54,168.6409
4295.1,51.5743,168.6582
4295.7,51.6086,168.6756
4296.3,51.6429,168.693
4296.9,51.6772,168.7104
4297.5,51.7114,168.7278
4298.2,51.7457,168.7453
4298.8,51.78,168.7628
4299.4,51.8143,168.7804
4300.0,51.8486,168.7979
4300.6,51.8828,168.8156
4301.2,51.9171,168.8332
4301.8,51.9514,168.8508
4302.5,51.9856,168.8685
4303.1,52.0199,168.8863
4303.7,52.0541,168.904
4304.3,52.0884,168.9218
4304.9,52.1226,168.9396
4305.5,52.1569,168.9575
4306.1,52.1911,168.9754
4306.7,52.2253,168.9933
4307.4,52.2596,169.0112
4308.0,52.2938,169.0292
4308.6,52.328,169.0472
4309.2,52.3622,169.0653
4309.8,52.3965,169.0833
4310.4,52.4307,169.1014
4311.0,52.4649,169.1196
4311.6,52.4991,169.1377
4312.3,52.5333,169.1559
4312.9,52.5675,169.1742
4313.5,52.6017,169.1924
4314.1,52.6359,169.2107
4314.7,52.67,169.2291
4315.3,52.7042,169.2474
4315.9,52.7384,169.2658
4316.5,52.7726,169.2843
4317.2,52.8067,169.3027
4317.8,52.8409,169.3212
4318.4,52.8751,169.3397
4319.0,52.9092,169.3583
4319.6,52.9434,169.3769
4320.2,52.9775,169.3955
4320.8,53.0117,169.4142
4321.5,53.0458,169.4329
4322.1,53.08,169.4516
4322.7,53.1141,169.4704
4323.3,53.1482,169.4892
4323.9,53.1824,169.508
4324.5,53.2165,169.5269
4325.1,53.2506,169.5457
4325.7,53.2847,169.5647
4326.4,53.3188,169.5836
4327.0,53.3529,169.6026
4327.6,53.387,169.6217
4328.2,53.4211,169.6407
4328.8,53.4552,169.6599
4329.4,53.4893,169.679
4330.0,53.5234,169.6982
4330.6,53.5575,169.7174
4331.3,53.5916,169.7366
4331.9,53.6256,169.7559
4332.5,53.6597,169.7752
4333.1,53.6938,169.7946
4333.7,53.7278,169.8139
4334.3,53.7619,169.8334
4334.9,53.796,169.8528
4335.5,53.83,169.8723
4336.2,53.8641,169.8918
4336.8,53.8981,169.9114
4337.4,53.9321,169.931
4338.0,53.9662,169.9506
4338.6,54.0002,169.9703
4339.2,54.0342,169.99
4339.8,54.0682,170.0098
4340.4,54.1022,170.0295
4341.1,54.1363,170.0493
4341.7,54.1703,170.0692
4342.3,54.2043,170.0891
4342.9,54.2383,170.109
4343.5,54.2723,170.129
4344.1,54.3063,170.149
4344.7,54.3402,170.169
4345.4,54.3742,170.1891
4346.0,54.4082,170.2092
4346.6,54.4422,170.2294
4347.2,54.4761,170.2495
4347.8,54.5101,170.2698
4348.4,54.5441,170.29
4349.0,54.578,170.3103
4349.6,54.612,170.3307
4350.3,54.6459,170.351
4350.9,54.6799,170.3715
4351.5,54.7138,170.3919
4352.1,54.7477,170.4124
4352.7,54.7816,170.4329
4353.3,54.8156,170.4535
4353.9,54.8495,170.4741
4354.5,54.8834,170.4948
4107.0,40.9091,164.4629
4107.6,40.9442,164.4738
4108.2,40.9792,164.4848
4108.8,41.0143,164.4958
4109.4,41.0493,164.5068
4110.0,41.0844,164.5178
4110.6,41.1194,164.5288
4111.2,41.1545,164.5398
4111.9,41.1895,164.5509
4112.5,41.2246,164.5619
4113.1,41.2596,164.573
4113.7,41.2947,164.5841
4114.3,41.3297,164.5952
4114.9,41.3647,164.6063
4115.5,41.3998,164.6174
4116.1,41.4348,164.6286
4116.8,41.4698,164.6397
4117.4,41.5049,164.6509
4118.0,41.5399,164.6621
4118.6,41.5749,164.6733
4119.2,41.6099,164.6845
4119.8,41.645,164.6958
4120.4,41.68,164.707
4121.0,41.715,164.7183
4121.7,41.75,164.7296
4122.3,41.785,164.7409
4122.9,41.8201,164.7522
4123.5,41.8551,164.7635
4124.1,41.8901,164.7749
4124.7,41.9251,164.7862
4125.3,41.9601,164.7976
4125.9,41.9951,164.809
4126.6,42.0301,164.8204
4127.2,42.0651,164.8318
4127.8,42.1001,164.8432
4128.4,42.1351,164.8547
4129.0,42.1701,164.8661
4129.6,42.2051,164.8776
4130.2,42.2401,164.8891
4130.9,42.2751,164.9006
4131.5,42.3101,164.9121
4132.1,42.345,164.9237
4132.7,42.38,164.9352
4133.3,42.415,164.9468
4133.9,42.45,164.9584
4134.5,42.485,164.97
4135.1,42.5199,164.9816
4135.8,42.5549,164.9933
4136.4,42.5899,165.0049
4137.0,42.6249,165.0166
4137.6,42.6598,165.0283
4138.2,42.6948,165.04
4138.8,42.7298,165.0517
4139.4,42.7647,165.0634
4140.0,42.7997,165.0752
4140.7,42.8346,165.0869
4141.3,42.8696,165.0987
4141.9,42.9046,165.1105
4142.5,42.9395,165.1223
4143.1,42.9745,165.1341
4143.7,43.0094,165.146
4144.3,43.0444,165.1579
4144.9,43.0793,165.1697
4145.6,43.1142,165.1816
4146.2,43.1492,165.1935
4146.8,43.1841,165.2055
4147.4,43.2191,165.2174
4148.0,43.254,165.2294
4148.6,43.2889,165.2413
4149.2,43.3239,165.2533
4149.8,43.3588,165.2654
4150.5,43.3937,165.2774
4151.1,43.4286,165.2894
4151.7,43.4636,165.3015
4152.3,43.4985,165.3136
4152.9,43.5334,165.3257
4153.5,43.5683,165.3378
4154.1,43.6032,165.3499
4154.8,43.6382,165.362
4155.4,43.6731,165.3742
4156.0,43.708,165.3864
4156.6,43.7429,165.3986
4157.2,43.7778,165.4108
4157.8,43.8127,165.423
4158.4,43.8476,165.4353
4159.0,43.8825,165.4475
4159.7,43.9174,165.4598
4160.3,43.9523,165.4721
4160.9,43.9872,165.4844
4161.5,44.0221,165.4967
4162.1,44.057,165.5091
4162.7,44.0918,165.5215
4163.3,44.1267,165.5339
4163.9,44.1616,165.5463
4164.6,44.1965,165.5587
4165.2,44.2314,165.5711
4165.8,44.2662,165.5836
4166.4,44.3011,165.5961
4167.0,44.336,165.6086
4167.6,44.3709,165.6211
4168.2,44.4057,165.6336
4168.8,44.4406,165.6461
4169.5,44.4755,165.6587
4170.1,44.5103,165.6713
4170.7,44.5452,165.6839
4171.3,44.58,165.6965
4171.9,44.6149,165.7091
4172.5,44.6497,165.7218
4173.1,44.6846,165.7345
4173.8,44.7194,165.7472
4174.4,44.7543,165.7599
4175.0,44.7891,165.7726
4175.6,44.824,165.7853
4176.2,44.8588,165.7981
4176.8,44.8936,165.8109
4177.4,44.9285,165.8237
4178.0,44.9633,165.8365
4178.7,44.9981,165.8493
4179.3,45.033,165.8622
4179.9,45.0678,165.8751
4180.5,45.1026,165.888
4181.1,45.1374,165.9009
4181.7,45.1723,165.9138
4182.3,45.2071,165.9268
4182.9,45.2419,165.9397
4183.6,45.2767,165.9527
4184.2,45.3115,165.9657
4184.8,45.3463,165.9788
4185.4,45.3811,165.9918
4186.0,45.4159,166.0049
4186.6,45.4507,166.018
4187.2,45.4855,166.0311
4187.8,45.5203,166.0442
4188.5,45.5551,166.0573
4189.1,45.5899,166.0705
4189.7,45.6247,166.0837
4190.3,45.6595,166.0969
4190.9,45.6943,166.1101
4191.5,45.7291,166.1234
4192.1,45.7638,166.1366
4192.8,45.7986,166.1499
4193.4,45.8334,166.1632
4194.0,45.8682,166.1765
4194.6,45.9029,166.1898
4195.2,45.9377,166.2032
4195.8,45.9725,166.2166
4196.4,46.0072,166.23
4197.0,46.042,166.2434
4197.7,46.0768,166.2568
4198.3,46.1115,166.2703
4198.9,46.1463,166.2838
4199.5,46.181,166.2973
4200.1,46.2158,166.3108
4200.7,46.2505,166.3243
4201.3,46.2853,166.3379
4201.9,46.32,166.3515
4202.6,46.3547,166.3651
4203.2,46.3895,166.3787
4203.8,46.4242,166.3923
4204.4,46.4589,166.406
4205.0,46.4937,166.4197
4205.6,46.5284,166.4334
4206.2,46.5631,166.4471
4206.8,46.5979,166.4608
4207.5,46.6326,166.4746
4208.1,46.6673,166.4884
4208.7,46.702,166.5022
4209.3,46.7367,166.516
4209.9,46.7714,166.5299
4210.5,46.8061,166.5438
4211.1,46.8408,166.5576
4211.7,46.8755,166.5716
4212.4,46.9102,166.5855
4213.0,46.9449,166.5994
4213.6,46.9796,166.6134
4214.2,47.0143,166.6274
4214.8,47.049,166.6414
4215.4,47.0837,166.6555
4216.0,47.1184,166.6695
4216.7,47.1531,166.6836
4217.3,47.1878,166.6977
4217.9,47.2224,166.7119
4218.5,47.2571,166.726
4219.1,47.2918,166.7402
4219.7,47.3264,166.7544
4220.3,47.3611,166.7686
4220.9,47.3958,166.7828
4221.6,47.4304,166.7971
4222.2,47.4651,166.8114
4222.8,47.4998,166.8257
4223.4,47.5344,166.84
4224.0,47.5691,166.8544
4224.6,47.6037,166.8687
4225.2,47.6384,166.8831
4225.8,47.673,166.8975
4226.5,47.7076,166.912
4227.1,47.7423,166.9264
4227.7,47.7769,166.9409
4228.3,47.8115,166.9554
4228.9,47.8462,166.9699
4229.5,47.8808,166.9845
4230.1,47.9154,166.9991
4230.7,47.95,167.0137
4231.4,47.9847,167.0283
4232.0,48.0193,167.0429
4232.6,48.0539,167.0576
4233.2,48.0885,167.0723
4233.8,48.1231,167.087
4234.4,48.1577,167.1017
4235.0,48.1923,167.1165
4235.7,48.2269,167.1313
4236.3,48.2615,167.1461
4236.9,48.2961,167.1609
4237.5,48.3307,167.1757
4238.1,48.3653,167.1906
4238.7,48.3999,167.2055
4239.3,48.4345,167.2204
4239.9,48.469,167.2354
4240.6,48.5036,167.2504
4241.2,48.5382,167.2654
4241.8,48.5728,167.2804
4242.4,48.6073,167.2954
4243.0,48.6419,167.3105
4243.6,48.6765,167.3256
4244.2,48.711,167.3407
4244.8,48.7456,167.3558
4245.5,48.7801,167.371
4246.1,48.8147,167.3862
4246.7,48.8492,167.4014
4247.3,48.8838,167.4166
4247.9,48.9183,167.4319
4248.5,48.9529,167.4472
4249.1,48.9874,167.4625
4249.7,49.0219,167.4778
4250.4,49.0565,167.4932
4251.0,49.091,167.5085
4251.6,49.1255,167.524
4252.2,49.16,167.5394
4252.8,49.1946,167.5548
4253.4,49.2291,167.5703
4254.0,49.2636,167.5858
4254.6,49.2981,167.6014
4255.3,49.3326,167.6169
4255.9,49.3671,167.6325
4256.5,49.4016,167.6481
4257.1,49.4361,167.6638
4257.7,49.4706,167.6794
4258.3,49.5051,167.6951
4258.9,49.5396,167.7108
4259.6,49.5741,167.7265
4260.2,49.6086,167.7423
4260.8,49.6431,167.7581
4261.4,49.6775,167.7739
4262.0,49.712,167.7898
4262.6,49.7465,167.8056
4263.2,49.7809,167.8215
4263.8,49.8154,167.8374
4264.5,49.8499,167.8534
4265.1,49.8843,167.8694
4265.7,49.9188,167.8854
4266.3,49.9532,167.9014
4266.9,49.9877,167.9174
4267.5,50.0221,167.9335
4268.1,50.0566,167.9496
4268.7,50.091,167.9658
4269.4,50.1255,167.9819
4270.0,50.1599,167.9981
4270.6,50.1943,168.0143
4271.2,50.2288,168.0305
4271.8,50.2632,168.0468
4272.4,50.2976,168.0631
4273.0,50.332,168.0794
4273.6,50.3664,168.0958
4274.3,50.4008,168.1122
4274.9,50.4352,168.1286
4275.5,50.4697,168.145
4276.1,50.5041,168.1615
4276.7,50.5385,168.1779
4277.3,50.5729,168.1944
4277.9,50.6072,168.211
4278.6,50.6416,168.2276
4279.2,50.676,168.2442
4279.8,50.7104,168.2608
4280.4,50.7448,168.2774
4281.0,50.7792,168.2941
4281.6,50.8135,168.3108
4282.2,50.8479,168.3276
4282.8,50.8823,168.3443
4283.5,50.9166,168.3611
4284.1,50.951,168.3779
4284.7,50.9853,168.3948
4285.3,51.0197,168.4117
4285.9,51.054,168.4286
4286.5,51.0884,168.4455
4287.1,51.1227,168.4625
4287.7,51.1571,168.4795
4288.4,51.1914,168.4965
4289.0,51.2257,168.5136
4289.6,51.2601,168.5307
4290.2,51.2944,168.5478
4290.8,51.3287,168.5649
4291.4,51.363,168.5821
4292.0,51.3973,168.5993
4292.6,51.4317,168.6165
4293.3,51.466,168.6338
4293.9,51.5003,168.6511
4294.5,51.5346,168.6684
4295.1,51.5689,168.6857
4295.7,51.6032,168.7031
4296.3,51.6375,168.7205
4296.9,51.6717,168.7379
4297.5,51.706,168.7554
4298.2,51.7403,168.7729
4298.8,51.7746,168.7905
4299.4,51.8088,168.808
4300.0,51.8431,168.8256
4300.6,51.8774,168.8432
4301.2,51.9116,168.8609
4301.8,51.9459,168.8786
4302.5,51.9802,168.8963
4303.1,52.0144,168.914
4303.7,52.0487,168.9318
4304.3,52.0829,168.9496
4304.9,52.1171,168.9675
4305.5,52.1514,168.9853
4306.1,52.1856,169.0032
4306.7,52.2198,169.0211
4307.4,52.2541,169.0391
4308.0,52.2883,169.0571
4308.6,52.3225,169.0751
4309.2,52.3567,169.0932
4309.8,52.3909,169.1113
4310.4,52.4251,169.1294
4311.0,52.4593,169.1476
4311.6,52.4935,169.1658
4312.3,52.5277,169.184
4312.9,52.5619,169.2022
4313.5,52.5961,169.2205
4314.1,52.6303,169.2388
4314.7,52.6645,169.2572
4315.3,52.6986,169.2756
4315.9,52.7328,169.294
4316.5,52.767,169.3124
4317.2,52.8012,169.3309
4317.8,52.8353,169.3494
4318.4,52.8695,169.368
4319.0,52.9036,169.3865
4319.6,52.9378,169.4052
4320.2,52.9719,169.4238
4320.8,53.0061,169.4425
4321.5,53.0402,169.4612
4322.1,53.0743,169.4799
4322.7,53.1085,169.4987
4323.3,53.1426,169.5175
4323.9,53.1767,169.5364
4324.5,53.2108,169.5553
4325.1,53.2449,169.5742
4325.7,53.279,169.5931
4326.4,53.3131,169.6121
4327.0,53.3472,169.6311
4327.6,53.3813,169.6502
4328.2,53.4154,169.6693
4328.8,53.4495,169.6884
4329.4,53.4836,169.7076
4330.0,53.5177,169.7267
4330.6,53.5518,169.746
4331.3,53.5858,169.7652
4331.9,53.6199,169.7845
4332.5,53.654,169.8039
4333.1,53.688,169.8232
4333.7,53.7221,169.8427
4334.3,53.7561,169.8621
4334.9,53.7902,169.8816
4335.5,53.8242,169.9011
4336.2,53.8583,169.9206
4336.8,53.8923,169.9402
4337.4,53.9263,169.9598
4338.0,53.9604,169.9795
4338.6,53.9944,169.9992
4339.2,54.0284,170.0189
4339.8,54.0624,170.0387
4340.4,54.0964,170.0585
4341.1,54.1304,170.0783
4341.7,54.1644,170.0982
4342.3,54.1984,170.1181
4342.9,54.2324,170.138
4343.5,54.2664,170.158
4344.1,54.3004,170.178
4344.7,54.3344,170.1981
4345.4,54.3684,170.2182
4346.0,54.4023,170.2383
4346.6,54.4363,170.2585
4347.2,54.4703,170.2787
4347.8,54.5042,170.2989
4348.4,54.5382,170.3192
4349.0,54.5721,170.3395
4349.6,54.6061,170.3599
4350.3,54.64,170.3803
4350.9,54.6739,170.4007
4351.5,54.7079,170.4212
4352.1,54.7418,170.4417
4352.7,54.7757,170.4623
4353.3,54.8096,170.4829
4107.0,40.905,164.486
4107.6,40.94,164.4969
4108.2,40.9751,164.5079
4108.8,41.0101,164.5189
4109.4,41.0452,164.5299
4110.0,41.0802,164.5409
4110.6,41.1153,164.5519
4111.2,41.1503,164.563
4111.9,41.1854,164.574
4112.5,41.2204,164.5851
4113.1,41.2554,164.5962
4113.7,41.2905,164.6073
4114.3,41.3255,164.6184
4114.9,41.3605,164.6295
4115.5,41.3956,164.6407
4116.1,41.4306,164.6519
4116.8,41.4656,164.663
4117.4,41.5007,164.6742
4118.0,41.5357,164.6854
4118.6,41.5707,164.6966
4119.2,41.6057,164.7079
4119.8,41.6408,164.7191
4120.4,41.6758,164.7304
4121.0,41.7108,164.7417
4121.7,41.7458,164.7529
4122.3,41.7808,164.7643
4122.9,41.8158,164.7756
4123.5,41.8508,164.7869
4124.1,41.8858,164.7983
4124.7,41.9208,164.8096
4125.3,41.9558,164.821
4125.9,41.9908,164.8324
4126.6,42.0258,164.8438
4127.2,42.0608,164.8553
4127.8,42.0958,164.8667
4128.4,42.1308,164.8782
4129.0,42.1658,164.8896
4129.6,42.2008,164.9011
4130.2,42.2358,164.9126
4130.9,42.2708,164.9242
4131.5,42.3058,164.9357
4132.1,42.3408,164.9473
4132.7,42.3757,164.9588
4133.3,42.4107,164.9704
4133.9,42.4457,164.982
4134.5,42.4807,164.9936
4135.1,42.5156,165.0053
4135.8,42.5506,165.0169
4136.4,42.5856,165.0286
4137.0,42.6205,165.0403
4137.6,42.6555,165.052
4138.2,42.6905,165.0637
4138.8,42.7254,165.0754
4139.4,42.7604,165.0871
4140.0,42.7954,165.0989
4140.7,42.8303,165.1107
4141.3,42.8653,165.1225
4141.9,42.9002,165.1343
4142.5,42.9352,165.1461
4143.1,42.9701,165.1579
4143.7,43.0051,165.1698
4144.3,43.04,165.1817
4144.9,43.0749,165.1936
4145.6,43.1099,165.2055
4146.2,43.1448,165.2174
4146.8,43.1798,165.2293
4147.4,43.2147,165.2413
4148.0,43.2496,165.2533
4148.6,43.2846,165.2652
4149.2,43.3195,165.2773
4149.8,43.3544,165.2893
4150.5,43.3893,165.3013
4151.1,43.4243,165.3134
4151.7,43.4592,165.3254
4152.3,43.4941,165.3375
4152.9,43.529,165.3496
4153.5,43.5639,165.3618
4154.1,43.5988,165.3739
4154.8,43.6337,165.3861
4155.4,43.6687,165.3982
4156.0,43.7036,165.4104
4156.6,43.7385,165.4226
4157.2,43.7734,165.4349
4157.8,43.8083,165.4471
4158.4,43.8432,165.4594
4159.0,43.8781,165.4716
4159.7,43.9129,165.4839
4160.3,43.9478,165.4962
4160.9,43.9827,165.5086
4161.5,44.0176,165.5209
4162.1,44.0525,165.5333
4162.7,44.0874,165.5457
4163.3,44.1223,165.5581
4163.9,44.1571,165.5705
4164.6,44.192,165.5829
4165.2,44.2269,165.5954
4165.8,44.2618,165.6078
4166.4,44.2966,165.6203
4167.0,44.3315,165.6328
4167.6,44.3664,165.6454
4168.2,44.4012,165.6579
4168.8,44.4361,165.6705
4169.5,44.471,165.683
4170.1,44.5058,165.6956
4170.7,44.5407,165.7083
4171.3,44.5755,165.7209
4171.9,44.6104,165.7335
4172.5,44.6452,165.7462
4173.1,44.6801,165.7589
4173.8,44.7149,165.7716
4174.4,44.7498,165.7843
4175.0,44.7846,165.797
4175.6,44.8194,165.8098
4176.2,44.8543,165.8226
4176.8,44.8891,165.8354
4177.4,44.9239,165.8482
4178.0,44.9588,165.861
4178.7,44.9936,165.8739
4179.3,45.0284,165.8868
4179.9,45.0632,165.8996
4180.5,45.0981,165.9126
4181.1,45.1329,165.9255
4181.7,45.1677,165.9384
4182.3,45.2025,165.9514
4182.9,45.2373,165.9644
4183.6,45.2721,165.9774
4184.2,45.3069,165.9904
4184.8,45.3417,166.0034
4185.4,45.3765,166.0165
4186.0,45.4113,166.0296
4186.6,45.4461,166.0427
4187.2,45.4809,166.0558
4187.8,45.5157,166.0689
4188.5,45.5505,166.0821
4189.1,45.5853,166.0953
4189.7,45.6201,166.1085
4190.3,45.6549,166.1217
4190.9,45.6896,166.1349
4191.5,45.7244,166.1482
4192.1,45.7592,166.1614
4192.8,45.794,166.1747
4193.4,45.8287,166.188
4194.0,45.8635,166.2014
4194.6,45.8983,166.2147
4195.2,45.933,166.2281
4195.8,45.9678,166.2415
4196.4,46.0026,166.2549
4197.0,46.0373,166.2683
4197.7,46.0721,166.2818
4198.3,46.1068,166.2953
4198.9,46.1416,166.3088
4199.5,46.1763,166.3223
4200.1,46.2111,166.3358
4200.7,46.2458,166.3494
4201.3,46.2806,166.3629
4201.9,46.3153,166.3765
4202.6,46.35,166.3901
4203.2,46.3848,166.4038
4203.8,46.4195,166.4174
4204.4,46.4542,166.4311
4205.0,46.4889,166.4448
4205.6,46.5237,166.4585
4206.2,46.5584,166.4723
4206.8,46.5931,166.486
4207.5,46.6278,166.4998
4208.1,46.6625,166.5136
4208.7,46.6973,166.5274
4209.3,46.732,166.5413
4209.9,46.7667,166.5551
4210.5,46.8014,166.569
4211.1,46.8361,166.5829
4211.7,46.8708,166.5968
4212.4,46.9055,166.6108
4213.0,46.9402,166.6248
4213.6,46.9748,166.6388
4214.2,47.0095,166.6528
4214.8,47.0442,166.6668
4215.4,47.0789,166.6809
4216.0,47.1136,166.6949
4216.7,47.1483,166.709
4217.3,47.1829,166.7232
4217.9,47.2176,166.7373
4218.5,47.2523,166.7515
4219.1,47.2869,166.7657
4219.7,47.3216,166.7799
4220.3,47.3563,166.7941
4220.9,47.3909,166.8083
4221.6,47.4256,166.8226
4222.2,47.4603,166.8369
4222.8,47.4949,166.8512
4223.4,47.5296,166.8656
4224.0,47.5642,166.8799
4224.6,47.5988,166.8943
4225.2,47.6335,166.9087
4225.8,47.6681,166.9232
4226.5,47.7028,166.9376
4227.1,47.7374,166.9521
4227.7,47.772,166.9666
4228.3,47.8067,166.9811
4228.9,47.8413,166.9957
4229.5,47.8759,167.0102
4230.1,47.9105,167.0248
4230.7,47.9451,167.0394
4231.4,47.9798,167.054
4232.0,48.0144,167.0687
4232.6,48.049,167.0834
4233.2,48.0836,167.0981
4233.8,48.1182,167.1128
4234.4,48.1528,167.1276
4235.0,48.1874,167.1423
4235.7,48.222,167.1571
4236.3,48.2566,167.172
4236.9,48.2912,167.1868
4237.5,48.3257,167.2017
4238.1,48.3603,167.2166
4238.7,48.3949,167.2315
4239.3,48.4295,167.2464
4239.9,48.4641,167.2614
4240.6,48.4986,167.2764
4241.2,48.5332,167.2914
4241.8,48.5678,167.3064
4242.4,48.6023,167.3215
4243.0,48.6369,167.3365
4243.6,48.6715,167.3517
4244.2,48.706,167.3668
4244.8,48.7406,167.3819
4245.5,48.7751,167.3971
4246.1,48.8097,167.4123
4246.7,48.8442,167.4275
4247.3,48.8788,167.4428
4247.9,48.9133,167.4581
4248.5,48.9478,167.4734
4249.1,48.9824,167.4887
4249.7,49.0169,167.504
4250.4,49.0514,167.5194
4251.0,49.0859,167.5348
4251.6,49.1205,167.5502
4252.2,49.155,167.5657
4252.8,49.1895,167.5812
4253.4,49.224,167.5967
4254.0,49.2585,167.6122
4254.6,49.293,167.6277
4255.3,49.3275,167.6433
4255.9,49.362,167.6589
4256.5,49.3965,167.6745
4257.1,49.431,167.6902
4257.7,49.4655,167.7059
4258.3,49.5,167.7216
4258.9,49.5345,167.7373
4259.6,49.569,167.7531
4260.2,49.6034,167.7688
4260.8,49.6379,167.7847
4261.4,49.6724,167.8005
4262.0,49.7069,167.8163
4262.6,49.7413,167.8322
4263.2,49.7758,167.8481
4263.8,49.8103,167.8641
4264.5,49.8447,167.88
4265.1,49.8792,167.896
4265.7,49.9136,167.912
4266.3,49.9481,167.9281
4266.9,49.9825,167.9441
4267.5,50.017,167.9602
4268.1,50.0514,167.9764
4268.7,50.0858,167.9925
4269.4,50.1203,168.0087
4270.0,50.1547,168.0249
4270.6,50.1891,168.0411
4271.2,50.2235,168.0574
4271.8,50.258,168.0737
4272.4,50.2924,168.09
4273.0,50.3268,168.1063
4273.6,50.3612,168.1227
4274.3,50.3956,168.1391
4274.9,50.43,168.1555
4275.5,50.4644,168.1719
4276.1,50.4988,168.1884
4276.7,50.5332,168.2049
4277.3,50.5676,168.2214
4277.9,50.602,168.238
4278.6,50.6364,168.2546
4279.2,50.6707,168.2712
4279.8,50.7051,168.2878
4280.4,50.7395,168.3045
4281.0,50.7739,168.3212
4281.6,50.8082,168.3379
4282.2,50.8426,168.3547
4282.8,50.877,168.3715
4283.5,50.9113,168.3883
4284.1,50.9457,168.4051
4284.7,50.98,168.422
4285.3,51.0144,168.4389
4285.9,51.0487,168.4558
4286.5,51.083,168.4728
4287.1,51.1174,168.4898
4287.7,51.1517,168.5068
4288.4,51.1861,168.5238
4289.0,51.2204,168.5409
4289.6,51.2547,168.558
4290.2,51.289,168.5751
4290.8,51.3233,168.5923
4291.4,51.3577,168.6095
4292.0,51.392,168.6267
4292.6,51.4263,168.6439
4293.3,51.4606,168.6612
4293.9,51.4949,168.6785
4294.5,51.5292,168.6959
4295.1,51.5635,168.7132
4295.7,51.5977,168.7306
4296.3,51.632,168.7481
4296.9,51.6663,168.7655
4297.5,51.7006,168.783
4298.2,51.7349,168.8005
4298.8,51.7691,168.8181
4299.4,51.8034,168.8356
4300.0,51.8377,168.8533
4300.6,51.8719,168.8709
4301.2,51.9062,168.8886
4301.8,51.9404,168.9063
4302.5,51.9747,168.924
4303.1,52.0089,168.9418
4303.7,52.0432,168.9596
4304.3,52.0774,168.9774
4304.9,52.1116,168.9952
4305.5,52.1459,169.0131
4306.1,52.1801,169.0311
4306.7,52.2143,169.049
4307.4,52.2485,169.067
4308.0,52.2828,169.085
4308.6,52.317,169.103
4309.2,52.3512,169.1211
4309.8,52.3854,169.1392
4310.4,52.4196,169.1574
4311.0,52.4538,169.1756
4311.6,52.488,169.1938
4312.3,52.5222,169.212
4312.9,52.5564,169.2303
4313.5,52.5905,169.2486
4314.1,52.6247,169.2669
4314.7,52.6589,169.2853
4315.3,52.6931,169.3037
4315.9,52.7272,169.3221
4316.5,52.7614,169.3406
4317.2,52.7955,169.3591
4317.8,52.8297,169.3776
4318.4,52.8638,169.3962
4319.0,52.898,169.4148
4319.6,52.9321,169.4334
4320.2,52.9663,169.4521
4320.8,53.0004,169.4708
4321.5,53.0345,169.4895
4322.1,53.0687,169.5083
4322.7,53.1028,169.5271
4323.3,53.1369,169.5459
4323.9,53.171,169.5648
4324.5,53.2051,169.5837
4325.1,53.2393,169.6026
4325.7,53.2734,169.6216
4326.4,53.3075,169.6406
4327.0,53.3416,169.6596
4327.6,53.3756,169.6787
4328.2,53.4097,169.6978
4328.8,53.4438,169.7169
4329.4,53.4779,169.7361
4330.0,53.512,169.7553
4330.6,53.546,169.7746
4331.3,53.5801,169.7939
4331.9,53.6142,169.8132
4332.5,53.6482,169.8325
4333.1,53.6823,169.8519
4333.7,53.7163,169.8713
4334.3,53.7504,169.8908
4334.9,53.7844,169.9103
4335.5,53.8185,169.9298
4336.2,53.8525,169.9494
4336.8,53.8865,169.969
4337.4,53.9205,169.9886
4338.0,53.9546,170.0083
4338.6,53.9886,170.028
4339.2,54.0226,170.0478
4339.8,54.0566,170.0676
4340.4,54.0906,170.0874
4341.1,54.1246,170.1072
4341.7,54.1586,170.1271
4342.3,54.1926,170.147
4342.9,54.2266,170.167
4343.5,54.2606,170.187
4344.1,54.2945,170.2071
4344.7,54.3285,170.2271
4345.4,54.3625,170.2473
4346.0,54.3964,170.2674
4346.6,54.4304,170.2876
4347.2,54.4644,170.3078
4347.8,54.4983,170.3281
4348.4,54.5323,170.3484
4349.0,54.5662,170.3687
4349.6,54.6001,170.3891
4350.3,54.6341,170.4095
4350.9,54.668,170.43
4351.5,54.7019,170.4505
4352.1,54.7358,170.471
4352.7,54.7698,170.4916
4107.0,40.9008,164.5091
4107.6,40.9359,164.5201
4108.2,40.9709,164.531
4108.8,41.006,164.542
4109.4,41.041,164.553
4110.0,41.0761,164.5641
4110.6,41.1111,164.5751
4111.2,41.1461,164.5862
4111.9,41.1812,164.5972
4112.5,41.2162,164.6083
4113.1,41.2513,164.6194
4113.7,41.2863,164.6305
4114.3,41.3213,164.6416
4114.9,41.3563,164.6528
4115.5,41.3914,164.6639
4116.1,41.4264,164.6751
4116.8,41.4614,164.6863
4117.4,41.4965,164.6975
4118.0,41.5315,164.7087
4118.6,41.5665,164.7199
4119.2,41.6015,164.7312
4119.8,41.6365,164.7424
4120.4,41.6715,164.7537
4121.0,41.7066,164.765
4121.7,41.7416,164.7763
4122.3,41.7766,164.7876
4122.9,41.8116,164.799
4123.5,41.8466,164.8103
4124.1,41.8816,164.8217
4124.7,41.9166,164.8331
4125.3,41.9516,164.8445
4125.9,41.9866,164.8559
4126.6,42.0216,164.8673
4127.2,42.0566,164.8787
4127.8,42.0916,164.8902
4128.4,42.1266,164.9017
4129.0,42.1616,164.9132
4129.6,42.1965,164.9247
4130.2,42.2315,164.9362
4130.9,42.2665,164.9477
4131.5,42.3015,164.9593
4132.1,42.3365,164.9708
4132.7,42.3714,164.9824
4133.3,42.4064,164.994
4133.9,42.4414,165.0056
4134.5,42.4764,165.0173
4135.1,42.5113,165.0289
4135.8,42.5463,165.0406
4136.4,42.5813,165.0522
4137.0,42.6162,165.0639
4137.6,42.6512,165.0756
4138.2,42.6862,165.0874
4138.8,42.7211,165.0991
4139.4,42.7561,165.1109
4140.0,42.791,165.1226
4140.7,42.826,165.1344
4141.3,42.8609,165.1462
4141.9,42.8959,165.158
4142.5,42.9308,165.1699
4143.1,42.9658,165.1817
4143.7,43.0007,165.1936
4144.3,43.0356,165.2055
4144.9,43.0706,165.2174
4145.6,43.1055,165.2293
4146.2,43.1405,165.2412
4146.8,43.1754,165.2532
4147.4,43.2103,165.2652
4148.0,43.2452,165.2771
4148.6,43.2802,165.2891
4149.2,43.3151,165.3012
4149.8,43.35,165.3132
4150.5,43.3849,165.3253
4151.1,43.4199,165.3373
4151.7,43.4548,165.3494
4152.3,43.4897,165.3615
4152.9,43.5246,165.3736
4153.5,43.5595,165.3858
4154.1,43.5944,165.3979
4154.8,43.6293,165.4101
4155.4,43.6642,165.4223
4156.0,43.6991,165.4345
4156.6,43.734,165.4467
4157.2,43.7689,165.4589
4157.8,43.8038,165.4712
4158.4,43.8387,165.4835
4159.0,43.8736,165.4958
4159.7,43.9085,165.5081
4160.3,43.9434,165.5204
4160.9,43.9783,165.5327
4161.5,44.0132,165.5451
4162.1,44.048,165.5575
4162.7,44.0829,165.5699
4163.3,44.1178,165.5823
4163.9,44.1527,165.5947
4164.6,44.1875,165.6071
4165.2,44.2224,165.6196
4165.8,44.2573,165.6321
4166.4,44.2922,165.6446
4167.0,44.327,165.6571
4167.6,44.3619,165.6696
4168.2,44.3967,165.6822
4168.8,44.4316,165.6948
4169.5,44.4664,165.7074
4170.1,44.5013,165.72
4170.7,44.5362,165.7326
4171.3,44.571,165.7453
4171.9,44.6059,165.7579
4172.5,44.6407,165.7706
4173.1,44.6755,165.7833
4173.8,44.7104,165.796
4174.4,44.7452,165.8087
4175.0,44.7801,165.8215
4175.6,44.8149,165.8343
4176.2,44.8497,165.8471
4176.8,44.8845,165.8599
4177.4,44.9194,165.8727
4178.0,44.9542,165.8856
4178.7,44.989,165.8984
4179.3,45.0238,165.9113
4179.9,45.0587,165.9242
4180.5,45.0935,165.9371
4181.1,45.1283,165.9501
4181.7,45.1631,165.963
4182.3,45.1979,165.976
4182.9,45.2327,165.989
4183.6,45.2675,166.002
4184.2,45.3023,166.0151
4184.8,45.3371,166.0281
4185.4,45.3719,166.0412
4186.0,45.4067,166.0543
4186.6,45.4415,166.0674
4187.2,45.4763,166.0805
4187.8,45.5111,166.0937
4188.5,45.5459,166.1068
4189.1,45.5807,166.12
4189.7,45.6154,166.1332
4190.3,45.6502,166.1465
4190.9,45.685,166.1597
4191.5,45.7198,166.173
4192.1,45.7545,166.1863
4192.8,45.7893,166.1996
4193.4,45.8241,166.2129
4194.0,45.8589,166.2263
4194.6,45.8936,166.2396
4195.2,45.9284,166.253
4195.8,45.9631,166.2664
4196.4,45.9979,166.2798
4197.0,46.0326,166.2933
4197.7,46.0674,166.3068
4198.3,46.1021,166.3202
4198.9,46.1369,166.3338
4199.5,46.1716,166.3473
4200.1,46.2064,166.3608
4200.7,46.2411,166.3744
4201.3,46.2758,166.388
4201.9,46.3106,166.4016
4202.6,46.3453,166.4152
4203.2,46.38,166.4289
4203.8,46.4148,166.4425
4204.4,46.4495,166.4562
4205.0,46.4842,166.4699
4205.6,46.5189,166.4837
4206.2,46.5536,166.4974
4206.8,46.5884,166.5112
4207.5,46.6231,166.525
4208.1,46.6578,166.5388
4208.7,46.6925,166.5526
4209.3,46.7272,166.5665
4209.9,46.7619,166.5804
4210.5,46.7966,166.5943
4211.1,46.8313,166.6082
4211.7,46.866,166.6221
4212.4,46.9007,166.6361
4213.0,46.9354,166.6501
4213.6,46.9701,166.6641
4214.2,47.0047,166.6781
4214.8,47.0394,166.6922
4215.4,47.0741,166.7062
4216.0,47.1088,166.7203
4216.7,47.1435,166.7345
4217.3,47.1781,166.7486
4217.9,47.2128,166.7627
4218.5,47.2475,166.7769
4219.1,47.2821,166.7911
4219.7,47.3168,166.8053
4220.3,47.3514,166.8196
4220.9,47.3861,166.8339
4221.6,47.4207,166.8481
4222.2,47.4554,166.8625
4222.8,47.49,166.8768
4223.4,47.5247,166.8911
4224.0,47.5593,166.9055
4224.6,47.594,166.9199
4225.2,47.6286,166.9343
4225.8,47.6632,166.9488
4226.5,47.6979,166.9633
4227.1,47.7325,166.9778
4227.7,47.7671,166.9923
4228.3,47.8018,167.0068
4228.9,47.8364,167.0214
4229.5,47.871,167.0359
4230.1,47.9056,167.0505
4230.7,47.9402,167.0652
4231.4,47.9748,167.0798
4232.0,48.0094,167.0945
4232.6,48.044,167.1092
4233.2,48.0786,167.1239
4233.8,48.1132,167.1387
4234.4,48.1478,167.1534
4235.0,48.1824,167.1682
4235.7,48.217,167.183
4236.3,48.2516,167.1978
4236.9,48.2862,167.2127
4237.5,48.3208,167.2276
4238.1,48.3554,167.2425
4238.7,48.3899,167.2574
4239.3,48.4245,167.2724
4239.9,48.4591,167.2874
4240.6,48.4937,167.3024
4241.2,48.5282,167.3174
4241.8,48.5628,167.3324
4242.4,48.5973,167.3475
4243.0,48.6319,167.3626
4243.6,48.6665,167.3777
4244.2,48.701,167.3929
4244.8,48.7356,167.4081
4245.5,48.7701,167.4232
4246.1,48.8046,167.4385
4246.7,48.8392,167.4537
4247.3,48.8737,167.469
4247.9,48.9083,167.4843
4248.5,48.9428,167.4996
4249.1,48.9773,167.5149
4249.7,49.0118,167.5303
4250.4,49.0464,167.5457
4251.0,49.0809,167.5611
4251.6,49.1154,167.5765
4252.2,49.1499,167.592
4252.8,49.1844,167.6075
4253.4,49.2189,167.623
4254.0,49.2534,167.6385
4254.6,49.2879,167.6541
4255.3,49.3224,167.6697
4255.9,49.3569,167.6853
4256.5,49.3914,167.701
4257.1,49.4259,167.7166
4257.7,49.4604,167.7323
4258.3,49.4949,167.748
4258.9,49.5294,167.7638
4259.6,49.5638,167.7796
4260.2,49.5983,167.7953
4260.8,49.6328,167.8112
4261.4,49.6673,167.827
4262.0,49.7017,167.8429
4262.6,49.7362,167.8588
4263.2,49.7706,167.8747
4263.8,49.8051,167.8907
4264.5,49.8395,167.9067
4265.1,49.874,167.9227
4265.7,49.9084,167.9387
4266.3,49.9429,167.9548
4266.9,49.9773,167.9708
4267.5,50.0118,167.987
4268.1,50.0462,168.0031
4268.7,50.0806,168.0193
4269.4,50.1151,168.0354
4270.0,50.1495,168.0517
4270.6,50.1839,168.0679
4271.2,50.2183,168.0842
4271.8,50.2527,168.1005
4272.4,50.2871,168.1168
4273.0,50.3216,168.1332
4273.6,50.356,168.1496
4274.3,50.3904,168.166
4274.9,50.4248,168.1824
4275.5,50.4592,168.1989
4276.1,50.4935,168.2154
4276.7,50.5279,168.2319
4277.3,50.5623,168.2484
4277.9,50.5967,168.265
4278.6,50.6311,168.2816
4279.2,50.6655,168.2982
4279.8,50.6998,168.3149
4280.4,50.7342,168.3316
4281.0,50.7686,168.3483
4281.6,50.8029,168.3651
4282.2,50.8373,168.3818
4282.8,50.8716,168.3986
4283.5,50.906,168.4155
4284.1,50.9403,168.4323
4284.7,50.9747,168.4492
4285.3,51.009,168.4661
4285.9,51.0434,168.4831
4286.5,51.0777,168.5
4287.1,51.112,168.517
4287.7,51.1464,168.5341
4288.4,51.1807,168.5511
4289.0,51.215,168.5682
4289.6,51.2493,168.5853
4290.2,51.2836,168.6025
4290.8,51.318,168.6197
4291.4,51.3523,168.6369
4292.0,51.3866,168.6541
4292.6,51.4209,168.6714
4293.3,51.4552,168.6887
4293.9,51.4895,168.706
4294.5,51.5238,168.7233
4295.1,51.558,168.7407
4295.7,51.5923,168.7581
4296.3,51.6266,168.7756
4296.9,51.6609,168.7931
4297.5,51.6951,168.8106
4298.2,51.7294,168.8281
4298.8,51.7637,168.8457
4299.4,51.7979,168.8633
4300.0,51.8322,168.8809
4300.6,51.8665,168.8986
4301.2,51.9007,168.9162
4301.8,51.935,168.934
4302.5,51.9692,168.9517
4303.1,52.0034,168.9695
4303.7,52.0377,168.9873
4304.3,52.0719,169.0052
4304.9,52.1061,169.023
4305.5,52.1404,169.0409
4306.1,52.1746,169.0589
4306.7,52.2088,169.0769
4307.4,52.243,169.0948
4308.0,52.2772,169.1129
4308.6,52.3114,169.131
4309.2,52.3456,169.149
4309.8,52.3798,169.1672
4310.4,52.414,169.1853
4311.0,52.4482,169.2035
4311.6,52.4824,169.2218
4312.3,52.5166,169.24
4312.9,52.5508,169.2583
4313.5,52.585,169.2766
4314.1,52.6191,169.295
4314.7,52.6533,169.3134
4315.3,52.6875,169.3318
4315.9,52.7216,169.3502
4316.5,52.7558,169.3687
4317.2,52.7899,169.3872
4317.8,52.8241,169.4058
4318.4,52.8582,169.4244
4319.0,52.8924,169.443
4319.6,52.9265,169.4616
4320.2,52.9606,169.4803
4320.8,52.9948,169.4991
4321.5,53.0289,169.5178
4322.1,53.063,169.5366
4322.7,53.0971,169.5554
4323.3,53.1312,169.5743
4323.9,53.1654,169.5931
4324.5,53.1995,169.6121
4325.1,53.2336,169.631
4325.7,53.2677,169.65
4326.4,53.3018,169.669
4327.0,53.3358,169.6881
4327.6,53.3699,169.7072
4328.2,53.404,169.7263
4328.8,53.4381,169.7455
4329.4,53.4722,169.7647
4330.0,53.5062,169.7839
4330.6,53.5403,169.8032
4331.3,53.5744,169.8225
4331.9,53.6084,169.8418
4332.5,53.6425,169.8612
4333.1,53.6765,169.8806
4333.7,53.7106,169.9
4334.3,53.7446,169.9195
4334.9,53.7786,169.939
4335.5,53.8127,169.9586
4336.2,53.8467,169.9782
4336.8,53.8807,169.9978
4337.4,53.9147,170.0174
4338.0,53.9488,170.0371
4338.6,53.9828,170.0569
4339.2,54.0168,170.0766
4339.8,54.0508,170.0964
4340.4,54.0848,170.1163
4341.1,54.1188,170.1362
4341.7,54.1528,170.1561
4342.3,54.1867,170.176
4342.9,54.2207,170.196
4343.5,54.2547,170.216
4344.1,54.2887,170.2361
4344.7,54.3226,170.2562
4345.4,54.3566,170.2763
4346.0,54.3906,170.2965
4346.6,54.4245,170.3167
4347.2,54.4585,170.337
4347.8,54.4924,170.3572
4348.4,54.5263,170.3776
4349.0,54.5603,170.3979
4349.6,54.5942,170.4183
4350.3,54.6281,170.4388
4350.9,54.6621,170.4592
4351.5,54.696,170.4798
4107.0,40.8967,164.5322
4107.6,40.9317,164.5432
4108.2,40.9668,164.5542
4108.8,41.0018,164.5652
4109.4,41.0368,164.5762
4110.0,41.0719,164.5872
4110.6,41.1069,164.5983
4111.2,41.142,164.6093
4111.9,41.177,164.6204
4112.5,41.212,164.6315
4113.1,41.2471,164.6426
4113.7,41.2821,164.6537
4114.3,41.3171,164.6649
4114.9,41.3521,164.676
4115.5,41.3872,164.6872
4116.1,41.4222,164.6984
4116.8,41.4572,164.7096
4117.4,41.4922,164.7208
4118.0,41.5273,164.732
4118.6,41.5623,164.7433
4119.2,41.5973,164.7545
4119.8,41.6323,164.7658
4120.4,41.6673,164.7771
4121.0,41.7023,164.7884
4121.7,41.7373,164.7997
4122.3,41.7723,164.811
4122.9,41.8073,164.8224
4123.5,41.8423,164.8337
4124.1,41.8773,164.8451
4124.7,41.9123,164.8565
4125.3,41.9473,164.8679
4125.9,41.9823,164.8793
4126.6,42.0173,164.8908
4127.2,42.0523,164.9022
4127.8,42.0873,164.9137
4128.4,42.1223,164.9252
4129.0,42.1573,164.9367
4129.6,42.1923,164.9482
4130.2,42.2272,164.9597
4130.9,42.2622,164.9713
4131.5,42.2972,164.9828
4132.1,42.3322,164.9944
4132.7,42.3671,165.006
4133.3,42.4021,165.0176
4133.9,42.4371,165.0292
4134.5,42.4721,165.0409
4135.1,42.507,165.0525
4135.8,42.542,165.0642
4136.4,42.577,165.0759
4137.0,42.6119,165.0876
4137.6,42.6469,165.0993
4138.2,42.6818,165.111
4138.8,42.7168,165.1228
4139.4,42.7517,165.1346
4140.0,42.7867,165.1463
4140.7,42.8216,165.1581
4141.3,42.8566,165.17
4141.9,42.8915,165.1818
4142.5,42.9265,165.1936
4143.1,42.9614,165.2055
4143.7,42.9963,165.2174
4144.3,43.0313,165.2293
4144.9,43.0662,165.2412
4145.6,43.1012,165.2531
4146.2,43.1361,165.2651
4146.8,43.171,165.2771
4147.4,43.2059,165.289
4148.0,43.2409,165.301
4148.6,43.2758,165.313
4149.2,43.3107,165.3251
4149.8,43.3456,165.3371
4150.5,43.3805,165.3492
4151.1,43.4155,165.3613
4151.7,43.4504,165.3734
4152.3,43.4853,165.3855
4152.9,43.5202,165.3976
4153.5,43.5551,165.4098
4154.1,43.59,165.4219
4154.8,43.6249,165.4341
4155.4,43.6598,165.4463
4156.0,43.6947,165.4585
4156.6,43.7296,165.4707
4157.2,43.7645,165.483
4157.8,43.7994,165.4953
4158.4,43.8343,165.5076
4159.0,43.8692,165.5199
4159.7,43.9041,165.5322
4160.3,43.9389,165.5445
4160.9,43.9738,165.5569
4161.5,44.0087,165.5692
4162.1,44.0436,165.5816
4162.7,44.0784,165.594
4163.3,44.1133,165.6065
4163.9,44.1482,165.6189
4164.6,44.1831,165.6314
4165.2,44.2179,165.6438
4165.8,44.2528,165.6563
4166.4,44.2877,165.6689
4167.0,44.3225,165.6814
4167.6,44.3574,165.6939
4168.2,44.3922,165.7065
4168.8,44.4271,165.7191
4169.5,44.4619,165.7317
4170.1,44.4968,165.7443
4170.7,44.5316,165.757
4171.3,44.5665,165.7696
4171.9,44.6013,165.7823
4172.5,44.6362,165.795
4173.1,44.671,165.8077
4173.8,44.7058,165.8204
4174.4,44.7407,165.8332
4175.0,44.7755,165.8459
4175.6,44.8103,165.8587
4176.2,44.8452,165.8715
4176.8,44.88,165.8844
4177.4,44.9148,165.8972
4178.0,44.9496,165.9101
4178.7,44.9845,165.9229
4179.3,45.0193,165.9359
4179.9,45.0541,165.9488
4180.5,45.0889,165.9617
4181.1,45.1237,165.9747
4181.7,45.1585,165.9876
4182.3,45.1933,166.0006
4182.9,45.2281,166.0136
4183.6,45.2629,166.0267
4184.2,45.2977,166.0397
4184.8,45.3325,166.0528
4185.4,45.3673,166.0659
4186.0,45.4021,166.079
4186.6,45.4369,166.0921
4187.2,45.4717,166.1052
4187.8,45.5065,166.1184
4188.5,45.5412,166.1316
4189.1,45.576,166.1448
4189.7,45.6108,166.158
4190.3,45.6456,166.1713
4190.9,45.6804,166.1845
4191.5,45.7151,166.1978
4192.1,45.7499,166.2111
4192.8,45.7847,166.2244
4193.4,45.8194,166.2378
4194.0,45.8542,166.2511
4194.6,45.8889,166.2645
4195.2,45.9237,166.2779
4195.8,45.9585,166.2913
4196.4,45.9932,166.3048
4197.0,46.028,166.3182
4197.7,46.0627,166.3317
4198.3,46.0974,166.3452
4198.9,46.1322,166.3587
4199.5,46.1669,166.3723
4200.1,46.2017,166.3858
4200.7,46.2364,166.3994
4201.3,46.2711,166.413
4201.9,46.3059,166.4266
4202.6,46.3406,166.4403
4203.2,46.3753,166.4539
4203.8,46.41,166.4676
4204.4,46.4448,166.4813
4205.0,46.4795,166.4951
4205.6,46.5142,166.5088
4206.2,46.5489,166.5226
4206.8,46.5836,166.5364
4207.5,46.6183,166.5502
4208.1,46.653,166.564
4208.7,46.6877,166.5779
4209.3,46.7224,166.5917
4209.9,46.7571,166.6056
4210.5,46.7918,166.6195
4211.1,46.8265,166.6335
4211.7,46.8612,166.6474
4212.4,46.8959,166.6614
4213.0,46.9306,166.6754
4213.6,46.9653,166.6894
4214.2,46.9999,166.7035
4214.8,47.0346,166.7175
4215.4,47.0693,166.7316
4216.0,47.104,166.7457
4216.7,47.1386,166.7599
4217.3,47.1733,166.774
4217.9,47.208,166.7882
4218.5,47.2426,166.8024
4219.1,47.2773,166.8166
4219.7,47.3119,166.8308
4220.3,47.3466,166.8451
4220.9,47.3812,166.8594
4221.6,47.4159,166.8737
4222.2,47.4505,166.888
4222.8,47.4852,166.9023
4223.4,47.5198,166.9167
4224.0,47.5545,166.9311
4224.6,47.5891,166.9455
4225.2,47.6237,166.96
4225.8,47.6584,166.9744
4226.5,47.693,166.9889
4227.1,47.7276,167.0034
4227.7,47.7622,167.0179
4228.3,47.7969,167.0325
4228.9,47.8315,167.0471
4229.5,47.8661,167.0617
4230.1,47.9007,167.0763
4230.7,47.9353,167.0909
4231.4,47.9699,167.1056
4232.0,48.0045,167.1203
4232.6,48.0391,167.135
4233.2,48.0737,167.1497
4233.8,48.1083,167.1645
4234.4,48.1429,167.1793
4235.0,48.1775,167.1941
4235.7,48.2121,167.2089
4236.3,48.2467,167.2237
4236.9,48.2812,167.2386
4237.5,48.3158,167.2535
4238.1,48.3504,167.2684
4238.7,48.385,167.2834
4239.3,48.4195,167.2984
4239.9,48.4541,167.3133
4240.6,48.4887,167.3284
4241.2,48.5232,167.3434
4241.8,48.5578,167.3585
4242.4,48.5923,167.3736
4243.0,48.6269,167.3887
4243.6,48.6614,167.4038
4244.2,48.696,167.419
4244.8,48.7305,167.4341
4245.5,48.7651,167.4494
4246.1,48.7996,167.4646
4246.7,48.8341,167.4799
4247.3,48.8687,167.4951
4247.9,48.9032,167.5105
4248.5,48.9377,167.5258
4249.1,48.9723,167.5411
4249.7,49.0068,167.5565
4250.4,49.0413,167.5719
4251.0,49.0758,167.5874
4251.6,49.1103,167.6028
4252.2,49.1448,167.6183
4252.8,49.1793,167.6338
4253.4,49.2138,167.6493
4254.0,49.2483,167.6649
4254.6,49.2828,167.6805
4255.3,49.3173,167.6961
4255.9,49.3518,167.7117
4256.5,49.3863,167.7274
4257.1,49.4208,167.7431
4257.7,49.4553,167.7588
4258.3,49.4898,167.7745
4258.9,49.5242,167.7903
4259.6,49.5587,167.8061
4260.2,49.5932,167.8219
4260.8,49.6276,167.8377
4261.4,49.6621,167.8536
4262.0,49.6966,167.8695
4262.6,49.731,167.8854
4263.2,49.7655,167.9013
4263.8,49.7999,167.9173
4264.5,49.8344,167.9333
4265.1,49.8688,167.9493
4265.7,49.9033,167.9654
4266.3,49.9377,167.9814
4266.9,49.9721,167.9975
4267.5,50.0066,168.0137
4268.1,50.041,168.0298
4268.7,50.0754,168.046
4269.4,50.1098,168.0622
4270.0,50.1443,168.0784
4270.6,50.1787,168.0947
4271.2,50.2131,168.111
4271.8,50.2475,168.1273
4272.4,50.2819,168.1437
4273.0,50.3163,168.16
4273.6,50.3507,168.1764
4274.3,50.3851,168.1929
4274.9,50.4195,168.2093
4275.5,50.4539,168.2258
4276.1,50.4883,168.2423
4276.7,50.5227,168.2589
4277.3,50.557,168.2754
4277.9,50.5914,168.292
4278.6,50.6258,168.3086
4279.2,50.6602,168.3253
4279.8,50.6945,168.3419
4280.4,50.7289,168.3587
4281.0,50.7633,168.3754
4281.6,50.7976,168.3922
4282.2,50.832,168.4089
4282.8,50.8663,168.4258
4283.5,50.9007,168.4426
4284.1,50.935,168.4595
4284.7,50.9694,168.4764
4285.3,51.0037,168.4933
4285.9,51.038,168.5103
4286.5,51.0724,168.5273
4287.1,51.1067,168.5443
4287.7,51.141,168.5613
4288.4,51.1753,168.5784
4289.0,51.2096,168.5955
4289.6,51.244,168.6127
4290.2,51.2783,168.6298
4290.8,51.3126,168.647
4291.4,51.3469,168.6642
4292.0,51.3812,168.6815
4292.6,51.4155,168.6988
4293.3,51.4498,168.7161
4293.9,51.484,168.7334
4294.5,51.5183,168.7508
4295.1,51.5526,168.7682
4295.7,51.5869,168.7857
4296.3,51.6212,168.8031
4296.9,51.6554,168.8206
4297.5,51.6897,168.8381
4298.2,51.724,168.8557
4298.8,51.7582,168.8733
4299.4,51.7925,168.8909
4300.0,51.8267,168.9085
4300.6,51.861,168.9262
4301.2,51.8952,168.9439
4301.8,51.9295,168.9617
4302.5,51.9637,168.9794
4303.1,51.9979,168.9972
4303.7,52.0322,169.0151
4304.3,52.0664,169.0329
4304.9,52.1006,169.0508
4305.5,52.1348,169.0687
4306.1,52.1691,169.0867
4306.7,52.2033,169.1047
4307.4,52.2375,169.1227
4308.0,52.2717,169.1408
4308.6,52.3059,169.1588
4309.2,52.3401,169.177
4309.8,52.3743,169.1951
4310.4,52.4085,169.2133
4311.0,52.4427,169.2315
4311.6,52.4768,169.2497
4312.3,52.511,169.268
4312.9,52.5452,169.2863
4313.5,52.5794,169.3047
4314.1,52.6135,169.323
4314.7,52.6477,169.3414
4315.3,52.6819,169.3599
4315.9,52.716,169.3784
4316.5,52.7502,169.3969
4317.2,52.7843,169.4154
4317.8,52.8185,169.434
4318.4,52.8526,169.4526
4319.0,52.8867,169.4712
4319.6,52.9209,169.4899
4320.2,52.955,169.5086
4320.8,52.9891,169.5273
4321.5,53.0232,169.5461
4322.1,53.0574,169.5649
4322.7,53.0915,169.5837
4323.3,53.1256,169.6026
4323.9,53.1597,169.6215
4324.5,53.1938,169.6405
4325.1,53.2279,169.6594
4325.7,53.262,169.6784
4326.4,53.2961,169.6975
4327.0,53.3301,169.7166
4327.6,53.3642,169.7357
4328.2,53.3983,169.7548
4328.8,53.4324,169.774
4329.4,53.4664,169.7932
4330.0,53.5005,169.8125
4330.6,53.5346,169.8318
4331.3,53.5686,169.8511
4331.9,53.6027,169.8704
4332.5,53.6367,169.8898
4333.1,53.6708,169.9093
4333.7,53.7048,169.9287
4334.3,53.7388,169.9482
4334.9,53.7729,169.9677
4335.5,53.8069,169.9873
4336.2,53.8409,170.0069
4336.8,53.8749,170.0266
4337.4,53.9089,170.0462
4338.0,53.9429,170.0659
4338.6,53.9769,170.0857
4339.2,54.0109,170.1055
4339.8,54.0449,170.1253
4340.4,54.0789,170.1452
4341.1,54.1129,170.1651
4341.7,54.1469,170.185
4342.3,54.1809,170.205
4342.9,54.2149,170.225
4343.5,54.2488,170.245
4344.1,54.2828,170.2651
4344.7,54.3168,170.2852
4345.4,54.3507,170.3054
4346.0,54.3847,170.3256
4346.6,54.4186,170.3458
4347.2,54.4526,170.3661
4347.8,54.4865,170.3864
4348.4,54.5204,170.4067
4349.0,54.5544,170.4271
4349.6,54.5883,170.4475
4350.3,54.6222,170.468
4350.9,54.6561,170.4885
4107.0,40.8925,164.5553
4107.6,40.9275,164.5663
4108.2,40.9626,164.5773
4108.8,40.9976,164.5883
4109.4,41.0327,164.5993
4110.0,41.0677,164.6104
4110.6,41.1027,164.6214
4111.2,41.1378,164.6325
4111.9,41.1728,164.6436
4112.5,41.2078,164.6547
4113.1,41.2429,164.6658
4113.7,41.2779,164.677
4114.3,41.3129,164.6881
4114.9,41.3479,164.6993
4115.5,41.383,164.7104
4116.1,41.418,164.7216
4116.8,41.453,164.7328
4117.4,41.488,164.7441
4118.0,41.523,164.7553
4118.6,41.5581,164.7666
4119.2,41.5931,164.7778
4119.8,41.6281,164.7891
4120.4,41.6631,164.8004
4121.0,41.6981,164.8117
4121.7,41.7331,164.823
4122.3,41.7681,164.8344
4122.9,41.8031,164.8457
4123.5,41.8381,164.8571
4124.1,41.8731,164.8685
4124.7,41.9081,164.8799
4125.3,41.9431,164.8913
4125.9,41.9781,164.9028
4126.6,42.0131,164.9142
4127.2,42.048,164.9257
4127.8,42.083,164.9372
4128.4,42.118,164.9487
4129.0,42.153,164.9602
4129.6,42.188,164.9717
4130.2,42.223,164.9832
4130.9,42.2579,164.9948
4131.5,42.2929,165.0064
4132.1,42.3279,165.018
4132.7,42.3628,165.0296
4133.3,42.3978,165.0412
4133.9,42.4328,165.0528
4134.5,42.4677,165.0645
4135.1,42.5027,165.0761
4135.8,42.5377,165.0878
4136.4,42.5726,165.0995
4137.0,42.6076,165.1113
4137.6,42.6425,165.123
4138.2,42.6775,165.1347
4138.8,42.7124,165.1465
4139.4,42.7474,165.1583
4140.0,42.7823,165.1701
4140.7,42.8173,165.1819
4141.3,42.8522,165.1937
4141.9,42.8872,165.2056
4142.5,42.9221,165.2174
4143.1,42.957,165.2293
4143.7,42.992,165.2412
4144.3,43.0269,165.2531
4144.9,43.0618,165.265
4145.6,43.0968,165.277
4146.2,43.1317,165.2889
4146.8,43.1666,165.3009
4147.4,43.2016,165.3129
4148.0,43.2365,165.3249
4148.6,43.2714,165.3369
4149.2,43.3063,165.349
4149.8,43.3412,165.361
4150.5,43.3761,165.3731
4151.1,43.4111,165.3852
4151.7,43.446,165.3973
4152.3,43.4809,165.4094
4152.9,43.5158,165.4216
4153.5,43.5507,165.4337
4154.1,43.5856,165.4459
4154.8,43.6205,165.4581
4155.4,43.6554,165.4703
4156.0,43.6903,165.4826
4156.6,43.7252,165.4948
4157.2,43.7601,165.5071
4157.8,43.7949,165.5193
4158.4,43.8298,165.5316
4159.0,43.8647,165.544
4159.7,43.8996,165.5563
4160.3,43.9345,165.5686
4160.9,43.9694,165.581
4161.5,44.0042,165.5934
4162.1,44.0391,165.6058
4162.7,44.074,165.6182
4163.3,44.1088,165.6307
4163.9,44.1437,165.6431
4164.6,44.1786,165.6556
4165.2,44.2134,165.6681
4165.8,44.2483,165.6806
4166.4,44.2832,165.6931
4167.0,44.318,165.7057
4167.6,44.3529,165.7182
4168.2,44.3877,165.7308
4168.8,44.4226,165.7434
4169.5,44.4574,165.756
4170.1,44.4923,165.7687
4170.7,44.5271,165.7813
4171.3,44.562,165.794
4171.9,44.5968,165.8067
4172.5,44.6316,165.8194
4173.1,44.6665,165.8321
4173.8,44.7013,165.8448
4174.4,44.7361,165.8576
4175.0,44.771,165.8704
4175.6,44.8058,165.8832
4176.2,44.8406,165.896
4176.8,44.8754,165.9089
4177.4,44.9103,165.9217
4178.0,44.9451,165.9346
4178.7,44.9799,165.9475
4179.3,45.0147,165.9604
4179.9,45.0495,165.9733
4180.5,45.0843,165.9863
4181.1,45.1191,165.9992
4181.7,45.1539,166.0122
4182.3,45.1887,166.0252
4182.9,45.2235,166.0383
4183.6,45.2583,166.0513
4184.2,45.2931,166.0644
4184.8,45.3279,166.0774
4185.4,45.3627,166.0905
4186.0,45.3975,166.1037
4186.6,45.4323,166.1168
4187.2,45.4671,166.13
4187.8,45.5018,166.1431
4188.5,45.5366,166.1563
4189.1,45.5714,166.1696
4189.7,45.6062,166.1828
4190.3,45.6409,166.196
4190.9,45.6757,166.2093
4191.5,45.7105,166.2226
4192.1,45.7452,166.2359
4192.8,45.78,166.2493
4193.4,45.8148,166.2626
4194.0,45.8495,166.276
4194.6,45.8843,166.2894
4195.2,45.919,166.3028
4195.8,45.9538,166.3162
4196.4,45.9885,166.3297
4197.0,46.0233,166.3432
4197.7,46.058,166.3567
4198.3,46.0927,166.3702
4198.9,46.1275,166.3837
4199.5,46.1622,166.3973
4200.1,46.197,166.4108
4200.7,46.2317,166.4244
4201.3,46.2664,166.438
4201.9,46.3011,166.4517
4202.6,46.3359,166.4653
4203.2,46.3706,166.479
4203.8,46.4053,166.4927
4204.4,46.44,166.5064
4205.0,46.4747,166.5202
4205.6,46.5094,166.534
4206.2,46.5442,166.5477
4206.8,46.5789,166.5615
4207.5,46.6136,166.5753
4208.1,46.6483,166.5892
4208.7,46.683,166.6031
4209.3,46.7177,166.617
4209.9,46.7523,166.6309
4210.5,46.787,166.6448
4211.1,46.8217,166.6587
4211.7,46.8564,166.6727
4212.4,46.8911,166.6867
4213.0,46.9258,166.7007
4213.6,46.9605,166.7148
4214.2,46.9951,166.7288
4214.8,47.0298,166.7429
4215.4,47.0645,166.757
4216.0,47.0991,166.7711
4216.7,47.1338,166.7852
4217.3,47.1685,166.7994
4217.9,47.2031,166.8136
4218.5,47.2378,166.8278
4219.1,47.2724,166.842
4219.7,47.3071,166.8563
4220.3,47.3417,166.8706
4220.9,47.3764,166.8849
4221.6,47.411,166.8992
4222.2,47.4457,166.9135
4222.8,47.4803,166.9279
4223.4,47.515,166.9423
4224.0,47.5496,166.9567
4224.6,47.5842,166.9711
4225.2,47.6188,166.9856
4225.8,47.6535,167.0
4226.5,47.6881,167.0145
4227.1,47.7227,167.0291
4227.7,47.7573,167.0436
4228.3,47.792,167.0582
4228.9,47.8266,167.0728
4229.5,47.8612,167.0874
4230.1,47.8958,167.102
4230.7,47.9304,167.1167
4231.4,47.965,167.1313
4232.0,47.9996,167.146
4232.6,48.0342,167.1608
4233.2,48.0688,167.1755
4233.8,48.1034,167.1903
4234.4,48.1379,167.2051
4235.0,48.1725,167.2199
4235.7,48.2071,167.2348
4236.3,48.2417,167.2496
4236.9,48.2763,167.2645
4237.5,48.3108,167.2794
4238.1,48.3454,167.2944
4238.7,48.38,167.3093
4239.3,48.4145,167.3243
4239.9,48.4491,167.3393
4240.6,48.4837,167.3544
4241.2,48.5182,167.3694
4241.8,48.5528,167.3845
4242.4,48.5873,167.3996
4243.0,48.6219,167.4147
4243.6,48.6564,167.4299
4244.2,48.691,167.4451
4244.8,48.7255,167.4603
4245.5,48.76,167.4755
4246.1,48.7946,167.4907
4246.7,48.8291,167.506
4247.3,48.8636,167.5213
4247.9,48.8982,167.5366
4248.5,48.9327,167.552
4249.1,48.9672,167.5674
4249.7,49.0017,167.5827
4250.4,49.0362,167.5982
4251.0,49.0707,167.6136
4251.6,49.1052,167.6291
4252.2,49.1398,167.6446
4252.8,49.1743,167.6601
4253.4,49.2087,167.6757
4254.0,49.2432,167.6912
4254.6,49.2777,167.7068
4255.3,49.3122,167.7225
4255.9,49.3467,167.7381
4256.5,49.3812,167.7538
4257.1,49.4157,167.7695
4257.7,49.4502,167.7852
4258.3,49.4846,167.801
4258.9,49.5191,167.8167
4259.6,49.5536,167.8326
4260.2,49.588,167.8484
4260.8,49.6225,167.8642
4261.4,49.657,167.8801
4262.0,49.6914,167.896
4262.6,49.7259,167.912
4263.2,49.7603,167.9279
4263.8,49.7948,167.9439
4264.5,49.8292,167.9599
4265.1,49.8636,167.976
4265.7,49.8981,167.992
4266.3,49.9325,168.0081
4266.9,49.9669,168.0242
4267.5,50.0014,168.0404
4268.1,50.0358,168.0565
4268.7,50.0702,168.0727
4269.4,50.1046,168.089
4270.0,50.139,168.1052
4270.6,50.1735,168.1215
4271.2,50.2079,168.1378
4271.8,50.2423,168.1541
4272.4,50.2767,168.1705
4273.0,50.3111,168.1869
4273.6,50.3455,168.2033
4274.3,50.3799,168.2198
4274.9,50.4142,168.2362
4275.5,50.4486,168.2527
4276.1,50.483,168.2693
4276.7,50.5174,168.2858
4277.3,50.5518,168.3024
4277.9,50.5861,168.319
4278.6,50.6205,168.3356
4279.2,50.6549,168.3523
4279.8,50.6892,168.369
4280.4,50.7236,168.3857
4281.0,50.7579,168.4025
4281.6,50.7923,168.4193
4282.2,50.8266,168.4361
4282.8,50.861,168.4529
4283.5,50.8953,168.4698
4284.1,50.9297,168.4866
4284.7,50.964,168.5036
4285.3,50.9983,168.5205
4285.9,51.0327,168.5375
4286.5,51.067,168.5545
4287.1,51.1013,168.5715
4287.7,51.1356,168.5886
4288.4,51.17,168.6057
4289.0,51.2043,168.6228
4289.6,51.2386,168.64
4290.2,51.2729,168.6572
4290.8,51.3072,168.6744
4291.4,51.3415,168.6916
4292.0,51.3758,168.7089
4292.6,51.4101,168.7262
4293.3,51.4443,168.7435
4293.9,51.4786,168.7609
4294.5,51.5129,168.7783
4295.1,51.5472,168.7957
4295.7,51.5815,168.8132
4296.3,51.6157,168.8306
4296.9,51.65,168.8482
4297.5,51.6843,168.8657
4298.2,51.7185,168.8833
4298.8,51.7528,168.9009
4299.4,51.787,168.9185
4300.0,51.8213,168.9362
4300.6,51.8555,168.9539
4301.2,51.8898,168.9716
4301.8,51.924,168.9893
4302.5,51.9582,169.0071
4303.1,51.9925,169.0249
4303.7,52.0267,169.0428
4304.3,52.0609,169.0607
4304.9,52.0951,169.0786
4305.5,52.1293,169.0965
4306.1,52.1635,169.1145
4306.7,52.1977,169.1325
4307.4,52.232,169.1506
4308.0,52.2662,169.1686
4308.6,52.3003,169.1867
4309.2,52.3345,169.2049
4309.8,52.3687,169.223
4310.4,52.4029,169.2412
4311.0,52.4371,169.2595
4311.6,52.4713,169.2777
4312.3,52.5054,169.296
4312.9,52.5396,169.3143
4313.5,52.5738,169.3327
4314.1,52.6079,169.3511
4314.7,52.6421,169.3695
4315.3,52.6763,169.388
4315.9,52.7104,169.4065
4316.5,52.7445,169.425
4317.2,52.7787,169.4435
4317.8,52.8128,169.4621
4318.4,52.847,169.4808
4319.0,52.8811,169.4994
4319.6,52.9152,169.5181
4320.2,52.9493,169.5368
4320.8,52.9835,169.5556
4321.5,53.0176,169.5744
4322.1,53.0517,169.5932
4322.7,53.0858,169.6121
4323.3,53.1199,169.631
4323.9,53.154,169.6499
4324.5,53.1881,169.6688
4325.1,53.2222,169.6878
4325.7,53.2563,169.7069
4326.4,53.2903,169.7259
4327.0,53.3244,169.745
4327.6,53.3585,169.7641
4328.2,53.3926,169.7833
4328.8,53.4266,169.8025
4329.4,53.4607,169.8217
4330.0,53.4948,169.841
4330.6,53.5288,169.8603
4331.3,53.5629,169.8797
4331.9,53.5969,169.899
4332.5,53.6309,169.9185
4333.1,53.665,169.9379
4333.7,53.699,169.9574
4334.3,53.733,169.9769
4334.9,53.7671,169.9965
4335.5,53.8011,170.0161
4336.2,53.8351,170.0357
4336.8,53.8691,170.0553
4337.4,53.9031,170.075
4338.0,53.9371,170.0948
4338.6,53.9711,170.1145
4339.2,54.0051,170.1343
4339.8,54.0391,170.1542
4340.4,54.0731,170.1741
4341.1,54.1071,170.194
4341.7,54.1411,170.2139
4342.3,54.175,170.2339
4342.9,54.209,170.254
4343.5,54.243,170.274
4344.1,54.2769,170.2941
4344.7,54.3109,170.3143
4345.4,54.3448,170.3344
4346.0,54.3788,170.3547
4346.6,54.4127,170.3749
4347.2,54.4466,170.3952
4347.8,54.4806,170.4155
4348.4,54.5145,170.4359
4349.0,54.5484,170.4563
4349.6,54.5824,170.4767
4350.3,54.6163,170.4972
4107.0,40.8883,164.5784
4107.6,40.9234,164.5894
4108.2,40.9584,164.6004
4108.8,40.9934,164.6114
4109.4,41.0285,164.6225
4110.0,41.0635,164.6335
4110.6,41.0986,164.6446
4111.2,41.1336,164.6557
4111.9,41.1686,164.6668
4112.5,41.2036,164.6779
4113.1,41.2387,164.689
4113.7,41.2737,164.7002
4114.3,41.3087,164.7113
4114.9,41.3437,164.7225
4115.5,41.3788,164.7337
4116.1,41.4138,164.7449
4116.8,41.4488,164.7561
4117.4,41.4838,164.7673
4118.0,41.5188,164.7786
4118.6,41.5538,164.7899
4119.2,41.5888,164.8011
4119.8,41.6238,164.8124
4120.4,41.6588,164.8237
4121.0,41.6938,164.8351
4121.7,41.7288,164.8464
4122.3,41.7638,164.8578
4122.9,41.7988,164.8691
4123.5,41.8338,164.8805
4124.1,41.8688,164.8919
4124.7,41.9038,164.9033
4125.3,41.9388,164.9148
4125.9,41.9738,164.9262
4126.6,42.0088,164.9377
4127.2,42.0438,164.9492
4127.8,42.0788,164.9606
4128.4,42.1137,164.9722
4129.0,42.1487,164.9837
4129.6,42.1837,164.9952
4130.2,42.2187,165.0068
4130.9,42.2536,165.0183
4131.5,42.2886,165.0299
4132.1,42.3236,165.0415
4132.7,42.3585,165.0531
4133.3,42.3935,165.0648
4133.9,42.4285,165.0764
4134.5,42.4634,165.0881
4135.1,42.4984,165.0998
4135.8,42.5333,165.1115
4136.4,42.5683,165.1232
4137.0,42.6033,165.1349
4137.6,42.6382,165.1467
4138.2,42.6732,165.1584
4138.8,42.7081,165.1702
4139.4,42.743,165.182
4140.0,42.778,165.1938
4140.7,42.8129,165.2056
4141.3,42.8479,165.2175
4141.9,42.8828,165.2293
4142.5,42.9177,165.2412
4143.1,42.9527,165.2531
4143.7,42.9876,165.265
4144.3,43.0225,165.2769
4144.9,43.0575,165.2888
4145.6,43.0924,165.3008
4146.2,43.1273,165.3128
4146.8,43.1622,165.3248
4147.4,43.1972,165.3368
4148.0,43.2321,165.3488
4148.6,43.267,165.3608
4149.2,43.3019,165.3729
4149.8,43.3368,165.3849
4150.5,43.3717,165.397
4151.1,43.4066,165.4091
4151.7,43.4415,165.4213
4152.3,43.4765,165.4334
4152.9,43.5114,165.4456
4153.5,43.5462,165.4577
4154.1,43.5811,165.4699
4154.8,43.616,165.4821
4155.4,43.6509,165.4944
4156.0,43.6858,165.5066
4156.6,43.7207,165.5189
4157.2,43.7556,165.5311
4157.8,43.7905,165.5434
4158.4,43.8254,165.5557
4159.0,43.8603,165.5681
4159.7,43.8951,165.5804
4160.3,43.93,165.5928
4160.9,43.9649,165.6052
4161.5,43.9998,165.6176
4162.1,44.0346,165.63
4162.7,44.0695,165.6424
4163.3,44.1044,165.6549
4163.9,44.1392,165.6673
4164.6,44.1741,165.6798
4165.2,44.2089,165.6923
4165.8,44.2438,165.7048
4166.4,44.2787,165.7174
4167.0,44.3135,165.7299
4167.6,44.3484,165.7425
4168.2,44.3832,165.7551
4168.8,44.4181,165.7677
4169.5,44.4529,165.7803
4170.1,44.4877,165.793
4170.7,44.5226,165.8057
4171.3,44.5574,165.8183
4171.9,44.5923,165.8311
4172.5,44.6271,165.8438
4173.1,44.6619,165.8565
4173.8,44.6968,165.8693
4174.4,44.7316,165.882
4175.0,44.7664,165.8948
4175.6,44.8012,165.9077
4176.2,44.836,165.9205
4176.8,44.8709,165.9333
4177.4,44.9057,165.9462
4178.0,44.9405,165.9591
4178.7,44.9753,165.972
4179.3,45.0101,165.9849
4179.9,45.0449,165.9979
4180.5,45.0797,166.0108
4181.1,45.1145,166.0238
4181.7,45.1493,166.0368
4182.3,45.1841,166.0498
4182.9,45.2189,166.0629
4183.6,45.2537,166.0759
4184.2,45.2885,166.089
4184.8,45.3233,166.1021
4185.4,45.3581,166.1152
4186.0,45.3929,166.1283
4186.6,45.4276,166.1415
4187.2,45.4624,166.1547
4187.8,45.4972,166.1679
4188.5,45.532,166.1811
4189.1,45.5667,166.1943
4189.7,45.6015,166.2076
4190.3,45.6363,166.2208
4190.9,45.671,166.2341
4191.5,45.7058,166.2474
4192.1,45.7406,166.2608
4192.8,45.7753,166.2741
4193.4,45.8101,166.2875
4194.0,45.8448,166.3009
4194.6,45.8796,166.3143
4195.2,45.9143,166.3277
4195.8,45.9491,166.3411
4196.4,45.9838,166.3546
4197.0,46.0186,166.3681
4197.7,46.0533,166.3816
4198.3,46.088,166.3951
4198.9,46.1228,166.4087
4199.5,46.1575,166.4223
4200.1,46.1922,166.4359
4200.7,46.227,166.4495
4201.3,46.2617,166.4631
4201.9,46.2964,166.4767
4202.6,46.3311,166.4904
4203.2,46.3658,166.5041
4203.8,46.4006,166.5178
4204.4,46.4353,166.5316
4205.0,46.47,166.5453
4205.6,46.5047,166.5591
4206.2,46.5394,166.5729
4206.8,46.5741,166.5867
4207.5,46.6088,166.6005
4208.1,46.6435,166.6144
4208.7,46.6782,166.6283
4209.3,46.7129,166.6422
4209.9,46.7476,166.6561
4210.5,46.7822,166.67
4211.1,46.8169,166.684
4211.7,46.8516,166.698
4212.4,46.8863,166.712
4213.0,46.921,166.726
4213.6,46.9556,166.7401
4214.2,46.9903,166.7541
4214.8,47.025,166.7682
4215.4,47.0597,166.7823
4216.0,47.0943,166.7965
4216.7,47.129,166.8106
4217.3,47.1636,166.8248
4217.9,47.1983,166.839
4218.5,47.2329,166.8533
4219.1,47.2676,166.8675
4219.7,47.3022,166.8818
4220.3,47.3369,166.8961
4220.9,47.3715,166.9104
4221.6,47.4062,166.9247
4222.2,47.4408,166.9391
4222.8,47.4754,166.9534
4223.4,47.5101,166.9678
4224.0,47.5447,166.9823
4224.6,47.5793,166.9967
4225.2,47.614,167.0112
4225.8,47.6486,167.0257
4226.5,47.6832,167.0402
4227.1,47.7178,167.0547
4227.7,47.7524,167.0693
4228.3,47.787,167.0838
4228.9,47.8216,167.0984
4229.5,47.8563,167.1131
4230.1,47.8909,167.1277
4230.7,47.9255,167.1424
4231.4,47.96,167.1571
4232.0,47.9946,167.1718
4232.6,48.0292,167.1866
4233.2,48.0638,167.2013
4233.8,48.0984,167.2161
4234.4,48.133,167.2309
4235.0,48.1676,167.2458
4235.7,48.2021,167.2606
4236.3,48.2367,167.2755
4236.9,48.2713,167.2904
4237.5,48.3059,167.3053
4238.1,48.3404,167.3203
4238.7,48.375,167.3353
4239.3,48.4096,167.3503
4239.9,48.4441,167.3653
4240.6,48.4787,167.3803
4241.2,48.5132,167.3954
4241.8,48.5478,167.4105
4242.4,48.5823,167.4256
4243.0,48.6169,167.4408
4243.6,48.6514,167.4559
4244.2,48.6859,167.4711
4244.8,48.7205,167.4863
4245.5,48.755,167.5016
4246.1,48.7895,167.5169
4246.7,48.8241,167.5322
4247.3,48.8586,167.5475
4247.9,48.8931,167.5628
4248.5,48.9276,167.5782
4249.1,48.9621,167.5936
4249.7,48.9966,167.609
4250.4,49.0312,167.6244
4251.0,49.0657,167.6399
4251.6,49.1002,167.6554
4252.2,49.1347,167.6709
4252.8,49.1692,167.6864
4253.4,49.2037,167.702
4254.0,49.2381,167.7176
4254.6,49.2726,167.7332
4255.3,49.3071,167.7488
4255.9,49.3416,167.7645
4256.5,49.3761,167.7802
4257.1,49.4105,167.7959
4257.7,49.445,167.8116
4258.3,49.4795,167.8274
4258.9,49.514,167.8432
4259.6,49.5484,167.859
4260.2,49.5829,167.8749
4260.8,49.6173,167.8907
4261.4,49.6518,167.9066
4262.0,49.6862,167.9226
4262.6,49.7207,167.9385
4263.2,49.7551,167.9545
4263.8,49.7896,167.9705
4264.5,49.824,167.9865
4265.1,49.8584,168.0026
4265.7,49.8929,168.0187
4266.3,49.9273,168.0348
4266.9,49.9617,168.0509
4267.5,49.9962,168.0671
4268.1,50.0306,168.0833
4268.7,50.065,168.0995
4269.4,50.0994,168.1157
4270.0,50.1338,168.132
4270.6,50.1682,168.1483
4271.2,50.2026,168.1646
4271.8,50.237,168.181
4272.4,50.2714,168.1973
4273.0,50.3058,168.2137
4273.6,50.3402,168.2302
4274.3,50.3746,168.2466
4274.9,50.409,168.2631
4275.5,50.4434,168.2796
4276.1,50.4777,168.2962
4276.7,50.5121,168.3128
4277.3,50.5465,168.3294
4277.9,50.5808,168.346
4278.6,50.6152,168.3626
4279.2,50.6496,168.3793
4279.8,50.6839,168.396
4280.4,50.7183,168.4128
4281.0,50.7526,168.4296
4281.6,50.787,168.4463
4282.2,50.8213,168.4632
4282.8,50.8557,168.48
4283.5,50.89,168.4969
4284.1,50.9243,168.5138
4284.7,50.9587,168.5307
4285.3,50.993,168.5477
4285.9,51.0273,168.5647
4286.5,51.0616,168.5817
4287.1,51.096,168.5988
4287.7,51.1303,168.6159
4288.4,51.1646,168.633
4289.0,51.1989,168.6501
4289.6,51.2332,168.6673
4290.2,51.2675,168.6845
4290.8,51.3018,168.7017
4291.4,51.3361,168.719
4292.0,51.3704,168.7363
4292.6,51.4046,168.7536
4293.3,51.4389,168.771
4293.9,51.4732,168.7883
4294.5,51.5075,168.8058
4295.1,51.5417,168.8232
4295.7,51.576,168.8407
4296.3,51.6103,168.8582
4296.9,51.6445,168.8757
4297.5,51.6788,168.8932
4298.2,51.7131,168.9108
4298.8,51.7473,168.9285
4299.4,51.7815,168.9461
4300.0,51.8158,168.9638
4300.6,51.85,168.9815
4301.2,51.8843,168.9993
4301.8,51.9185,169.017
4302.5,51.9527,169.0348
4303.1,51.9869,169.0527
4303.7,52.0212,169.0705
4304.3,52.0554,169.0884
4304.9,52.0896,169.1064
4305.5,52.1238,169.1243
4306.1,52.158,169.1423
4306.7,52.1922,169.1604
4307.4,52.2264,169.1784
4308.0,52.2606,169.1965
4308.6,52.2948,169.2146
4309.2,52.329,169.2328
4309.8,52.3632,169.2509
4310.4,52.3973,169.2692
4311.0,52.4315,169.2874
4311.6,52.4657,169.3057
4312.3,52.4999,169.324
4312.9,52.534,169.3424
4313.5,52.5682,169.3607
4314.1,52.6023,169.3792
4314.7,52.6365,169.3976
4315.3,52.6706,169.4161
4315.9,52.7048,169.4346
4316.5,52.7389,169.4531
4317.2,52.7731,169.4717
4317.8,52.8072,169.4903
4318.4,52.8413,169.5089
4319.0,52.8754,169.5276
4319.6,52.9096,169.5463
4320.2,52.9437,169.5651
4320.8,52.9778,169.5838
4321.5,53.0119,169.6026
4322.1,53.046,169.6215
4322.7,53.0801,169.6404
4323.3,53.1142,169.6593
4323.9,53.1483,169.6782
4324.5,53.1824,169.6972
4325.1,53.2165,169.7162
4325.7,53.2505,169.7353
4326.4,53.2846,169.7543
4327.0,53.3187,169.7735
4327.6,53.3528,169.7926
4328.2,53.3868,169.8118
4328.8,53.4209,169.831
4329.4,53.4549,169.8503
4330.0,53.489,169.8696
4330.6,53.523,169.8889
4331.3,53.5571,169.9082
4331.9,53.5911,169.9277
4332.5,53.6252,169.9471
4333.1,53.6592,169.9666
4333.7,53.6932,169.9861
4334.3,53.7272,170.0056
4334.9,53.7613,170.0252
4335.5,53.7953,170.0448
4336.2,53.8293,170.0644
4336.8,53.8633,170.0841
4337.4,53.8973,170.1038
4338.0,53.9313,170.1236
4338.6,53.9653,170.1434
4339.2,53.9993,170.1632
4339.8,54.0333,170.1831
4340.4,54.0672,170.203
4341.1,54.1012,170.2229
4341.7,54.1352,170.2429
4342.3,54.1692,170.2629
4342.9,54.2031,170.2829
4343.5,54.2371,170.303
4344.1,54.271,170.3231
4344.7,54.305,170.3433
4345.4,54.3389,170.3635
4346.0,54.3729,170.3837
4346.6,54.4068,170.404
4347.2,54.4407,170.4243
4347.8,54.4747,170.4447
4348.4,54.5086,170.465
4349.0,54.5425,170.4855
4107.0,40.8842,164.6014
4107.6,40.9192,164.6125
4108.2,40.9542,164.6235
4108.8,40.9893,164.6345
4109.4,41.0243,164.6456
4110.0,41.0593,164.6566
4110.6,41.0944,164.6677
4111.2,41.1294,164.6788
4111.9,41.1644,164.6899
4112.5,41.1994,164.7011
4113.1,41.2345,164.7122
4113.7,41.2695,164.7234
4114.3,41.3045,164.7345
4114.9,41.3395,164.7457
4115.5,41.3745,164.7569
4116.1,41.4096,164.7682
4116.8,41.4446,164.7794
4117.4,41.4796,164.7906
4118.0,41.5146,164.8019
4118.6,41.5496,164.8132
4119.2,41.5846,164.8245
4119.8,41.6196,164.8358
4120.4,41.6546,164.8471
4121.0,41.6896,164.8584
4121.7,41.7246,164.8698
4122.3,41.7596,164.8811
4122.9,41.7946,164.8925
4123.5,41.8296,164.9039
4124.1,41.8646,164.9153
4124.7,41.8996,164.9268
4125.3,41.9345,164.9382
4125.9,41.9695,164.9496
4126.6,42.0045,164.9611
4127.2,42.0395,164.9726
4127.8,42.0745,164.9841
4128.4,42.1094,164.9956
4129.0,42.1444,165.0072
4129.6,42.1794,165.0187
4130.2,42.2144,165.0303
4130.9,42.2493,165.0419
4131.5,42.2843,165.0535
4132.1,42.3193,165.0651
4132.7,42.3542,165.0767
4133.3,42.3892,165.0883
4133.9,42.4241,165.1
4134.5,42.4591,165.1117
4135.1,42.4941,165.1234
4135.8,42.529,165.1351
4136.4,42.564,165.1468
4137.0,42.5989,165.1586
4137.6,42.6339,165.1703
4138.2,42.6688,165.1821
4138.8,42.7038,165.1939
4139.4,42.7387,165.2057
4140.0,42.7736,165.2175
4140.7,42.8086,165.2293
4141.3,42.8435,165.2412
4141.9,42.8784,165.2531
4142.5,42.9134,165.2649
4143.1,42.9483,165.2768
4143.7,42.9832,165.2888
4144.3,43.0182,165.3007
4144.9,43.0531,165.3127
4145.6,43.088,165.3246
4146.2,43.1229,165.3366
4146.8,43.1579,165.3486
4147.4,43.1928,165.3606
4148.0,43.2277,165.3727
4148.6,43.2626,165.3847
4149.2,43.2975,165.3968
4149.8,43.3324,165.4089
4150.5,43.3673,165.421
4151.1,43.4022,165.4331
4151.7,43.4371,165.4452
4152.3,43.472,165.4574
4152.9,43.5069,165.4695
4153.5,43.5418,165.4817
4154.1,43.5767,165.4939
4154.8,43.6116,165.5061
4155.4,43.6465,165.5184
4156.0,43.6814,165.5306
4156.6,43.7163,165.5429
4157.2,43.7512,165.5552
4157.8,43.786,165.5675
4158.4,43.8209,165.5798
4159.0,43.8558,165.5922
4159.7,43.8907,165.6045
4160.3,43.9255,165.6169
4160.9,43.9604,165.6293
4161.5,43.9953,165.6417
4162.1,44.0301,165.6541
4162.7,44.065,165.6666
4163.3,44.0999,165.679
4163.9,44.1347,165.6915
4164.6,44.1696,165.704
4165.2,44.2044,165.7166
4165.8,44.2393,165.7291
4166.4,44.2742,165.7416
4167.0,44.309,165.7542
4167.6,44.3438,165.7668
4168.2,44.3787,165.7794
4168.8,44.4135,165.792
4169.5,44.4484,165.8047
4170.1,44.4832,165.8173
4170.7,44.518,165.83
4171.3,44.5529,165.8427
4171.9,44.5877,165.8554
4172.5,44.6225,165.8682
4173.1,44.6574,165.8809
4173.8,44.6922,165.8937
4174.4,44.727,165.9065
4175.0,44.7618,165.9193
4175.6,44.7967,165.9321
4176.2,44.8315,165.9449
4176.8,44.8663,165.9578
4177.4,44.9011,165.9707
4178.0,44.9359,165.9836
4178.7,44.9707,165.9965
4179.3,45.0055,166.0094
4179.9,45.0403,166.0224
4180.5,45.0751,166.0354
4181.1,45.1099,166.0484
4181.7,45.1447,166.0614
4182.3,45.1795,166.0744
4182.9,45.2143,166.0875
4183.6,45.2491,166.1005
4184.2,45.2839,166.1136
4184.8,45.3187,166.1267
4185.4,45.3535,166.1399
4186.0,45.3882,166.153
4186.6,45.423,166.1662
4187.2,45.4578,166.1794
4187.8,45.4926,166.1926
4188.5,45.5273,166.2058
4189.1,45.5621,166.2191
4189.7,45.5969,166.2323
4190.3,45.6316,166.2456
4190.9,45.6664,166.2589
4191.5,45.7011,166.2722
4192.1,45.7359,166.2856
4192.8,45.7707,166.2989
4193.4,45.8054,166.3123
4194.0,45.8402,166.3257
4194.6,45.8749,166.3391
4195.2,45.9096,166.3526
4195.8,45.9444,166.366
4196.4,45.9791,166.3795
4197.0,46.0139,166.393
4197.7,46.0486,166.4066
4198.3,46.0833,166.4201
4198.9,46.1181,166.4337
4199.5,46.1528,166.4472
4200.1,46.1875,166.4608
4200.7,46.2222,166.4745
4201.3,46.257,166.4881
4201.9,46.2917,166.5018
4202.6,46.3264,166.5155
4203.2,46.3611,166.5292
4203.8,46.3958,166.5429
4204.4,46.4305,166.5566
4205.0,46.4652,166.5704
4205.6,46.4999,166.5842
4206.2,46.5346,166.598
4206.8,46.5693,166.6118
4207.5,46.604,166.6257
4208.1,46.6387,166.6396
4208.7,46.6734,166.6535
4209.3,46.7081,166.6674
4209.9,46.7428,166.6813
4210.5,46.7775,166.6953
4211.1,46.8121,166.7093
4211.7,46.8468,166.7233
4212.4,46.8815,166.7373
4213.0,46.9162,166.7513
4213.6,46.9508,166.7654
4214.2,46.9855,166.7795
4214.8,47.0202,166.7936
4215.4,47.0548,166.8077
4216.0,47.0895,166.8219
4216.7,47.1241,166.836
4217.3,47.1588,166.8502
4217.9,47.1934,166.8644
4218.5,47.2281,166.8787
4219.1,47.2627,166.8929
4219.7,47.2974,166.9072
4220.3,47.332,166.9215
4220.9,47.3667,166.9359
4221.6,47.4013,166.9502
4222.2,47.4359,166.9646
4222.8,47.4706,166.979
4223.4,47.5052,166.9934
4224.0,47.5398,167.0078
4224.6,47.5744,167.0223
4225.2,47.6091,167.0368
4225.8,47.6437,167.0513
4226.5,47.6783,167.0658
4227.1,47.7129,167.0804
4227.7,47.7475,167.0949
4228.3,47.7821,167.1095
4228.9,47.8167,167.1241
4229.5,47.8513,167.1388
4230.1,47.8859,167.1534
4230.7,47.9205,167.1681
4231.4,47.9551,167.1828
4232.0,47.9897,167.1976
4232.6,48.0243,167.2123
4233.2,48.0589,167.2271
4233.8,48.0935,167.2419
4234.4,48.128,167.2567
4235.0,48.1626,167.2716
4235.7,48.1972,167.2865
4236.3,48.2318,167.3014
4236.9,48.2663,167.3163
4237.5,48.3009,167.3312
4238.1,48.3354,167.3462
4238.7,48.37,167.3612
4239.3,48.4046,167.3762
4239.9,48.4391,167.3913
4240.6,48.4737,167.4063
4241.2,48.5082,167.4214
4241.8,48.5428,167.4365
4242.4,48.5773,167.4516
4243.0,48.6118,167.4668
4243.6,48.6464,167.482
4244.2,48.6809,167.4972
4244.8,48.7154,167.5124
4245.5,48.75,167.5277
4246.1,48.7845,167.543
4246.7,48.819,167.5583
4247.3,48.8535,167.5736
4247.9,48.888,167.589
4248.5,48.9226,167.6044
4249.1,48.9571,167.6198
4249.7,48.9916,167.6352
4250.4,49.0261,167.6507
4251.0,49.0606,167.6661
4251.6,49.0951,167.6816
4252.2,49.1296,167.6972
4252.8,49.1641,167.7127
4253.4,49.1985,167.7283
4254.0,49.233,167.7439
4254.6,49.2675,167.7595
4255.3,49.302,167.7752
4255.9,49.3365,167.7909
4256.5,49.3709,167.8066
4257.1,49.4054,167.8223
4257.7,49.4399,167.8381
4258.3,49.4743,167.8539
4258.9,49.5088,167.8697
4259.6,49.5433,167.8855
4260.2,49.5777,167.9014
4260.8,49.6122,167.9173
4261.4,49.6466,167.9332
4262.0,49.6811,167.9491
4262.6,49.7155,167.9651
4263.2,49.75,167.9811
4263.8,49.7844,167.9971
4264.5,49.8188,168.0131
4265.1,49.8533,168.0292
4265.7,49.8877,168.0453
4266.3,49.9221,168.0614
4266.9,49.9565,168.0776
4267.5,49.9909,168.0938
4268.1,50.0254,168.11
4268.7,50.0598,168.1262
4269.4,50.0942,168.1425
4270.0,50.1286,168.1588
4270.6,50.163,168.1751
4271.2,50.1974,168.1914
4271.8,50.2318,168.2078
4272.4,50.2662,168.2242
4273.0,50.3006,168.2406
4273.6,50.3349,168.257
4274.3,50.3693,168.2735
4274.9,50.4037,168.29
4275.5,50.4381,168.3066
4276.1,50.4725,168.3231
4276.7,50.5068,168.3397
4277.3,50.5412,168.3563
4277.9,50.5755,168.373
4278.6,50.6099,168.3896
4279.2,50.6443,168.4063
4279.8,50.6786,168.4231
4280.4,50.713,168.4398
4281.0,50.7473,168.4566
4281.6,50.7817,168.4734
4282.2,50.816,168.4903
4282.8,50.8503,168.5071
4283.5,50.8847,168.524
4284.1,50.919,168.541
4284.7,50.9533,168.5579
4285.3,50.9876,168.5749
4285.9,51.0219,168.5919
4286.5,51.0563,168.609
4287.1,51.0906,168.626
4287.7,51.1249,168.6431
4288.4,51.1592,168.6603
4289.0,51.1935,168.6774
4289.6,51.2278,168.6946
4290.2,51.2621,168.7118
4290.8,51.2964,168.7291
4291.4,51.3307,168.7464
4292.0,51.3649,168.7637
4292.6,51.3992,168.781
4293.3,51.4335,168.7984
4293.9,51.4678,168.8158
4294.5,51.502,168.8332
4295.1,51.5363,168.8507
4295.7,51.5706,168.8681
4296.3,51.6048,168.8857
4296.9,51.6391,168.9032
4297.5,51.6733,168.9208
4298.2,51.7076,168.9384
4298.8,51.7418,168.956
4299.4,51.7761,168.9737
4300.0,51.8103,168.9914
4300.6,51.8445,169.0091
4301.2,51.8788,169.0269
4301.8,51.913,169.0447
4302.5,51.9472,169.0625
4303.1,51.9814,169.0804
4303.7,52.0156,169.0983
4304.3,52.0499,169.1162
4304.9,52.0841,169.1341
4305.5,52.1183,169.1521
4306.1,52.1525,169.1701
4306.7,52.1867,169.1882
4307.4,52.2209,169.2062
4308.0,52.255,169.2243
4308.6,52.2892,169.2425
4309.2,52.3234,169.2607
4309.8,52.3576,169.2789
4310.4,52.3918,169.2971
4311.0,52.4259,169.3154
4311.6,52.4601,169.3337
4312.3,52.4943,169.352
4312.9,52.5284,169.3704
4313.5,52.5626,169.3888
4314.1,52.5967,169.4072
4314.7,52.6309,169.4256
4315.3,52.665,169.4442
4315.9,52.6992,169.4627
4316.5,52.7333,169.4812
4317.2,52.7674,169.4998
4317.8,52.8015,169.5185
4318.4,52.8357,169.5371
4319.0,52.8698,169.5558
4319.6,52.9039,169.5745
4320.2,52.938,169.5933
4320.8,52.9721,169.6121
4321.5,53.0062,169.6309
4322.1,53.0403,169.6498
4322.7,53.0744,169.6687
4323.3,53.1085,169.6876
4323.9,53.1426,169.7066
4324.5,53.1767,169.7256
4325.1,53.2108,169.7446
4325.7,53.2448,169.7637
4326.4,53.2789,169.7828
4327.0,53.313,169.8019
4327.6,53.347,169.8211
4328.2,53.3811,169.8403
4328.8,53.4151,169.8595
4329.4,53.4492,169.8788
4330.0,53.4832,169.8981
4330.6,53.5173,169.9174
4331.3,53.5513,169.9368
4331.9,53.5854,169.9563
4332.5,53.6194,169.9757
4333.1,53.6534,169.9952
4333.7,53.6874,170.0147
4334.3,53.7214,170.0343
4334.9,53.7555,170.0539
4335.5,53.7895,170.0735
4336.2,53.8235,170.0932
4336.8,53.8575,170.1129
4337.4,53.8915,170.1326
4338.0,53.9255,170.1524
4338.6,53.9594,170.1722
4339.2,53.9934,170.192
4339.8,54.0274,170.2119
4340.4,54.0614,170.2318
4341.1,54.0953,170.2518
4341.7,54.1293,170.2718
4342.3,54.1633,170.2918
4342.9,54.1972,170.3119
4343.5,54.2312,170.332
4344.1,54.2651,170.3521
4344.7,54.2991,170.3723
4345.4,54.333,170.3925
4346.0,54.3669,170.4128
4346.6,54.4009,170.4331
4347.2,54.4348,170.4534
4347.8,54.4687,170.4738
4348.4,54.5026,170.4942
4107.0,40.88,164.6245
4107.6,40.915,164.6356
4108.2,40.95,164.6466
4108.8,40.9851,164.6576
4109.4,41.0201,164.6687
4110.0,41.0551,164.6798
4110.6,41.0902,164.6909
4111.2,41.1252,164.702
4111.9,41.1602,164.7131
4112.5,41.1952,164.7243
4113.1,41.2303,164.7354
4113.7,41.2653,164.7466
4114.3,41.3003,164.7578
4114.9,41.3353,164.769
4115.5,41.3703,164.7802
4116.1,41.4053,164.7914
4116.8,41.4403,164.8026
4117.4,41.4753,164.8139
4118.0,41.5103,164.8252
4118.6,41.5453,164.8365
4119.2,41.5804,164.8478
4119.8,41.6154,164.8591
4120.4,41.6503,164.8704
4121.0,41.6853,164.8818
4121.7,41.7203,164.8931
4122.3,41.7553,164.9045
4122.9,41.7903,164.9159
4123.5,41.8253,164.9273
4124.1,41.8603,164.9387
4124.7,41.8953,164.9502
4125.3,41.9303,164.9616
4125.9,41.9652,164.9731
4126.6,42.0002,164.9846
4127.2,42.0352,164.9961
4127.8,42.0702,165.0076
4128.4,42.1052,165.0191
4129.0,42.1401,165.0307
4129.6,42.1751,165.0422
4130.2,42.2101,165.0538
4130.9,42.245,165.0654
4131.5,42.28,165.077
4132.1,42.315,165.0886
4132.7,42.3499,165.1003
4133.3,42.3849,165.1119
4133.9,42.4198,165.1236
4134.5,42.4548,165.1353
4135.1,42.4897,165.147
4135.8,42.5247,165.1587
4136.4,42.5596,165.1705
4137.0,42.5946,165.1822
4137.6,42.6295,165.194
4138.2,42.6645,165.2058
4138.8,42.6994,165.2176
4139.4,42.7343,165.2294
4140.0,42.7693,165.2412
4140.7,42.8042,165.2531
4141.3,42.8391,165.2649
4141.9,42.8741,165.2768
4142.5,42.909,165.2887
4143.1,42.9439,165.3006
4143.7,42.9789,165.3125
4144.3,43.0138,165.3245
4144.9,43.0487,165.3365
4145.6,43.0836,165.3484
4146.2,43.1185,165.3604
4146.8,43.1535,165.3725
4147.4,43.1884,165.3845
4148.0,43.2233,165.3965
4148.6,43.2582,165.4086
4149.2,43.2931,165.4207
4149.8,43.328,165.4328
4150.5,43.3629,165.4449
4151.1,43.3978,165.457
4151.7,43.4327,165.4692
4152.3,43.4676,165.4813
4152.9,43.5025,165.4935
4153.5,43.5374,165.5057
4154.1,43.5723,165.5179
4154.8,43.6072,165.5302
4155.4,43.642,165.5424
4156.0,43.6769,165.5547
4156.6,43.7118,165.567
4157.2,43.7467,165.5793
4157.8,43.7816,165.5916
4158.4,43.8164,165.6039
4159.0,43.8513,165.6163
4159.7,43.8862,165.6286
4160.3,43.9211,165.641
4160.9,43.9559,165.6534
4161.5,43.9908,165.6659
4162.1,44.0257,165.6783
4162.7,44.0605,165.6908
4163.3,44.0954,165.7032
4163.9,44.1302,165.7157
4164.6,44.1651,165.7282
4165.2,44.1999,165.7408
4165.8,44.2348,165.7533
4166.4,44.2696,165.7659
4167.0,44.3045,165.7785
4167.6,44.3393,165.7911
4168.2,44.3742,165.8037
4168.8,44.409,165.8163
4169.5,44.4438,165.829
4170.1,44.4787,165.8417
4170.7,44.5135,165.8544
4171.3,44.5483,165.8671
4171.9,44.5832,165.8798
4172.5,44.618,165.8925
4173.1,44.6528,165.9053
4173.8,44.6876,165.9181
4174.4,44.7225,165.9309
4175.0,44.7573,165.9437
4175.6,44.7921,165.9565
4176.2,44.8269,165.9694
4176.8,44.8617,165.9823
4177.4,44.8965,165.9952
4178.0,44.9313,166.0081
4178.7,44.9661,166.021
4179.3,45.0009,166.034
4179.9,45.0357,166.047
4180.5,45.0705,166.0599
4181.1,45.1053,166.073
4181.7,45.1401,166.086
4182.3,45.1749,166.099
4182.9,45.2097,166.1121
4183.6,45.2445,166.1252
4184.2,45.2793,166.1383
4184.8,45.314,166.1514
4185.4,45.3488,166.1645
4186.0,45.3836,166.1777
4186.6,45.4184,166.1909
4187.2,45.4531,166.2041
4187.8,45.4879,166.2173
4188.5,45.5227,166.2305
4189.1,45.5574,166.2438
4189.7,45.5922,166.2571
4190.3,45.627,166.2704
4190.9,45.6617,166.2837
4191.5,45.6965,166.297
4192.1,45.7312,166.3104
4192.8,45.766,166.3238
4193.4,45.8007,166.3372
4194.0,45.8355,166.3506
4194.6,45.8702,166.364
4195.2,45.9049,166.3775
4195.8,45.9397,166.3909
4196.4,45.9744,166.4044
4197.0,46.0092,166.418
4197.7,46.0439,166.4315
4198.3,46.0786,166.4451
4198.9,46.1133,166.4586
4199.5,46.1481,166.4722
4200.1,46.1828,166.4858
4200.7,46.2175,166.4995
4201.3,46.2522,166.5131
4201.9,46.2869,166.5268
4202.6,46.3216,166.5405
4203.2,46.3564,166.5542
4203.8,46.3911,166.568
4204.4,46.4258,166.5817
4205.0,46.4605,166.5955
4205.6,46.4952,166.6093
4206.2,46.5299,166.6232
4206.8,46.5646,166.637
4207.5,46.5992,166.6509
4208.1,46.6339,166.6647
4208.7,46.6686,166.6787
4209.3,46.7033,166.6926
4209.9,46.738,166.7065
4210.5,46.7727,166.7205
4211.1,46.8073,166.7345
4211.7,46.842,166.7485
4212.4,46.8767,166.7626
4213.0,46.9113,166.7766
4213.6,46.946,166.7907
4214.2,46.9807,166.8048
4214.8,47.0153,166.8189
4215.4,47.05,166.8331
4216.0,47.0846,166.8472
4216.7,47.1193,166.8614
4217.3,47.1539,166.8756
4217.9,47.1886,166.8899
4218.5,47.2232,166.9041
4219.1,47.2579,166.9184
4219.7,47.2925,166.9327
4220.3,47.3272,166.947
4220.9,47.3618,166.9613
4221.6,47.3964,166.9757
4222.2,47.4311,166.9901
4222.8,47.4657,167.0045
4223.4,47.5003,167.0189
4224.0,47.5349,167.0334
4224.6,47.5695,167.0479
4225.2,47.6042,167.0624
4225.8,47.6388,167.0769
4226.5,47.6734,167.0914
4227.1,47.708,167.106
4227.7,47.7426,167.1206
4228.3,47.7772,167.1352
4228.9,47.8118,167.1498
4229.5,47.8464,167.1645
4230.1,47.881,167.1792
4230.7,47.9156,167.1939
4231.4,47.9502,167.2086
4232.0,47.9847,167.2233
4232.6,48.0193,167.2381
4233.2,48.0539,167.2529
4233.8,48.0885,167.2677
4234.4,48.1231,167.2826
4235.0,48.1576,167.2974
4235.7,48.1922,167.3123
4236.3,48.2268,167.3272
4236.9,48.2613,167.3422
4237.5,48.2959,167.3571
4238.1,48.3304,167.3721
4238.7,48.365,167.3871
4239.3,48.3996,167.4022
4239.9,48.4341,167.4172
4240.6,48.4686,167.4323
4241.2,48.5032,167.4474
4241.8,48.5377,167.4625
4242.4,48.5723,167.4777
4243.0,48.6068,167.4928
4243.6,48.6413,167.5081
4244.2,48.6759,167.5233
4244.8,48.7104,167.5385
4245.5,48.7449,167.5538
4246.1,48.7794,167.5691
4246.7,48.8139,167.5844
4247.3,48.8485,167.5998
4247.9,48.883,167.6151
4248.5,48.9175,167.6305
4249.1,48.952,167.646
4249.7,48.9865,167.6614
4250.4,49.021,167.6769
4251.0,49.0555,167.6924
4251.6,49.09,167.7079
4252.2,49.1245,167.7234
4252.8,49.159,167.739
4253.4,49.1934,167.7546
4254.0,49.2279,167.7702
4254.6,49.2624,167.7859
4255.3,49.2969,167.8015
4255.9,49.3313,167.8172
4256.5,49.3658,167.833
4257.1,49.4003,167.8487
4257.7,49.4347,167.8645
4258.3,49.4692,167.8803
4258.9,49.5037,167.8961
4259.6,49.5381,167.912
4260.2,49.5726,167.9279
4260.8,49.607,167.9438
4261.4,49.6415,167.9597
4262.0,49.6759,167.9756
4262.6,49.7103,167.9916
4263.2,49.7448,168.0076
4263.8,49.7792,168.0237
4264.5,49.8136,168.0397
4265.1,49.848,168.0558
4265.7,49.8825,168.0719
4266.3,49.9169,168.0881
4266.9,49.9513,168.1043
4267.5,49.9857,168.1205
4268.1,50.0201,168.1367
4268.7,50.0545,168.1529
4269.4,50.0889,168.1692
4270.0,50.1233,168.1855
4270.6,50.1577,168.2018
4271.2,50.1921,168.2182
4271.8,50.2265,168.2346
4272.4,50.2609,168.251
4273.0,50.2953,168.2674
4273.6,50.3297,168.2839
4274.3,50.364,168.3004
4274.9,50.3984,168.3169
4275.5,50.4328,168.3335
4276.1,50.4672,168.35
4276.7,50.5015,168.3667
4277.3,50.5359,168.3833
4277.9,50.5702,168.3999
4278.6,50.6046,168.4166
4279.2,50.6389,168.4333
4279.8,50.6733,168.4501
4280.4,50.7076,168.4669
4281.0,50.742,168.4837
4281.6,50.7763,168.5005
4282.2,50.8106,168.5174
4282.8,50.845,168.5343
4283.5,50.8793,168.5512
4284.1,50.9136,168.5681
4284.7,50.9479,168.5851
4285.3,50.9823,168.6021
4285.9,51.0166,168.6191
4286.5,51.0509,168.6362
4287.1,51.0852,168.6533
4287.7,51.1195,168.6704
4288.4,51.1538,168.6875
4289.0,51.1881,168.7047
4289.6,51.2224,168.7219
4290.2,51.2567,168.7392
4290.8,51.291,168.7564
4291.4,51.3252,168.7737
4292.0,51.3595,168.791
4292.6,51.3938,168.8084
4293.3,51.4281,168.8258
4293.9,51.4623,168.8432
4294.5,51.4966,168.8607
4295.1,51.5309,168.8781
4295.7,51.5651,168.8956
4296.3,51.5994,168.9132
4296.9,51.6336,168.9307
4297.5,51.6679,168.9483
4298.2,51.7021,168.966
4298.8,51.7363,168.9836
4299.4,51.7706,169.0013
4300.0,51.8048,169.019
4300.6,51.839,169.0368
4301.2,51.8733,169.0546
4301.8,51.9075,169.0724
4302.5,51.9417,169.0902
4303.1,51.9759,169.1081
4303.7,52.0101,169.126
4304.3,52.0443,169.1439
4304.9,52.0785,169.1619
4305.5,52.1127,169.1799
4306.1,52.1469,169.1979
4306.7,52.1811,169.216
4307.4,52.2153,169.2341
4308.0,52.2495,169.2522
4308.6,52.2837,169.2704
4309.2,52.3178,169.2885
4309.8,52.352,169.3068
4310.4,52.3862,169.325
4311.0,52.4203,169.3433
4311.6,52.4545,169.3616
4312.3,52.4887,169.38
4312.9,52.5228,169.3984
4313.5,52.557,169.4168
4314.1,52.5911,169.4352
4314.7,52.6252,169.4537
4315.3,52.6594,169.4722
4315.9,52.6935,169.4908
4316.5,52.7276,169.5093
4317.2,52.7618,169.528
4317.8,52.7959,169.5466
4318.4,52.83,169.5653
4319.0,52.8641,169.584
4319.6,52.8982,169.6027
4320.2,52.9323,169.6215
4320.8,52.9664,169.6403
4321.5,53.0005,169.6592
4322.1,53.0346,169.6781
4322.7,53.0687,169.697
4323.3,53.1028,169.7159
4323.9,53.1369,169.7349
4324.5,53.171,169.7539
4325.1,53.205,169.773
4325.7,53.2391,169.7921
4326.4,53.2732,169.8112
4327.0,53.3072,169.8303
4327.6,53.3413,169.8495
4328.2,53.3753,169.8688
4328.8,53.4094,169.888
4329.4,53.4434,169.9073
4330.0,53.4775,169.9266
4330.6,53.5115,169.946
4331.3,53.5455,169.9654
4331.9,53.5796,169.9848
4332.5,53.6136,170.0043
4333.1,53.6476,170.0238
4333.7,53.6816,170.0434
4334.3,53.7156,170.0629
4334.9,53.7496,170.0826
4335.5,53.7836,170.1022
4336.2,53.8176,170.1219
4336.8,53.8516,170.1416
4337.4,53.8856,170.1614
4338.0,53.9196,170.1812
4338.6,53.9536,170.201
4339.2,53.9876,170.2209
4339.8,54.0215,170.2408
4340.4,54.0555,170.2607
4341.1,54.0895,170.2807
4341.7,54.1234,170.3007
4342.3,54.1574,170.3207
4342.9,54.1913,170.3408
4343.5,54.2253,170.3609
4344.1,54.2592,170.3811
4344.7,54.2932,170.4013
4345.4,54.3271,170.4216
4346.0,54.361,170.4418
4346.6,54.395,170.4621
4347.2,54.4289,170.4825
4107.0,40.8758,164.6476
4107.6,40.9108,164.6586
4108.2,40.9459,164.6697
4108.8,40.9809,164.6808
4109.4,41.0159,164.6918
4110.0,41.0509,164.7029
4110.6,41.086,164.714
4111.2,41.121,164.7252
4111.9,41.156,164.7363
4112.5,41.191,164.7474
4113.1,41.226,164.7586
4113.7,41.2611,164.7698
4114.3,41.2961,164.781
4114.9,41.3311,164.7922
4115.5,41.3661,164.8034
4116.1,41.4011,164.8147
4116.8,41.4361,164.8259
4117.4,41.4711,164.8372
4118.0,41.5061,164.8485
4118.6,41.5411,164.8598
4119.2,41.5761,164.8711
4119.8,41.6111,164.8824
4120.4,41.6461,164.8937
4121.0,41.6811,164.9051
4121.7,41.7161,164.9165
4122.3,41.7511,164.9279
4122.9,41.7861,164.9393
4123.5,41.821,164.9507
4124.1,41.856,164.9621
4124.7,41.891,164.9736
4125.3,41.926,164.985
4125.9,41.961,164.9965
4126.6,41.9959,165.008
4127.2,42.0309,165.0195
4127.8,42.0659,165.0311
4128.4,42.1009,165.0426
4129.0,42.1358,165.0542
4129.6,42.1708,165.0657
4130.2,42.2058,165.0773
4130.9,42.2407,165.0889
4131.5,42.2757,165.1006
4132.1,42.3106,165.1122
4132.7,42.3456,165.1238
4133.3,42.3805,165.1355
4133.9,42.4155,165.1472
4134.5,42.4505,165.1589
4135.1,42.4854,165.1706
4135.8,42.5203,165.1823
4136.4,42.5553,165.1941
4137.0,42.5902,165.2059
4137.6,42.6252,165.2176
4138.2,42.6601,165.2294
4138.8,42.6951,165.2412
4139.4,42.73,165.2531
4140.0,42.7649,165.2649
4140.7,42.7999,165.2768
4141.3,42.8348,165.2887
4141.9,42.8697,165.3006
4142.5,42.9046,165.3125
4143.1,42.9396,165.3244
4143.7,42.9745,165.3363
4144.3,43.0094,165.3483
4144.9,43.0443,165.3603
4145.6,43.0792,165.3723
4146.2,43.1141,165.3843
4146.8,43.1491,165.3963
4147.4,43.184,165.4083
4148.0,43.2189,165.4204
4148.6,43.2538,165.4325
4149.2,43.2887,165.4446
4149.8,43.3236,165.4567
4150.5,43.3585,165.4688
4151.1,43.3934,165.4809
4151.7,43.4283,165.4931
4152.3,43.4632,165.5053
4152.9,43.4981,165.5175
4153.5,43.5329,165.5297
4154.1,43.5678,165.5419
4154.8,43.6027,165.5542
4155.4,43.6376,165.5664
4156.0,43.6725,165.5787
4156.6,43.7074,165.591
4157.2,43.7422,165.6033
4157.8,43.7771,165.6156
4158.4,43.812,165.628
4159.0,43.8468,165.6404
4159.7,43.8817,165.6527
4160.3,43.9166,165.6651
4160.9,43.9514,165.6776
4161.5,43.9863,165.69
4162.1,44.0212,165.7025
4162.7,44.056,165.7149
4163.3,44.0909,165.7274
4163.9,44.1257,165.7399
4164.6,44.1606,165.7524
4165.2,44.1954,165.765
4165.8,44.2303,165.7776
4166.4,44.2651,165.7901
4167.0,44.3,165.8027
4167.6,44.3348,165.8153
4168.2,44.3696,165.828
4168.8,44.4045,165.8406
4169.5,44.4393,165.8533
4170.1,44.4741,165.866
4170.7,44.509,165.8787
4171.3,44.5438,165.8914
4171.9,44.5786,165.9042
4172.5,44.6134,165.9169
4173.1,44.6483,165.9297
4173.8,44.6831,165.9425
4174.4,44.7179,165.9553
4175.0,44.7527,165.9681
4175.6,44.7875,165.981
4176.2,44.8223,165.9939
4176.8,44.8571,166.0068
4177.4,44.8919,166.0197
4178.0,44.9267,166.0326
4178.7,44.9615,166.0455
4179.3,44.9963,166.0585
4179.9,45.0311,166.0715
4180.5,45.0659,166.0845
4181.1,45.1007,166.0975
4181.7,45.1355,166.1105
4182.3,45.1703,166.1236
4182.9,45.2051,166.1367
4183.6,45.2398,166.1498
4184.2,45.2746,166.1629
4184.8,45.3094,166.176
4185.4,45.3442,166.1892
4186.0,45.379,166.2024
4186.6,45.4137,166.2156
4187.2,45.4485,166.2288
4187.8,45.4833,166.242
4188.5,45.518,166.2553
4189.1,45.5528,166.2685
4189.7,45.5875,166.2818
4190.3,45.6223,166.2951
4190.9,45.657,166.3085
4191.5,45.6918,166.3218
4192.1,45.7265,166.3352
4192.8,45.7613,166.3486
4193.4,45.796,166.362
4194.0,45.8308,166.3754
4194.6,45.8655,166.3889
4195.2,45.9002,166.4023
4195.8,45.935,166.4158
4196.4,45.9697,166.4293
4197.0,46.0044,166.4429
4197.7,46.0392,166.4564
4198.3,46.0739,166.47
4198.9,46.1086,166.4836
4199.5,46.1433,166.4972
4200.1,46.1781,166.5108
4200.7,46.2128,166.5245
4201.3,46.2475,166.5382
4201.9,46.2822,166.5518
4202.6,46.3169,166.5656
4203.2,46.3516,166.5793
4203.8,46.3863,166.593
4204.4,46.421,166.6068
4205.0,46.4557,166.6206
4205.6,46.4904,166.6344
4206.2,46.5251,166.6483
4206.8,46.5598,166.6621
4207.5,46.5945,166.676
4208.1,46.6291,166.6899
4208.7,46.6638,166.7039
4209.3,46.6985,166.7178
4209.9,46.7332,166.7318
4210.5,46.7679,166.7457
4211.1,46.8025,166.7598
4211.7,46.8372,166.7738
4212.4,46.8719,166.7878
4213.0,46.9065,166.8019
4213.6,46.9412,166.816
4214.2,46.9758,166.8301
4214.8,47.0105,166.8443
4215.4,47.0452,166.8584
4216.0,47.0798,166.8726
4216.7,47.1145,166.8868
4217.3,47.1491,166.901
4217.9,47.1837,166.9153
4218.5,47.2184,166.9295
4219.1,47.253,166.9438
4219.7,47.2877,166.9581
4220.3,47.3223,166.9725
4220.9,47.3569,166.9868
4221.6,47.3915,167.0012
4222.2,47.4262,167.0156
4222.8,47.4608,167.03
4223.4,47.4954,167.0445
4224.0,47.53,167.0589
4224.6,47.5646,167.0734
4225.2,47.5993,167.088
4225.8,47.6339,167.1025
4226.5,47.6685,167.117
4227.1,47.7031,167.1316
4227.7,47.7377,167.1462
4228.3,47.7723,167.1609
4228.9,47.8069,167.1755
4229.5,47.8415,167.1902
4230.1,47.876,167.2049
4230.7,47.9106,167.2196
4231.4,47.9452,167.2343
4232.0,47.9798,167.2491
4232.6,48.0144,167.2639
4233.2,48.0489,167.2787
4233.8,48.0835,167.2935
4234.4,48.1181,167.3084
4235.0,48.1527,167.3233
4235.7,48.1872,167.3382
4236.3,48.2218,167.3531
4236.9,48.2563,167.3681
4237.5,48.2909,167.383
4238.1,48.3254,167.398
4238.7,48.36,167.4131
4239.3,48.3945,167.4281
4239.9,48.4291,167.4432
4240.6,48.4636,167.4583
4241.2,48.4982,167.4734
4241.8,48.5327,167.4885
4242.4,48.5672,167.5037
4243.0,48.6018,167.5189
4243.6,48.6363,167.5341
4244.2,48.6708,167.5493
4244.8,48.7053,167.5646
4245.5,48.7399,167.5799
4246.1,48.7744,167.5952
4246.7,48.8089,167.6105
4247.3,48.8434,167.6259
4247.9,48.8779,167.6413
4248.5,48.9124,167.6567
4249.1,48.9469,167.6721
4249.7,48.9814,167.6876
4250.4,49.0159,167.7031
4251.0,49.0504,167.7186
4251.6,49.0849,167.7341
4252.2,49.1194,167.7497
4252.8,49.1538,167.7653
4253.4,49.1883,167.7809
4254.0,49.2228,167.7966
4254.6,49.2573,167.8122
4255.3,49.2917,167.8279
4255.9,49.3262,167.8436
4256.5,49.3607,167.8594
4257.1,49.3951,167.8751
4257.7,49.4296,167.8909
4258.3,49.464,167.9067
4258.9,49.4985,167.9226
4259.6,49.5329,167.9384
4260.2,49.5674,167.9543
4260.8,49.6018,167.9703
4261.4,49.6363,167.9862
4262.0,49.6707,168.0022
4262.6,49.7051,168.0182
4263.2,49.7396,168.0342
4263.8,49.774,168.0503
4264.5,49.8084,168.0663
4265.1,49.8428,168.0824
4265.7,49.8773,168.0986
4266.3,49.9117,168.1147
4266.9,49.9461,168.1309
4267.5,49.9805,168.1471
4268.1,50.0149,168.1634
4268.7,50.0493,168.1796
4269.4,50.0837,168.1959
4270.0,50.1181,168.2122
4270.6,50.1525,168.2286
4271.2,50.1869,168.245
4271.8,50.2213,168.2614
4272.4,50.2556,168.2778
4273.0,50.29,168.2943
4273.6,50.3244,168.3107
4274.3,50.3588,168.3273
4274.9,50.3931,168.3438
4275.5,50.4275,168.3604
4276.1,50.4619,168.377
4276.7,50.4962,168.3936
4277.3,50.5306,168.4102
4277.9,50.5649,168.4269
4278.6,50.5993,168.4436
4279.2,50.6336,168.4604
4279.8,50.668,168.4771
4280.4,50.7023,168.4939
4281.0,50.7366,168.5107
4281.6,50.771,168.5276
4282.2,50.8053,168.5444
4282.8,50.8396,168.5614
4283.5,50.8739,168.5783
4284.1,50.9083,168.5953
4284.7,50.9426,168.6122
4285.3,50.9769,168.6293
4285.9,51.0112,168.6463
4286.5,51.0455,168.6634
4287.1,51.0798,168.6805
4287.7,51.1141,168.6976
4288.4,51.1484,168.7148
4289.0,51.1827,168.732
4289.6,51.217,168.7492
4290.2,51.2513,168.7665
4290.8,51.2855,168.7838
4291.4,51.3198,168.8011
4292.0,51.3541,168.8184
4292.6,51.3884,168.8358
4293.3,51.4226,168.8532
4293.9,51.4569,168.8706
4294.5,51.4911,168.8881
4295.1,51.5254,168.9056
4295.7,51.5597,168.9231
4296.3,51.5939,168.9407
4296.9,51.6281,168.9583
4297.5,51.6624,168.9759
4298.2,51.6966,168.9935
4298.8,51.7309,169.0112
4299.4,51.7651,169.0289
4300.0,51.7993,169.0466
4300.6,51.8335,169.0644
4301.2,51.8678,169.0822
4301.8,51.902,169.1
4302.5,51.9362,169.1179
4303.1,51.9704,169.1358
4303.7,52.0046,169.1537
4304.3,52.0388,169.1716
4304.9,52.073,169.1896
4305.5,52.1072,169.2077
4306.1,52.1414,169.2257
4306.7,52.1756,169.2438
4307.4,52.2097,169.2619
4308.0,52.2439,169.28
4308.6,52.2781,169.2982
4309.2,52.3123,169.3164
4309.8,52.3464,169.3347
4310.4,52.3806,169.3529
4311.0,52.4147,169.3712
4311.6,52.4489,169.3896
4312.3,52.4831,169.4079
4312.9,52.5172,169.4263
4313.5,52.5513,169.4448
4314.1,52.5855,169.4633
4314.7,52.6196,169.4818
4315.3,52.6537,169.5003
4315.9,52.6879,169.5188
4316.5,52.722,169.5374
4317.2,52.7561,169.5561
4317.8,52.7902,169.5747
4318.4,52.8243,169.5934
4319.0,52.8585,169.6122
4319.6,52.8926,169.6309
4320.2,52.9267,169.6497
4320.8,52.9608,169.6686
4321.5,52.9948,169.6874
4322.1,53.0289,169.7063
4322.7,53.063,169.7253
4323.3,53.0971,169.7442
4323.9,53.1312,169.7632
4324.5,53.1652,169.7823
4325.1,53.1993,169.8013
4325.7,53.2334,169.8205
4326.4,53.2674,169.8396
4327.0,53.3015,169.8588
4327.6,53.3355,169.878
4328.2,53.3696,169.8972
4328.8,53.4036,169.9165
4329.4,53.4377,169.9358
4330.0,53.4717,169.9552
4330.6,53.5057,169.9745
4331.3,53.5398,169.994
4331.9,53.5738,170.0134
4332.5,53.6078,170.0329
4333.1,53.6418,170.0524
4333.7,53.6758,170.072
4334.3,53.7098,170.0916
4334.9,53.7438,170.1112
4335.5,53.7778,170.1309
4336.2,53.8118,170.1506
4336.8,53.8458,170.1703
4337.4,53.8798,170.1901
4338.0,53.9138,170.2099
4338.6,53.9477,170.2298
4339.2,53.9817,170.2497
4339.8,54.0157,170.2696
4340.4,54.0496,170.2896
4341.1,54.0836,170.3096
4341.7,54.1176,170.3296
4342.3,54.1515,170.3497
4342.9,54.1854,170.3698
4343.5,54.2194,170.3899
4344.1,54.2533,170.4101
4344.7,54.2873,170.4303
4345.4,54.3212,170.4506
4346.0,54.3551,170.4709
4346.6,54.389,170.4912
4107.0,40.8716,164.6707
4107.6,40.9066,164.6817
4108.2,40.9417,164.6928
4108.8,40.9767,164.7039
4109.4,41.0117,164.715
4110.0,41.0467,164.7261
4110.6,41.0818,164.7372
4111.2,41.1168,164.7483
4111.9,41.1518,164.7595
4112.5,41.1868,164.7706
4113.1,41.2218,164.7818
4113.7,41.2568,164.793
4114.3,41.2918,164.8042
4114.9,41.3269,164.8154
4115.5,41.3619,164.8266
4116.1,41.3969,164.8379
4116.8,41.4319,164.8492
4117.4,41.4669,164.8604
4118.0,41.5019,164.8717
4118.6,41.5369,164.883
4119.2,41.5719,164.8944
4119.8,41.6068,164.9057
4120.4,41.6418,164.9171
4121.0,41.6768,164.9284
4121.7,41.7118,164.9398
4122.3,41.7468,164.9512
4122.9,41.7818,164.9626
4123.5,41.8168,164.9741
4124.1,41.8517,164.9855
4124.7,41.8867,164.997
4125.3,41.9217,165.0085
4125.9,41.9567,165.02
4126.6,41.9916,165.0315
4127.2,42.0266,165.043
4127.8,42.0616,165.0545
4128.4,42.0966,165.0661
4129.0,42.1315,165.0777
4129.6,42.1665,165.0892
4130.2,42.2014,165.1008
4130.9,42.2364,165.1125
4131.5,42.2714,165.1241
4132.1,42.3063,165.1357
4132.7,42.3413,165.1474
4133.3,42.3762,165.1591
4133.9,42.4112,165.1708
4134.5,42.4461,165.1825
4135.1,42.4811,165.1942
4135.8,42.516,165.206
4136.4,42.5509,165.2177
4137.0,42.5859,165.2295
4137.6,42.6208,165.2413
4138.2,42.6558,165.2531
4138.8,42.6907,165.2649
4139.4,42.7256,165.2768
4140.0,42.7606,165.2886
4140.7,42.7955,165.3005
4141.3,42.8304,165.3124
4141.9,42.8653,165.3243
4142.5,42.9003,165.3362
4143.1,42.9352,165.3481
4143.7,42.9701,165.3601
4144.3,43.005,165.3721
4144.9,43.0399,165.3841
4145.6,43.0748,165.3961
4146.2,43.1097,165.4081
4146.8,43.1446,165.4201
4147.4,43.1796,165.4322
4148.0,43.2145,165.4443
4148.6,43.2494,165.4563
4149.2,43.2843,165.4684
4149.8,43.3192,165.4806
4150.5,43.354,165.4927
4151.1,43.3889,165.5049
4151.7,43.4238,165.517
4152.3,43.4587,165.5292
4152.9,43.4936,165.5414
4153.5,43.5285,165.5537
4154.1,43.5634,165.5659
4154.8,43.5983,165.5782
4155.4,43.6331,165.5904
4156.0,43.668,165.6027
4156.6,43.7029,165.615
4157.2,43.7378,165.6274
4157.8,43.7726,165.6397
4158.4,43.8075,165.6521
4159.0,43.8424,165.6644
4159.7,43.8772,165.6768
4160.3,43.9121,165.6893
4160.9,43.947,165.7017
4161.5,43.9818,165.7141
4162.1,44.0167,165.7266
4162.7,44.0515,165.7391
4163.3,44.0864,165.7516
4163.9,44.1212,165.7641
4164.6,44.1561,165.7767
4165.2,44.1909,165.7892
4165.8,44.2258,165.8018
4166.4,44.2606,165.8144
4167.0,44.2954,165.827
4167.6,44.3303,165.8396
4168.2,44.3651,165.8523
4168.8,44.3999,165.8649
4169.5,44.4348,165.8776
4170.1,44.4696,165.8903
4170.7,44.5044,165.903
4171.3,44.5392,165.9158
4171.9,44.5741,165.9285
4172.5,44.6089,165.9413
4173.1,44.6437,165.9541
4173.8,44.6785,165.9669
4174.4,44.7133,165.9797
4175.0,44.7481,165.9926
4175.6,44.7829,166.0054
4176.2,44.8177,166.0183
4176.8,44.8525,166.0312
4177.4,44.8873,166.0441
4178.0,44.9221,166.0571
4178.7,44.9569,166.07
4179.3,44.9917,166.083
4179.9,45.0265,166.096
4180.5,45.0613,166.109
4181.1,45.0961,166.1221
4181.7,45.1309,166.1351
4182.3,45.1657,166.1482
4182.9,45.2004,166.1613
4183.6,45.2352,166.1744
4184.2,45.27,166.1875
4184.8,45.3048,166.2007
4185.4,45.3395,166.2139
4186.0,45.3743,166.227
4186.6,45.4091,166.2402
4187.2,45.4438,166.2535
4187.8,45.4786,166.2667
4188.5,45.5134,166.28
4189.1,45.5481,166.2933
4189.7,45.5829,166.3066
4190.3,45.6176,166.3199
4190.9,45.6524,166.3333
4191.5,45.6871,166.3466
4192.1,45.7219,166.36
4192.8,45.7566,166.3734
4193.4,45.7913,166.3868
4194.0,45.8261,166.4003
4194.6,45.8608,166.4137
4195.2,45.8955,166.4272
4195.8,45.9303,166.4407
4196.4,45.965,166.4542
4197.0,45.9997,166.4678
4197.7,46.0344,166.4814
4198.3,46.0692,166.4949
4198.9,46.1039,166.5085
4199.5,46.1386,166.5222
4200.1,46.1733,166.5358
4200.7,46.208,166.5495
4201.3,46.2427,166.5632
4201.9,46.2774,166.5769
4202.6,46.3121,166.5906
4203.2,46.3468,166.6044
4203.8,46.3815,166.6181
4204.4,46.4162,166.6319
4205.0,46.4509,166.6457
4205.6,46.4856,166.6596
4206.2,46.5203,166.6734
4206.8,46.555,166.6873
4207.5,46.5897,166.7012
4208.1,46.6244,166.7151
4208.7,46.659,166.729
4209.3,46.6937,166.743
4209.9,46.7284,166.757
4210.5,46.763,166.771
4211.1,46.7977,166.785
4211.7,46.8324,166.799
4212.4,46.867,166.8131
4213.0,46.9017,166.8272
4213.6,46.9364,166.8413
4214.2,46.971,166.8554
4214.8,47.0057,166.8696
4215.4,47.0403,166.8838
4216.0,47.075,166.8979
4216.7,47.1096,166.9122
4217.3,47.1442,166.9264
4217.9,47.1789,166.9407
4218.5,47.2135,166.955
4219.1,47.2482,166.9693
4219.7,47.2828,166.9836
4220.3,47.3174,166.9979
4220.9,47.352,167.0123
4221.6,47.3867,167.0267
4222.2,47.4213,167.0411
4222.8,47.4559,167.0556
4223.4,47.4905,167.07
4224.0,47.5251,167.0845
4224.6,47.5597,167.099
4225.2,47.5943,167.1135
4225.8,47.6289,167.1281
4226.5,47.6635,167.1427
4227.1,47.6981,167.1572
4227.7,47.7327,167.1719
4228.3,47.7673,167.1865
4228.9,47.8019,167.2012
4229.5,47.8365,167.2159
4230.1,47.8711,167.2306
4230.7,47.9057,167.2453
4231.4,47.9403,167.2601
4232.0,47.9748,167.2748
4232.6,48.0094,167.2896
4233.2,48.044,167.3045
4233.8,48.0785,167.3193
4234.4,48.1131,167.3342
4235.0,48.1477,167.3491
4235.7,48.1822,167.364
4236.3,48.2168,167.379
4236.9,48.2513,167.3939
4237.5,48.2859,167.4089
4238.1,48.3204,167.4239
4238.7,48.355,167.439
4239.3,48.3895,167.454
4239.9,48.4241,167.4691
4240.6,48.4586,167.4842
4241.2,48.4931,167.4994
4241.8,48.5277,167.5145
4242.4,48.5622,167.5297
4243.0,48.5967,167.5449
4243.6,48.6312,167.5602
4244.2,48.6658,167.5754
4244.8,48.7003,167.5907
4245.5,48.7348,167.606
4246.1,48.7693,167.6213
4246.7,48.8038,167.6367
4247.3,48.8383,167.6521
4247.9,48.8728,167.6674
4248.5,48.9073,167.6829
4249.1,48.9418,167.6983
4249.7,48.9763,167.7138
4250.4,49.0108,167.7293
4251.0,49.0453,167.7448
4251.6,49.0798,167.7604
4252.2,49.1142,167.776
4252.8,49.1487,167.7916
4253.4,49.1832,167.8072
4254.0,49.2177,167.8229
4254.6,49.2521,167.8385
4255.3,49.2866,167.8542
4255.9,49.3211,167.87
4256.5,49.3555,167.8857
4257.1,49.39,167.9015
4257.7,49.4244,167.9173
4258.3,49.4589,167.9332
4258.9,49.4933,167.949
4259.6,49.5278,167.9649
4260.2,49.5622,167.9808
4260.8,49.5967,167.9967
4261.4,49.6311,168.0127
4262.0,49.6655,168.0287
4262.6,49.6999,168.0447
4263.2,49.7344,168.0608
4263.8,49.7688,168.0768
4264.5,49.8032,168.0929
4265.1,49.8376,168.1091
4265.7,49.872,168.1252
4266.3,49.9065,168.1414
4266.9,49.9409,168.1576
4267.5,49.9753,168.1738
4268.1,50.0097,168.1901
4268.7,50.0441,168.2063
4269.4,50.0784,168.2227
4270.0,50.1128,168.239
4270.6,50.1472,168.2554
4271.2,50.1816,168.2718
4271.8,50.216,168.2882
4272.4,50.2504,168.3046
4273.0,50.2847,168.3211
4273.6,50.3191,168.3376
4274.3,50.3535,168.3541
4274.9,50.3878,168.3707
4275.5,50.4222,168.3873
4276.1,50.4566,168.4039
4276.7,50.4909,168.4205
4277.3,50.5253,168.4372
4277.9,50.5596,168.4539
4278.6,50.594,168.4706
4279.2,50.6283,168.4874
4279.8,50.6626,168.5041
4280.4,50.697,168.5209
4281.0,50.7313,168.5378
4281.6,50.7656,168.5546
4282.2,50.7999,168.5715
4282.8,50.8343,168.5885
4283.5,50.8686,168.6054
4284.1,50.9029,168.6224
4284.7,50.9372,168.6394
4285.3,50.9715,168.6564
4285.9,51.0058,168.6735
4286.5,51.0401,168.6906
4287.1,51.0744,168.7077
4287.7,51.1087,168.7249
4288.4,51.143,168.7421
4289.0,51.1773,168.7593
4289.6,51.2116,168.7765
4290.2,51.2458,168.7938
4290.8,51.2801,168.8111
4291.4,51.3144,168.8284
4292.0,51.3487,168.8458
4292.6,51.3829,168.8632
4293.3,51.4172,168.8806
4293.9,51.4514,168.8981
4294.5,51.4857,168.9155
4295.1,51.5199,168.933
4295.7,51.5542,168.9506
4296.3,51.5884,168.9682
4296.9,51.6227,168.9857
4297.5,51.6569,169.0034
4298.2,51.6911,169.0211
4298.8,51.7254,169.0387
4299.4,51.7596,169.0565
4300.0,51.7938,169.0742
4300.6,51.828,169.092
4301.2,51.8622,169.1098
4301.8,51.8964,169.1277
4302.5,51.9307,169.1456
4303.1,51.9649,169.1635
4303.7,51.9991,169.1814
4304.3,52.0332,169.1994
4304.9,52.0674,169.2174
4305.5,52.1016,169.2354
4306.1,52.1358,169.2535
4306.7,52.17,169.2716
4307.4,52.2042,169.2897
4308.0,52.2383,169.3079
4308.6,52.2725,169.3261
4309.2,52.3067,169.3443
4309.8,52.3408,169.3625
4310.4,52.375,169.3808
4311.0,52.4091,169.3992
4311.6,52.4433,169.4175
4312.3,52.4774,169.4359
4312.9,52.5116,169.4543
4313.5,52.5457,169.4728
4314.1,52.5798,169.4913
4314.7,52.614,169.5098
4315.3,52.6481,169.5283
4315.9,52.6822,169.5469
4316.5,52.7163,169.5655
4317.2,52.7505,169.5842
4317.8,52.7846,169.6029
4318.4,52.8187,169.6216
4319.0,52.8528,169.6404
4319.6,52.8869,169.6591
4320.2,52.921,169.6779
4320.8,52.9551,169.6968
4321.5,52.9891,169.7157
4322.1,53.0232,169.7346
4322.7,53.0573,169.7536
4323.3,53.0914,169.7726
4323.9,53.1255,169.7916
4324.5,53.1595,169.8106
4325.1,53.1936,169.8297
4325.7,53.2276,169.8488
4326.4,53.2617,169.868
4327.0,53.2957,169.8872
4327.6,53.3298,169.9064
4328.2,53.3638,169.9257
4328.8,53.3979,169.945
4329.4,53.4319,169.9643
4330.0,53.4659,169.9837
4330.6,53.5,170.0031
4331.3,53.534,170.0225
4331.9,53.568,170.042
4332.5,53.602,170.0615
4333.1,53.636,170.0811
4333.7,53.67,170.1006
4334.3,53.704,170.1203
4334.9,53.738,170.1399
4335.5,53.772,170.1596
4336.2,53.806,170.1793
4336.8,53.84,170.1991
4337.4,53.8739,170.2189
4338.0,53.9079,170.2387
4338.6,53.9419,170.2586
4339.2,53.9758,170.2785
4339.8,54.0098,170.2984
4340.4,54.0438,170.3184
4341.1,54.0777,170.3384
4341.7,54.1117,170.3585
4342.3,54.1456,170.3786
4342.9,54.1795,170.3987
4343.5,54.2135,170.4189
4344.1,54.2474,170.4391
4344.7,54.2813,170.4593
4345.4,54.3152,170.4796
4346.0,54.3492,170.4999
4107.0,40.8674,164.6938
4107.6,40.9024,164.7048
4108.2,40.9375,164.7159
4108.8,40.9725,164.727
4109.4,41.0075,164.7381
4110.0,41.0425,164.7492
4110.6,41.0776,164.7603
4111.2,41.1126,164.7715
4111.9,41.1476,164.7826
4112.5,41.1826,164.7938
4113.1,41.2176,164.805
4113.7,41.2526,164.8162
4114.3,41.2876,164.8274
4114.9,41.3226,164.8386
4115.5,41.3576,164.8499
4116.1,41.3926,164.8611
4116.8,41.4276,164.8724
4117.4,41.4626,164.8837
4118.0,41.4976,164.895
4118.6,41.5326,164.9063
4119.2,41.5676,164.9177
4119.8,41.6026,164.929
4120.4,41.6376,164.9404
4121.0,41.6726,164.9518
4121.7,41.7075,164.9632
4122.3,41.7425,164.9746
4122.9,41.7775,164.986
4123.5,41.8125,164.9975
4124.1,41.8475,165.0089
4124.7,41.8824,165.0204
4125.3,41.9174,165.0319
4125.9,41.9524,165.0434
4126.6,41.9874,165.0549
4127.2,42.0223,165.0664
4127.8,42.0573,165.078
4128.4,42.0922,165.0896
4129.0,42.1272,165.1011
4129.6,42.1622,165.1127
4130.2,42.1971,165.1243
4130.9,42.2321,165.136
4131.5,42.267,165.1476
4132.1,42.302,165.1593
4132.7,42.3369,165.171
4133.3,42.3719,165.1826
4133.9,42.4068,165.1944
4134.5,42.4418,165.2061
4135.1,42.4767,165.2178
4135.8,42.5117,165.2296
4136.4,42.5466,165.2413
4137.0,42.5815,165.2531
4137.6,42.6165,165.2649
4138.2,42.6514,165.2768
4138.8,42.6863,165.2886
4139.4,42.7213,165.3004
4140.0,42.7562,165.3123
4140.7,42.7911,165.3242
4141.3,42.826,165.3361
4141.9,42.8609,165.348
4142.5,42.8959,165.36
4143.1,42.9308,165.3719
4143.7,42.9657,165.3839
4144.3,43.0006,165.3959
4144.9,43.0355,165.4079
4145.6,43.0704,165.4199
4146.2,43.1053,165.4319
4146.8,43.1402,165.444
4147.4,43.1751,165.456
4148.0,43.21,165.4681
4148.6,43.2449,165.4802
4149.2,43.2798,165.4923
4149.8,43.3147,165.5045
4150.5,43.3496,165.5166
4151.1,43.3845,165.5288
4151.7,43.4194,165.541
4152.3,43.4543,165.5532
4152.9,43.4892,165.5654
4153.5,43.524,165.5776
4154.1,43.5589,165.5899
4154.8,43.5938,165.6022
4155.4,43.6287,165.6144
4156.0,43.6636,165.6267
4156.6,43.6984,165.6391
4157.2,43.7333,165.6514
4157.8,43.7682,165.6638
4158.4,43.803,165.6761
4159.0,43.8379,165.6885
4159.7,43.8727,165.7009
4160.3,43.9076,165.7134
4160.9,43.9425,165.7258
4161.5,43.9773,165.7383
4162.1,44.0122,165.7508
4162.7,44.047,165.7633
4163.3,44.0819,165.7758
4163.9,44.1167,165.7883
4164.6,44.1516,165.8009
4165.2,44.1864,165.8134
4165.8,44.2212,165.826
4166.4,44.2561,165.8386
4167.0,44.2909,165.8512
4167.6,44.3257,165.8639
4168.2,44.3606,165.8765
4168.8,44.3954,165.8892
4169.5,44.4302,165.9019
4170.1,44.465,165.9146
4170.7,44.4999,165.9274
4171.3,44.5347,165.9401
4171.9,44.5695,165.9529
4172.5,44.6043,165.9657
4173.1,44.6391,165.9785
4173.8,44.6739,165.9913
4174.4,44.7087,166.0041
4175.0,44.7435,166.017
4175.6,44.7783,166.0299
4176.2,44.8131,166.0428
4176.8,44.8479,166.0557
4177.4,44.8827,166.0686
4178.0,44.9175,166.0816
4178.7,44.9523,166.0945
4179.3,44.9871,166.1075
4179.9,45.0219,166.1205
4180.5,45.0567,166.1336
4181.1,45.0915,166.1466
4181.7,45.1263,166.1597
4182.3,45.161,166.1728
4182.9,45.1958,166.1859
4183.6,45.2306,166.199
4184.2,45.2654,166.2122
4184.8,45.3001,166.2253
4185.4,45.3349,166.2385
4186.0,45.3697,166.2517
4186.6,45.4044,166.2649
4187.2,45.4392,166.2782
4187.8,45.4739,166.2914
4188.5,45.5087,166.3047
4189.1,45.5434,166.318
4189.7,45.5782,166.3313
4190.3,45.6129,166.3447
4190.9,45.6477,166.358
4191.5,45.6824,166.3714
4192.1,45.7172,166.3848
4192.8,45.7519,166.3982
4193.4,45.7866,166.4117
4194.0,45.8214,166.4251
4194.6,45.8561,166.4386
4195.2,45.8908,166.4521
4195.8,45.9256,166.4656
4196.4,45.9603,166.4791
4197.0,45.995,166.4927
4197.7,46.0297,166.5063
4198.3,46.0644,166.5199
4198.9,46.0991,166.5335
4199.5,46.1339,166.5471
4200.1,46.1686,166.5608
4200.7,46.2033,166.5745
4201.3,46.238,166.5882
4201.9,46.2727,166.6019
4202.6,46.3074,166.6156
4203.2,46.3421,166.6294
4203.8,46.3768,166.6432
4204.4,46.4115,166.657
4205.0,46.4461,166.6708
4205.6,46.4808,166.6847
4206.2,46.5155,166.6985
4206.8,46.5502,166.7124
4207.5,46.5849,166.7263
4208.1,46.6196,166.7403
4208.7,46.6542,166.7542
4209.3,46.6889,166.7682
4209.9,46.7236,166.7822
4210.5,46.7582,166.7962
4211.1,46.7929,166.8102
4211.7,46.8276,166.8243
4212.4,46.8622,166.8384
4213.0,46.8969,166.8525
4213.6,46.9315,166.8666
4214.2,46.9662,166.8808
4214.8,47.0008,166.8949
4215.4,47.0355,166.9091
4216.0,47.0701,166.9233
4216.7,47.1047,166.9375
4217.3,47.1394,166.9518
4217.9,47.174,166.9661
4218.5,47.2086,166.9804
4219.1,47.2433,166.9947
4219.7,47.2779,167.009
4220.3,47.3125,167.0234
4220.9,47.3471,167.0378
4221.6,47.3818,167.0522
4222.2,47.4164,167.0666
4222.8,47.451,167.0811
4223.4,47.4856,167.0956
4224.0,47.5202,167.11
4224.6,47.5548,167.1246
4225.2,47.5894,167.1391
4225.8,47.624,167.1537
4226.5,47.6586,167.1683
4227.1,47.6932,167.1829
4227.7,47.7278,167.1975
4228.3,47.7624,167.2122
4228.9,47.797,167.2268
4229.5,47.8316,167.2415
4230.1,47.8661,167.2563
4230.7,47.9007,167.271
4231.4,47.9353,167.2858
4232.0,47.9699,167.3006
4232.6,48.0044,167.3154
4233.2,48.039,167.3302
4233.8,48.0736,167.3451
4234.4,48.1081,167.36
4235.0,48.1427,167.3749
4235.7,48.1772,167.3898
4236.3,48.2118,167.4048
4236.9,48.2463,167.4198
4237.5,48.2809,167.4348
4238.1,48.3154,167.4498
4238.7,48.35,167.4649
4239.3,48.3845,167.48
4239.9,48.419,167.4951
4240.6,48.4536,167.5102
4241.2,48.4881,167.5253
4241.8,48.5226,167.5405
4242.4,48.5572,167.5557
4243.0,48.5917,167.5709
4243.6,48.6262,167.5862
4244.2,48.6607,167.6015
4244.8,48.6952,167.6167
4245.5,48.7297,167.6321
4246.1,48.7642,167.6474
4246.7,48.7987,167.6628
4247.3,48.8332,167.6782
4247.9,48.8677,167.6936
4248.5,48.9022,167.709
4249.1,48.9367,167.7245
4249.7,48.9712,167.74
4250.4,49.0057,167.7555
4251.0,49.0402,167.7711
4251.6,49.0746,167.7866
4252.2,49.1091,167.8022
4252.8,49.1436,167.8179
4253.4,49.1781,167.8335
4254.0,49.2125,167.8492
4254.6,49.247,167.8649
4255.3,49.2815,167.8806
4255.9,49.3159,167.8963
4256.5,49.3504,167.9121
4257.1,49.3848,167.9279
4257.7,49.4193,167.9437
4258.3,49.4537,167.9596
4258.9,49.4882,167.9755
4259.6,49.5226,167.9914
4260.2,49.557,168.0073
4260.8,49.5915,168.0232
4261.4,49.6259,168.0392
4262.0,49.6603,168.0552
4262.6,49.6947,168.0713
4263.2,49.7292,168.0873
4263.8,49.7636,168.1034
4264.5,49.798,168.1195
4265.1,49.8324,168.1357
4265.7,49.8668,168.1518
4266.3,49.9012,168.168
4266.9,49.9356,168.1842
4267.5,49.97,168.2005
4268.1,50.0044,168.2168
4268.7,50.0388,168.233
4269.4,50.0732,168.2494
4270.0,50.1076,168.2657
4270.6,50.142,168.2821
4271.2,50.1763,168.2985
4271.8,50.2107,168.315
4272.4,50.2451,168.3314
4273.0,50.2795,168.3479
4273.6,50.3138,168.3644
4274.3,50.3482,168.381
4274.9,50.3825,168.3976
4275.5,50.4169,168.4142
4276.1,50.4513,168.4308
4276.7,50.4856,168.4474
4277.3,50.5199,168.4641
4277.9,50.5543,168.4808
4278.6,50.5886,168.4976
4279.2,50.623,168.5143
4279.8,50.6573,168.5311
4280.4,50.6916,168.548
4281.0,50.7259,168.5648
4281.6,50.7603,168.5817
4282.2,50.7946,168.5986
4282.8,50.8289,168.6156
4283.5,50.8632,168.6325
4284.1,50.8975,168.6495
4284.7,50.9318,168.6665
4285.3,50.9661,168.6836
4285.9,51.0004,168.7007
4286.5,51.0347,168.7178
4287.1,51.069,168.7349
4287.7,51.1033,168.7521
4288.4,51.1376,168.7693
4289.0,51.1719,168.7865
4289.6,51.2061,168.8038
4290.2,51.2404,168.8211
4290.8,51.2747,168.8384
4291.4,51.3089,168.8558
4292.0,51.3432,168.8731
4292.6,51.3775,168.8905
4293.3,51.4117,168.908
4293.9,51.446,168.9255
4294.5,51.4802,168.943
4295.1,51.5145,168.9605
4295.7,51.5487,168.978
4296.3,51.5829,168.9956
4296.9,51.6172,169.0133
4297.5,51.6514,169.0309
4298.2,51.6856,169.0486
4298.8,51.7199,169.0663
4299.4,51.7541,169.084
4300.0,51.7883,169.1018
4300.6,51.8225,169.1196
4301.2,51.8567,169.1375
4301.8,51.8909,169.1553
4302.5,51.9251,169.1732
4303.1,51.9593,169.1911
4303.7,51.9935,169.2091
4304.3,52.0277,169.2271
4304.9,52.0619,169.2451
4305.5,52.0961,169.2632
4306.1,52.1302,169.2812
4306.7,52.1644,169.2994
4307.4,52.1986,169.3175
4308.0,52.2328,169.3357
4308.6,52.2669,169.3539
4309.2,52.3011,169.3722
4309.8,52.3352,169.3904
4310.4,52.3694,169.4088
4311.0,52.4035,169.4271
4311.6,52.4377,169.4455
4312.3,52.4718,169.4639
4312.9,52.506,169.4823
4313.5,52.5401,169.5008
4314.1,52.5742,169.5193
4314.7,52.6083,169.5378
4315.3,52.6425,169.5564
4315.9,52.6766,169.575
4316.5,52.7107,169.5936
4317.2,52.7448,169.6123
4317.8,52.7789,169.631
4318.4,52.813,169.6497
4319.0,52.8471,169.6685
4319.6,52.8812,169.6873
4320.2,52.9153,169.7061
4320.8,52.9494,169.725
4321.5,52.9834,169.7439
4322.1,53.0175,169.7629
4322.7,53.0516,169.7818
4323.3,53.0857,169.8008
4323.9,53.1197,169.8199
4324.5,53.1538,169.839
4325.1,53.1878,169.8581
4325.7,53.2219,169.8772
4326.4,53.2559,169.8964
4327.0,53.29,169.9156
4327.6,53.324,169.9349
4328.2,53.3581,169.9541
4328.8,53.3921,169.9734
4329.4,53.4261,169.9928
4330.0,53.4601,170.0122
4330.6,53.4942,170.0316
4331.3,53.5282,170.0511
4331.9,53.5622,170.0706
4332.5,53.5962,170.0901
4333.1,53.6302,170.1097
4333.7,53.6642,170.1293
4334.3,53.6982,170.1489
4334.9,53.7322,170.1686
4335.5,53.7662,170.1883
4336.2,53.8001,170.208
4336.8,53.8341,170.2278
4337.4,53.8681,170.2476
4338.0,53.9021,170.2675
4338.6,53.936,170.2874
4339.2,53.97,170.3073
4339.8,54.0039,170.3273
4340.4,54.0379,170.3473
4341.1,54.0718,170.3673
4341.7,54.1058,170.3874
4342.3,54.1397,170.4075
4342.9,54.1736,170.4276
4343.5,54.2076,170.4478
4344.1,54.2415,170.468
4344.7,54.2754,170.4883
4107.0,40.8632,164.7168
4107.6,40.8983,164.7279
4108.2,40.9333,164.739
4108.8,40.9683,164.7501
4109.4,41.0033,164.7612
4110.0,41.0383,164.7723
4110.6,41.0733,164.7834
4111.2,41.1083,164.7946
4111.9,41.1434,164.8058
4112.5,41.1784,164.817
4113.1,41.2134,164.8282
4113.7,41.2484,164.8394
4114.3,41.2834,164.8506
4114.9,41.3184,164.8618
4115.5,41.3534,164.8731
4116.1,41.3884,164.8844
4116.8,41.4234,164.8957
4117.4,41.4584,164.907
4118.0,41.4934,164.9183
4118.6,41.5284,164.9296
4119.2,41.5633,164.941
4119.8,41.5983,164.9523
4120.4,41.6333,164.9637
4121.0,41.6683,164.9751
4121.7,41.7033,164.9865
4122.3,41.7383,164.9979
4122.9,41.7732,165.0094
4123.5,41.8082,165.0208
4124.1,41.8432,165.0323
4124.7,41.8781,165.0438
4125.3,41.9131,165.0553
4125.9,41.9481,165.0668
4126.6,41.9831,165.0783
4127.2,42.018,165.0899
4127.8,42.053,165.1014
4128.4,42.0879,165.113
4129.0,42.1229,165.1246
4129.6,42.1578,165.1362
4130.2,42.1928,165.1479
4130.9,42.2278,165.1595
4131.5,42.2627,165.1711
4132.1,42.2977,165.1828
4132.7,42.3326,165.1945
4133.3,42.3675,165.2062
4133.9,42.4025,165.2179
4134.5,42.4374,165.2297
4135.1,42.4724,165.2414
4135.8,42.5073,165.2532
4136.4,42.5422,165.265
4137.0,42.5772,165.2768
4137.6,42.6121,165.2886
4138.2,42.647,165.3004
4138.8,42.682,165.3123
4139.4,42.7169,165.3241
4140.0,42.7518,165.336
4140.7,42.7867,165.3479
4141.3,42.8216,165.3598
4141.9,42.8566,165.3718
4142.5,42.8915,165.3837
4143.1,42.9264,165.3957
4143.7,42.9613,165.4077
4144.3,42.9962,165.4196
4144.9,43.0311,165.4317
4145.6,43.066,165.4437
4146.2,43.1009,165.4557
4146.8,43.1358,165.4678
4147.4,43.1707,165.4799
4148.0,43.2056,165.492
4148.6,43.2405,165.5041
4149.2,43.2754,165.5162
4149.8,43.3103,165.5284
4150.5,43.3452,165.5405
4151.1,43.3801,165.5527
4151.7,43.415,165.5649
4152.3,43.4498,165.5771
4152.9,43.4847,165.5894
4153.5,43.5196,165.6016
4154.1,43.5545,165.6139
4154.8,43.5893,165.6261
4155.4,43.6242,165.6384
4156.0,43.6591,165.6508
4156.6,43.6939,165.6631
4157.2,43.7288,165.6754
4157.8,43.7637,165.6878
4158.4,43.7985,165.7002
4159.0,43.8334,165.7126
4159.7,43.8683,165.725
4160.3,43.9031,165.7375
4160.9,43.938,165.7499
4161.5,43.9728,165.7624
4162.1,44.0077,165.7749
4162.7,44.0425,165.7874
4163.3,44.0773,165.7999
4163.9,44.1122,165.8125
4164.6,44.147,165.825
4165.2,44.1819,165.8376
4165.8,44.2167,165.8502
4166.4,44.2515,165.8629
4167.0,44.2864,165.8755
4167.6,44.3212,165.8881
4168.2,44.356,165.9008
4168.8,44.3908,165.9135
4169.5,44.4257,165.9262
4170.1,44.4605,165.9389
4170.7,44.4953,165.9517
4171.3,44.5301,165.9644
4171.9,44.5649,165.9772
4172.5,44.5997,165.99
4173.1,44.6345,166.0028
4173.8,44.6694,166.0157
4174.4,44.7042,166.0285
4175.0,44.739,166.0414
4175.6,44.7738,166.0543
4176.2,44.8086,166.0672
4176.8,44.8433,166.0801
4177.4,44.8781,166.0931
4178.0,44.9129,166.106
4178.7,44.9477,166.119
4179.3,44.9825,166.132
4179.9,45.0173,166.1451
4180.5,45.0521,166.1581
4181.1,45.0868,166.1712
4181.7,45.1216,166.1842
4182.3,45.1564,166.1974
4182.9,45.1912,166.2105
4183.6,45.2259,166.2236
4184.2,45.2607,166.2368
4184.8,45.2955,166.25
4185.4,45.3302,166.2631
4186.0,45.365,166.2764
4186.6,45.3998,166.2896
4187.2,45.4345,166.3029
4187.8,45.4693,166.3161
4188.5,45.504,166.3294
4189.1,45.5388,166.3427
4189.7,45.5735,166.3561
4190.3,45.6082,166.3694
4190.9,45.643,166.3828
4191.5,45.6777,166.3962
4192.1,45.7125,166.4096
4192.8,45.7472,166.423
4193.4,45.7819,166.4365
4194.0,45.8167,166.45
4194.6,45.8514,166.4634
4195.2,45.8861,166.4769
4195.8,45.9208,166.4905
4196.4,45.9556,166.504
4197.0,45.9903,166.5176
4197.7,46.025,166.5312
4198.3,46.0597,166.5448
4198.9,46.0944,166.5584
4199.5,46.1291,166.5721
4200.1,46.1638,166.5858
4200.7,46.1985,166.5995
4201.3,46.2332,166.6132
4201.9,46.2679,166.6269
4202.6,46.3026,166.6407
4203.2,46.3373,166.6544
4203.8,46.372,166.6683
4204.4,46.4067,166.6821
4205.0,46.4414,166.6959
4205.6,46.476,166.7098
4206.2,46.5107,166.7237
4206.8,46.5454,166.7376
4207.5,46.5801,166.7515
4208.1,46.6147,166.7654
4208.7,46.6494,166.7794
4209.3,46.6841,166.7934
4209.9,46.7187,166.8074
4210.5,46.7534,166.8214
4211.1,46.7881,166.8355
4211.7,46.8227,166.8495
4212.4,46.8574,166.8636
4213.0,46.892,166.8778
4213.6,46.9267,166.8919
4214.2,46.9613,166.9061
4214.8,46.996,166.9202
4215.4,47.0306,166.9344
4216.0,47.0652,166.9487
4216.7,47.0999,166.9629
4217.3,47.1345,166.9772
4217.9,47.1691,166.9915
4218.5,47.2038,167.0058
4219.1,47.2384,167.0201
4219.7,47.273,167.0345
4220.3,47.3076,167.0488
4220.9,47.3423,167.0632
4221.6,47.3769,167.0777
4222.2,47.4115,167.0921
4222.8,47.4461,167.1066
4223.4,47.4807,167.1211
4224.0,47.5153,167.1356
4224.6,47.5499,167.1501
4225.2,47.5845,167.1647
4225.8,47.6191,167.1793
4226.5,47.6537,167.1939
4227.1,47.6883,167.2085
4227.7,47.7229,167.2231
4228.3,47.7574,167.2378
4228.9,47.792,167.2525
4229.5,47.8266,167.2672
4230.1,47.8612,167.282
4230.7,47.8958,167.2967
4231.4,47.9303,167.3115
4232.0,47.9649,167.3263
4232.6,47.9995,167.3412
4233.2,48.034,167.356
4233.8,48.0686,167.3709
4234.4,48.1031,167.3858
4235.0,48.1377,167.4007
4235.7,48.1722,167.4157
4236.3,48.2068,167.4306
4236.9,48.2413,167.4456
4237.5,48.2759,167.4607
4238.1,48.3104,167.4757
4238.7,48.3449,167.4908
4239.3,48.3795,167.5059
4239.9,48.414,167.521
4240.6,48.4485,167.5361
4241.2,48.4831,167.5513
4241.8,48.5176,167.5665
4242.4,48.5521,167.5817
4243.0,48.5866,167.597
4243.6,48.6211,167.6122
4244.2,48.6556,167.6275
4244.8,48.6901,167.6428
4245.5,48.7247,167.6582
4246.1,48.7592,167.6735
4246.7,48.7937,167.6889
4247.3,48.8281,167.7043
4247.9,48.8626,167.7197
4248.5,48.8971,167.7352
4249.1,48.9316,167.7507
4249.7,48.9661,167.7662
4250.4,49.0006,167.7817
4251.0,49.0351,167.7973
4251.6,49.0695,167.8129
4252.2,49.104,167.8285
4252.8,49.1385,167.8441
4253.4,49.1729,167.8598
4254.0,49.2074,167.8755
4254.6,49.2419,167.8912
4255.3,49.2763,167.9069
4255.9,49.3108,167.9227
4256.5,49.3452,167.9385
4257.1,49.3797,167.9543
4257.7,49.4141,167.9701
4258.3,49.4485,167.986
4258.9,49.483,168.0019
4259.6,49.5174,168.0178
4260.2,49.5518,168.0338
4260.8,49.5863,168.0497
4261.4,49.6207,168.0657
4262.0,49.6551,168.0817
4262.6,49.6895,168.0978
4263.2,49.724,168.1139
4263.8,49.7584,168.13
4264.5,49.7928,168.1461
4265.1,49.8272,168.1623
4265.7,49.8616,168.1784
4266.3,49.896,168.1946
4266.9,49.9304,168.2109
4267.5,49.9648,168.2271
4268.1,49.9992,168.2434
4268.7,50.0336,168.2598
4269.4,50.0679,168.2761
4270.0,50.1023,168.2925
4270.6,50.1367,168.3089
4271.2,50.1711,168.3253
4271.8,50.2054,168.3417
4272.4,50.2398,168.3582
4273.0,50.2742,168.3747
4273.6,50.3085,168.3913
4274.3,50.3429,168.4078
4274.9,50.3772,168.4244
4275.5,50.4116,168.441
4276.1,50.4459,168.4577
4276.7,50.4803,168.4743
4277.3,50.5146,168.4911
4277.9,50.549,168.5078
4278.6,50.5833,168.5246
4279.2,50.6176,168.5413
4279.8,50.6519,168.5582
4280.4,50.6863,168.575
4281.0,50.7206,168.5919
4281.6,50.7549,168.6088
4282.2,50.7892,168.6257
4282.8,50.8235,168.6426
4283.5,50.8578,168.6596
4284.1,50.8921,168.6767
4284.7,50.9264,168.6937
4285.3,50.9607,168.7108
4285.9,50.995,168.7279
4286.5,51.0293,168.745
4287.1,51.0636,168.7622
4287.7,51.0979,168.7793
4288.4,51.1322,168.7966
4289.0,51.1664,168.8138
4289.6,51.2007,168.8311
4290.2,51.235,168.8484
4290.8,51.2692,168.8657
4291.4,51.3035,168.8831
4292.0,51.3378,168.9005
4292.6,51.372,168.9179
4293.3,51.4063,168.9354
4293.9,51.4405,168.9529
4294.5,51.4748,168.9704
4295.1,51.509,168.9879
4295.7,51.5432,169.0055
4296.3,51.5775,169.0231
4296.9,51.6117,169.0408
4297.5,51.6459,169.0584
4298.2,51.6801,169.0761
4298.8,51.7144,169.0938
4299.4,51.7486,169.1116
4300.0,51.7828,169.1294
4300.6,51.817,169.1472
4301.2,51.8512,169.1651
4301.8,51.8854,169.183
4302.5,51.9196,169.2009
4303.1,51.9538,169.2188
4303.7,51.988,169.2368
4304.3,52.0221,169.2548
4304.9,52.0563,169.2728
4305.5,52.0905,169.2909
4306.1,52.1247,169.309
4306.7,52.1588,169.3271
4307.4,52.193,169.3453
4308.0,52.2272,169.3635
4308.6,52.2613,169.3818
4309.2,52.2955,169.4
4309.8,52.3296,169.4183
4310.4,52.3638,169.4366
4311.0,52.3979,169.455
4311.6,52.4321,169.4734
4312.3,52.4662,169.4918
4312.9,52.5003,169.5103
4313.5,52.5344,169.5288
4314.1,52.5686,169.5473
4314.7,52.6027,169.5658
4315.3,52.6368,169.5844
4315.9,52.6709,169.6031
4316.5,52.705,169.6217
4317.2,52.7391,169.6404
4317.8,52.7732,169.6591
4318.4,52.8073,169.6779
4319.0,52.8414,169.6967
4319.6,52.8755,169.7155
4320.2,52.9096,169.7343
4320.8,52.9437,169.7532
4321.5,52.9777,169.7722
4322.1,53.0118,169.7911
4322.7,53.0459,169.8101
4323.3,53.0799,169.8291
4323.9,53.114,169.8482
4324.5,53.148,169.8673
4325.1,53.1821,169.8864
4325.7,53.2161,169.9056
4326.4,53.2502,169.9248
4327.0,53.2842,169.944
4327.6,53.3183,169.9633
4328.2,53.3523,169.9826
4328.8,53.3863,170.0019
4329.4,53.4203,170.0213
4330.0,53.4543,170.0407
4330.6,53.4884,170.0601
4331.3,53.5224,170.0796
4331.9,53.5564,170.0991
4332.5,53.5904,170.1187
4333.1,53.6244,170.1383
4333.7,53.6584,170.1579
4334.3,53.6923,170.1775
4334.9,53.7263,170.1972
4335.5,53.7603,170.217
4336.2,53.7943,170.2367
4336.8,53.8283,170.2565
4337.4,53.8622,170.2764
4338.0,53.8962,170.2962
4338.6,53.9301,170.3161
4339.2,53.9641,170.3361
4339.8,53.998,170.3561
4340.4,54.032,170.3761
4341.1,54.0659,170.3961
4341.7,54.0999,170.4162
4342.3,54.1338,170.4364
4342.9,54.1677,170.4565
4343.5,54.2016,170.4767
4344.1,54.2355,170.497
4107.0,40.859,164.7399
4107.6,40.894,164.751
4108.2,40.9291,164.7621
4108.8,40.9641,164.7732
4109.4,40.9991,164.7843
4110.0,41.0341,164.7954
4110.6,41.0691,164.8066
4111.2,41.1041,164.8177
4111.9,41.1391,164.8289
4112.5,41.1741,164.8401
4113.1,41.2091,164.8513
4113.7,41.2441,164.8626
4114.3,41.2791,164.8738
4114.9,41.3141,164.8851
4115.5,41.3491,164.8963
4116.1,41.3841,164.9076
4116.8,41.4191,164.9189
4117.4,41.4541,164.9302
4118.0,41.4891,164.9416
4118.6,41.5241,164.9529
4119.2,41.5591,164.9643
4119.8,41.5941,164.9756
4120.4,41.629,164.987
4121.0,41.664,164.9984
4121.7,41.699,165.0099
4122.3,41.734,165.0213
4122.9,41.7689,165.0327
4123.5,41.8039,165.0442
4124.1,41.8389,165.0557
4124.7,41.8739,165.0672
4125.3,41.9088,165.0787
4125.9,41.9438,165.0902
4126.6,41.9787,165.1018
4127.2,42.0137,165.1133
4127.8,42.0487,165.1249
4128.4,42.0836,165.1365
4129.0,42.1186,165.1481
4129.6,42.1535,165.1597
4130.2,42.1885,165.1714
4130.9,42.2234,165.183
4131.5,42.2584,165.1947
4132.1,42.2933,165.2064
4132.7,42.3283,165.2181
4133.3,42.3632,165.2298
4133.9,42.3981,165.2415
4134.5,42.4331,165.2533
4135.1,42.468,165.265
4135.8,42.5029,165.2768
4136.4,42.5379,165.2886
4137.0,42.5728,165.3004
4137.6,42.6077,165.3122
4138.2,42.6427,165.3241
4138.8,42.6776,165.3359
4139.4,42.7125,165.3478
4140.0,42.7474,165.3597
4140.7,42.7823,165.3716
4141.3,42.8173,165.3835
4141.9,42.8522,165.3955
4142.5,42.8871,165.4075
4143.1,42.922,165.4194
4143.7,42.9569,165.4314
4144.3,42.9918,165.4434
4144.9,43.0267,165.4554
4145.6,43.0616,165.4675
4146.2,43.0965,165.4796
4146.8,43.1314,165.4916
4147.4,43.1663,165.5037
4148.0,43.2012,165.5158
4148.6,43.2361,165.528
4149.2,43.271,165.5401
4149.8,43.3059,165.5522
4150.5,43.3407,165.5644
4151.1,43.3756,165.5766
4151.7,43.4105,165.5888
4152.3,43.4454,165.6011
4152.9,43.4803,165.6133
4153.5,43.5151,165.6256
4154.1,43.55,165.6378
4154.8,43.5849,165.6501
4155.4,43.6197,165.6624
4156.0,43.6546,165.6748
4156.6,43.6895,165.6871
4157.2,43.7243,165.6995
4157.8,43.7592,165.7119
4158.4,43.794,165.7243
4159.0,43.8289,165.7367
4159.7,43.8638,165.7491
4160.3,43.8986,165.7616
4160.9,43.9335,165.774
4161.5,43.9683,165.7865
4162.1,44.0031,165.799
4162.7,44.038,165.8116
4163.3,44.0728,165.8241
4163.9,44.1077,165.8367
4164.6,44.1425,165.8492
4165.2,44.1773,165.8618
4165.8,44.2122,165.8745
4166.4,44.247,165.8871
4167.0,44.2818,165.8997
4167.6,44.3166,165.9124
4168.2,44.3515,165.9251
4168.8,44.3863,165.9378
4169.5,44.4211,165.9505
4170.1,44.4559,165.9632
4170.7,44.4907,165.976
4171.3,44.5255,165.9888
4171.9,44.5604,166.0016
4172.5,44.5952,166.0144
4173.1,44.63,166.0272
4173.8,44.6648,166.0401
4174.4,44.6996,166.0529
4175.0,44.7344,166.0658
4175.6,44.7692,166.0787
4176.2,44.804,166.0916
4176.8,44.8387,166.1046
4177.4,44.8735,166.1176
4178.0,44.9083,166.1305
4178.7,44.9431,166.1435
4179.3,44.9779,166.1566
4179.9,45.0127,166.1696
4180.5,45.0474,166.1826
4181.1,45.0822,166.1957
4181.7,45.117,166.2088
4182.3,45.1518,166.2219
4182.9,45.1865,166.2351
4183.6,45.2213,166.2482
4184.2,45.2561,166.2614
4184.8,45.2908,166.2746
4185.4,45.3256,166.2878
4186.0,45.3603,166.301
4186.6,45.3951,166.3143
4187.2,45.4298,166.3275
4187.8,45.4646,166.3408
4188.5,45.4993,166.3541
4189.1,45.5341,166.3674
4189.7,45.5688,166.3808
4190.3,45.6036,166.3942
4190.9,45.6383,166.4075
4191.5,45.673,166.421
4192.1,45.7078,166.4344
4192.8,45.7425,166.4478
4193.4,45.7772,166.4613
4194.0,45.8119,166.4748
4194.6,45.8467,166.4883
4195.2,45.8814,166.5018
4195.8,45.9161,166.5154
4196.4,45.9508,166.5289
4197.0,45.9855,166.5425
4197.7,46.0202,166.5561
4198.3,46.055,166.5697
4198.9,46.0897,166.5834
4199.5,46.1244,166.5971
4200.1,46.1591,166.6107
4200.7,46.1938,166.6245
4201.3,46.2285,166.6382
4201.9,46.2631,166.6519
4202.6,46.2978,166.6657
4203.2,46.3325,166.6795
4203.8,46.3672,166.6933
4204.4,46.4019,166.7072
4205.0,46.4366,166.721
4205.6,46.4713,166.7349
4206.2,46.5059,166.7488
4206.8,46.5406,166.7627
4207.5,46.5753,166.7766
4208.1,46.6099,166.7906
4208.7,46.6446,166.8046
4209.3,46.6793,166.8186
4209.9,46.7139,166.8326
4210.5,46.7486,166.8466
4211.1,46.7832,166.8607
4211.7,46.8179,166.8748
4212.4,46.8525,166.8889
4213.0,46.8872,166.903
4213.6,46.9218,166.9172
4214.2,46.9565,166.9314
4214.8,46.9911,166.9456
4215.4,47.0257,166.9598
4216.0,47.0604,166.974
4216.7,47.095,166.9883
4217.3,47.1296,167.0025
4217.9,47.1643,167.0169
4218.5,47.1989,167.0312
4219.1,47.2335,167.0455
4219.7,47.2681,167.0599
4220.3,47.3027,167.0743
4220.9,47.3374,167.0887
4221.6,47.372,167.1031
4222.2,47.4066,167.1176
4222.8,47.4412,167.1321
4223.4,47.4758,167.1466
4224.0,47.5104,167.1611
4224.6,47.545,167.1757
4225.2,47.5796,167.1902
4225.8,47.6142,167.2048
4226.5,47.6487,167.2195
4227.1,47.6833,167.2341
4227.7,47.7179,167.2488
4228.3,47.7525,167.2635
4228.9,47.7871,167.2782
4229.5,47.8216,167.2929
4230.1,47.8562,167.3076
4230.7,47.8908,167.3224
4231.4,47.9253,167.3372
4232.0,47.9599,167.3521
4232.6,47.9945,167.3669
4233.2,48.029,167.3818
4233.8,48.0636,167.3967
4234.4,48.0981,167.4116
4235.0,48.1327,167.4265
4235.7,48.1672,167.4415
4236.3,48.2018,167.4565
4236.9,48.2363,167.4715
4237.5,48.2709,167.4865
4238.1,48.3054,167.5016
4238.7,48.3399,167.5167
4239.3,48.3744,167.5318
4239.9,48.409,167.5469
4240.6,48.4435,167.5621
4241.2,48.478,167.5773
4241.8,48.5125,167.5925
4242.4,48.547,167.6077
4243.0,48.5816,167.623
4243.6,48.6161,167.6382
4244.2,48.6506,167.6535
4244.8,48.6851,167.6689
4245.5,48.7196,167.6842
4246.1,48.7541,167.6996
4246.7,48.7886,167.715
4247.3,48.8231,167.7304
4247.9,48.8575,167.7459
4248.5,48.892,167.7614
4249.1,48.9265,167.7769
4249.7,48.961,167.7924
4250.4,48.9955,167.8079
4251.0,49.0299,167.8235
4251.6,49.0644,167.8391
4252.2,49.0989,167.8547
4252.8,49.1333,167.8704
4253.4,49.1678,167.8861
4254.0,49.2023,167.9018
4254.6,49.2367,167.9175
4255.3,49.2712,167.9333
4255.9,49.3056,167.949
4256.5,49.34,167.9648
4257.1,49.3745,167.9807
4257.7,49.4089,167.9965
4258.3,49.4434,168.0124
4258.9,49.4778,168.0283
4259.6,49.5122,168.0443
4260.2,49.5467,168.0602
4260.8,49.5811,168.0762
4261.4,49.6155,168.0922
4262.0,49.6499,168.1083
4262.6,49.6843,168.1243
4263.2,49.7187,168.1404
4263.8,49.7531,168.1565
4264.5,49.7876,168.1727
4265.1,49.822,168.1888
4265.7,49.8563,168.205
4266.3,49.8907,168.2213
4266.9,49.9251,168.2375
4267.5,49.9595,168.2538
4268.1,49.9939,168.2701
4268.7,50.0283,168.2864
4269.4,50.0627,168.3028
4270.0,50.097,168.3192
4270.6,50.1314,168.3356
4271.2,50.1658,168.3521
4271.8,50.2001,168.3685
4272.4,50.2345,168.385
4273.0,50.2689,168.4015
4273.6,50.3032,168.4181
4274.3,50.3376,168.4347
4274.9,50.3719,168.4513
4275.5,50.4063,168.4679
4276.1,50.4406,168.4846
4276.7,50.475,168.5013
4277.3,50.5093,168.518
4277.9,50.5436,168.5347
4278.6,50.5779,168.5515
4279.2,50.6123,168.5683
4279.8,50.6466,168.5851
4280.4,50.6809,168.602
4281.0,50.7152,168.6189
4281.6,50.7495,168.6358
4282.2,50.7839,168.6528
4282.8,50.8182,168.6697
4283.5,50.8525,168.6867
4284.1,50.8868,168.7038
4284.7,50.921,168.7208
4285.3,50.9553,168.7379
4285.9,50.9896,168.755
4286.5,51.0239,168.7722
4287.1,51.0582,168.7894
4287.7,51.0925,168.8066
4288.4,51.1267,168.8238
4289.0,51.161,168.8411
4289.6,51.1953,168.8584
4290.2,51.2295,168.8757
4290.8,51.2638,168.893
4291.4,51.2981,168.9104
4292.0,51.3323,168.9278
4292.6,51.3666,168.9453
4293.3,51.4008,168.9628
4293.9,51.435,168.9803
4294.5,51.4693,168.9978
4295.1,51.5035,169.0154
4295.7,51.5377,169.033
4296.3,51.572,169.0506
4296.9,51.6062,169.0682
4297.5,51.6404,169.0859
4298.2,51.6746,169.1036
4298.8,51.7088,169.1214
4299.4,51.743,169.1392
4300.0,51.7773,169.157
4300.6,51.8115,169.1748
4301.2,51.8456,169.1927
4301.8,51.8798,169.2106
4302.5,51.914,169.2285
4303.1,51.9482,169.2465
4303.7,51.9824,169.2645
4304.3,52.0166,169.2825
4304.9,52.0508,169.3006
4305.5,52.0849,169.3187
4306.1,52.1191,169.3368
4306.7,52.1533,169.3549
4307.4,52.1874,169.3731
4308.0,52.2216,169.3913
4308.6,52.2557,169.4096
4309.2,52.2899,169.4279
4309.8,52.324,169.4462
4310.4,52.3582,169.4645
4311.0,52.3923,169.4829
4311.6,52.4264,169.5013
4312.3,52.4606,169.5198
4312.9,52.4947,169.5382
4313.5,52.5288,169.5567
4314.1,52.5629,169.5753
4314.7,52.597,169.5939
4315.3,52.6311,169.6125
4315.9,52.6652,169.6311
4316.5,52.6993,169.6498
4317.2,52.7334,169.6685
4317.8,52.7675,169.6872
4318.4,52.8016,169.706
4319.0,52.8357,169.7248
4319.6,52.8698,169.7437
4320.2,52.9039,169.7625
4320.8,52.9379,169.7814
4321.5,52.972,169.8004
4322.1,53.0061,169.8194
4322.7,53.0401,169.8384
4323.3,53.0742,169.8574
4323.9,53.1082,169.8765
4324.5,53.1423,169.8956
4325.1,53.1763,169.9147
4325.7,53.2104,169.9339
4326.4,53.2444,169.9532
4327.0,53.2785,169.9724
4327.6,53.3125,169.9917
4328.2,53.3465,170.011
4328.8,53.3805,170.0304
4329.4,53.4145,170.0498
4330.0,53.4485,170.0692
4330.6,53.4826,170.0887
4331.3,53.5166,170.1082
4331.9,53.5506,170.1277
4332.5,53.5845,170.1472
4333.1,53.6185,170.1669
4333.7,53.6525,170.1865
4334.3,53.6865,170.2062
4334.9,53.7205,170.2259
4335.5,53.7545,170.2456
4336.2,53.7884,170.2654
4336.8,53.8224,170.2852
4337.4,53.8563,170.3051
4338.0,53.8903,170.325
4338.6,53.9243,170.3449
4339.2,53.9582,170.3649
4339.8,53.9921,170.3849
4340.4,54.0261,170.4049
4341.1,54.06,170.425
4341.7,54.0939,170.4451
4342.3,54.1279,170.4653
4342.9,54.1618,170.4854
4107.0,40.8548,164.763
4107.6,40.8898,164.774
4108.2,40.9249,164.7852
4108.8,40.9599,164.7963
4109.4,40.9949,164.8074
4110.0,41.0299,164.8186
4110.6,41.0649,164.8297
4111.2,41.0999,164.8409
4111.9,41.1349,164.8521
4112.5,41.1699,164.8633
4113.1,41.2049,164.8745
4113.7,41.2399,164.8858
4114.3,41.2749,164.897
4114.9,41.3099,164.9083
4115.5,41.3449,164.9196
4116.1,41.3799,164.9308
4116.8,41.4149,164.9422
4117.4,41.4499,164.9535
4118.0,41.4848,164.9648
4118.6,41.5198,164.9762
4119.2,41.5548,164.9875
4119.8,41.5898,164.9989
4120.4,41.6248,165.0103
4121.0,41.6597,165.0218
4121.7,41.6947,165.0332
4122.3,41.7297,165.0446
4122.9,41.7647,165.0561
4123.5,41.7996,165.0676
4124.1,41.8346,165.0791
4124.7,41.8696,165.0906
4125.3,41.9045,165.1021
4125.9,41.9395,165.1136
4126.6,41.9744,165.1252
4127.2,42.0094,165.1368
4127.8,42.0443,165.1483
4128.4,42.0793,165.16
4129.0,42.1143,165.1716
4129.6,42.1492,165.1832
4130.2,42.1841,165.1949
4130.9,42.2191,165.2065
4131.5,42.254,165.2182
4132.1,42.289,165.2299
4132.7,42.3239,165.2416
4133.3,42.3589,165.2533
4133.9,42.3938,165.2651
4134.5,42.4287,165.2768
4135.1,42.4637,165.2886
4135.8,42.4986,165.3004
4136.4,42.5335,165.3122
4137.0,42.5684,165.324
4137.6,42.6034,165.3359
4138.2,42.6383,165.3477
4138.8,42.6732,165.3596
4139.4,42.7081,165.3715
4140.0,42.743,165.3834
4140.7,42.7779,165.3953
4141.3,42.8129,165.4073
4141.9,42.8478,165.4192
4142.5,42.8827,165.4312
4143.1,42.9176,165.4432
4143.7,42.9525,165.4552
4144.3,42.9874,165.4672
4144.9,43.0223,165.4792
4145.6,43.0572,165.4913
4146.2,43.0921,165.5034
4146.8,43.127,165.5154
4147.4,43.1619,165.5276
4148.0,43.1968,165.5397
4148.6,43.2316,165.5518
4149.2,43.2665,165.564
4149.8,43.3014,165.5761
4150.5,43.3363,165.5883
4151.1,43.3712,165.6005
4151.7,43.406,165.6127
4152.3,43.4409,165.625
4152.9,43.4758,165.6373
4153.5,43.5107,165.6495
4154.1,43.5455,165.6618
4154.8,43.5804,165.6741
4155.4,43.6153,165.6864
4156.0,43.6501,165.6988
4156.6,43.685,165.7112
4157.2,43.7198,165.7235
4157.8,43.7547,165.7359
4158.4,43.7896,165.7483
4159.0,43.8244,165.7608
4159.7,43.8592,165.7732
4160.3,43.8941,165.7857
4160.9,43.9289,165.7982
4161.5,43.9638,165.8107
4162.1,43.9986,165.8232
4162.7,44.0335,165.8357
4163.3,44.0683,165.8483
4163.9,44.1031,165.8608
4164.6,44.138,165.8734
4165.2,44.1728,165.886
4165.8,44.2076,165.8987
4166.4,44.2425,165.9113
4167.0,44.2773,165.924
4167.6,44.3121,165.9366
4168.2,44.3469,165.9493
4168.8,44.3817,165.9621
4169.5,44.4165,165.9748
4170.1,44.4514,165.9875
4170.7,44.4862,166.0003
4171.3,44.521,166.0131
4171.9,44.5558,166.0259
4172.5,44.5906,166.0387
4173.1,44.6254,166.0516
4173.8,44.6602,166.0645
4174.4,44.695,166.0773
4175.0,44.7298,166.0902
4175.6,44.7646,166.1031
4176.2,44.7994,166.1161
4176.8,44.8341,166.129
4177.4,44.8689,166.142
4178.0,44.9037,166.155
4178.7,44.9385,166.168
4179.3,44.9733,166.1811
4179.9,45.008,166.1941
4180.5,45.0428,166.2072
4181.1,45.0776,166.2203
4181.7,45.1124,166.2334
4182.3,45.1471,166.2465
4182.9,45.1819,166.2596
4183.6,45.2166,166.2728
4184.2,45.2514,166.286
4184.8,45.2862,166.2992
4185.4,45.3209,166.3124
4186.0,45.3557,166.3257
4186.6,45.3904,166.3389
4187.2,45.4252,166.3522
4187.8,45.4599,166.3655
4188.5,45.4946,166.3788
4189.1,45.5294,166.3922
4189.7,45.5641,166.4055
4190.3,45.5989,166.4189
4190.9,45.6336,166.4323
4191.5,45.6683,166.4457
4192.1,45.7031,166.4592
4192.8,45.7378,166.4726
4193.4,45.7725,166.4861
4194.0,45.8072,166.4996
4194.6,45.8419,166.5131
4195.2,45.8767,166.5267
4195.8,45.9114,166.5402
4196.4,45.9461,166.5538
4197.0,45.9808,166.5674
4197.7,46.0155,166.581
4198.3,46.0502,166.5947
4198.9,46.0849,166.6083
4199.5,46.1196,166.622
4200.1,46.1543,166.6357
4200.7,46.189,166.6494
4201.3,46.2237,166.6632
4201.9,46.2584,166.677
4202.6,46.2931,166.6907
4203.2,46.3277,166.7045
4203.8,46.3624,166.7184
4204.4,46.3971,166.7322
4205.0,46.4318,166.7461
4205.6,46.4665,166.76
4206.2,46.5011,166.7739
4206.8,46.5358,166.7878
4207.5,46.5705,166.8018
4208.1,46.6051,166.8157
4208.7,46.6398,166.8297
4209.3,46.6744,166.8438
4209.9,46.7091,166.8578
4210.5,46.7437,166.8718
4211.1,46.7784,166.8859
4211.7,46.813,166.9
4212.4,46.8477,166.9142
4213.0,46.8823,166.9283
4213.6,46.917,166.9425
4214.2,46.9516,166.9566
4214.8,46.9862,166.9709
4215.4,47.0209,166.9851
4216.0,47.0555,166.9993
4216.7,47.0901,167.0136
4217.3,47.1248,167.0279
4217.9,47.1594,167.0422
4218.5,47.194,167.0566
4219.1,47.2286,167.071
4219.7,47.2632,167.0853
4220.3,47.2978,167.0997
4220.9,47.3325,167.1142
4221.6,47.3671,167.1286
4222.2,47.4017,167.1431
4222.8,47.4363,167.1576
4223.4,47.4709,167.1721
4224.0,47.5054,167.1867
4224.6,47.54,167.2012
4225.2,47.5746,167.2158
4225.8,47.6092,167.2304
4226.5,47.6438,167.2451
4227.1,47.6784,167.2597
4227.7,47.713,167.2744
4228.3,47.7475,167.2891
4228.9,47.7821,167.3038
4229.5,47.8167,167.3186
4230.1,47.8512,167.3333
4230.7,47.8858,167.3481
4231.4,47.9204,167.3629
4232.0,47.9549,167.3778
4232.6,47.9895,167.3927
4233.2,48.024,167.4075
4233.8,48.0586,167.4225
4234.4,48.0931,167.4374
4235.0,48.1277,167.4523
4235.7,48.1622,167.4673
4236.3,48.1968,167.4823
4236.9,48.2313,167.4974
4237.5,48.2658,167.5124
4238.1,48.3004,167.5275
4238.7,48.3349,167.5426
4239.3,48.3694,167.5577
4239.9,48.4039,167.5729
4240.6,48.4384,167.588
4241.2,48.473,167.6032
4241.8,48.5075,167.6185
4242.4,48.542,167.6337
4243.0,48.5765,167.649
4243.6,48.611,167.6643
4244.2,48.6455,167.6796
4244.8,48.68,167.6949
4245.5,48.7145,167.7103
4246.1,48.749,167.7257
4246.7,48.7835,167.7411
4247.3,48.818,167.7565
4247.9,48.8524,167.772
4248.5,48.8869,167.7875
4249.1,48.9214,167.803
4249.7,48.9559,167.8186
4250.4,48.9903,167.8341
4251.0,49.0248,167.8497
4251.6,49.0593,167.8653
4252.2,49.0937,167.881
4252.8,49.1282,167.8967
4253.4,49.1626,167.9124
4254.0,49.1971,167.9281
4254.6,49.2316,167.9438
4255.3,49.266,167.9596
4255.9,49.3004,167.9754
4256.5,49.3349,167.9912
4257.1,49.3693,168.007
4257.7,49.4038,168.0229
4258.3,49.4382,168.0388
4258.9,49.4726,168.0547
4259.6,49.507,168.0707
4260.2,49.5415,168.0867
4260.8,49.5759,168.1027
4261.4,49.6103,168.1187
4262.0,49.6447,168.1348
4262.6,49.6791,168.1508
4263.2,49.7135,168.1669
4263.8,49.7479,168.1831
4264.5,49.7823,168.1992
4265.1,49.8167,168.2154
4265.7,49.8511,168.2316
4266.3,49.8855,168.2479
4266.9,49.9199,168.2642
4267.5,49.9543,168.2805
4268.1,49.9886,168.2968
4268.7,50.023,168.3131
4269.4,50.0574,168.3295
4270.0,50.0918,168.3459
4270.6,50.1261,168.3623
4271.2,50.1605,168.3788
4271.8,50.1949,168.3953
4272.4,50.2292,168.4118
4273.0,50.2636,168.4283
4273.6,50.2979,168.4449
4274.3,50.3323,168.4615
4274.9,50.3666,168.4781
4275.5,50.401,168.4948
4276.1,50.4353,168.5115
4276.7,50.4696,168.5282
4277.3,50.504,168.5449
4277.9,50.5383,168.5617
4278.6,50.5726,168.5785
4279.2,50.6069,168.5953
4279.8,50.6412,168.6121
4280.4,50.6756,168.629
4281.0,50.7099,168.6459
4281.6,50.7442,168.6629
4282.2,50.7785,168.6798
4282.8,50.8128,168.6968
4283.5,50.8471,168.7138
4284.1,50.8814,168.7309
4284.7,50.9156,168.748
4285.3,50.9499,168.7651
4285.9,50.9842,168.7822
4286.5,51.0185,168.7994
4287.1,51.0528,168.8166
4287.7,51.087,168.8338
4288.4,51.1213,168.851
4289.0,51.1556,168.8683
4289.6,51.1898,168.8856
4290.2,51.2241,168.903
4290.8,51.2583,168.9203
4291.4,51.2926,168.9377
4292.0,51.3268,168.9552
4292.6,51.3611,168.9726
4293.3,51.3953,168.9901
4293.9,51.4296,169.0077
4294.5,51.4638,169.0252
4295.1,51.498,169.0428
4295.7,51.5322,169.0604
4296.3,51.5665,169.078
4296.9,51.6007,169.0957
4297.5,51.6349,169.1134
4298.2,51.6691,169.1311
4298.8,51.7033,169.1489
4299.4,51.7375,169.1667
4300.0,51.7717,169.1845
4300.6,51.8059,169.2024
4301.2,51.8401,169.2203
4301.8,51.8743,169.2382
4302.5,51.9085,169.2562
4303.1,51.9427,169.2741
4303.7,51.9768,169.2922
4304.3,52.011,169.3102
4304.9,52.0452,169.3283
4305.5,52.0793,169.3464
4306.1,52.1135,169.3645
4306.7,52.1477,169.3827
4307.4,52.1818,169.4009
4308.0,52.216,169.4191
4308.6,52.2501,169.4374
4309.2,52.2843,169.4557
4309.8,52.3184,169.474
4310.4,52.3525,169.4924
4311.0,52.3867,169.5108
4311.6,52.4208,169.5292
4312.3,52.4549,169.5477
4312.9,52.489,169.5662
4313.5,52.5232,169.5847
4314.1,52.5573,169.6033
4314.7,52.5914,169.6219
4315.3,52.6255,169.6405
4315.9,52.6596,169.6592
4316.5,52.6937,169.6779
4317.2,52.7278,169.6966
4317.8,52.7618,169.7153
4318.4,52.7959,169.7341
4319.0,52.83,169.753
4319.6,52.8641,169.7718
4320.2,52.8982,169.7907
4320.8,52.9322,169.8096
4321.5,52.9663,169.8286
4322.1,53.0003,169.8476
4322.7,53.0344,169.8666
4323.3,53.0685,169.8857
4323.9,53.1025,169.9048
4324.5,53.1365,169.9239
4325.1,53.1706,169.9431
4325.7,53.2046,169.9623
4326.4,53.2386,169.9815
4327.0,53.2727,170.0008
4327.6,53.3067,170.0201
4328.2,53.3407,170.0394
4328.8,53.3747,170.0588
4329.4,53.4087,170.0782
4330.0,53.4427,170.0977
4330.6,53.4767,170.1172
4331.3,53.5107,170.1367
4331.9,53.5447,170.1562
4332.5,53.5787,170.1758
4333.1,53.6127,170.1954
4333.7,53.6467,170.2151
4334.3,53.6807,170.2348
4334.9,53.7146,170.2545
4335.5,53.7486,170.2743
4336.2,53.7826,170.2941
4336.8,53.8165,170.3139
4337.4,53.8505,170.3338
4338.0,53.8844,170.3537
4338.6,53.9184,170.3737
4339.2,53.9523,170.3937
4339.8,53.9862,170.4137
4340.4,54.0202,170.4337
4341.1,54.0541,170.4538
4341.7,54.088,170.474
4342.3,54.1219,170.4941
4107.0,40.8506,164.786
4107.6,40.8856,164.7971
4108.2,40.9206,164.8082
4108.8,40.9557,164.8194
4109.4,40.9907,164.8305
4110.0,41.0257,164.8417
4110.6,41.0607,164.8528
4111.2,41.0957,164.864
4111.9,41.1307,164.8752
4112.5,41.1657,164.8865
4113.1,41.2007,164.8977
4113.7,41.2357,164.9089
4114.3,41.2707,164.9202
4114.9,41.3056,164.9315
4115.5,41.3406,164.9428
4116.1,41.3756,164.9541
4116.8,41.4106,164.9654
4117.4,41.4456,164.9767
4118.0,41.4806,164.9881
4118.6,41.5156,164.9995
4119.2,41.5505,165.0108
4119.8,41.5855,165.0222
4120.4,41.6205,165.0336
4121.0,41.6555,165.0451
4121.7,41.6904,165.0565
4122.3,41.7254,165.068
4122.9,41.7604,165.0795
4123.5,41.7953,165.0909
4124.1,41.8303,165.1024
4124.7,41.8652,165.114
4125.3,41.9002,165.1255
4125.9,41.9352,165.1371
4126.6,41.9701,165.1486
4127.2,42.0051,165.1602
4127.8,42.04,165.1718
4128.4,42.075,165.1834
4129.0,42.1099,165.1951
4129.6,42.1449,165.2067
4130.2,42.1798,165.2184
4130.9,42.2148,165.23
4131.5,42.2497,165.2417
4132.1,42.2846,165.2534
4132.7,42.3196,165.2652
4133.3,42.3545,165.2769
4133.9,42.3894,165.2887
4134.5,42.4244,165.3004
4135.1,42.4593,165.3122
4135.8,42.4942,165.324
4136.4,42.5291,165.3358
4137.0,42.5641,165.3477
4137.6,42.599,165.3595
4138.2,42.6339,165.3714
4138.8,42.6688,165.3833
4139.4,42.7037,165.3952
4140.0,42.7386,165.4071
4140.7,42.7736,165.419
4141.3,42.8085,165.431
4141.9,42.8434,165.4429
4142.5,42.8783,165.4549
4143.1,42.9132,165.4669
4143.7,42.9481,165.4789
4144.3,42.983,165.491
4144.9,43.0179,165.503
4145.6,43.0528,165.5151
4146.2,43.0877,165.5272
4146.8,43.1225,165.5393
4147.4,43.1574,165.5514
4148.0,43.1923,165.5635
4148.6,43.2272,165.5757
4149.2,43.2621,165.5878
4149.8,43.297,165.6
4150.5,43.3318,165.6122
4151.1,43.3667,165.6244
4151.7,43.4016,165.6367
4152.3,43.4365,165.6489
4152.9,43.4713,165.6612
4153.5,43.5062,165.6735
4154.1,43.5411,165.6858
4154.8,43.5759,165.6981
4155.4,43.6108,165.7104
4156.0,43.6456,165.7228
4156.6,43.6805,165.7352
4157.2,43.7153,165.7476
4157.8,43.7502,165.76
4158.4,43.785,165.7724
4159.0,43.8199,165.7848
4159.7,43.8547,165.7973
4160.3,43.8896,165.8098
4160.9,43.9244,165.8223
4161.5,43.9593,165.8348
4162.1,43.9941,165.8473
4162.7,44.0289,165.8599
4163.3,44.0638,165.8724
4163.9,44.0986,165.885
4164.6,44.1334,165.8976
4165.2,44.1683,165.9102
4165.8,44.2031,165.9229
4166.4,44.2379,165.9355
4167.0,44.2727,165.9482
4167.6,44.3075,165.9609
4168.2,44.3424,165.9736
4168.8,44.3772,165.9863
4169.5,44.412,165.9991
4170.1,44.4468,166.0119
4170.7,44.4816,166.0246
4171.3,44.5164,166.0374
4171.9,44.5512,166.0503
4172.5,44.586,166.0631
4173.1,44.6208,166.076
4173.8,44.6556,166.0888
4174.4,44.6904,166.1017
4175.0,44.7252,166.1146
4175.6,44.76,166.1276
4176.2,44.7947,166.1405
4176.8,44.8295,166.1535
4177.4,44.8643,166.1665
4178.0,44.8991,166.1795
4178.7,44.9339,166.1925
4179.3,44.9686,166.2056
4179.9,45.0034,166.2186
4180.5,45.0382,166.2317
4181.1,45.0729,166.2448
4181.7,45.1077,166.2579
4182.3,45.1425,166.2711
4182.9,45.1772,166.2842
4183.6,45.212,166.2974
4184.2,45.2467,166.3106
4184.8,45.2815,166.3238
4185.4,45.3162,166.3371
4186.0,45.351,166.3503
4186.6,45.3857,166.3636
4187.2,45.4205,166.3769
4187.8,45.4552,166.3902
4188.5,45.49,166.4035
4189.1,45.5247,166.4169
4189.7,45.5594,166.4303
4190.3,45.5942,166.4436
4190.9,45.6289,166.4571
4191.5,45.6636,166.4705
4192.1,45.6983,166.484
4192.8,45.7331,166.4974
4193.4,45.7678,166.5109
4194.0,45.8025,166.5244
4194.6,45.8372,166.538
4195.2,45.8719,166.5515
4195.8,45.9066,166.5651
4196.4,45.9413,166.5787
4197.0,45.976,166.5923
4197.7,46.0107,166.6059
4198.3,46.0454,166.6196
4198.9,46.0801,166.6333
4199.5,46.1148,166.647
4200.1,46.1495,166.6607
4200.7,46.1842,166.6744
4201.3,46.2189,166.6882
4201.9,46.2536,166.702
4202.6,46.2883,166.7158
4203.2,46.323,166.7296
4203.8,46.3576,166.7434
4204.4,46.3923,166.7573
4205.0,46.427,166.7712
4205.6,46.4616,166.7851
4206.2,46.4963,166.799
4206.8,46.531,166.8129
4207.5,46.5656,166.8269
4208.1,46.6003,166.8409
4208.7,46.635,166.8549
4209.3,46.6696,166.8689
4209.9,46.7043,166.883
4210.5,46.7389,166.897
4211.1,46.7736,166.9111
4211.7,46.8082,166.9253
4212.4,46.8428,166.9394
4213.0,46.8775,166.9536
4213.6,46.9121,166.9677
4214.2,46.9468,166.9819
4214.8,46.9814,166.9962
4215.4,47.016,167.0104
4216.0,47.0506,167.0247
4216.7,47.0853,167.039
4217.3,47.1199,167.0533
4217.9,47.1545,167.0676
4218.5,47.1891,167.082
4219.1,47.2237,167.0964
4219.7,47.2583,167.1108
4220.3,47.2929,167.1252
4220.9,47.3275,167.1396
4221.6,47.3621,167.1541
4222.2,47.3967,167.1686
4222.8,47.4313,167.1831
4223.4,47.4659,167.1976
4224.0,47.5005,167.2122
4224.6,47.5351,167.2268
4225.2,47.5697,167.2414
4225.8,47.6043,167.256
4226.5,47.6388,167.2706
4227.1,47.6734,167.2853
4227.7,47.708,167.3
4228.3,47.7426,167.3147
4228.9,47.7771,167.3295
4229.5,47.8117,167.3442
4230.1,47.8463,167.359
4230.7,47.8808,167.3738
4231.4,47.9154,167.3887
4232.0,47.9499,167.4035
4232.6,47.9845,167.4184
4233.2,48.019,167.4333
4233.8,48.0536,167.4482
4234.4,48.0881,167.4632
4235.0,48.1227,167.4781
4235.7,48.1572,167.4931
4236.3,48.1917,167.5082
4236.9,48.2263,167.5232
4237.5,48.2608,167.5383
4238.1,48.2953,167.5534
4238.7,48.3298,167.5685
4239.3,48.3644,167.5836
4239.9,48.3989,167.5988
4240.6,48.4334,167.614
4241.2,48.4679,167.6292
4241.8,48.5024,167.6444
4242.4,48.5369,167.6597
4243.0,48.5714,167.675
4243.6,48.6059,167.6903
4244.2,48.6404,167.7056
4244.8,48.6749,167.721
4245.5,48.7094,167.7364
4246.1,48.7439,167.7518
4246.7,48.7784,167.7672
4247.3,48.8129,167.7827
4247.9,48.8473,167.7981
4248.5,48.8818,167.8137
4249.1,48.9163,167.8292
4249.7,48.9507,167.8447
4250.4,48.9852,167.8603
4251.0,49.0197,167.8759
4251.6,49.0541,167.8916
4252.2,49.0886,167.9072
4252.8,49.123,167.9229
4253.4,49.1575,167.9386
4254.0,49.1919,167.9544
4254.6,49.2264,167.9701
4255.3,49.2608,167.9859
4255.9,49.2953,168.0017
4256.5,49.3297,168.0175
4257.1,49.3641,168.0334
4257.7,49.3986,168.0493
4258.3,49.433,168.0652
4258.9,49.4674,168.0812
4259.6,49.5018,168.0971
4260.2,49.5363,168.1131
4260.8,49.5707,168.1291
4261.4,49.6051,168.1452
4262.0,49.6395,168.1613
4262.6,49.6739,168.1774
4263.2,49.7083,168.1935
4263.8,49.7427,168.2096
4264.5,49.7771,168.2258
4265.1,49.8115,168.242
4265.7,49.8459,168.2582
4266.3,49.8802,168.2745
4266.9,49.9146,168.2908
4267.5,49.949,168.3071
4268.1,49.9834,168.3234
4268.7,50.0177,168.3398
4269.4,50.0521,168.3562
4270.0,50.0865,168.3726
4270.6,50.1208,168.3891
4271.2,50.1552,168.4055
4271.8,50.1896,168.422
4272.4,50.2239,168.4386
4273.0,50.2583,168.4551
4273.6,50.2926,168.4717
4274.3,50.3269,168.4883
4274.9,50.3613,168.505
4275.5,50.3956,168.5217
4276.1,50.43,168.5383
4276.7,50.4643,168.5551
4277.3,50.4986,168.5718
4277.9,50.5329,168.5886
4278.6,50.5672,168.6054
4279.2,50.6016,168.6223
4279.8,50.6359,168.6391
4280.4,50.6702,168.656
4281.0,50.7045,168.6729
4281.6,50.7388,168.6899
4282.2,50.7731,168.7069
4282.8,50.8074,168.7239
4283.5,50.8417,168.7409
4284.1,50.876,168.758
4284.7,50.9102,168.7751
4285.3,50.9445,168.7922
4285.9,50.9788,168.8094
4286.5,51.0131,168.8265
4287.1,51.0473,168.8438
4287.7,51.0816,168.861
4288.4,51.1159,168.8783
4289.0,51.1501,168.8956
4289.6,51.1844,168.9129
4290.2,51.2186,168.9303
4290.8,51.2529,168.9476
4291.4,51.2871,168.9651
4292.0,51.3214,168.9825
4292.6,51.3556,169.0
4293.3,51.3899,169.0175
4293.9,51.4241,169.035
4294.5,51.4583,169.0526
4295.1,51.4925,169.0702
4295.7,51.5267,169.0878
4296.3,51.561,169.1055
4296.9,51.5952,169.1232
4297.5,51.6294,169.1409
4298.2,51.6636,169.1587
4298.8,51.6978,169.1765
4299.4,51.732,169.1943
4300.0,51.7662,169.2121
4300.6,51.8004,169.23
4301.2,51.8346,169.2479
4301.8,51.8687,169.2658
4302.5,51.9029,169.2838
4303.1,51.9371,169.3018
4303.7,51.9713,169.3198
4304.3,52.0054,169.3379
4304.9,52.0396,169.356
4305.5,52.0738,169.3741
4306.1,52.1079,169.3923
4306.7,52.1421,169.4105
4307.4,52.1762,169.4287
4308.0,52.2104,169.4469
4308.6,52.2445,169.4652
4309.2,52.2786,169.4836
4309.8,52.3128,169.5019
4310.4,52.3469,169.5203
4311.0,52.381,169.5387
4311.6,52.4151,169.5571
4312.3,52.4493,169.5756
4312.9,52.4834,169.5941
4313.5,52.5175,169.6127
4314.1,52.5516,169.6313
4314.7,52.5857,169.6499
4315.3,52.6198,169.6685
4315.9,52.6539,169.6872
4316.5,52.688,169.7059
4317.2,52.7221,169.7247
4317.8,52.7561,169.7434
4318.4,52.7902,169.7623
4319.0,52.8243,169.7811
4319.6,52.8584,169.8
4320.2,52.8924,169.8189
4320.8,52.9265,169.8378
4321.5,52.9606,169.8568
4322.1,52.9946,169.8758
4322.7,53.0287,169.8949
4323.3,53.0627,169.914
4323.9,53.0967,169.9331
4324.5,53.1308,169.9522
4325.1,53.1648,169.9714
4325.7,53.1988,169.9906
4326.4,53.2329,170.0099
4327.0,53.2669,170.0292
4327.6,53.3009,170.0485
4328.2,53.3349,170.0679
4328.8,53.3689,170.0873
4329.4,53.4029,170.1067
4330.0,53.4369,170.1262
4330.6,53.4709,170.1457
4331.3,53.5049,170.1652
4331.9,53.5389,170.1848
4332.5,53.5729,170.2044
4333.1,53.6069,170.224
4333.7,53.6408,170.2437
4334.3,53.6748,170.2634
4334.9,53.7088,170.2832
4335.5,53.7427,170.3029
4336.2,53.7767,170.3228
4336.8,53.8106,170.3426
4337.4,53.8446,170.3625
4338.0,53.8785,170.3824
4338.6,53.9125,170.4024
4339.2,53.9464,170.4224
4339.8,53.9803,170.4425
4340.4,54.0143,170.4626
4341.1,54.0482,170.4827
4107.0,40.8464,164.8091
4107.6,40.8814,164.8202
4108.2,40.9164,164.8313
4108.8,40.9514,164.8425
4109.4,40.9864,164.8536
4110.0,41.0214,164.8648
4110.6,41.0564,164.876
4111.2,41.0914,164.8872
4111.9,41.1264,164.8984
4112.5,41.1614,164.9096
4113.1,41.1964,164.9209
4113.7,41.2314,164.9321
4114.3,41.2664,164.9434
4114.9,41.3014,164.9547
4115.5,41.3364,164.966
4116.1,41.3714,164.9773
4116.8,41.4063,164.9886
4117.4,41.4413,165.0
4118.0,41.4763,165.0114
4118.6,41.5113,165.0227
4119.2,41.5462,165.0341
4119.8,41.5812,165.0455
4120.4,41.6162,165.057
4121.0,41.6512,165.0684
4121.7,41.6861,165.0798
4122.3,41.7211,165.0913
4122.9,41.7561,165.1028
4123.5,41.791,165.1143
4124.1,41.826,165.1258
4124.7,41.8609,165.1374
4125.3,41.8959,165.1489
4125.9,41.9308,165.1605
4126.6,41.9658,165.172
4127.2,42.0007,165.1836
4127.8,42.0357,165.1953
4128.4,42.0706,165.2069
4129.0,42.1056,165.2185
4129.6,42.1405,165.2302
4130.2,42.1755,165.2418
4130.9,42.2104,165.2535
4131.5,42.2453,165.2652
4132.1,42.2803,165.277
4132.7,42.3152,165.2887
4133.3,42.3501,165.3004
4133.9,42.3851,165.3122
4134.5,42.42,165.324
4135.1,42.4549,165.3358
4135.8,42.4898,165.3476
4136.4,42.5248,165.3594
4137.0,42.5597,165.3713
4137.6,42.5946,165.3831
4138.2,42.6295,165.395
4138.8,42.6644,165.4069
4139.4,42.6993,165.4188
4140.0,42.7342,165.4308
4140.7,42.7692,165.4427
4141.3,42.8041,165.4547
4141.9,42.839,165.4667
4142.5,42.8739,165.4787
4143.1,42.9088,165.4907
4143.7,42.9437,165.5027
4144.3,42.9785,165.5147
4144.9,43.0134,165.5268
4145.6,43.0483,165.5389
4146.2,43.0832,165.551
4146.8,43.1181,165.5631
4147.4,43.153,165.5752
4148.0,43.1879,165.5874
4148.6,43.2228,165.5995
4149.2,43.2576,165.6117
4149.8,43.2925,165.6239
4150.5,43.3274,165.6361
4151.1,43.3623,165.6483
4151.7,43.3971,165.6606
4152.3,43.432,165.6729
4152.9,43.4669,165.6851
4153.5,43.5017,165.6974
4154.1,43.5366,165.7097
4154.8,43.5714,165.7221
4155.4,43.6063,165.7344
4156.0,43.6411,165.7468
4156.6,43.676,165.7592
4157.2,43.7108,165.7716
4157.8,43.7457,165.784
4158.4,43.7805,165.7964
4159.0,43.8154,165.8089
4159.7,43.8502,165.8214
4160.3,43.8851,165.8339
4160.9,43.9199,165.8464
4161.5,43.9547,165.8589
4162.1,43.9896,165.8714
4162.7,44.0244,165.884
4163.3,44.0592,165.8966
4163.9,44.0941,165.9092
4164.6,44.1289,165.9218
4165.2,44.1637,165.9344
4165.8,44.1985,165.9471
4166.4,44.2333,165.9597
4167.0,44.2682,165.9724
4167.6,44.303,165.9851
4168.2,44.3378,165.9979
4168.8,44.3726,166.0106
4169.5,44.4074,166.0234
4170.1,44.4422,166.0361
4170.7,44.477,166.049
4171.3,44.5118,166.0618
4171.9,44.5466,166.0746
4172.5,44.5814,166.0874
4173.1,44.6162,166.1003
4173.8,44.651,166.1132
4174.4,44.6858,166.1261
4175.0,44.7206,166.139
4175.6,44.7553,166.152
4176.2,44.7901,166.1649
4176.8,44.8249,166.1779
4177.4,44.8597,166.1909
4178.0,44.8945,166.2039
4178.7,44.9292,166.217
4179.3,44.964,166.2301
4179.9,44.9988,166.2431
4180.5,45.0335,166.2562
4181.1,45.0683,166.2693
4181.7,45.1031,166.2825
4182.3,45.1378,166.2956
4182.9,45.1726,166.3088
4183.6,45.2073,166.322
4184.2,45.2421,166.3352
4184.8,45.2768,166.3484
4185.4,45.3116,166.3617
4186.0,45.3463,166.375
4186.6,45.3811,166.3882
4187.2,45.4158,166.4016
4187.8,45.4505,166.4149
4188.5,45.4853,166.4282
4189.1,45.52,166.4416
4189.7,45.5547,166.455
4190.3,45.5895,166.4684
4190.9,45.6242,166.4818
4191.5,45.6589,166.4953
4192.1,45.6936,166.5087
4192.8,45.7283,166.5222
4193.4,45.7631,166.5357
4194.0,45.7978,166.5493
4194.6,45.8325,166.5628
4195.2,45.8672,166.5764
4195.8,45.9019,166.59
4196.4,45.9366,166.6036
4197.0,45.9713,166.6172
4197.7,46.006,166.6308
4198.3,46.0407,166.6445
4198.9,46.0754,166.6582
4199.5,46.1101,166.6719
4200.1,46.1448,166.6856
4200.7,46.1794,166.6994
4201.3,46.2141,166.7132
4201.9,46.2488,166.727
4202.6,46.2835,166.7408
4203.2,46.3182,166.7546
4203.8,46.3528,166.7685
4204.4,46.3875,166.7823
4205.0,46.4222,166.7962
4205.6,46.4568,166.8102
4206.2,46.4915,166.8241
4206.8,46.5262,166.838
4207.5,46.5608,166.852
4208.1,46.5955,166.866
4208.7,46.6301,166.8801
4209.3,46.6648,166.8941
4209.9,46.6994,166.9082
4210.5,46.7341,166.9223
4211.1,46.7687,166.9364
4211.7,46.8033,166.9505
4212.4,46.838,166.9646
4213.0,46.8726,166.9788
4213.6,46.9073,166.993
4214.2,46.9419,167.0072
4214.8,46.9765,167.0215
4215.4,47.0111,167.0357
4216.0,47.0457,167.05
4216.7,47.0804,167.0643
4217.3,47.115,167.0786
4217.9,47.1496,167.093
4218.5,47.1842,167.1074
4219.1,47.2188,167.1218
4219.7,47.2534,167.1362
4220.3,47.288,167.1506
4220.9,47.3226,167.1651
4221.6,47.3572,167.1796
4222.2,47.3918,167.1941
4222.8,47.4264,167.2086
4223.4,47.461,167.2231
4224.0,47.4956,167.2377
4224.6,47.5302,167.2523
4225.2,47.5647,167.2669
4225.8,47.5993,167.2816
4226.5,47.6339,167.2962
4227.1,47.6685,167.3109
4227.7,47.703,167.3256
4228.3,47.7376,167.3404
4228.9,47.7722,167.3551
4229.5,47.8067,167.3699
4230.1,47.8413,167.3847
4230.7,47.8758,167.3995
4231.4,47.9104,167.4144
4232.0,47.9449,167.4292
4232.6,47.9795,167.4441
4233.2,48.014,167.459
4233.8,48.0486,167.474
4234.4,48.0831,167.489
4235.0,48.1176,167.5039
4235.7,48.1522,167.519
4236.3,48.1867,167.534
4236.9,48.2212,167.5491
4237.5,48.2558,167.5641
4238.1,48.2903,167.5792
4238.7,48.3248,167.5944
4239.3,48.3593,167.6095
4239.9,48.3938,167.6247
4240.6,48.4283,167.6399
4241.2,48.4628,167.6551
4241.8,48.4973,167.6704
4242.4,48.5318,167.6857
4243.0,48.5663,167.701
4243.6,48.6008,167.7163
4244.2,48.6353,167.7316
4244.8,48.6698,167.747
4245.5,48.7043,167.7624
4246.1,48.7388,167.7778
4246.7,48.7733,167.7933
4247.3,48.8077,167.8088
4247.9,48.8422,167.8243
4248.5,48.8767,167.8398
4249.1,48.9112,167.8553
4249.7,48.9456,167.8709
4250.4,48.9801,167.8865
4251.0,49.0145,167.9021
4251.6,49.049,167.9178
4252.2,49.0834,167.9335
4252.8,49.1179,167.9492
4253.4,49.1523,167.9649
4254.0,49.1868,167.9806
4254.6,49.2212,167.9964
4255.3,49.2557,168.0122
4255.9,49.2901,168.028
4256.5,49.3245,168.0439
4257.1,49.359,168.0598
4257.7,49.3934,168.0757
4258.3,49.4278,168.0916
4258.9,49.4622,168.1076
4259.6,49.4966,168.1236
4260.2,49.531,168.1396
4260.8,49.5654,168.1556
4261.4,49.5999,168.1717
4262.0,49.6343,168.1877
4262.6,49.6687,168.2039
4263.2,49.7031,168.22
4263.8,49.7374,168.2362
4264.5,49.7718,168.2524
4265.1,49.8062,168.2686
4265.7,49.8406,168.2848
4266.3,49.875,168.3011
4266.9,49.9094,168.3174
4267.5,49.9437,168.3337
4268.1,49.9781,168.3501
4268.7,50.0125,168.3665
4269.4,50.0468,168.3829
4270.0,50.0812,168.3993
4270.6,50.1156,168.4158
4271.2,50.1499,168.4323
4271.8,50.1843,168.4488
4272.4,50.2186,168.4653
4273.0,50.2529,168.4819
4273.6,50.2873,168.4985
4274.3,50.3216,168.5152
4274.9,50.356,168.5318
4275.5,50.3903,168.5485
4276.1,50.4246,168.5652
4276.7,50.4589,168.582
4277.3,50.4933,168.5987
4277.9,50.5276,168.6155
4278.6,50.5619,168.6324
4279.2,50.5962,168.6492
4279.8,50.6305,168.6661
4280.4,50.6648,168.683
4281.0,50.6991,168.7
4281.6,50.7334,168.7169
4282.2,50.7677,168.7339
4282.8,50.802,168.7509
4283.5,50.8363,168.768
4284.1,50.8706,168.7851
4284.7,50.9048,168.8022
4285.3,50.9391,168.8193
4285.9,50.9734,168.8365
4286.5,51.0076,168.8537
4287.1,51.0419,168.8709
4287.7,51.0762,168.8882
4288.4,51.1104,168.9055
4289.0,51.1447,168.9228
4289.6,51.1789,168.9402
4290.2,51.2132,168.9575
4290.8,51.2474,168.9749
4291.4,51.2817,168.9924
4292.0,51.3159,169.0098
4292.6,51.3501,169.0273
4293.3,51.3844,169.0449
4293.9,51.4186,169.0624
4294.5,51.4528,169.08
4295.1,51.487,169.0976
4295.7,51.5212,169.1153
4296.3,51.5555,169.1329
4296.9,51.5897,169.1507
4297.5,51.6239,169.1684
4298.2,51.6581,169.1862
4298.8,51.6923,169.204
4299.4,51.7265,169.2218
4300.0,51.7606,169.2397
4300.6,51.7948,169.2576
4301.2,51.829,169.2755
4301.8,51.8632,169.2934
4302.5,51.8974,169.3114
4303.1,51.9315,169.3295
4303.7,51.9657,169.3475
4304.3,51.9999,169.3656
4304.9,52.034,169.3837
4305.5,52.0682,169.4018
4306.1,52.1023,169.42
4306.7,52.1365,169.4382
4307.4,52.1706,169.4565
4308.0,52.2048,169.4747
4308.6,52.2389,169.493
4309.2,52.273,169.5114
4309.8,52.3071,169.5297
4310.4,52.3413,169.5481
4311.0,52.3754,169.5666
4311.6,52.4095,169.5851
4312.3,52.4436,169.6035
4312.9,52.4777,169.6221
4313.5,52.5118,169.6406
4314.1,52.5459,169.6592
4314.7,52.58,169.6779
4315.3,52.6141,169.6965
4315.9,52.6482,169.7152
4316.5,52.6823,169.734
4317.2,52.7164,169.7527
4317.8,52.7504,169.7715
4318.4,52.7845,169.7904
4319.0,52.8186,169.8092
4319.6,52.8526,169.8281
4320.2,52.8867,169.847
4320.8,52.9208,169.866
4321.5,52.9548,169.885
4322.1,52.9889,169.9041
4322.7,53.0229,169.9231
4323.3,53.0569,169.9422
4323.9,53.091,169.9613
4324.5,53.125,169.9805
4325.1,53.159,169.9997
4325.7,53.1931,170.019
4326.4,53.2271,170.0382
4327.0,53.2611,170.0576
4327.6,53.2951,170.0769
4328.2,53.3291,170.0963
4328.8,53.3631,170.1157
4329.4,53.3971,170.1351
4330.0,53.4311,170.1546
4330.6,53.4651,170.1741
4331.3,53.4991,170.1937
4331.9,53.5331,170.2133
4332.5,53.567,170.2329
4333.1,53.601,170.2526
4333.7,53.635,170.2723
4334.3,53.6689,170.292
4334.9,53.7029,170.3118
4335.5,53.7369,170.3316
4336.2,53.7708,170.3514
4336.8,53.8048,170.3713
4337.4,53.8387,170.3912
4338.0,53.8726,170.4112
4338.6,53.9066,170.4312
4339.2,53.9405,170.4512
4339.8,53.9744,170.4713
4340.4,54.0083,170.4913
4107.0,40.8422,164.8321
4107.6,40.8772,164.8433
4108.2,40.9122,164.8544
4108.8,40.9472,164.8656
4109.4,40.9822,164.8767
4110.0,41.0172,164.8879
4110.6,41.0522,164.8991
4111.2,41.0872,164.9103
4111.9,41.1222,164.9215
4112.5,41.1572,164.9328
4113.1,41.1922,164.944
4113.7,41.2272,164.9553
4114.3,41.2621,164.9666
4114.9,41.2971,164.9779
4115.5,41.3321,164.9892
4116.1,41.3671,165.0005
4116.8,41.4021,165.0119
4117.4,41.437,165.0232
4118.0,41.472,165.0346
4118.6,41.507,165.046
4119.2,41.542,165.0574
4119.8,41.5769,165.0688
4120.4,41.6119,165.0803
4121.0,41.6469,165.0917
4121.7,41.6818,165.1032
4122.3,41.7168,165.1147
4122.9,41.7518,165.1262
4123.5,41.7867,165.1377
4124.1,41.8217,165.1492
4124.7,41.8566,165.1607
4125.3,41.8916,165.1723
4125.9,41.9265,165.1839
4126.6,41.9615,165.1955
4127.2,41.9964,165.2071
4127.8,42.0314,165.2187
4128.4,42.0663,165.2303
4129.0,42.1012,165.242
4129.6,42.1362,165.2536
4130.2,42.1711,165.2653
4130.9,42.2061,165.277
4131.5,42.241,165.2888
4132.1,42.2759,165.3005
4132.7,42.3109,165.3122
4133.3,42.3458,165.324
4133.9,42.3807,165.3358
4134.5,42.4156,165.3476
4135.1,42.4505,165.3594
4135.8,42.4855,165.3712
4136.4,42.5204,165.3831
4137.0,42.5553,165.3949
4137.6,42.5902,165.4068
4138.2,42.6251,165.4187
4138.8,42.66,165.4306
4139.4,42.6949,165.4425
4140.0,42.7298,165.4545
4140.7,42.7647,165.4664
4141.3,42.7996,165.4784
4141.9,42.8345,165.4904
4142.5,42.8694,165.5024
4143.1,42.9043,165.5144
4143.7,42.9392,165.5264
4144.3,42.9741,165.5385
4144.9,43.009,165.5506
4145.6,43.0439,165.5627
4146.2,43.0788,165.5748
4146.8,43.1137,165.5869
4147.4,43.1485,165.599
4148.0,43.1834,165.6112
4148.6,43.2183,165.6234
4149.2,43.2532,165.6356
4149.8,43.288,165.6478
4150.5,43.3229,165.66
4151.1,43.3578,165.6722
4151.7,43.3927,165.6845
4152.3,43.4275,165.6968
4152.9,43.4624,165.7091
4153.5,43.4972,165.7214
4154.1,43.5321,165.7337
4154.8,43.5669,165.7461
4155.4,43.6018,165.7584
4156.0,43.6367,165.7708
4156.6,43.6715,165.7832
4157.2,43.7063,165.7956
4157.8,43.7412,165.808
4158.4,43.776,165.8205
4159.0,43.8109,165.833
4159.7,43.8457,165.8455
4160.3,43.8805,165.858
4160.9,43.9154,165.8705
4161.5,43.9502,165.883
4162.1,43.985,165.8956
4162.7,44.0199,165.9081
4163.3,44.0547,165.9207
4163.9,44.0895,165.9333
4164.6,44.1243,165.946
4165.2,44.1592,165.9586
4165.8,44.194,165.9713
4166.4,44.2288,165.984
4167.0,44.2636,165.9967
4167.6,44.2984,166.0094
4168.2,44.3332,166.0221
4168.8,44.368,166.0349
4169.5,44.4028,166.0477
4170.1,44.4376,166.0604
4170.7,44.4724,166.0733
4171.3,44.5072,166.0861
4171.9,44.542,166.0989
4172.5,44.5768,166.1118
4173.1,44.6116,166.1247
4173.8,44.6464,166.1376
4174.4,44.6812,166.1505
4175.0,44.7159,166.1634
4175.6,44.7507,166.1764
4176.2,44.7855,166.1894
4176.8,44.8203,166.2024
4177.4,44.855,166.2154
4178.0,44.8898,166.2284
4178.7,44.9246,166.2415
4179.3,44.9594,166.2545
4179.9,44.9941,166.2676
4180.5,45.0289,166.2807
4181.1,45.0636,166.2939
4181.7,45.0984,166.307
4182.3,45.1332,166.3202
4182.9,45.1679,166.3334
4183.6,45.2027,166.3466
4184.2,45.2374,166.3598
4184.8,45.2721,166.373
4185.4,45.3069,166.3863
4186.0,45.3416,166.3996
4186.6,45.3764,166.4129
4187.2,45.4111,166.4262
4187.8,45.4458,166.4396
4188.5,45.4806,166.4529
4189.1,45.5153,166.4663
4189.7,45.55,166.4797
4190.3,45.5847,166.4931
4190.9,45.6195,166.5066
4191.5,45.6542,166.52
4192.1,45.6889,166.5335
4192.8,45.7236,166.547
4193.4,45.7583,166.5605
4194.0,45.793,166.5741
4194.6,45.8277,166.5876
4195.2,45.8624,166.6012
4195.8,45.8971,166.6148
4196.4,45.9318,166.6284
4197.0,45.9665,166.6421
4197.7,46.0012,166.6557
4198.3,46.0359,166.6694
4198.9,46.0706,166.6831
4199.5,46.1053,166.6969
4200.1,46.14,166.7106
4200.7,46.1747,166.7244
4201.3,46.2093,166.7381
4201.9,46.244,166.752
4202.6,46.2787,166.7658
4203.2,46.3134,166.7796
4203.8,46.348,166.7935
4204.4,46.3827,166.8074
4205.0,46.4174,166.8213
4205.6,46.452,166.8352
4206.2,46.4867,166.8492
4206.8,46.5213,166.8632
4207.5,46.556,166.8772
4208.1,46.5906,166.8912
4208.7,46.6253,166.9052
4209.3,46.6599,166.9193
4209.9,46.6946,166.9333
4210.5,46.7292,166.9474
4211.1,46.7639,166.9616
4211.7,46.7985,166.9757
4212.4,46.8331,166.9899
4213.0,46.8678,167.0041
4213.6,46.9024,167.0183
4214.2,46.937,167.0325
4214.8,46.9716,167.0468
4215.4,47.0062,167.0611
4216.0,47.0409,167.0753
4216.7,47.0755,167.0897
4217.3,47.1101,167.104
4217.9,47.1447,167.1184
4218.5,47.1793,167.1328
4219.1,47.2139,167.1472
4219.7,47.2485,167.1616
4220.3,47.2831,167.176
4220.9,47.3177,167.1905
4221.6,47.3523,167.205
4222.2,47.3869,167.2195
4222.8,47.4215,167.2341
4223.4,47.4561,167.2486
4224.0,47.4906,167.2632
4224.6,47.5252,167.2778
4225.2,47.5598,167.2925
4225.8,47.5944,167.3071
4226.5,47.6289,167.3218
4227.1,47.6635,167.3365
4227.7,47.6981,167.3512
4228.3,47.7326,167.366
4228.9,47.7672,167.3808
4229.5,47.8017,167.3955
4230.1,47.8363,167.4104
4230.7,47.8708,167.4252
4231.4,47.9054,167.4401
4232.0,47.9399,167.455
4232.6,47.9745,167.4699
4233.2,48.009,167.4848
4233.8,48.0436,167.4998
4234.4,48.0781,167.5147
4235.0,48.1126,167.5297
4235.7,48.1471,167.5448
4236.3,48.1817,167.5598
4236.9,48.2162,167.5749
4237.5,48.2507,167.59
4238.1,48.2852,167.6051
4238.7,48.3197,167.6203
4239.3,48.3543,167.6354
4239.9,48.3888,167.6506
4240.6,48.4233,167.6658
4241.2,48.4578,167.6811
4241.8,48.4923,167.6964
4242.4,48.5268,167.7117
4243.0,48.5613,167.727
4243.6,48.5957,167.7423
4244.2,48.6302,167.7577
4244.8,48.6647,167.7731
4245.5,48.6992,167.7885
4246.1,48.7337,167.8039
4246.7,48.7682,167.8194
4247.3,48.8026,167.8349
4247.9,48.8371,167.8504
4248.5,48.8716,167.8659
4249.1,48.906,167.8815
4249.7,48.9405,167.8971
4250.4,48.9749,167.9127
4251.0,49.0094,167.9283
4251.6,49.0438,167.944
4252.2,49.0783,167.9597
4252.8,49.1127,167.9754
4253.4,49.1472,167.9911
4254.0,49.1816,168.0069
4254.6,49.216,168.0227
4255.3,49.2505,168.0385
4255.9,49.2849,168.0544
4256.5,49.3193,168.0702
4257.1,49.3538,168.0861
4257.7,49.3882,168.1021
4258.3,49.4226,168.118
4258.9,49.457,168.134
4259.6,49.4914,168.15
4260.2,49.5258,168.166
4260.8,49.5602,168.1821
4261.4,49.5946,168.1981
4262.0,49.629,168.2142
4262.6,49.6634,168.2304
4263.2,49.6978,168.2465
4263.8,49.7322,168.2627
4264.5,49.7666,168.2789
4265.1,49.801,168.2952
4265.7,49.8353,168.3114
4266.3,49.8697,168.3277
4266.9,49.9041,168.344
4267.5,49.9385,168.3604
4268.1,49.9728,168.3768
4268.7,50.0072,168.3932
4269.4,50.0415,168.4096
4270.0,50.0759,168.426
4270.6,50.1103,168.4425
4271.2,50.1446,168.459
4271.8,50.1789,168.4756
4272.4,50.2133,168.4921
4273.0,50.2476,168.5087
4273.6,50.282,168.5253
4274.3,50.3163,168.542
4274.9,50.3506,168.5587
4275.5,50.3849,168.5754
4276.1,50.4193,168.5921
4276.7,50.4536,168.6088
4277.3,50.4879,168.6256
4277.9,50.5222,168.6425
4278.6,50.5565,168.6593
4279.2,50.5908,168.6762
4279.8,50.6251,168.6931
4280.4,50.6594,168.71
4281.0,50.6937,168.727
4281.6,50.728,168.7439
4282.2,50.7623,168.761
4282.8,50.7966,168.778
4283.5,50.8309,168.7951
4284.1,50.8651,168.8122
4284.7,50.8994,168.8293
4285.3,50.9337,168.8465
4285.9,50.968,168.8636
4286.5,51.0022,168.8809
4287.1,51.0365,168.8981
4287.7,51.0707,168.9154
4288.4,51.105,168.9327
4289.0,51.1392,168.95
4289.6,51.1735,168.9674
4290.2,51.2077,168.9848
4290.8,51.242,169.0022
4291.4,51.2762,169.0197
4292.0,51.3104,169.0372
4292.6,51.3447,169.0547
4293.3,51.3789,169.0722
4293.9,51.4131,169.0898
4294.5,51.4473,169.1074
4295.1,51.4815,169.125
4295.7,51.5157,169.1427
4296.3,51.5499,169.1604
4296.9,51.5841,169.1781
4297.5,51.6183,169.1959
4298.2,51.6525,169.2137
4298.8,51.6867,169.2315
4299.4,51.7209,169.2493
4300.0,51.7551,169.2672
4300.6,51.7893,169.2851
4301.2,51.8234,169.3031
4301.8,51.8576,169.321
4302.5,51.8918,169.3391
4303.1,51.9259,169.3571
4303.7,51.9601,169.3752
4304.3,51.9943,169.3932
4304.9,52.0284,169.4114
4305.5,52.0626,169.4296
4306.1,52.0967,169.4477
4306.7,52.1309,169.466
4307.4,52.165,169.4842
4308.0,52.1991,169.5025
4308.6,52.2333,169.5208
4309.2,52.2674,169.5392
4309.8,52.3015,169.5576
4310.4,52.3356,169.576
4311.0,52.3697,169.5945
4311.6,52.4038,169.6129
4312.3,52.438,169.6315
4312.9,52.4721,169.65
4313.5,52.5062,169.6686
4314.1,52.5402,169.6872
4314.7,52.5743,169.7059
4315.3,52.6084,169.7245
4315.9,52.6425,169.7433
4316.5,52.6766,169.762
4317.2,52.7107,169.7808
4317.8,52.7447,169.7996
4318.4,52.7788,169.8185
4319.0,52.8129,169.8373
4319.6,52.8469,169.8563
4320.2,52.881,169.8752
4320.8,52.915,169.8942
4321.5,52.9491,169.9132
4322.1,52.9831,169.9323
4322.7,53.0172,169.9514
4323.3,53.0512,169.9705
4323.9,53.0852,169.9896
4324.5,53.1192,170.0088
4325.1,53.1533,170.028
4325.7,53.1873,170.0473
4326.4,53.2213,170.0666
4327.0,53.2553,170.0859
4327.6,53.2893,170.1053
4328.2,53.3233,170.1247
4328.8,53.3573,170.1441
4329.4,53.3913,170.1636
4330.0,53.4253,170.1831
4330.6,53.4593,170.2026
4331.3,53.4932,170.2222
4331.9,53.5272,170.2418
4332.5,53.5612,170.2615
4333.1,53.5952,170.2811
4333.7,53.6291,170.3009
4334.3,53.6631,170.3206
4334.9,53.697,170.3404
4335.5,53.731,170.3602
4336.2,53.7649,170.3801
4336.8,53.7989,170.4
4337.4,53.8328,170.4199
4338.0,53.8667,170.4399
4338.6,53.9007,170.4599
4339.2,53.9346,170.4799
4107.0,40.838,164.8552
4107.6,40.873,164.8663
4108.2,40.908,164.8775
4108.8,40.943,164.8886
4109.4,40.978,164.8998
4110.0,41.013,164.911
4110.6,41.048,164.9222
4111.2,41.0829,164.9334
4111.9,41.1179,164.9447
4112.5,41.1529,164.9559
4113.1,41.1879,164.9672
4113.7,41.2229,164.9785
4114.3,41.2579,164.9898
4114.9,41.2929,165.0011
4115.5,41.3278,165.0124
4116.1,41.3628,165.0238
4116.8,41.3978,165.0351
4117.4,41.4328,165.0465
4118.0,41.4677,165.0579
4118.6,41.5027,165.0693
4119.2,41.5377,165.0807
4119.8,41.5726,165.0921
4120.4,41.6076,165.1036
4121.0,41.6426,165.115
4121.7,41.6775,165.1265
4122.3,41.7125,165.138
4122.9,41.7474,165.1495
4123.5,41.7824,165.161
4124.1,41.8174,165.1726
4124.7,41.8523,165.1841
4125.3,41.8873,165.1957
4125.9,41.9222,165.2073
4126.6,41.9571,165.2189
4127.2,41.9921,165.2305
4127.8,42.027,165.2421
4128.4,42.062,165.2538
4129.0,42.0969,165.2654
4129.6,42.1318,165.2771
4130.2,42.1668,165.2888
4130.9,42.2017,165.3005
4131.5,42.2366,165.3123
4132.1,42.2716,165.324
4132.7,42.3065,165.3358
4133.3,42.3414,165.3475
4133.9,42.3763,165.3593
4134.5,42.4113,165.3711
4135.1,42.4462,165.383
4135.8,42.4811,165.3948
4136.4,42.516,165.4067
4137.0,42.5509,165.4185
4137.6,42.5858,165.4304
4138.2,42.6207,165.4423
4138.8,42.6556,165.4542
4139.4,42.6905,165.4662
4140.0,42.7254,165.4781
4140.7,42.7603,165.4901
4141.3,42.7952,165.5021
4141.9,42.8301,165.5141
4142.5,42.865,165.5261
4143.1,42.8999,165.5381
4143.7,42.9348,165.5502
4144.3,42.9697,165.5623
4144.9,43.0046,165.5744
4145.6,43.0395,165.5865
4146.2,43.0743,165.5986
4146.8,43.1092,165.6107
4147.4,43.1441,165.6229
4148.0,43.179,165.635
4148.6,43.2138,165.6472
4149.2,43.2487,165.6594
4149.8,43.2836,165.6716
4150.5,43.3184,165.6839
4151.1,43.3533,165.6961
4151.7,43.3882,165.7084
4152.3,43.423,165.7207
4152.9,43.4579,165.733
4153.5,43.4927,165.7453
4154.1,43.5276,165.7577
4154.8,43.5625,165.77
4155.4,43.5973,165.7824
4156.0,43.6322,165.7948
4156.6,43.667,165.8072
4157.2,43.7018,165.8196
4157.8,43.7367,165.8321
4158.4,43.7715,165.8445
4159.0,43.8064,165.857
4159.7,43.8412,165.8695
4160.3,43.876,165.882
4160.9,43.9109,165.8946
4161.5,43.9457,165.9071
4162.1,43.9805,165.9197
4162.7,44.0153,165.9323
4163.3,44.0501,165.9449
4163.9,44.085,165.9575
4164.6,44.1198,165.9702
4165.2,44.1546,165.9828
4165.8,44.1894,165.9955
4166.4,44.2242,166.0082
4167.0,44.259,166.0209
4167.6,44.2938,166.0336
4168.2,44.3286,166.0464
4168.8,44.3634,166.0591
4169.5,44.3982,166.0719
4170.1,44.433,166.0847
4170.7,44.4678,166.0975
4171.3,44.5026,166.1104
4171.9,44.5374,166.1233
4172.5,44.5722,166.1361
4173.1,44.607,166.149
4173.8,44.6418,166.1619
4174.4,44.6765,166.1749
4175.0,44.7113,166.1878
4175.6,44.7461,166.2008
4176.2,44.7809,166.2138
4176.8,44.8156,166.2268
4177.4,44.8504,166.2398
4178.0,44.8852,166.2529
4178.7,44.9199,166.2659
4179.3,44.9547,166.279
4179.9,44.9895,166.2921
4180.5,45.0242,166.3053
4181.1,45.059,166.3184
4181.7,45.0937,166.3316
4182.3,45.1285,166.3447
4182.9,45.1632,166.3579
4183.6,45.198,166.3712
4184.2,45.2327,166.3844
4184.8,45.2675,166.3977
4185.4,45.3022,166.4109
4186.0,45.3369,166.4242
4186.6,45.3717,166.4375
4187.2,45.4064,166.4509
4187.8,45.4411,166.4642
4188.5,45.4759,166.4776
4189.1,45.5106,166.491
4189.7,45.5453,166.5044
4190.3,45.58,166.5179
4190.9,45.6147,166.5313
4191.5,45.6495,166.5448
4192.1,45.6842,166.5583
4192.8,45.7189,166.5718
4193.4,45.7536,166.5853
4194.0,45.7883,166.5989
4194.6,45.823,166.6125
4195.2,45.8577,166.6261
4195.8,45.8924,166.6397
4196.4,45.9271,166.6533
4197.0,45.9618,166.667
4197.7,45.9965,166.6806
4198.3,46.0312,166.6943
4198.9,46.0658,166.7081
4199.5,46.1005,166.7218
4200.1,46.1352,166.7355
4200.7,46.1699,166.7493
4201.3,46.2046,166.7631
4201.9,46.2392,166.7769
4202.6,46.2739,166.7908
4203.2,46.3086,166.8047
4203.8,46.3432,166.8185
4204.4,46.3779,166.8324
4205.0,46.4125,166.8464
4205.6,46.4472,166.8603
4206.2,46.4819,166.8743
4206.8,46.5165,166.8883
4207.5,46.5512,166.9023
4208.1,46.5858,166.9163
4208.7,46.6204,166.9304
4209.3,46.6551,166.9444
4209.9,46.6897,166.9585
4210.5,46.7244,166.9726
4211.1,46.759,166.9868
4211.7,46.7936,167.0009
4212.4,46.8283,167.0151
4213.0,46.8629,167.0293
4213.6,46.8975,167.0435
4214.2,46.9321,167.0578
4214.8,46.9667,167.0721
4215.4,47.0014,167.0864
4216.0,47.036,167.1007
4216.7,47.0706,167.115
4217.3,47.1052,167.1294
4217.9,47.1398,167.1437
4218.5,47.1744,167.1581
4219.1,47.209,167.1726
4219.7,47.2436,167.187
4220.3,47.2782,167.2015
4220.9,47.3128,167.216
4221.6,47.3474,167.2305
4222.2,47.3819,167.245
4222.8,47.4165,167.2596
4223.4,47.4511,167.2741
4224.0,47.4857,167.2887
4224.6,47.5203,167.3034
4225.2,47.5548,167.318
4225.8,47.5894,167.3327
4226.5,47.624,167.3474
4227.1,47.6585,167.3621
4227.7,47.6931,167.3768
4228.3,47.7276,167.3916
4228.9,47.7622,167.4064
4229.5,47.7967,167.4212
4230.1,47.8313,167.436
4230.7,47.8658,167.4509
4231.4,47.9004,167.4658
4232.0,47.9349,167.4807
4232.6,47.9695,167.4956
4233.2,48.004,167.5105
4233.8,48.0385,167.5255
4234.4,48.0731,167.5405
4235.0,48.1076,167.5555
4235.7,48.1421,167.5706
4236.3,48.1766,167.5856
4236.9,48.2112,167.6007
4237.5,48.2457,167.6158
4238.1,48.2802,167.631
4238.7,48.3147,167.6461
4239.3,48.3492,167.6613
4239.9,48.3837,167.6765
4240.6,48.4182,167.6918
4241.2,48.4527,167.707
4241.8,48.4872,167.7223
4242.4,48.5217,167.7376
4243.0,48.5562,167.7529
4243.6,48.5907,167.7683
4244.2,48.6251,167.7837
4244.8,48.6596,167.7991
4245.5,48.6941,167.8145
4246.1,48.7286,167.83
4246.7,48.763,167.8455
4247.3,48.7975,167.861
4247.9,48.832,167.8765
4248.5,48.8664,167.8921
4249.1,48.9009,167.9076
4249.7,48.9353,167.9232
4250.4,48.9698,167.9389
4251.0,49.0042,167.9545
4251.6,49.0387,167.9702
4252.2,49.0731,167.9859
4252.8,49.1076,168.0016
4253.4,49.142,168.0174
4254.0,49.1764,168.0332
4254.6,49.2109,168.049
4255.3,49.2453,168.0648
4255.9,49.2797,168.0807
4256.5,49.3141,168.0966
4257.1,49.3486,168.1125
4257.7,49.383,168.1284
4258.3,49.4174,168.1444
4258.9,49.4518,168.1604
4259.6,49.4862,168.1764
4260.2,49.5206,168.1924
4260.8,49.555,168.2085
4261.4,49.5894,168.2246
4262.0,49.6238,168.2407
4262.6,49.6582,168.2569
4263.2,49.6926,168.273
4263.8,49.7269,168.2892
4264.5,49.7613,168.3055
4265.1,49.7957,168.3217
4265.7,49.8301,168.338
4266.3,49.8644,168.3543
4266.9,49.8988,168.3707
4267.5,49.9332,168.387
4268.1,49.9675,168.4034
4268.7,50.0019,168.4198
4269.4,50.0362,168.4363
4270.0,50.0706,168.4527
4270.6,50.1049,168.4692
4271.2,50.1393,168.4857
4271.8,50.1736,168.5023
4272.4,50.208,168.5189
4273.0,50.2423,168.5355
4273.6,50.2766,168.5521
4274.3,50.311,168.5688
4274.9,50.3453,168.5855
4275.5,50.3796,168.6022
4276.1,50.4139,168.619
4276.7,50.4482,168.6357
4277.3,50.4825,168.6525
4277.9,50.5168,168.6694
4278.6,50.5511,168.6862
4279.2,50.5854,168.7031
4279.8,50.6197,168.72
4280.4,50.654,168.737
4281.0,50.6883,168.754
4281.6,50.7226,168.771
4282.2,50.7569,168.788
4282.8,50.7912,168.8051
4283.5,50.8255,168.8221
4284.1,50.8597,168.8392
4284.7,50.894,168.8564
4285.3,50.9283,168.8736
4285.9,50.9625,168.8908
4286.5,50.9968,168.908
4287.1,51.031,168.9253
4287.7,51.0653,168.9426
4288.4,51.0995,168.9599
4289.0,51.1338,168.9773
4289.6,51.168,168.9946
4290.2,51.2022,169.0121
4290.8,51.2365,169.0295
4291.4,51.2707,169.047
4292.0,51.3049,169.0645
4292.6,51.3392,169.082
4293.3,51.3734,169.0996
4293.9,51.4076,169.1172
4294.5,51.4418,169.1348
4295.1,51.476,169.1524
4295.7,51.5102,169.1701
4296.3,51.5444,169.1878
4296.9,51.5786,169.2056
4297.5,51.6128,169.2233
4298.2,51.647,169.2411
4298.8,51.6812,169.259
4299.4,51.7154,169.2769
4300.0,51.7495,169.2948
4300.6,51.7837,169.3127
4301.2,51.8179,169.3306
4301.8,51.852,169.3486
4302.5,51.8862,169.3667
4303.1,51.9204,169.3847
4303.7,51.9545,169.4028
4304.3,51.9887,169.4209
4304.9,52.0228,169.4391
4305.5,52.057,169.4573
4306.1,52.0911,169.4755
4306.7,52.1252,169.4937
4307.4,52.1594,169.512
4308.0,52.1935,169.5303
4308.6,52.2276,169.5486
4309.2,52.2617,169.567
4309.8,52.2959,169.5854
4310.4,52.33,169.6039
4311.0,52.3641,169.6223
4311.6,52.3982,169.6408
4312.3,52.4323,169.6594
4312.9,52.4664,169.6779
4313.5,52.5005,169.6965
4314.1,52.5346,169.7152
4314.7,52.5686,169.7338
4315.3,52.6027,169.7525
4315.9,52.6368,169.7713
4316.5,52.6709,169.7901
4317.2,52.7049,169.8089
4317.8,52.739,169.8277
4318.4,52.7731,169.8466
4319.0,52.8071,169.8654
4319.6,52.8412,169.8844
4320.2,52.8752,169.9034
4320.8,52.9093,169.9224
4321.5,52.9433,169.9414
4322.1,52.9774,169.9605
4322.7,53.0114,169.9796
4323.3,53.0454,169.9987
4323.9,53.0794,170.0179
4324.5,53.1135,170.0371
4325.1,53.1475,170.0563
4325.7,53.1815,170.0756
4326.4,53.2155,170.0949
4327.0,53.2495,170.1143
4327.6,53.2835,170.1337
4328.2,53.3175,170.1531
4328.8,53.3515,170.1725
4329.4,53.3855,170.192
4330.0,53.4194,170.2115
4330.6,53.4534,170.2311
4331.3,53.4874,170.2507
4331.9,53.5214,170.2703
4332.5,53.5553,170.29
4333.1,53.5893,170.3097
4333.7,53.6232,170.3294
4334.3,53.6572,170.3492
4334.9,53.6911,170.369
4335.5,53.7251,170.3889
4336.2,53.759,170.4087
4336.8,53.793,170.4286
4337.4,53.8269,170.4486
4338.0,53.8608,170.4686
4338.6,53.8947,170.4886
4107.0,40.8337,164.8782
4107.6,40.8687,164.8894
4108.2,40.9037,164.9005
4108.8,40.9387,164.9117
4109.4,40.9737,164.9229
4110.0,41.0087,164.9341
4110.6,41.0437,164.9453
4111.2,41.0787,164.9566
4111.9,41.1137,164.9678
4112.5,41.1487,164.9791
4113.1,41.1837,164.9904
4113.7,41.2186,165.0016
4114.3,41.2536,165.013
4114.9,41.2886,165.0243
4115.5,41.3236,165.0356
4116.1,41.3585,165.047
4116.8,41.3935,165.0583
4117.4,41.4285,165.0697
4118.0,41.4635,165.0811
4118.6,41.4984,165.0925
4119.2,41.5334,165.104
4119.8,41.5683,165.1154
4120.4,41.6033,165.1269
4121.0,41.6383,165.1383
4121.7,41.6732,165.1498
4122.3,41.7082,165.1613
4122.9,41.7431,165.1729
4123.5,41.7781,165.1844
4124.1,41.813,165.1959
4124.7,41.848,165.2075
4125.3,41.8829,165.2191
4125.9,41.9179,165.2307
4126.6,41.9528,165.2423
4127.2,41.9877,165.2539
4127.8,42.0227,165.2656
4128.4,42.0576,165.2772
4129.0,42.0926,165.2889
4129.6,42.1275,165.3006
4130.2,42.1624,165.3123
4130.9,42.1973,165.324
4131.5,42.2323,165.3358
4132.1,42.2672,165.3475
4132.7,42.3021,165.3593
4133.3,42.337,165.3711
4133.9,42.372,165.3829
4134.5,42.4069,165.3947
4135.1,42.4418,165.4065
4135.8,42.4767,165.4184
4136.4,42.5116,165.4303
4137.0,42.5465,165.4421
4137.6,42.5814,165.454
4138.2,42.6163,165.466
4138.8,42.6512,165.4779
4139.4,42.6861,165.4898
4140.0,42.721,165.5018
4140.7,42.7559,165.5138
4141.3,42.7908,165.5258
4141.9,42.8257,165.5378
4142.5,42.8606,165.5498
4143.1,42.8955,165.5619
4143.7,42.9304,165.5739
4144.3,42.9653,165.586
4144.9,43.0001,165.5981
4145.6,43.035,165.6102
4146.2,43.0699,165.6224
4146.8,43.1048,165.6345
4147.4,43.1396,165.6467
4148.0,43.1745,165.6589
4148.6,43.2094,165.6711
4149.2,43.2442,165.6833
4149.8,43.2791,165.6955
4150.5,43.314,165.7078
4151.1,43.3488,165.72
4151.7,43.3837,165.7323
4152.3,43.4186,165.7446
4152.9,43.4534,165.7569
4153.5,43.4883,165.7693
4154.1,43.5231,165.7816
4154.8,43.558,165.794
4155.4,43.5928,165.8064
4156.0,43.6276,165.8188
4156.6,43.6625,165.8312
4157.2,43.6973,165.8437
4157.8,43.7322,165.8561
4158.4,43.767,165.8686
4159.0,43.8018,165.8811
4159.7,43.8367,165.8936
4160.3,43.8715,165.9061
4160.9,43.9063,165.9187
4161.5,43.9411,165.9312
4162.1,43.976,165.9438
4162.7,44.0108,165.9564
4163.3,44.0456,165.969
4163.9,44.0804,165.9817
4164.6,44.1152,165.9943
4165.2,44.15,166.007
4165.8,44.1848,166.0197
4166.4,44.2197,166.0324
4167.0,44.2545,166.0451
4167.6,44.2893,166.0579
4168.2,44.3241,166.0706
4168.8,44.3589,166.0834
4169.5,44.3937,166.0962
4170.1,44.4284,166.109
4170.7,44.4632,166.1219
4171.3,44.498,166.1347
4171.9,44.5328,166.1476
4172.5,44.5676,166.1605
4173.1,44.6024,166.1734
4173.8,44.6371,166.1863
4174.4,44.6719,166.1993
4175.0,44.7067,166.2122
4175.6,44.7415,166.2252
4176.2,44.7762,166.2382
4176.8,44.811,166.2512
4177.4,44.8458,166.2643
4178.0,44.8805,166.2773
4178.7,44.9153,166.2904
4179.3,44.9501,166.3035
4179.9,44.9848,166.3166
4180.5,45.0196,166.3298
4181.1,45.0543,166.3429
4181.7,45.0891,166.3561
4182.3,45.1238,166.3693
4182.9,45.1586,166.3825
4183.6,45.1933,166.3957
4184.2,45.228,166.409
4184.8,45.2628,166.4223
4185.4,45.2975,166.4355
4186.0,45.3322,166.4489
4186.6,45.367,166.4622
4187.2,45.4017,166.4755
4187.8,45.4364,166.4889
4188.5,45.4711,166.5023
4189.1,45.5059,166.5157
4189.7,45.5406,166.5291
4190.3,45.5753,166.5426
4190.9,45.61,166.5561
4191.5,45.6447,166.5695
4192.1,45.6794,166.5831
4192.8,45.7141,166.5966
4193.4,45.7488,166.6101
4194.0,45.7835,166.6237
4194.6,45.8182,166.6373
4195.2,45.8529,166.6509
4195.8,45.8876,166.6645
4196.4,45.9223,166.6782
4197.0,45.957,166.6918
4197.7,45.9917,166.7055
4198.3,46.0264,166.7192
4198.9,46.0611,166.733
4199.5,46.0957,166.7467
4200.1,46.1304,166.7605
4200.7,46.1651,166.7743
4201.3,46.1998,166.7881
4201.9,46.2344,166.8019
4202.6,46.2691,166.8158
4203.2,46.3038,166.8297
4203.8,46.3384,166.8436
4204.4,46.3731,166.8575
4205.0,46.4077,166.8714
4205.6,46.4424,166.8854
4206.2,46.477,166.8994
4206.8,46.5117,166.9134
4207.5,46.5463,166.9274
4208.1,46.581,166.9414
4208.7,46.6156,166.9555
4209.3,46.6502,166.9696
4209.9,46.6849,166.9837
4210.5,46.7195,166.9978
4211.1,46.7541,167.012
4211.7,46.7888,167.0262
4212.4,46.8234,167.0404
4213.0,46.858,167.0546
4213.6,46.8926,167.0688
4214.2,46.9272,167.0831
4214.8,46.9619,167.0974
4215.4,46.9965,167.1117
4216.0,47.0311,167.126
4216.7,47.0657,167.1403
4217.3,47.1003,167.1547
4217.9,47.1349,167.1691
4218.5,47.1695,167.1835
4219.1,47.2041,167.198
4219.7,47.2387,167.2124
4220.3,47.2733,167.2269
4220.9,47.3078,167.2414
4221.6,47.3424,167.2559
4222.2,47.377,167.2705
4222.8,47.4116,167.285
4223.4,47.4462,167.2996
4224.0,47.4807,167.3143
4224.6,47.5153,167.3289
4225.2,47.5499,167.3436
4225.8,47.5844,167.3582
4226.5,47.619,167.373
4227.1,47.6535,167.3877
4227.7,47.6881,167.4024
4228.3,47.7227,167.4172
4228.9,47.7572,167.432
4229.5,47.7918,167.4468
4230.1,47.8263,167.4617
4230.7,47.8608,167.4765
4231.4,47.8954,167.4915
4232.0,47.9299,167.5064
4232.6,47.9645,167.5213
4233.2,47.999,167.5363
4233.8,48.0335,167.5513
4234.4,48.068,167.5663
4235.0,48.1026,167.5813
4235.7,48.1371,167.5964
4236.3,48.1716,167.6114
4236.9,48.2061,167.6265
4237.5,48.2406,167.6417
4238.1,48.2751,167.6568
4238.7,48.3096,167.672
4239.3,48.3441,167.6872
4239.9,48.3786,167.7024
4240.6,48.4131,167.7177
4241.2,48.4476,167.733
4241.8,48.4821,167.7483
4242.4,48.5166,167.7636
4243.0,48.5511,167.7789
4243.6,48.5855,167.7943
4244.2,48.62,167.8097
4244.8,48.6545,167.8251
4245.5,48.689,167.8406
4246.1,48.7234,167.856
4246.7,48.7579,167.8715
4247.3,48.7924,167.8871
4247.9,48.8268,167.9026
4248.5,48.8613,167.9182
4249.1,48.8957,167.9338
4249.7,48.9302,167.9494
4250.4,48.9646,167.965
4251.0,48.9991,167.9807
4251.6,49.0335,167.9964
4252.2,49.068,168.0121
4252.8,49.1024,168.0279
4253.4,49.1368,168.0437
4254.0,49.1713,168.0594
4254.6,49.2057,168.0753
4255.3,49.2401,168.0911
4255.9,49.2745,168.107
4256.5,49.3089,168.1229
4257.1,49.3434,168.1388
4257.7,49.3778,168.1548
4258.3,49.4122,168.1708
4258.9,49.4466,168.1868
4259.6,49.481,168.2028
4260.2,49.5154,168.2189
4260.8,49.5498,168.2349
4261.4,49.5842,168.2511
4262.0,49.6185,168.2672
4262.6,49.6529,168.2834
4263.2,49.6873,168.2995
4263.8,49.7217,168.3158
4264.5,49.7561,168.332
4265.1,49.7904,168.3483
4265.7,49.8248,168.3646
4266.3,49.8592,168.3809
4266.9,49.8935,168.3972
4267.5,49.9279,168.4136
4268.1,49.9622,168.43
4268.7,49.9966,168.4465
4269.4,50.0309,168.4629
4270.0,50.0653,168.4794
4270.6,50.0996,168.4959
4271.2,50.134,168.5125
4271.8,50.1683,168.529
4272.4,50.2026,168.5456
4273.0,50.237,168.5623
4273.6,50.2713,168.5789
4274.3,50.3056,168.5956
4274.9,50.3399,168.6123
4275.5,50.3742,168.629
4276.1,50.4086,168.6458
4276.7,50.4429,168.6626
4277.3,50.4772,168.6794
4277.9,50.5115,168.6963
4278.6,50.5458,168.7132
4279.2,50.5801,168.7301
4279.8,50.6144,168.747
4280.4,50.6486,168.764
4281.0,50.6829,168.7809
4281.6,50.7172,168.798
4282.2,50.7515,168.815
4282.8,50.7858,168.8321
4283.5,50.82,168.8492
4284.1,50.8543,168.8663
4284.7,50.8886,168.8835
4285.3,50.9228,168.9007
4285.9,50.9571,168.9179
4286.5,50.9913,168.9352
4287.1,51.0256,168.9525
4287.7,51.0598,168.9698
4288.4,51.0941,168.9871
4289.0,51.1283,169.0045
4289.6,51.1625,169.0219
4290.2,51.1968,169.0393
4290.8,51.231,169.0568
4291.4,51.2652,169.0742
4292.0,51.2994,169.0918
4292.6,51.3337,169.1093
4293.3,51.3679,169.1269
4293.9,51.4021,169.1445
4294.5,51.4363,169.1622
4295.1,51.4705,169.1798
4295.7,51.5047,169.1975
4296.3,51.5389,169.2153
4296.9,51.5731,169.233
4297.5,51.6073,169.2508
4298.2,51.6414,169.2686
4298.8,51.6756,169.2865
4299.4,51.7098,169.3044
4300.0,51.744,169.3223
4300.6,51.7781,169.3402
4301.2,51.8123,169.3582
4301.8,51.8465,169.3762
4302.5,51.8806,169.3943
4303.1,51.9148,169.4124
4303.7,51.9489,169.4305
4304.3,51.9831,169.4486
4304.9,52.0172,169.4668
4305.5,52.0513,169.485
4306.1,52.0855,169.5032
4306.7,52.1196,169.5215
4307.4,52.1537,169.5397
4308.0,52.1879,169.5581
4308.6,52.222,169.5764
4309.2,52.2561,169.5948
4309.8,52.2902,169.6133
4310.4,52.3243,169.6317
4311.0,52.3584,169.6502
4311.6,52.3925,169.6687
4312.3,52.4266,169.6873
4312.9,52.4607,169.7059
4313.5,52.4948,169.7245
4314.1,52.5289,169.7431
4314.7,52.563,169.7618
4315.3,52.597,169.7805
4315.9,52.6311,169.7993
4316.5,52.6652,169.8181
4317.2,52.6992,169.8369
4317.8,52.7333,169.8557
4318.4,52.7673,169.8746
4319.0,52.8014,169.8936
4319.6,52.8354,169.9125
4320.2,52.8695,169.9315
4320.8,52.9035,169.9505
4321.5,52.9376,169.9696
4322.1,52.9716,169.9887
4322.7,53.0056,170.0078
4323.3,53.0396,170.0269
4323.9,53.0737,170.0461
4324.5,53.1077,170.0654
4325.1,53.1417,170.0846
4325.7,53.1757,170.1039
4326.4,53.2097,170.1233
4327.0,53.2437,170.1426
4327.6,53.2777,170.162
4328.2,53.3117,170.1815
4328.8,53.3456,170.2009
4329.4,53.3796,170.2204
4330.0,53.4136,170.24
4330.6,53.4476,170.2596
4331.3,53.4815,170.2792
4331.9,53.5155,170.2988
4332.5,53.5495,170.3185
4333.1,53.5834,170.3382
4333.7,53.6174,170.358
4334.3,53.6513,170.3778
4334.9,53.6853,170.3976
4335.5,53.7192,170.4175
4336.2,53.7531,170.4374
4336.8,53.7871,170.4573
4337.4,53.821,170.4773
4338.0,53.8549,170.4973
4107.0,40.8295,164.9013
4107.6,40.8645,164.9124
4108.2,40.8995,164.9236
4108.8,40.9345,164.9348
4109.4,40.9695,164.946
4110.0,41.0045,164.9572
4110.6,41.0395,164.9684
4111.2,41.0744,164.9797
4111.9,41.1094,164.991
4112.5,41.1444,165.0022
4113.1,41.1794,165.0135
4113.7,41.2144,165.0248
4114.3,41.2493,165.0361
4114.9,41.2843,165.0475
4115.5,41.3193,165.0588
4116.1,41.3543,165.0702
4116.8,41.3892,165.0816
4117.4,41.4242,165.093
4118.0,41.4592,165.1044
4118.6,41.4941,165.1158
4119.2,41.5291,165.1272
4119.8,41.564,165.1387
4120.4,41.599,165.1502
4121.0,41.634,165.1616
4121.7,41.6689,165.1731
4122.3,41.7039,165.1847
4122.9,41.7388,165.1962
4123.5,41.7738,165.2077
4124.1,41.8087,165.2193
4124.7,41.8437,165.2309
4125.3,41.8786,165.2425
4125.9,41.9135,165.2541
4126.6,41.9485,165.2657
4127.2,41.9834,165.2773
4127.8,42.0183,165.289
4128.4,42.0533,165.3007
4129.0,42.0882,165.3124
4129.6,42.1231,165.3241
4130.2,42.1581,165.3358
4130.9,42.193,165.3475
4131.5,42.2279,165.3593
4132.1,42.2628,165.371
4132.7,42.2977,165.3828
4133.3,42.3327,165.3946
4133.9,42.3676,165.4064
4134.5,42.4025,165.4183
4135.1,42.4374,165.4301
4135.8,42.4723,165.442
4136.4,42.5072,165.4539
4137.0,42.5421,165.4658
4137.6,42.577,165.4777
4138.2,42.6119,165.4896
4138.8,42.6468,165.5015
4139.4,42.6817,165.5135
4140.0,42.7166,165.5255
4140.7,42.7515,165.5375
4141.3,42.7864,165.5495
4141.9,42.8213,165.5615
4142.5,42.8562,165.5735
4143.1,42.8911,165.5856
4143.7,42.9259,165.5977
4144.3,42.9608,165.6098
4144.9,42.9957,165.6219
4145.6,43.0306,165.634
4146.2,43.0654,165.6462
4146.8,43.1003,165.6583
4147.4,43.1352,165.6705
4148.0,43.17,165.6827
4148.6,43.2049,165.6949
4149.2,43.2398,165.7071
4149.8,43.2746,165.7194
4150.5,43.3095,165.7316
4151.1,43.3444,165.7439
4151.7,43.3792,165.7562
4152.3,43.4141,165.7685
4152.9,43.4489,165.7809
4153.5,43.4838,165.7932
4154.1,43.5186,165.8056
4154.8,43.5535,165.818
4155.4,43.5883,165.8304
4156.0,43.6231,165.8428
4156.6,43.658,165.8552
4157.2,43.6928,165.8677
4157.8,43.7276,165.8801
4158.4,43.7625,165.8926
4159.0,43.7973,165.9051
4159.7,43.8321,165.9177
4160.3,43.867,165.9302
4160.9,43.9018,165.9428
4161.5,43.9366,165.9553
4162.1,43.9714,165.9679
4162.7,44.0062,165.9805
4163.3,44.041,165.9932
4163.9,44.0759,166.0058
4164.6,44.1107,166.0185
4165.2,44.1455,166.0312
4165.8,44.1803,166.0439
4166.4,44.2151,166.0566
4167.0,44.2499,166.0693
4167.6,44.2847,166.0821
4168.2,44.3195,166.0949
4168.8,44.3543,166.1077
4169.5,44.3891,166.1205
4170.1,44.4238,166.1333
4170.7,44.4586,166.1461
4171.3,44.4934,166.159
4171.9,44.5282,166.1719
4172.5,44.563,166.1848
4173.1,44.5978,166.1977
4173.8,44.6325,166.2107
4174.4,44.6673,166.2236
4175.0,44.7021,166.2366
4175.6,44.7368,166.2496
4176.2,44.7716,166.2626
4176.8,44.8064,166.2757
4177.4,44.8411,166.2887
4178.0,44.8759,166.3018
4178.7,44.9106,166.3149
4179.3,44.9454,166.328
4179.9,44.9802,166.3411
4180.5,45.0149,166.3543
4181.1,45.0497,166.3674
4181.7,45.0844,166.3806
4182.3,45.1191,166.3938
4182.9,45.1539,166.4071
4183.6,45.1886,166.4203
4184.2,45.2234,166.4336
4184.8,45.2581,166.4469
4185.4,45.2928,166.4602
4186.0,45.3275,166.4735
4186.6,45.3623,166.4868
4187.2,45.397,166.5002
4187.8,45.4317,166.5136
4188.5,45.4664,166.527
4189.1,45.5011,166.5404
4189.7,45.5359,166.5538
4190.3,45.5706,166.5673
4190.9,45.6053,166.5808
4191.5,45.64,166.5943
4192.1,45.6747,166.6078
4192.8,45.7094,166.6214
4193.4,45.7441,166.6349
4194.0,45.7788,166.6485
4194.6,45.8135,166.6621
4195.2,45.8482,166.6757
4195.8,45.8829,166.6894
4196.4,45.9175,166.703
4197.0,45.9522,166.7167
4197.7,45.9869,166.7304
4198.3,46.0216,166.7441
4198.9,46.0563,166.7579
4199.5,46.0909,166.7717
4200.1,46.1256,166.7854
4200.7,46.1603,166.7993
4201.3,46.195,166.8131
4201.9,46.2296,166.8269
4202.6,46.2643,166.8408
4203.2,46.2989,166.8547
4203.8,46.3336,166.8686
4204.4,46.3682,166.8825
4205.0,46.4029,166.8965
4205.6,46.4375,166.9105
4206.2,46.4722,166.9245
4206.8,46.5068,166.9385
4207.5,46.5415,166.9525
4208.1,46.5761,166.9666
4208.7,46.6107,166.9807
4209.3,46.6454,166.9948
4209.9,46.68,167.0089
4210.5,46.7146,167.023
4211.1,46.7493,167.0372
4211.7,46.7839,167.0514
4212.4,46.8185,167.0656
4213.0,46.8531,167.0798
4213.6,46.8877,167.0941
4214.2,46.9223,167.1083
4214.8,46.957,167.1226
4215.4,46.9916,167.137
4216.0,47.0262,167.1513
4216.7,47.0608,167.1657
4217.3,47.0954,167.1801
4217.9,47.13,167.1945
4218.5,47.1646,167.2089
4219.1,47.1991,167.2233
4219.7,47.2337,167.2378
4220.3,47.2683,167.2523
4220.9,47.3029,167.2668
4221.6,47.3375,167.2814
4222.2,47.3721,167.2959
4222.8,47.4066,167.3105
4223.4,47.4412,167.3251
4224.0,47.4758,167.3398
4224.6,47.5103,167.3544
4225.2,47.5449,167.3691
4225.8,47.5795,167.3838
4226.5,47.614,167.3985
4227.1,47.6486,167.4133
4227.7,47.6831,167.428
4228.3,47.7177,167.4428
4228.9,47.7522,167.4576
4229.5,47.7868,167.4725
4230.1,47.8213,167.4873
4230.7,47.8558,167.5022
4231.4,47.8904,167.5171
4232.0,47.9249,167.5321
4232.6,47.9594,167.547
4233.2,47.9939,167.562
4233.8,48.0285,167.577
4234.4,48.063,167.592
4235.0,48.0975,167.6071
4235.7,48.132,167.6221
4236.3,48.1665,167.6373
4236.9,48.201,167.6524
4237.5,48.2355,167.6675
4238.1,48.2701,167.6827
4238.7,48.3046,167.6979
4239.3,48.3391,167.7131
4239.9,48.3735,167.7283
4240.6,48.408,167.7436
4241.2,48.4425,167.7589
4241.8,48.477,167.7742
4242.4,48.5115,167.7896
4243.0,48.546,167.8049
4243.6,48.5804,167.8203
4244.2,48.6149,167.8357
4244.8,48.6494,167.8512
4245.5,48.6839,167.8666
4246.1,48.7183,167.8821
4246.7,48.7528,167.8976
4247.3,48.7872,167.9131
4247.9,48.8217,167.9287
4248.5,48.8561,167.9443
4249.1,48.8906,167.9599
4249.7,48.925,167.9755
4250.4,48.9595,167.9912
4251.0,48.9939,168.0069
4251.6,49.0284,168.0226
4252.2,49.0628,168.0383
4252.8,49.0972,168.0541
4253.4,49.1316,168.0699
4254.0,49.1661,168.0857
4254.6,49.2005,168.1015
4255.3,49.2349,168.1174
4255.9,49.2693,168.1333
4256.5,49.3037,168.1492
4257.1,49.3381,168.1652
4257.7,49.3725,168.1811
4258.3,49.407,168.1971
4258.9,49.4413,168.2132
4259.6,49.4757,168.2292
4260.2,49.5101,168.2453
4260.8,49.5445,168.2614
4261.4,49.5789,168.2775
4262.0,49.6133,168.2937
4262.6,49.6477,168.3098
4263.2,49.6821,168.326
4263.8,49.7164,168.3423
4264.5,49.7508,168.3586
4265.1,49.7852,168.3748
4265.7,49.8195,168.3911
4266.3,49.8539,168.4075
4266.9,49.8882,168.4239
4267.5,49.9226,168.4402
4268.1,49.9569,168.4567
4268.7,49.9913,168.4731
4269.4,50.0256,168.4896
4270.0,50.06,168.5061
4270.6,50.0943,168.5226
4271.2,50.1286,168.5392
4271.8,50.163,168.5558
4272.4,50.1973,168.5724
4273.0,50.2316,168.589
4273.6,50.2659,168.6057
4274.3,50.3003,168.6224
4274.9,50.3346,168.6391
4275.5,50.3689,168.6559
4276.1,50.4032,168.6727
4276.7,50.4375,168.6895
4277.3,50.4718,168.7063
4277.9,50.5061,168.7232
4278.6,50.5404,168.7401
4279.2,50.5747,168.757
4279.8,50.609,168.7739
4280.4,50.6432,168.7909
4281.0,50.6775,168.8079
4281.6,50.7118,168.825
4282.2,50.7461,168.842
4282.8,50.7803,168.8591
4283.5,50.8146,168.8763
4284.1,50.8489,168.8934
4284.7,50.8831,168.9106
4285.3,50.9174,168.9278
4285.9,50.9516,168.945
4286.5,50.9859,168.9623
4287.1,51.0201,168.9796
4287.7,51.0544,168.9969
4288.4,51.0886,169.0143
4289.0,51.1228,169.0317
4289.6,51.1571,169.0491
4290.2,51.1913,169.0666
4290.8,51.2255,169.084
4291.4,51.2597,169.1015
4292.0,51.2939,169.1191
4292.6,51.3282,169.1366
4293.3,51.3624,169.1542
4293.9,51.3966,169.1719
4294.5,51.4308,169.1895
4295.1,51.465,169.2072
4295.7,51.4992,169.2249
4296.3,51.5333,169.2427
4296.9,51.5675,169.2605
4297.5,51.6017,169.2783
4298.2,51.6359,169.2961
4298.8,51.6701,169.314
4299.4,51.7042,169.3319
4300.0,51.7384,169.3498
4300.6,51.7726,169.3678
4301.2,51.8067,169.3858
4301.8,51.8409,169.4038
4302.5,51.875,169.4219
4303.1,51.9092,169.44
4303.7,51.9433,169.4581
4304.3,51.9775,169.4762
4304.9,52.0116,169.4944
4305.5,52.0457,169.5126
4306.1,52.0799,169.5309
4306.7,52.114,169.5492
4307.4,52.1481,169.5675
4308.0,52.1822,169.5858
4308.6,52.2163,169.6042
4309.2,52.2504,169.6226
4309.8,52.2846,169.6411
4310.4,52.3187,169.6595
4311.0,52.3527,169.6781
4311.6,52.3868,169.6966
4312.3,52.4209,169.7152
4312.9,52.455,169.7338
4313.5,52.4891,169.7524
4314.1,52.5232,169.7711
4314.7,52.5573,169.7898
4315.3,52.5913,169.8085
4315.9,52.6254,169.8273
4316.5,52.6594,169.8461
4317.2,52.6935,169.8649
4317.8,52.7276,169.8838
4318.4,52.7616,169.9027
4319.0,52.7957,169.9217
4319.6,52.8297,169.9406
4320.2,52.8637,169.9596
4320.8,52.8978,169.9787
4321.5,52.9318,169.9978
4322.1,52.9658,170.0169
4322.7,52.9998,170.036
4323.3,53.0339,170.0552
4323.9,53.0679,170.0744
4324.5,53.1019,170.0936
4325.1,53.1359,170.1129
4325.7,53.1699,170.1322
4326.4,53.2039,170.1516
4327.0,53.2379,170.171
4327.6,53.2719,170.1904
4328.2,53.3058,170.2099
4328.8,53.3398,170.2293
4329.4,53.3738,170.2489
4330.0,53.4078,170.2684
4330.6,53.4417,170.288
4331.3,53.4757,170.3077
4331.9,53.5096,170.3273
4332.5,53.5436,170.347
4333.1,53.5775,170.3668
4333.7,53.6115,170.3866
4334.3,53.6454,170.4064
4334.9,53.6794,170.4262
4335.5,53.7133,170.4461
4336.2,53.7472,170.466
4336.8,53.7811,170.486
4107.0,40.8253,164.9243
4107.6,40.8603,164.9355
4108.2,40.8953,164.9467
4108.8,40.9302,164.9579
4109.4,40.9652,164.9691
4110.0,41.0002,164.9803
4110.6,41.0352,164.9916
4111.2,41.0702,165.0028
4111.9,41.1052,165.0141
4112.5,41.1401,165.0254
4113.1,41.1751,165.0367
4113.7,41.2101,165.048
4114.3,41.2451,165.0593
4114.9,41.28,165.0707
4115.5,41.315,165.082
4116.1,41.35,165.0934
4116.8,41.3849,165.1048
4117.4,41.4199,165.1162
4118.0,41.4549,165.1276
4118.6,41.4898,165.1391
4119.2,41.5248,165.1505
4119.8,41.5597,165.162
4120.4,41.5947,165.1734
4121.0,41.6296,165.185
4121.7,41.6646,165.1965
4122.3,41.6995,165.208
4122.9,41.7345,165.2195
4123.5,41.7694,165.2311
4124.1,41.8044,165.2427
4124.7,41.8393,165.2543
4125.3,41.8743,165.2659
4125.9,41.9092,165.2775
4126.6,41.9441,165.2891
4127.2,41.9791,165.3008
4127.8,42.014,165.3124
4128.4,42.0489,165.3241
4129.0,42.0838,165.3358
4129.6,42.1188,165.3475
4130.2,42.1537,165.3593
4130.9,42.1886,165.371
4131.5,42.2235,165.3828
4132.1,42.2584,165.3945
4132.7,42.2934,165.4063
4133.3,42.3283,165.4182
4133.9,42.3632,165.43
4134.5,42.3981,165.4418
4135.1,42.433,165.4537
4135.8,42.4679,165.4656
4136.4,42.5028,165.4774
4137.0,42.5377,165.4894
4137.6,42.5726,165.5013
4138.2,42.6075,165.5132
4138.8,42.6424,165.5252
4139.4,42.6773,165.5372
4140.0,42.7122,165.5491
4140.7,42.7471,165.5612
4141.3,42.782,165.5732
4141.9,42.8168,165.5852
4142.5,42.8517,165.5973
4143.1,42.8866,165.6093
4143.7,42.9215,165.6214
4144.3,42.9564,165.6335
4144.9,42.9912,165.6457
4145.6,43.0261,165.6578
4146.2,43.061,165.67
4146.8,43.0959,165.6821
4147.4,43.1307,165.6943
4148.0,43.1656,165.7065
4148.6,43.2004,165.7188
4149.2,43.2353,165.731
4149.8,43.2702,165.7432
4150.5,43.305,165.7555
4151.1,43.3399,165.7678
4151.7,43.3747,165.7801
4152.3,43.4096,165.7924
4152.9,43.4444,165.8048
4153.5,43.4793,165.8172
4154.1,43.5141,165.8295
4154.8,43.5489,165.8419
4155.4,43.5838,165.8543
4156.0,43.6186,165.8668
4156.6,43.6535,165.8792
4157.2,43.6883,165.8917
4157.8,43.7231,165.9042
4158.4,43.7579,165.9167
4159.0,43.7928,165.9292
4159.7,43.8276,165.9417
4160.3,43.8624,165.9543
4160.9,43.8972,165.9668
4161.5,43.932,165.9794
4162.1,43.9669,165.9921
4162.7,44.0017,166.0047
4163.3,44.0365,166.0173
4163.9,44.0713,166.03
4164.6,44.1061,166.0426
4165.2,44.1409,166.0553
4165.8,44.1757,166.0681
4166.4,44.2105,166.0808
4167.0,44.2453,166.0936
4167.6,44.2801,166.1063
4168.2,44.3149,166.1191
4168.8,44.3497,166.1319
4169.5,44.3845,166.1447
4170.1,44.4192,166.1576
4170.7,44.454,166.1704
4171.3,44.4888,166.1833
4171.9,44.5236,166.1962
4172.5,44.5584,166.2091
4173.1,44.5931,166.2221
4173.8,44.6279,166.235
4174.4,44.6627,166.248
4175.0,44.6974,166.261
4175.6,44.7322,166.274
4176.2,44.767,166.287
4176.8,44.8017,166.3001
4177.4,44.8365,166.3132
4178.0,44.8712,166.3262
4178.7,44.906,166.3393
4179.3,44.9407,166.3525
4179.9,44.9755,166.3656
4180.5,45.0102,166.3788
4181.1,45.045,166.392
4181.7,45.0797,166.4052
4182.3,45.1145,166.4184
4182.9,45.1492,166.4316
4183.6,45.1839,166.4449
4184.2,45.2187,166.4582
4184.8,45.2534,166.4715
4185.4,45.2881,166.4848
4186.0,45.3228,166.4981
4186.6,45.3576,166.5115
4187.2,45.3923,166.5248
4187.8,45.427,166.5382
4188.5,45.4617,166.5517
4189.1,45.4964,166.5651
4189.7,45.5311,166.5786
4190.3,45.5658,166.592
4190.9,45.6005,166.6055
4191.5,45.6352,166.619
4192.1,45.6699,166.6326
4192.8,45.7046,166.6461
4193.4,45.7393,166.6597
4194.0,45.774,166.6733
4194.6,45.8087,166.6869
4195.2,45.8434,166.7005
4195.8,45.8781,166.7142
4196.4,45.9128,166.7279
4197.0,45.9475,166.7416
4197.7,45.9821,166.7553
4198.3,46.0168,166.769
4198.9,46.0515,166.7828
4199.5,46.0862,166.7966
4200.1,46.1208,166.8104
4200.7,46.1555,166.8242
4201.3,46.1901,166.838
4201.9,46.2248,166.8519
4202.6,46.2595,166.8658
4203.2,46.2941,166.8797
4203.8,46.3288,166.8936
4204.4,46.3634,166.9076
4205.0,46.3981,166.9215
4205.6,46.4327,166.9355
4206.2,46.4674,166.9495
4206.8,46.502,166.9636
4207.5,46.5366,166.9776
4208.1,46.5713,166.9917
4208.7,46.6059,167.0058
4209.3,46.6405,167.0199
4209.9,46.6751,167.034
4210.5,46.7098,167.0482
4211.1,46.7444,167.0624
4211.7,46.779,167.0766
4212.4,46.8136,167.0908
4213.0,46.8482,167.1051
4213.6,46.8828,167.1193
4214.2,46.9175,167.1336
4214.8,46.9521,167.1479
4215.4,46.9867,167.1623
4216.0,47.0213,167.1766
4216.7,47.0559,167.191
4217.3,47.0904,167.2054
4217.9,47.125,167.2198
4218.5,47.1596,167.2343
4219.1,47.1942,167.2487
4219.7,47.2288,167.2632
4220.3,47.2634,167.2777
4220.9,47.298,167.2923
4221.6,47.3325,167.3068
4222.2,47.3671,167.3214
4222.8,47.4017,167.336
4223.4,47.4362,167.3506
4224.0,47.4708,167.3653
4224.6,47.5054,167.3799
4225.2,47.5399,167.3946
4225.8,47.5745,167.4093
4226.5,47.609,167.4241
4227.1,47.6436,167.4388
4227.7,47.6781,167.4536
4228.3,47.7127,167.4684
4228.9,47.7472,167.4833
4229.5,47.7817,167.4981
4230.1,47.8163,167.513
4230.7,47.8508,167.5279
4231.4,47.8853,167.5428
4232.0,47.9199,167.5578
4232.6,47.9544,167.5727
4233.2,47.9889,167.5877
4233.8,48.0234,167.6027
4234.4,48.058,167.6178
4235.0,48.0925,167.6328
4235.7,48.127,167.6479
4236.3,48.1615,167.6631
4236.9,48.196,167.6782
4237.5,48.2305,167.6933
4238.1,48.265,167.7085
4238.7,48.2995,167.7237
4239.3,48.334,167.739
4239.9,48.3685,167.7542
4240.6,48.4029,167.7695
4241.2,48.4374,167.7848
4241.8,48.4719,167.8001
4242.4,48.5064,167.8155
4243.0,48.5409,167.8309
4243.6,48.5753,167.8463
4244.2,48.6098,167.8617
4244.8,48.6443,167.8772
4245.5,48.6787,167.8926
4246.1,48.7132,167.9081
4246.7,48.7476,167.9237
4247.3,48.7821,167.9392
4247.9,48.8165,167.9548
4248.5,48.851,167.9704
4249.1,48.8854,167.986
4249.7,48.9199,168.0017
4250.4,48.9543,168.0174
4251.0,48.9888,168.0331
4251.6,49.0232,168.0488
4252.2,49.0576,168.0645
4252.8,49.092,168.0803
4253.4,49.1265,168.0961
4254.0,49.1609,168.112
4254.6,49.1953,168.1278
4255.3,49.2297,168.1437
4255.9,49.2641,168.1596
4256.5,49.2985,168.1756
4257.1,49.3329,168.1915
4257.7,49.3673,168.2075
4258.3,49.4017,168.2235
4258.9,49.4361,168.2395
4259.6,49.4705,168.2556
4260.2,49.5049,168.2717
4260.8,49.5393,168.2878
4261.4,49.5737,168.304
4262.0,49.608,168.3201
4262.6,49.6424,168.3363
4263.2,49.6768,168.3526
4263.8,49.7112,168.3688
4264.5,49.7455,168.3851
4265.1,49.7799,168.4014
4265.7,49.8142,168.4177
4266.3,49.8486,168.4341
4266.9,49.8829,168.4505
4267.5,49.9173,168.4669
4268.1,49.9516,168.4833
4268.7,49.986,168.4998
4269.4,50.0203,168.5163
4270.0,50.0547,168.5328
4270.6,50.089,168.5493
4271.2,50.1233,168.5659
4271.8,50.1576,168.5825
4272.4,50.192,168.5991
4273.0,50.2263,168.6158
4273.6,50.2606,168.6325
4274.3,50.2949,168.6492
4274.9,50.3292,168.6659
4275.5,50.3635,168.6827
4276.1,50.3978,168.6995
4276.7,50.4321,168.7163
4277.3,50.4664,168.7332
4277.9,50.5007,168.7501
4278.6,50.535,168.767
4279.2,50.5693,168.7839
4279.8,50.6036,168.8009
4280.4,50.6378,168.8179
4281.0,50.6721,168.8349
4281.6,50.7064,168.852
4282.2,50.7406,168.869
4282.8,50.7749,168.8862
4283.5,50.8092,168.9033
4284.1,50.8434,168.9205
4284.7,50.8777,168.9377
4285.3,50.9119,168.9549
4285.9,50.9462,168.9722
4286.5,50.9804,168.9895
4287.1,51.0147,169.0068
4287.7,51.0489,169.0241
4288.4,51.0831,169.0415
4289.0,51.1174,169.0589
4289.6,51.1516,169.0763
4290.2,51.1858,169.0938
4290.8,51.22,169.1113
4291.4,51.2542,169.1288
4292.0,51.2884,169.1464
4292.6,51.3226,169.164
4293.3,51.3568,169.1816
4293.9,51.391,169.1992
4294.5,51.4252,169.2169
4295.1,51.4594,169.2346
4295.7,51.4936,169.2523
4296.3,51.5278,169.2701
4296.9,51.562,169.2879
4297.5,51.5962,169.3057
4298.2,51.6303,169.3236
4298.8,51.6645,169.3415
4299.4,51.6987,169.3594
4300.0,51.7328,169.3773
4300.6,51.767,169.3953
4301.2,51.8011,169.4133
4301.8,51.8353,169.4314
4302.5,51.8694,169.4495
4303.1,51.9036,169.4676
4303.7,51.9377,169.4857
4304.3,51.9718,169.5039
4304.9,52.006,169.5221
4305.5,52.0401,169.5403
4306.1,52.0742,169.5586
4306.7,52.1083,169.5769
4307.4,52.1425,169.5952
4308.0,52.1766,169.6136
4308.6,52.2107,169.632
4309.2,52.2448,169.6504
4309.8,52.2789,169.6689
4310.4,52.313,169.6874
4311.0,52.3471,169.7059
4311.6,52.3812,169.7245
4312.3,52.4152,169.7431
4312.9,52.4493,169.7617
4313.5,52.4834,169.7803
4314.1,52.5175,169.799
4314.7,52.5515,169.8177
4315.3,52.5856,169.8365
4315.9,52.6197,169.8553
4316.5,52.6537,169.8741
4317.2,52.6878,169.893
4317.8,52.7218,169.9119
4318.4,52.7559,169.9308
4319.0,52.7899,169.9497
4319.6,52.8239,169.9687
4320.2,52.858,169.9878
4320.8,52.892,170.0068
4321.5,52.926,170.0259
4322.1,52.96,170.045
4322.7,52.9941,170.0642
4323.3,53.0281,170.0834
4323.9,53.0621,170.1026
4324.5,53.0961,170.1219
4325.1,53.1301,170.1412
4325.7,53.1641,170.1605
4326.4,53.1981,170.1799
4327.0,53.232,170.1993
4327.6,53.266,170.2188
4328.2,53.3,170.2382
4328.8,53.334,170.2577
4329.4,53.3679,170.2773
4330.0,53.4019,170.2969
4330.6,53.4359,170.3165
4331.3,53.4698,170.3361
4331.9,53.5038,170.3558
4332.5,53.5377,170.3755
4333.1,53.5717,170.3953
4333.7,53.6056,170.4151
4334.3,53.6395,170.4349
4334.9,53.6735,170.4548
4335.5,53.7074,170.4747
4336.2,53.7413,170.4946
4107.0,40.821,164.9474
4107.6,40.856,164.9586
4108.2,40.891,164.9697
4108.8,40.926,164.981
4109.4,40.961,164.9922
4110.0,40.996,165.0034
4110.6,41.0309,165.0147
4111.2,41.0659,165.0259
4111.9,41.1009,165.0372
4112.5,41.1359,165.0485
4113.1,41.1708,165.0598
4113.7,41.2058,165.0712
4114.3,41.2408,165.0825
4114.9,41.2758,165.0938
4115.5,41.3107,165.1052
4116.1,41.3457,165.1166
4116.8,41.3806,165.128
4117.4,41.4156,165.1394
4118.0,41.4506,165.1509
4118.6,41.4855,165.1623
4119.2,41.5205,165.1738
4119.8,41.5554,165.1852
4120.4,41.5904,165.1967
4121.0,41.6253,165.2083
4121.7,41.6603,165.2198
4122.3,41.6952,165.2313
4122.9,41.7302,165.2429
4123.5,41.7651,165.2544
4124.1,41.8,165.266
4124.7,41.835,165.2776
4125.3,41.8699,165.2892
4125.9,41.9048,165.3009
4126.6,41.9398,165.3125
4127.2,41.9747,165.3242
4127.8,42.0096,165.3359
4128.4,42.0446,165.3475
4129.0,42.0795,165.3593
4129.6,42.1144,165.371
4130.2,42.1493,165.3827
4130.9,42.1842,165.3945
4131.5,42.2192,165.4063
4132.1,42.2541,165.4181
4132.7,42.289,165.4299
4133.3,42.3239,165.4417
4133.9,42.3588,165.4535
4134.5,42.3937,165.4654
4135.1,42.4286,165.4772
4135.8,42.4635,165.4891
4136.4,42.4984,165.501
4137.0,42.5333,165.513
4137.6,42.5682,165.5249
4138.2,42.6031,165.5368
4138.8,42.638,165.5488
4139.4,42.6729,165.5608
4140.0,42.7078,165.5728
4140.7,42.7426,165.5848
4141.3,42.7775,165.5969
4141.9,42.8124,165.6089
4142.5,42.8473,165.621
4143.1,42.8822,165.6331
4143.7,42.917,165.6452
4144.3,42.9519,165.6573
4144.9,42.9868,165.6694
4145.6,43.0217,165.6816
4146.2,43.0565,165.6937
4146.8,43.0914,165.7059
4147.4,43.1262,165.7181
4148.0,43.1611,165.7303
4148.6,43.196,165.7426
4149.2,43.2308,165.7548
4149.8,43.2657,165.7671
4150.5,43.3005,165.7794
4151.1,43.3354,165.7917
4151.7,43.3702,165.804
4152.3,43.4051,165.8164
4152.9,43.4399,165.8287
4153.5,43.4748,165.8411
4154.1,43.5096,165.8535
4154.8,43.5444,165.8659
4155.4,43.5793,165.8783
4156.0,43.6141,165.8907
4156.6,43.6489,165.9032
4157.2,43.6838,165.9157
4157.8,43.7186,165.9282
4158.4,43.7534,165.9407
4159.0,43.7882,165.9532
4159.7,43.823,165.9658
4160.3,43.8579,165.9783
4160.9,43.8927,165.9909
4161.5,43.9275,166.0035
4162.1,43.9623,166.0162
4162.7,43.9971,166.0288
4163.3,44.0319,166.0414
4163.9,44.0667,166.0541
4164.6,44.1015,166.0668
4165.2,44.1363,166.0795
4165.8,44.1711,166.0923
4166.4,44.2059,166.105
4167.0,44.2407,166.1178
4167.6,44.2755,166.1305
4168.2,44.3103,166.1433
4168.8,44.3451,166.1562
4169.5,44.3799,166.169
4170.1,44.4146,166.1819
4170.7,44.4494,166.1947
4171.3,44.4842,166.2076
4171.9,44.519,166.2205
4172.5,44.5537,166.2335
4173.1,44.5885,166.2464
4173.8,44.6233,166.2594
4174.4,44.658,166.2724
4175.0,44.6928,166.2854
4175.6,44.7276,166.2984
4176.2,44.7623,166.3114
4176.8,44.7971,166.3245
4177.4,44.8318,166.3376
4178.0,44.8666,166.3507
4178.7,44.9013,166.3638
4179.3,44.9361,166.3769
4179.9,44.9708,166.3901
4180.5,45.0056,166.4033
4181.1,45.0403,166.4165
4181.7,45.075,166.4297
4182.3,45.1098,166.4429
4182.9,45.1445,166.4562
4183.6,45.1792,166.4695
4184.2,45.214,166.4827
4184.8,45.2487,166.496
4185.4,45.2834,166.5094
4186.0,45.3181,166.5227
4186.6,45.3528,166.5361
4187.2,45.3876,166.5495
4187.8,45.4223,166.5629
4188.5,45.457,166.5763
4189.1,45.4917,166.5898
4189.7,45.5264,166.6033
4190.3,45.5611,166.6167
4190.9,45.5958,166.6302
4191.5,45.6305,166.6438
4192.1,45.6652,166.6573
4192.8,45.6999,166.6709
4193.4,45.7346,166.6845
4194.0,45.7693,166.6981
4194.6,45.804,166.7117
4195.2,45.8386,166.7254
4195.8,45.8733,166.739
4196.4,45.908,166.7527
4197.0,45.9427,166.7664
4197.7,45.9773,166.7802
4198.3,46.012,166.7939
4198.9,46.0467,166.8077
4199.5,46.0813,166.8215
4200.1,46.116,166.8353
4200.7,46.1507,166.8492
4201.3,46.1853,166.863
4201.9,46.22,166.8769
4202.6,46.2546,166.8908
4203.2,46.2893,166.9047
4203.8,46.3239,166.9186
4204.4,46.3586,166.9326
4205.0,46.3932,166.9466
4205.6,46.4279,166.9606
4206.2,46.4625,166.9746
4206.8,46.4971,166.9886
4207.5,46.5318,167.0027
4208.1,46.5664,167.0168
4208.7,46.601,167.0309
4209.3,46.6357,167.045
4209.9,46.6703,167.0592
4210.5,46.7049,167.0734
4211.1,46.7395,167.0876
4211.7,46.7741,167.1018
4212.4,46.8087,167.116
4213.0,46.8433,167.1303
4213.6,46.8779,167.1446
4214.2,46.9125,167.1589
4214.8,46.9472,167.1732
4215.4,46.9817,167.1875
4216.0,47.0163,167.2019
4216.7,47.0509,167.2163
4217.3,47.0855,167.2307
4217.9,47.1201,167.2452
4218.5,47.1547,167.2596
4219.1,47.1893,167.2741
4219.7,47.2239,167.2886
4220.3,47.2584,167.3031
4220.9,47.293,167.3177
4221.6,47.3276,167.3322
4222.2,47.3621,167.3468
4222.8,47.3967,167.3615
4223.4,47.4313,167.3761
4224.0,47.4658,167.3908
4224.6,47.5004,167.4054
4225.2,47.5349,167.4202
4225.8,47.5695,167.4349
4226.5,47.604,167.4496
4227.1,47.6386,167.4644
4227.7,47.6731,167.4792
4228.3,47.7077,167.494
4228.9,47.7422,167.5089
4229.5,47.7767,167.5237
4230.1,47.8113,167.5386
4230.7,47.8458,167.5535
4231.4,47.8803,167.5685
4232.0,47.9148,167.5835
4232.6,47.9494,167.5984
4233.2,47.9839,167.6134
4233.8,48.0184,167.6285
4234.4,48.0529,167.6435
4235.0,48.0874,167.6586
4235.7,48.1219,167.6737
4236.3,48.1564,167.6888
4236.9,48.1909,167.704
4237.5,48.2254,167.7192
4238.1,48.2599,167.7344
4238.7,48.2944,167.7496
4239.3,48.3289,167.7648
4239.9,48.3634,167.7801
4240.6,48.3979,167.7954
4241.2,48.4323,167.8107
4241.8,48.4668,167.8261
4242.4,48.5013,167.8414
4243.0,48.5357,167.8568
4243.6,48.5702,167.8723
4244.2,48.6047,167.8877
4244.8,48.6391,167.9032
4245.5,48.6736,167.9187
4246.1,48.708,167.9342
4246.7,48.7425,167.9497
4247.3,48.777,167.9653
4247.9,48.8114,167.9809
4248.5,48.8458,167.9965
4249.1,48.8803,168.0122
4249.7,48.9147,168.0278
4250.4,48.9491,168.0435
4251.0,48.9836,168.0592
4251.6,49.018,168.075
4252.2,49.0524,168.0907
4252.8,49.0868,168.1066
4253.4,49.1213,168.1224
4254.0,49.1557,168.1382
4254.6,49.1901,168.1541
4255.3,49.2245,168.17
4255.9,49.2589,168.1859
4256.5,49.2933,168.2019
4257.1,49.3277,168.2178
4257.7,49.3621,168.2338
4258.3,49.3965,168.2499
4258.9,49.4309,168.2659
4259.6,49.4653,168.282
4260.2,49.4996,168.2981
4260.8,49.534,168.3142
4261.4,49.5684,168.3304
4262.0,49.6028,168.3466
4262.6,49.6371,168.3628
4263.2,49.6715,168.379
4263.8,49.7059,168.3953
4264.5,49.7402,168.4116
4265.1,49.7746,168.4279
4265.7,49.8089,168.4443
4266.3,49.8433,168.4606
4266.9,49.8776,168.477
4267.5,49.912,168.4935
4268.1,49.9463,168.5099
4268.7,49.9807,168.5264
4269.4,50.015,168.5429
4270.0,50.0493,168.5594
4270.6,50.0837,168.576
4271.2,50.118,168.5926
4271.8,50.1523,168.6092
4272.4,50.1866,168.6259
4273.0,50.2209,168.6425
4273.6,50.2552,168.6593
4274.3,50.2895,168.676
4274.9,50.3238,168.6927
4275.5,50.3582,168.7095
4276.1,50.3924,168.7263
4276.7,50.4267,168.7432
4277.3,50.461,168.7601
4277.9,50.4953,168.777
4278.6,50.5296,168.7939
4279.2,50.5639,168.8109
4279.8,50.5982,168.8278
4280.4,50.6324,168.8448
4281.0,50.6667,168.8619
4281.6,50.701,168.879
4282.2,50.7352,168.8961
4282.8,50.7695,168.9132
4283.5,50.8037,168.9303
4284.1,50.838,168.9475
4284.7,50.8722,168.9648
4285.3,50.9065,168.982
4285.9,50.9407,168.9993
4286.5,50.975,169.0166
4287.1,51.0092,169.0339
4287.7,51.0434,169.0513
4288.4,51.0776,169.0687
4289.0,51.1119,169.0861
4289.6,51.1461,169.1035
4290.2,51.1803,169.121
4290.8,51.2145,169.1385
4291.4,51.2487,169.1561
4292.0,51.2829,169.1737
4292.6,51.3171,169.1913
4293.3,51.3513,169.2089
4293.9,51.3855,169.2265
4294.5,51.4197,169.2442
4295.1,51.4539,169.262
4295.7,51.4881,169.2797
4296.3,51.5223,169.2975
4296.9,51.5564,169.3153
4297.5,51.5906,169.3332
4298.2,51.6248,169.351
4298.8,51.6589,169.369
4299.4,51.6931,169.3869
4300.0,51.7272,169.4049
4300.6,51.7614,169.4229
4301.2,51.7955,169.4409
4301.8,51.8297,169.459
4302.5,51.8638,169.4771
4303.1,51.898,169.4952
4303.7,51.9321,169.5133
4304.3,51.9662,169.5315
4304.9,52.0004,169.5498
4305.5,52.0345,169.568
4306.1,52.0686,169.5863
4306.7,52.1027,169.6046
4307.4,52.1368,169.623
4308.0,52.1709,169.6413
4308.6,52.205,169.6598
4309.2,52.2391,169.6782
4309.8,52.2732,169.6967
4310.4,52.3073,169.7152
4311.0,52.3414,169.7337
4311.6,52.3755,169.7523
4312.3,52.4096,169.7709
4312.9,52.4436,169.7896
4313.5,52.4777,169.8082
4314.1,52.5118,169.827
4314.7,52.5458,169.8457
4315.3,52.5799,169.8645
4315.9,52.6139,169.8833
4316.5,52.648,169.9021
4317.2,52.682,169.921
4317.8,52.7161,169.9399
4318.4,52.7501,169.9588
4319.0,52.7841,169.9778
4319.6,52.8182,169.9968
4320.2,52.8522,170.0159
4320.8,52.8862,170.035
4321.5,52.9202,170.0541
4322.1,52.9543,170.0732
4322.7,52.9883,170.0924
4323.3,53.0223,170.1116
4323.9,53.0563,170.1309
4324.5,53.0903,170.1501
4325.1,53.1243,170.1695
4325.7,53.1582,170.1888
4326.4,53.1922,170.2082
4327.0,53.2262,170.2276
4327.6,53.2602,170.2471
4328.2,53.2942,170.2666
4328.8,53.3281,170.2861
4329.4,53.3621,170.3057
4330.0,53.396,170.3253
4330.6,53.43,170.3449
4331.3,53.4639,170.3646
4331.9,53.4979,170.3843
4332.5,53.5318,170.404
4333.1,53.5658,170.4238
4333.7,53.5997,170.4436
4334.3,53.6336,170.4635
4334.9,53.6676,170.4834
4107.0,40.8168,164.9704
4107.6,40.8518,164.9816
4108.2,40.8868,164.9928
4108.8,40.9217,165.004
4109.4,40.9567,165.0153
4110.0,40.9917,165.0265
4110.6,41.0267,165.0378
4111.2,41.0616,165.049
4111.9,41.0966,165.0603
4112.5,41.1316,165.0717
4113.1,41.1666,165.083
4113.7,41.2015,165.0943
4114.3,41.2365,165.1057
4114.9,41.2715,165.117
4115.5,41.3064,165.1284
4116.1,41.3414,165.1398
4116.8,41.3763,165.1512
4117.4,41.4113,165.1627
4118.0,41.4463,165.1741
4118.6,41.4812,165.1856
4119.2,41.5162,165.197
4119.8,41.5511,165.2085
4120.4,41.5861,165.22
4121.0,41.621,165.2315
4121.7,41.6559,165.2431
4122.3,41.6909,165.2546
4122.9,41.7258,165.2662
4123.5,41.7608,165.2778
4124.1,41.7957,165.2894
4124.7,41.8306,165.301
4125.3,41.8656,165.3126
4125.9,41.9005,165.3243
4126.6,41.9354,165.3359
4127.2,41.9703,165.3476
4127.8,42.0053,165.3593
4128.4,42.0402,165.371
4129.0,42.0751,165.3827
4129.6,42.11,165.3945
4130.2,42.145,165.4062
4130.9,42.1799,165.418
4131.5,42.2148,165.4298
4132.1,42.2497,165.4416
4132.7,42.2846,165.4534
4133.3,42.3195,165.4652
4133.9,42.3544,165.4771
4134.5,42.3893,165.4889
4135.1,42.4242,165.5008
4135.8,42.4591,165.5127
4136.4,42.494,165.5246
4137.0,42.5289,165.5366
4137.6,42.5638,165.5485
4138.2,42.5987,165.5605
4138.8,42.6336,165.5725
4139.4,42.6684,165.5845
4140.0,42.7033,165.5965
4140.7,42.7382,165.6085
4141.3,42.7731,165.6205
4141.9,42.808,165.6326
4142.5,42.8428,165.6447
4143.1,42.8777,165.6568
4143.7,42.9126,165.6689
4144.3,42.9475,165.681
4144.9,42.9823,165.6932
4145.6,43.0172,165.7053
4146.2,43.0521,165.7175
4146.8,43.0869,165.7297
4147.4,43.1218,165.7419
4148.0,43.1566,165.7542
4148.6,43.1915,165.7664
4149.2,43.2263,165.7787
4149.8,43.2612,165.791
4150.5,43.296,165.8033
4151.1,43.3309,165.8156
4151.7,43.3657,165.8279
4152.3,43.4006,165.8403
4152.9,43.4354,165.8526
4153.5,43.4702,165.865
4154.1,43.5051,165.8774
4154.8,43.5399,165.8898
4155.4,43.5747,165.9023
4156.0,43.6096,165.9147
4156.6,43.6444,165.9272
4157.2,43.6792,165.9397
4157.8,43.714,165.9522
4158.4,43.7489,165.9647
4159.0,43.7837,165.9773
4159.7,43.8185,165.9898
4160.3,43.8533,166.0024
4160.9,43.8881,166.015
4161.5,43.9229,166.0276
4162.1,43.9577,166.0403
4162.7,43.9925,166.0529
4163.3,44.0273,166.0656
4163.9,44.0621,166.0783
4164.6,44.0969,166.091
4165.2,44.1317,166.1037
4165.8,44.1665,166.1164
4166.4,44.2013,166.1292
4167.0,44.2361,166.142
4167.6,44.2709,166.1548
4168.2,44.3057,166.1676
4168.8,44.3405,166.1804
4169.5,44.3752,166.1933
4170.1,44.41,166.2061
4170.7,44.4448,166.219
4171.3,44.4796,166.2319
4171.9,44.5143,166.2448
4172.5,44.5491,166.2578
4173.1,44.5839,166.2708
4173.8,44.6186,166.2837
4174.4,44.6534,166.2967
4175.0,44.6882,166.3098
4175.6,44.7229,166.3228
4176.2,44.7577,166.3358
4176.8,44.7924,166.3489
4177.4,44.8272,166.362
4178.0,44.8619,166.3751
4178.7,44.8967,166.3883
4179.3,44.9314,166.4014
4179.9,44.9661,166.4146
4180.5,45.0009,166.4278
4181.1,45.0356,166.441
4181.7,45.0703,166.4542
4182.3,45.1051,166.4675
4182.9,45.1398,166.4807
4183.6,45.1745,166.494
4184.2,45.2093,166.5073
4184.8,45.244,166.5206
4185.4,45.2787,166.534
4186.0,45.3134,166.5473
4186.6,45.3481,166.5607
4187.2,45.3828,166.5741
4187.8,45.4175,166.5876
4188.5,45.4523,166.601
4189.1,45.487,166.6145
4189.7,45.5217,166.6279
4190.3,45.5564,166.6414
4190.9,45.5911,166.655
4191.5,45.6257,166.6685
4192.1,45.6604,166.6821
4192.8,45.6951,166.6957
4193.4,45.7298,166.7093
4194.0,45.7645,166.7229
4194.6,45.7992,166.7365
4195.2,45.8339,166.7502
4195.8,45.8685,166.7639
4196.4,45.9032,166.7776
4197.0,45.9379,166.7913
4197.7,45.9726,166.8051
4198.3,46.0072,166.8188
4198.9,46.0419,166.8326
4199.5,46.0765,166.8464
4200.1,46.1112,166.8602
4200.7,46.1459,166.8741
4201.3,46.1805,166.888
4201.9,46.2152,166.9019
4202.6,46.2498,166.9158
4203.2,46.2845,166.9297
4203.8,46.3191,166.9436
4204.4,46.3537,166.9576
4205.0,46.3884,166.9716
4205.6,46.423,166.9856
4206.2,46.4576,166.9997
4206.8,46.4923,167.0137
4207.5,46.5269,167.0278
4208.1,46.5615,167.0419
4208.7,46.5962,167.056
4209.3,46.6308,167.0702
4209.9,46.6654,167.0844
4210.5,46.7,167.0985
4211.1,46.7346,167.1127
4211.7,46.7692,167.127
4212.4,46.8038,167.1412
4213.0,46.8384,167.1555
4213.6,46.873,167.1698
4214.2,46.9076,167.1841
4214.8,46.9422,167.1985
4215.4,46.9768,167.2128
4216.0,47.0114,167.2272
4216.7,47.046,167.2416
4217.3,47.0806,167.2561
4217.9,47.1152,167.2705
4218.5,47.1498,167.285
4219.1,47.1843,167.2995
4219.7,47.2189,167.314
4220.3,47.2535,167.3285
4220.9,47.288,167.3431
4221.6,47.3226,167.3577
4222.2,47.3572,167.3723
4222.8,47.3917,167.3869
4223.4,47.4263,167.4016
4224.0,47.4608,167.4162
4224.6,47.4954,167.431
4225.2,47.5299,167.4457
4225.8,47.5645,167.4604
4226.5,47.599,167.4752
4227.1,47.6336,167.49
4227.7,47.6681,167.5048
4228.3,47.7027,167.5196
4228.9,47.7372,167.5345
4229.5,47.7717,167.5494
4230.1,47.8062,167.5643
4230.7,47.8408,167.5792
4231.4,47.8753,167.5942
4232.0,47.9098,167.6091
4232.6,47.9443,167.6241
4233.2,47.9788,167.6392
4233.8,48.0133,167.6542
4234.4,48.0478,167.6693
4235.0,48.0824,167.6844
4235.7,48.1169,167.6995
4236.3,48.1513,167.7146
4236.9,48.1858,167.7298
4237.5,48.2203,167.745
4238.1,48.2548,167.7602
4238.7,48.2893,167.7755
4239.3,48.3238,167.7907
4239.9,48.3583,167.806
4240.6,48.3927,167.8213
4241.2,48.4272,167.8367
4241.8,48.4617,167.852
4242.4,48.4962,167.8674
4243.0,48.5306,167.8828
4243.6,48.5651,167.8982
4244.2,48.5995,167.9137
4244.8,48.634,167.9292
4245.5,48.6685,167.9447
4246.1,48.7029,167.9602
4246.7,48.7374,167.9758
4247.3,48.7718,167.9914
4247.9,48.8062,168.007
4248.5,48.8407,168.0226
4249.1,48.8751,168.0383
4249.7,48.9095,168.054
4250.4,48.944,168.0697
4251.0,48.9784,168.0854
4251.6,49.0128,168.1012
4252.2,49.0472,168.1169
4252.8,49.0816,168.1328
4253.4,49.1161,168.1486
4254.0,49.1505,168.1645
4254.6,49.1849,168.1803
4255.3,49.2193,168.1963
4255.9,49.2537,168.2122
4256.5,49.2881,168.2282
4257.1,49.3225,168.2442
4257.7,49.3569,168.2602
4258.3,49.3913,168.2762
4258.9,49.4256,168.2923
4259.6,49.46,168.3084
4260.2,49.4944,168.3245
4260.8,49.5288,168.3407
4261.4,49.5631,168.3568
4262.0,49.5975,168.373
4262.6,49.6319,168.3893
4263.2,49.6662,168.4055
4263.8,49.7006,168.4218
4264.5,49.7349,168.4381
4265.1,49.7693,168.4545
4265.7,49.8036,168.4708
4266.3,49.838,168.4872
4266.9,49.8723,168.5036
4267.5,49.9067,168.5201
4268.1,49.941,168.5365
4268.7,49.9753,168.553
4269.4,50.0097,168.5696
4270.0,50.044,168.5861
4270.6,50.0783,168.6027
4271.2,50.1126,168.6193
4271.8,50.1469,168.6359
4272.4,50.1813,168.6526
4273.0,50.2156,168.6693
4273.6,50.2499,168.686
4274.3,50.2842,168.7028
4274.9,50.3185,168.7195
4275.5,50.3528,168.7363
4276.1,50.3871,168.7532
4276.7,50.4213,168.77
4277.3,50.4556,168.7869
4277.9,50.4899,168.8038
4278.6,50.5242,168.8208
4279.2,50.5585,168.8378
4279.8,50.5927,168.8548
4280.4,50.627,168.8718
4281.0,50.6613,168.8889
4281.6,50.6955,168.9059
4282.2,50.7298,168.9231
4282.8,50.764,168.9402
4283.5,50.7983,168.9574
4284.1,50.8325,168.9746
4284.7,50.8668,168.9918
4285.3,50.901,169.0091
4285.9,50.9352,169.0264
4286.5,50.9695,169.0437
4287.1,51.0037,169.0611
4287.7,51.0379,169.0784
4288.4,51.0722,169.0958
4289.0,51.1064,169.1133
4289.6,51.1406,169.1308
4290.2,51.1748,169.1483
4290.8,51.209,169.1658
4291.4,51.2432,169.1833
4292.0,51.2774,169.2009
4292.6,51.3116,169.2186
4293.3,51.3458,169.2362
4293.9,51.38,169.2539
4294.5,51.4142,169.2716
4295.1,51.4483,169.2893
4295.7,51.4825,169.3071
4296.3,51.5167,169.3249
4296.9,51.5509,169.3427
4297.5,51.585,169.3606
4298.2,51.6192,169.3785
4298.8,51.6534,169.3964
4299.4,51.6875,169.4144
4300.0,51.7217,169.4324
4300.6,51.7558,169.4504
4301.2,51.7899,169.4684
4301.8,51.8241,169.4865
4302.5,51.8582,169.5046
4303.1,51.8923,169.5228
4303.7,51.9265,169.541
4304.3,51.9606,169.5592
4304.9,51.9947,169.5774
4305.5,52.0288,169.5957
4306.1,52.063,169.614
4306.7,52.0971,169.6323
4307.4,52.1312,169.6507
4308.0,52.1653,169.6691
4308.6,52.1994,169.6875
4309.2,52.2335,169.706
4309.8,52.2675,169.7245
4310.4,52.3016,169.743
4311.0,52.3357,169.7616
4311.6,52.3698,169.7802
4312.3,52.4039,169.7988
4312.9,52.4379,169.8175
4313.5,52.472,169.8362
4314.1,52.506,169.8549
4314.7,52.5401,169.8736
4315.3,52.5742,169.8924
4315.9,52.6082,169.9113
4316.5,52.6423,169.9301
4317.2,52.6763,169.949
4317.8,52.7103,169.9679
4318.4,52.7444,169.9869
4319.0,52.7784,170.0059
4319.6,52.8124,170.0249
4320.2,52.8464,170.044
4320.8,52.8804,170.0631
4321.5,52.9145,170.0822
4322.1,52.9485,170.1014
4322.7,52.9825,170.1206
4323.3,53.0165,170.1398
4323.9,53.0505,170.1591
4324.5,53.0845,170.1784
4325.1,53.1184,170.1977
4325.7,53.1524,170.2171
4326.4,53.1864,170.2365
4327.0,53.2204,170.256
4327.6,53.2543,170.2754
4328.2,53.2883,170.295
4328.8,53.3223,170.3145
4329.4,53.3562,170.3341
4330.0,53.3902,170.3537
4330.6,53.4241,170.3734
4331.3,53.4581,170.393
4331.9,53.492,170.4128
4332.5,53.5259,170.4325
4333.1,53.5599,170.4523
4333.7,53.5938,170.4722
4334.3,53.6277,170.492
4107.0,40.8125,164.9935
4107.6,40.8475,165.0047
4108.2,40.8825,165.0159
4108.8,40.9175,165.0271
4109.4,40.9525,165.0383
4110.0,40.9874,165.0496
4110.6,41.0224,165.0609
4111.2,41.0574,165.0722
4111.9,41.0923,165.0835
4112.5,41.1273,165.0948
4113.1,41.1623,165.1061
4113.7,41.1972,165.1175
4114.3,41.2322,165.1288
4114.9,41.2672,165.1402
4115.5,41.3021,165.1516
4116.1,41.3371,165.163
4116.8,41.372,165.1744
4117.4,41.407,165.1859
4118.0,41.4419,165.1973
4118.6,41.4769,165.2088
4119.2,41.5118,165.2203
4119.8,41.5468,165.2318
4120.4,41.5817,165.2433
4121.0,41.6167,165.2548
4121.7,41.6516,165.2664
4122.3,41.6866,165.2779
4122.9,41.7215,165.2895
4123.5,41.7564,165.3011
4124.1,41.7914,165.3127
4124.7,41.8263,165.3244
4125.3,41.8612,165.336
4125.9,41.8961,165.3476
4126.6,41.9311,165.3593
4127.2,41.966,165.371
4127.8,42.0009,165.3827
4128.4,42.0358,165.3944
4129.0,42.0707,165.4062
4129.6,42.1057,165.4179
4130.2,42.1406,165.4297
4130.9,42.1755,165.4415
4131.5,42.2104,165.4532
4132.1,42.2453,165.4651
4132.7,42.2802,165.4769
4133.3,42.3151,165.4887
4133.9,42.35,165.5006
4134.5,42.3849,165.5125
4135.1,42.4198,165.5244
4135.8,42.4547,165.5363
4136.4,42.4896,165.5482
4137.0,42.5245,165.5602
4137.6,42.5594,165.5721
4138.2,42.5942,165.5841
4138.8,42.6291,165.5961
4139.4,42.664,165.6081
4140.0,42.6989,165.6201
4140.7,42.7338,165.6322
4141.3,42.7687,165.6442
4141.9,42.8035,165.6563
4142.5,42.8384,165.6684
4143.1,42.8733,165.6805
4143.7,42.9081,165.6926
4144.3,42.943,165.7048
4144.9,42.9779,165.7169
4145.6,43.0127,165.7291
4146.2,43.0476,165.7413
4146.8,43.0824,165.7535
4147.4,43.1173,165.7657
4148.0,43.1521,165.778
4148.6,43.187,165.7902
4149.2,43.2218,165.8025
4149.8,43.2567,165.8148
4150.5,43.2915,165.8271
4151.1,43.3264,165.8394
4151.7,43.3612,165.8518
4152.3,43.3961,165.8642
4152.9,43.4309,165.8765
4153.5,43.4657,165.8889
4154.1,43.5006,165.9014
4154.8,43.5354,165.9138
4155.4,43.5702,165.9262
4156.0,43.605,165.9387
4156.6,43.6399,165.9512
4157.2,43.6747,165.9637
4157.8,43.7095,165.9762
4158.4,43.7443,165.9888
4159.0,43.7791,166.0013
4159.7,43.8139,166.0139
4160.3,43.8488,166.0265
4160.9,43.8836,166.0391
4161.5,43.9184,166.0517
4162.1,43.9532,166.0644
4162.7,43.988,166.077
4163.3,44.0228,166.0897
4163.9,44.0576,166.1024
4164.6,44.0924,166.1151
4165.2,44.1271,166.1279
4165.8,44.1619,166.1406
4166.4,44.1967,166.1534
4167.0,44.2315,166.1662
4167.6,44.2663,166.179
4168.2,44.3011,166.1918
4168.8,44.3358,166.2047
4169.5,44.3706,166.2175
4170.1,44.4054,166.2304
4170.7,44.4402,166.2433
4171.3,44.4749,166.2562
4171.9,44.5097,166.2691
4172.5,44.5445,166.2821
4173.1,44.5792,166.2951
4173.8,44.614,166.3081
4174.4,44.6488,166.3211
4175.0,44.6835,166.3341
4175.6,44.7183,166.3472
4176.2,44.753,166.3602
4176.8,44.7878,166.3733
4177.4,44.8225,166.3864
4178.0,44.8572,166.3996
4178.7,44.892,166.4127
4179.3,44.9267,166.4259
4179.9,44.9615,166.4391
4180.5,44.9962,166.4523
4181.1,45.0309,166.4655
4181.7,45.0657,166.4787
4182.3,45.1004,166.492
4182.9,45.1351,166.5053
4183.6,45.1698,166.5186
4184.2,45.2045,166.5319
4184.8,45.2393,166.5452
4185.4,45.274,166.5586
4186.0,45.3087,166.572
4186.6,45.3434,166.5854
4187.2,45.3781,166.5988
4187.8,45.4128,166.6122
4188.5,45.4475,166.6257
4189.1,45.4822,166.6391
4189.7,45.5169,166.6526
4190.3,45.5516,166.6662
4190.9,45.5863,166.6797
4191.5,45.621,166.6933
4192.1,45.6557,166.7068
4192.8,45.6904,166.7204
4193.4,45.725,166.734
4194.0,45.7597,166.7477
4194.6,45.7944,166.7613
4195.2,45.8291,166.775
4195.8,45.8638,166.7887
4196.4,45.8984,166.8024
4197.0,45.9331,166.8162
4197.7,45.9678,166.8299
4198.3,46.0024,166.8437
4198.9,46.0371,166.8575
4199.5,46.0717,166.8713
4200.1,46.1064,166.8852
4200.7,46.141,166.899
4201.3,46.1757,166.9129
4201.9,46.2103,166.9268
4202.6,46.245,166.9408
4203.2,46.2796,166.9547
4203.8,46.3143,166.9687
4204.4,46.3489,166.9827
4205.0,46.3835,166.9967
4205.6,46.4182,167.0107
4206.2,46.4528,167.0247
4206.8,46.4874,167.0388
4207.5,46.522,167.0529
4208.1,46.5567,167.067
4208.7,46.5913,167.0812
4209.3,46.6259,167.0953
4209.9,46.6605,167.1095
4210.5,46.6951,167.1237
4211.1,46.7297,167.1379
4211.7,46.7643,167.1522
4212.4,46.7989,167.1664
4213.0,46.8335,167.1807
4213.6,46.8681,167.1951
4214.2,46.9027,167.2094
4214.8,46.9373,167.2237
4215.4,46.9719,167.2381
4216.0,47.0065,167.2525
4216.7,47.0411,167.2669
4217.3,47.0757,167.2814
4217.9,47.1102,167.2958
4218.5,47.1448,167.3103
4219.1,47.1794,167.3248
4219.7,47.214,167.3394
4220.3,47.2485,167.3539
4220.9,47.2831,167.3685
4221.6,47.3176,167.3831
4222.2,47.3522,167.3977
4222.8,47.3868,167.4124
4223.4,47.4213,167.427
4224.0,47.4559,167.4417
4224.6,47.4904,167.4565
4225.2,47.525,167.4712
4225.8,47.5595,167.4859
4226.5,47.594,167.5007
4227.1,47.6286,167.5155
4227.7,47.6631,167.5304
4228.3,47.6976,167.5452
4228.9,47.7322,167.5601
4229.5,47.7667,167.575
4230.1,47.8012,167.5899
4230.7,47.8357,167.6049
4231.4,47.8703,167.6198
4232.0,47.9048,167.6348
4232.6,47.9393,167.6498
4233.2,47.9738,167.6649
4233.8,48.0083,167.6799
4234.4,48.0428,167.695
4235.0,48.0773,167.7101
4235.7,48.1118,167.7253
4236.3,48.1463,167.7404
4236.9,48.1808,167.7556
4237.5,48.2153,167.7708
4238.1,48.2497,167.786
4238.7,48.2842,167.8013
4239.3,48.3187,167.8166
4239.9,48.3532,167.8319
4240.6,48.3876,167.8472
4241.2,48.4221,167.8626
4241.8,48.4566,167.8779
4242.4,48.491,167.8933
4243.0,48.5255,167.9088
4243.6,48.56,167.9242
4244.2,48.5944,167.9397
4244.8,48.6289,167.9552
4245.5,48.6633,167.9707
4246.1,48.6978,167.9863
4246.7,48.7322,168.0018
4247.3,48.7666,168.0174
4247.9,48.8011,168.0331
4248.5,48.8355,168.0487
4249.1,48.8699,168.0644
4249.7,48.9044,168.0801
4250.4,48.9388,168.0958
4251.0,48.9732,168.1116
4251.6,49.0076,168.1273
4252.2,49.042,168.1431
4252.8,49.0765,168.159
4253.4,49.1109,168.1748
4254.0,49.1453,168.1907
4254.6,49.1797,168.2066
4255.3,49.2141,168.2225
4255.9,49.2485,168.2385
4256.5,49.2828,168.2545
4257.1,49.3172,168.2705
4257.7,49.3516,168.2865
4258.3,49.386,168.3026
4258.9,49.4204,168.3187
4259.6,49.4548,168.3348
4260.2,49.4891,168.3509
4260.8,49.5235,168.3671
4261.4,49.5579,168.3833
4262.0,49.5922,168.3995
4262.6,49.6266,168.4157
4263.2,49.661,168.432
4263.8,49.6953,168.4483
4264.5,49.7297,168.4646
4265.1,49.764,168.481
4265.7,49.7983,168.4974
4266.3,49.8327,168.5138
4266.9,49.867,168.5302
4267.5,49.9014,168.5467
4268.1,49.9357,168.5632
4268.7,49.97,168.5797
4269.4,50.0043,168.5962
4270.0,50.0387,168.6128
4270.6,50.073,168.6294
4271.2,50.1073,168.646
4271.8,50.1416,168.6627
4272.4,50.1759,168.6793
4273.0,50.2102,168.696
4273.6,50.2445,168.7128
4274.3,50.2788,168.7296
4274.9,50.3131,168.7463
4275.5,50.3474,168.7632
4276.1,50.3817,168.78
4276.7,50.416,168.7969
4277.3,50.4502,168.8138
4277.9,50.4845,168.8307
4278.6,50.5188,168.8477
4279.2,50.5531,168.8647
4279.8,50.5873,168.8817
4280.4,50.6216,168.8987
4281.0,50.6558,168.9158
4281.6,50.6901,168.9329
4282.2,50.7243,168.9501
4282.8,50.7586,168.9672
4283.5,50.7928,168.9844
4284.1,50.8271,169.0016
4284.7,50.8613,169.0189
4285.3,50.8955,169.0362
4285.9,50.9298,169.0535
4286.5,50.964,169.0708
4287.1,50.9982,169.0882
4287.7,51.0324,169.1056
4288.4,51.0667,169.123
4289.0,51.1009,169.1405
4289.6,51.1351,169.158
4290.2,51.1693,169.1755
4290.8,51.2035,169.193
4291.4,51.2377,169.2106
4292.0,51.2719,169.2282
4292.6,51.3061,169.2458
4293.3,51.3403,169.2635
4293.9,51.3744,169.2812
4294.5,51.4086,169.2989
4295.1,51.4428,169.3167
4295.7,51.477,169.3345
4296.3,51.5111,169.3523
4296.9,51.5453,169.3702
4297.5,51.5795,169.388
4298.2,51.6136,169.4059
4298.8,51.6478,169.4239
4299.4,51.6819,169.4419
4300.0,51.7161,169.4599
4300.6,51.7502,169.4779
4301.2,51.7843,169.496
4301.8,51.8185,169.5141
4302.5,51.8526,169.5322
4303.1,51.8867,169.5504
4303.7,51.9208,169.5686
4304.3,51.955,169.5868
4304.9,51.9891,169.6051
4305.5,52.0232,169.6233
4306.1,52.0573,169.6417
4306.7,52.0914,169.66
4307.4,52.1255,169.6784
4308.0,52.1596,169.6968
4308.6,52.1937,169.7153
4309.2,52.2278,169.7338
4309.8,52.2619,169.7523
4310.4,52.2959,169.7708
4311.0,52.33,169.7894
4311.6,52.3641,169.808
4312.3,52.3981,169.8267
4312.9,52.4322,169.8453
4313.5,52.4663,169.8641
4314.1,52.5003,169.8828
4314.7,52.5344,169.9016
4315.3,52.5684,169.9204
4315.9,52.6025,169.9392
4316.5,52.6365,169.9581
4317.2,52.6705,169.977
4317.8,52.7046,169.996
4318.4,52.7386,170.015
4319.0,52.7726,170.034
4319.6,52.8066,170.053
4320.2,52.8406,170.0721
4320.8,52.8747,170.0912
4321.5,52.9087,170.1104
4322.1,52.9427,170.1295
4322.7,52.9767,170.1488
4323.3,53.0107,170.168
4323.9,53.0446,170.1873
4324.5,53.0786,170.2066
4325.1,53.1126,170.226
4325.7,53.1466,170.2454
4326.4,53.1806,170.2648
4327.0,53.2145,170.2843
4327.6,53.2485,170.3038
4328.2,53.2825,170.3233
4328.8,53.3164,170.3429
4329.4,53.3504,170.3625
4330.0,53.3843,170.3821
4330.6,53.4182,170.4018
4331.3,53.4522,170.4215
4331.9,53.4861,170.4412
4332.5,53.52,170.461
4333.1,53.554,170.4808
4107.0,40.8083,165.0165
4107.6,40.8433,165.0277
4108.2,40.8782,165.0389
4108.8,40.9132,165.0502
4109.4,40.9482,165.0614
4110.0,40.9832,165.0727
4110.6,41.0181,165.084
4111.2,41.0531,165.0953
4111.9,41.0881,165.1066
4112.5,41.123,165.1179
4113.1,41.158,165.1293
4113.7,41.193,165.1406
4114.3,41.2279,165.152
4114.9,41.2629,165.1634
4115.5,41.2978,165.1748
4116.1,41.3328,165.1862
4116.8,41.3677,165.1976
4117.4,41.4027,165.2091
4118.0,41.4376,165.2206
4118.6,41.4726,165.2321
4119.2,41.5075,165.2435
4119.8,41.5425,165.2551
4120.4,41.5774,165.2666
4121.0,41.6123,165.2781
4121.7,41.6473,165.2897
4122.3,41.6822,165.3013
4122.9,41.7171,165.3129
4123.5,41.7521,165.3244
4124.1,41.787,165.3361
4124.7,41.8219,165.3477
4125.3,41.8569,165.3594
4125.9,41.8918,165.371
4126.6,41.9267,165.3827
4127.2,41.9616,165.3944
4127.8,41.9965,165.4061
4128.4,42.0315,165.4178
4129.0,42.0664,165.4296
4129.6,42.1013,165.4414
4130.2,42.1362,165.4531
4130.9,42.1711,165.4649
4131.5,42.206,165.4767
4132.1,42.2409,165.4886
4132.7,42.2758,165.5004
4133.3,42.3107,165.5123
4133.9,42.3456,165.5241
4134.5,42.3805,165.536
4135.1,42.4154,165.5479
4135.8,42.4503,165.5599
4136.4,42.4852,165.5718
4137.0,42.5201,165.5838
4137.6,42.5549,165.5957
4138.2,42.5898,165.6077
4138.8,42.6247,165.6197
4139.4,42.6596,165.6317
4140.0,42.6945,165.6438
4140.7,42.7293,165.6558
4141.3,42.7642,165.6679
4141.9,42.7991,165.68
4142.5,42.8339,165.6921
4143.1,42.8688,165.7042
4143.7,42.9037,165.7164
4144.3,42.9385,165.7285
4144.9,42.9734,165.7407
4145.6,43.0083,165.7529
4146.2,43.0431,165.7651
4146.8,43.078,165.7773
4147.4,43.1128,165.7895
4148.0,43.1477,165.8018
4148.6,43.1825,165.8141
4149.2,43.2174,165.8264
4149.8,43.2522,165.8387
4150.5,43.287,165.851
4151.1,43.3219,165.8633
4151.7,43.3567,165.8757
4152.3,43.3915,165.8881
4152.9,43.4264,165.9005
4153.5,43.4612,165.9129
4154.1,43.496,165.9253
4154.8,43.5309,165.9377
4155.4,43.5657,165.9502
4156.0,43.6005,165.9627
4156.6,43.6353,165.9752
4157.2,43.6701,165.9877
4157.8,43.705,166.0002
4158.4,43.7398,166.0128
4159.0,43.7746,166.0253
4159.7,43.8094,166.0379
4160.3,43.8442,166.0505
4160.9,43.879,166.0632
4161.5,43.9138,166.0758
4162.1,43.9486,166.0885
4162.7,43.9834,166.1011
4163.3,44.0182,166.1138
4163.9,44.053,166.1265
4164.6,44.0878,166.1393
4165.2,44.1226,166.152
4165.8,44.1573,166.1648
4166.4,44.1921,166.1776
4167.0,44.2269,166.1904
4167.6,44.2617,166.2032
4168.2,44.2965,166.216
4168.8,44.3312,166.2289
4169.5,44.366,166.2418
4170.1,44.4008,166.2547
4170.7,44.4355,166.2676
4171.3,44.4703,166.2805
4171.9,44.5051,166.2935
4172.5,44.5398,166.3064
4173.1,44.5746,166.3194
4173.8,44.6093,166.3324
4174.4,44.6441,166.3454
4175.0,44.6789,166.3585
4175.6,44.7136,166.3716
4176.2,44.7483,166.3846
4176.8,44.7831,166.3977
4177.4,44.8178,166.4109
4178.0,44.8526,166.424
4178.7,44.8873,166.4371
4179.3,44.922,166.4503
4179.9,44.9568,166.4635
4180.5,44.9915,166.4767
4181.1,45.0262,166.49
4181.7,45.061,166.5032
4182.3,45.0957,166.5165
4182.9,45.1304,166.5298
4183.6,45.1651,166.5431
4184.2,45.1998,166.5564
4184.8,45.2345,166.5698
4185.4,45.2693,166.5832
4186.0,45.304,166.5966
4186.6,45.3387,166.61
4187.2,45.3734,166.6234
4187.8,45.4081,166.6369
4188.5,45.4428,166.6503
4189.1,45.4775,166.6638
4189.7,45.5122,166.6773
4190.3,45.5469,166.6909
4190.9,45.5815,166.7044
4191.5,45.6162,166.718
4192.1,45.6509,166.7316
4192.8,45.6856,166.7452
4193.4,45.7203,166.7588
4194.0,45.7549,166.7725
4194.6,45.7896,166.7861
4195.2,45.8243,166.7998
4195.8,45.859,166.8135
4196.4,45.8936,166.8273
4197.0,45.9283,166.841
4197.7,45.9629,166.8548
4198.3,45.9976,166.8686
4198.9,46.0323,166.8824
4199.5,46.0669,166.8962
4200.1,46.1016,166.9101
4200.7,46.1362,166.924
4201.3,46.1709,166.9379
4201.9,46.2055,166.9518
4202.6,46.2401,166.9657
4203.2,46.2748,166.9797
4203.8,46.3094,166.9937
4204.4,46.344,167.0077
4205.0,46.3787,167.0217
4205.6,46.4133,167.0357
4206.2,46.4479,167.0498
4206.8,46.4826,167.0639
4207.5,46.5172,167.078
4208.1,46.5518,167.0921
4208.7,46.5864,167.1063
4209.3,46.621,167.1205
4209.9,46.6556,167.1347
4210.5,46.6902,167.1489
4211.1,46.7248,167.1631
4211.7,46.7594,167.1774
4212.4,46.794,167.1917
4213.0,46.8286,167.2059
4213.6,46.8632,167.2203
4214.2,46.8978,167.2346
4214.8,46.9324,167.249
4215.4,46.967,167.2634
4216.0,47.0016,167.2778
4216.7,47.0361,167.2922
4217.3,47.0707,167.3067
4217.9,47.1053,167.3212
4218.5,47.1399,167.3357
4219.1,47.1744,167.3502
4219.7,47.209,167.3647
4220.3,47.2436,167.3793
4220.9,47.2781,167.3939
4221.6,47.3127,167.4085
4222.2,47.3472,167.4232
4222.8,47.3818,167.4378
4223.4,47.4163,167.4525
4224.0,47.4509,167.4672
4224.6,47.4854,167.4819
4225.2,47.52,167.4967
4225.8,47.5545,167.5115
4226.5,47.589,167.5263
4227.1,47.6236,167.5411
4227.7,47.6581,167.5559
4228.3,47.6926,167.5708
4228.9,47.7271,167.5857
4229.5,47.7617,167.6006
4230.1,47.7962,167.6155
4230.7,47.8307,167.6305
4231.4,47.8652,167.6455
4232.0,47.8997,167.6605
4232.6,47.9342,167.6755
4233.2,47.9687,167.6906
4233.8,48.0032,167.7057
4234.4,48.0377,167.7207
4235.0,48.0722,167.7359
4235.7,48.1067,167.751
4236.3,48.1412,167.7662
4236.9,48.1757,167.7814
4237.5,48.2102,167.7966
4238.1,48.2446,167.8119
4238.7,48.2791,167.8271
4239.3,48.3136,167.8424
4239.9,48.3481,167.8578
4240.6,48.3825,167.8731
4241.2,48.417,167.8885
4241.8,48.4515,167.9039
4242.4,48.4859,167.9193
4243.0,48.5204,167.9347
4243.6,48.5548,167.9502
4244.2,48.5893,167.9657
4244.8,48.6237,167.9812
4245.5,48.6582,167.9967
4246.1,48.6926,168.0123
4246.7,48.727,168.0279
4247.3,48.7615,168.0435
4247.9,48.7959,168.0591
4248.5,48.8303,168.0748
4249.1,48.8648,168.0905
4249.7,48.8992,168.1062
4250.4,48.9336,168.1219
4251.0,48.968,168.1377
4251.6,49.0024,168.1535
4252.2,49.0368,168.1693
4252.8,49.0712,168.1852
4253.4,49.1056,168.201
4254.0,49.14,168.2169
4254.6,49.1744,168.2328
4255.3,49.2088,168.2488
4255.9,49.2432,168.2648
4256.5,49.2776,168.2808
4257.1,49.312,168.2968
4257.7,49.3464,168.3128
4258.3,49.3808,168.3289
4258.9,49.4151,168.345
4259.6,49.4495,168.3611
4260.2,49.4839,168.3773
4260.8,49.5182,168.3935
4261.4,49.5526,168.4097
4262.0,49.587,168.4259
4262.6,49.6213,168.4422
4263.2,49.6557,168.4585
4263.8,49.69,168.4748
4264.5,49.7244,168.4911
4265.1,49.7587,168.5075
4265.7,49.793,168.5239
4266.3,49.8274,168.5403
4266.9,49.8617,168.5568
4267.5,49.896,168.5733
4268.1,49.9304,168.5898
4268.7,49.9647,168.6063
4269.4,49.999,168.6228
4270.0,50.0333,168.6394
4270.6,50.0676,168.6561
4271.2,50.1019,168.6727
4271.8,50.1362,168.6894
4272.4,50.1705,168.7061
4273.0,50.2048,168.7228
4273.6,50.2391,168.7395
4274.3,50.2734,168.7563
4274.9,50.3077,168.7731
4275.5,50.342,168.79
4276.1,50.3763,168.8068
4276.7,50.4106,168.8237
4277.3,50.4448,168.8407
4277.9,50.4791,168.8576
4278.6,50.5134,168.8746
4279.2,50.5476,168.8916
4279.8,50.5819,168.9086
4280.4,50.6161,168.9257
4281.0,50.6504,168.9428
4281.6,50.6847,168.9599
4282.2,50.7189,168.9771
4282.8,50.7531,168.9942
4283.5,50.7874,169.0114
4284.1,50.8216,169.0287
4284.7,50.8558,169.0459
4285.3,50.8901,169.0632
4285.9,50.9243,169.0806
4286.5,50.9585,169.0979
4287.1,50.9927,169.1153
4287.7,51.027,169.1327
4288.4,51.0612,169.1502
4289.0,51.0954,169.1676
4289.6,51.1296,169.1852
4290.2,51.1638,169.2027
4290.8,51.198,169.2203
4291.4,51.2322,169.2379
4292.0,51.2663,169.2555
4292.6,51.3005,169.2731
4293.3,51.3347,169.2908
4293.9,51.3689,169.3085
4294.5,51.4031,169.3263
4295.1,51.4372,169.3441
4295.7,51.4714,169.3619
4296.3,51.5056,169.3797
4296.9,51.5397,169.3976
4297.5,51.5739,169.4155
4298.2,51.608,169.4334
4298.8,51.6422,169.4514
4299.4,51.6763,169.4693
4300.0,51.7105,169.4874
4300.6,51.7446,169.5054
4301.2,51.7787,169.5235
4301.8,51.8129,169.5416
4302.5,51.847,169.5598
4303.1,51.8811,169.578
4303.7,51.9152,169.5962
4304.3,51.9493,169.6144
4304.9,51.9834,169.6327
4305.5,52.0175,169.651
4306.1,52.0516,169.6693
4306.7,52.0857,169.6877
4307.4,52.1198,169.7061
4308.0,52.1539,169.7245
4308.6,52.188,169.743
4309.2,52.2221,169.7615
4309.8,52.2562,169.7801
4310.4,52.2902,169.7986
4311.0,52.3243,169.8172
4311.6,52.3584,169.8359
4312.3,52.3924,169.8545
4312.9,52.4265,169.8732
4313.5,52.4605,169.892
4314.1,52.4946,169.9107
4314.7,52.5286,169.9295
4315.3,52.5627,169.9483
4315.9,52.5967,169.9672
4316.5,52.6308,169.9861
4317.2,52.6648,170.005
4317.8,52.6988,170.024
4318.4,52.7328,170.043
4319.0,52.7668,170.062
4319.6,52.8009,170.0811
4320.2,52.8349,170.1002
4320.8,52.8689,170.1193
4321.5,52.9029,170.1385
4322.1,52.9369,170.1577
4322.7,52.9709,170.1769
4323.3,53.0048,170.1962
4323.9,53.0388,170.2155
4324.5,53.0728,170.2349
4325.1,53.1068,170.2542
4325.7,53.1407,170.2737
4326.4,53.1747,170.2931
4327.0,53.2087,170.3126
4327.6,53.2426,170.3321
4328.2,53.2766,170.3516
4328.8,53.3105,170.3712
4329.4,53.3445,170.3909
4330.0,53.3784,170.4105
4330.6,53.4124,170.4302
4331.3,53.4463,170.4499
4331.9,53.4802,170.4697
4332.5,53.5141,170.4895
4107.0,40.804,165.0395
4107.6,40.839,165.0507
4108.2,40.874,165.062
4108.8,40.9089,165.0732
4109.4,40.9439,165.0845
4110.0,40.9789,165.0958
4110.6,41.0139,165.1071
4111.2,41.0488,165.1184
4111.9,41.0838,165.1297
4112.5,41.1187,165.1411
4113.1,41.1537,165.1524
4113.7,41.1887,165.1638
4114.3,41.2236,165.1752
4114.9,41.2586,165.1866
4115.5,41.2935,165.198
4116.1,41.3285,165.2094
4116.8,41.3634,165.2209
4117.4,41.3984,165.2323
4118.0,41.4333,165.2438
4118.6,41.4683,165.2553
4119.2,41.5032,165.2668
4119.8,41.5381,165.2783
4120.4,41.5731,165.2899
4121.0,41.608,165.3014
4121.7,41.6429,165.313
4122.3,41.6779,165.3246
4122.9,41.7128,165.3362
4123.5,41.7477,165.3478
4124.1,41.7827,165.3594
4124.7,41.8176,165.3711
4125.3,41.8525,165.3827
4125.9,41.8874,165.3944
4126.6,41.9223,165.4061
4127.2,41.9572,165.4178
4127.8,41.9922,165.4295
4128.4,42.0271,165.4413
4129.0,42.062,165.453
4129.6,42.0969,165.4648
4130.2,42.1318,165.4766
4130.9,42.1667,165.4884
4131.5,42.2016,165.5002
4132.1,42.2365,165.5121
4132.7,42.2714,165.5239
4133.3,42.3063,165.5358
4133.9,42.3412,165.5477
4134.5,42.3761,165.5596
4135.1,42.411,165.5715
4135.8,42.4459,165.5834
4136.4,42.4807,165.5954
4137.0,42.5156,165.6073
4137.6,42.5505,165.6193
4138.2,42.5854,165.6313
4138.8,42.6203,165.6433
4139.4,42.6551,165.6554
4140.0,42.69,165.6674
4140.7,42.7249,165.6795
4141.3,42.7598,165.6916
4141.9,42.7946,165.7037
4142.5,42.8295,165.7158
4143.1,42.8643,165.7279
4143.7,42.8992,165.7401
4144.3,42.9341,165.7522
4144.9,42.9689,165.7644
4145.6,43.0038,165.7766
4146.2,43.0386,165.7888
4146.8,43.0735,165.8011
4147.4,43.1083,165.8133
4148.0,43.1432,165.8256
4148.6,43.178,165.8379
4149.2,43.2129,165.8502
4149.8,43.2477,165.8625
4150.5,43.2825,165.8748
4151.1,43.3174,165.8872
4151.7,43.3522,165.8996
4152.3,43.387,165.912
4152.9,43.4219,165.9244
4153.5,43.4567,165.9368
4154.1,43.4915,165.9492
4154.8,43.5263,165.9617
4155.4,43.5611,165.9742
4156.0,43.596,165.9866
4156.6,43.6308,165.9992
4157.2,43.6656,166.0117
4157.8,43.7004,166.0242
4158.4,43.7352,166.0368
4159.0,43.77,166.0494
4159.7,43.8048,166.062
4160.3,43.8396,166.0746
4160.9,43.8744,166.0872
4161.5,43.9092,166.0999
4162.1,43.944,166.1125
4162.7,43.9788,166.1252
4163.3,44.0136,166.1379
4163.9,44.0484,166.1507
4164.6,44.0832,166.1634
4165.2,44.118,166.1762
4165.8,44.1527,166.1889
4166.4,44.1875,166.2018
4167.0,44.2223,166.2146
4167.6,44.2571,166.2274
4168.2,44.2918,166.2402
4168.8,44.3266,166.2531
4169.5,44.3614,166.266
4170.1,44.3961,166.2789
4170.7,44.4309,166.2918
4171.3,44.4657,166.3048
4171.9,44.5004,166.3177
4172.5,44.5352,166.3307
4173.1,44.5699,166.3437
4173.8,44.6047,166.3568
4174.4,44.6394,166.3698
4175.0,44.6742,166.3829
4175.6,44.7089,166.3959
4176.2,44.7437,166.409
4176.8,44.7784,166.4221
4177.4,44.8132,166.4353
4178.0,44.8479,166.4484
4178.7,44.8826,166.4616
4179.3,44.9174,166.4748
4179.9,44.9521,166.488
4180.5,44.9868,166.5012
4181.1,45.0215,166.5145
4181.7,45.0563,166.5277
4182.3,45.091,166.541
4182.9,45.1257,166.5543
4183.6,45.1604,166.5677
4184.2,45.1951,166.581
4184.8,45.2298,166.5944
4185.4,45.2645,166.6078
4186.0,45.2992,166.6212
4186.6,45.3339,166.6346
4187.2,45.3686,166.648
4187.8,45.4033,166.6615
4188.5,45.438,166.675
4189.1,45.4727,166.6885
4189.7,45.5074,166.702
4190.3,45.5421,166.7155
4190.9,45.5768,166.7291
4191.5,45.6115,166.7427
4192.1,45.6461,166.7563
4192.8,45.6808,166.7699
4193.4,45.7155,166.7836
4194.0,45.7502,166.7972
4194.6,45.7848,166.8109
4195.2,45.8195,166.8246
4195.8,45.8542,166.8383
4196.4,45.8888,166.8521
4197.0,45.9235,166.8659
4197.7,45.9581,166.8797
4198.3,45.9928,166.8935
4198.9,46.0274,166.9073
4199.5,46.0621,166.9211
4200.1,46.0967,166.935
4200.7,46.1314,166.9489
4201.3,46.166,166.9628
4201.9,46.2007,166.9767
4202.6,46.2353,166.9907
4203.2,46.2699,167.0047
4203.8,46.3046,167.0187
4204.4,46.3392,167.0327
4205.0,46.3738,167.0467
4205.6,46.4084,167.0608
4206.2,46.4431,167.0749
4206.8,46.4777,167.089
4207.5,46.5123,167.1031
4208.1,46.5469,167.1172
4208.7,46.5815,167.1314
4209.3,46.6161,167.1456
4209.9,46.6507,167.1598
4210.5,46.6853,167.174
4211.1,46.7199,167.1883
4211.7,46.7545,167.2026
4212.4,46.7891,167.2168
4213.0,46.8237,167.2312
4213.6,46.8583,167.2455
4214.2,46.8929,167.2599
4214.8,46.9275,167.2743
4215.4,46.962,167.2887
4216.0,46.9966,167.3031
4216.7,47.0312,167.3175
4217.3,47.0658,167.332
4217.9,47.1003,167.3465
4218.5,47.1349,167.361
4219.1,47.1695,167.3756
4219.7,47.204,167.3901
4220.3,47.2386,167.4047
4220.9,47.2731,167.4193
4221.6,47.3077,167.4339
4222.2,47.3422,167.4486
4222.8,47.3768,167.4633
4223.4,47.4113,167.478
4224.0,47.4459,167.4927
4224.6,47.4804,167.5074
4225.2,47.515,167.5222
4225.8,47.5495,167.537
4226.5,47.584,167.5518
4227.1,47.6185,167.5666
4227.7,47.6531,167.5815
4228.3,47.6876,167.5964
4228.9,47.7221,167.6113
4229.5,47.7566,167.6262
4230.1,47.7911,167.6412
4230.7,47.8256,167.6561
4231.4,47.8602,167.6711
4232.0,47.8947,167.6862
4232.6,47.9292,167.7012
4233.2,47.9637,167.7163
4233.8,47.9982,167.7314
4234.4,48.0326,167.7465
4235.0,48.0671,167.7616
4235.7,48.1016,167.7768
4236.3,48.1361,167.792
4236.9,48.1706,167.8072
4237.5,48.2051,167.8224
4238.1,48.2395,167.8377
4238.7,48.274,167.853
4239.3,48.3085,167.8683
4239.9,48.3429,167.8836
4240.6,48.3774,167.899
4241.2,48.4119,167.9144
4241.8,48.4463,167.9298
4242.4,48.4808,167.9452
4243.0,48.5152,167.9607
4243.6,48.5497,167.9761
4244.2,48.5841,167.9916
4244.8,48.6186,168.0072
4245.5,48.653,168.0227
4246.1,48.6874,168.0383
4246.7,48.7219,168.0539
4247.3,48.7563,168.0695
4247.9,48.7907,168.0852
4248.5,48.8252,168.1009
4249.1,48.8596,168.1166
4249.7,48.894,168.1323
4250.4,48.9284,168.1481
4251.0,48.9628,168.1639
4251.6,48.9972,168.1797
4252.2,49.0316,168.1955
4252.8,49.066,168.2114
4253.4,49.1004,168.2272
4254.0,49.1348,168.2431
4254.6,49.1692,168.2591
4255.3,49.2036,168.2751
4255.9,49.238,168.291
4256.5,49.2724,168.3071
4257.1,49.3068,168.3231
4257.7,49.3411,168.3392
4258.3,49.3755,168.3553
4258.9,49.4099,168.3714
4259.6,49.4442,168.3875
4260.2,49.4786,168.4037
4260.8,49.513,168.4199
4261.4,49.5473,168.4361
4262.0,49.5817,168.4524
4262.6,49.616,168.4686
4263.2,49.6504,168.4849
4263.8,49.6847,168.5013
4264.5,49.719,168.5176
4265.1,49.7534,168.534
4265.7,49.7877,168.5504
4266.3,49.822,168.5669
4266.9,49.8564,168.5833
4267.5,49.8907,168.5998
4268.1,49.925,168.6163
4268.7,49.9593,168.6329
4269.4,49.9937,168.6495
4270.0,50.028,168.6661
4270.6,50.0623,168.6827
4271.2,50.0966,168.6994
4271.8,50.1309,168.7161
4272.4,50.1652,168.7328
4273.0,50.1995,168.7495
4273.6,50.2337,168.7663
4274.3,50.268,168.7831
4274.9,50.3023,168.7999
4275.5,50.3366,168.8168
4276.1,50.3709,168.8336
4276.7,50.4051,168.8506
4277.3,50.4394,168.8675
4277.9,50.4737,168.8845
4278.6,50.5079,168.9015
4279.2,50.5422,168.9185
4279.8,50.5765,168.9355
4280.4,50.6107,168.9526
4281.0,50.645,168.9697
4281.6,50.6792,168.9869
4282.2,50.7134,169.004
4282.8,50.7477,169.0212
4283.5,50.7819,169.0385
4284.1,50.8161,169.0557
4284.7,50.8504,169.073
4285.3,50.8846,169.0903
4285.9,50.9188,169.1077
4286.5,50.953,169.125
4287.1,50.9872,169.1424
4287.7,51.0215,169.1599
4288.4,51.0557,169.1773
4289.0,51.0899,169.1948
4289.6,51.1241,169.2123
4290.2,51.1582,169.2299
4290.8,51.1924,169.2475
4291.4,51.2266,169.2651
4292.0,51.2608,169.2827
4292.6,51.295,169.3004
4293.3,51.3292,169.3181
4293.9,51.3633,169.3358
4294.5,51.3975,169.3536
4295.1,51.4317,169.3714
4295.7,51.4658,169.3892
4296.3,51.5,169.4071
4296.9,51.5341,169.425
4297.5,51.5683,169.4429
4298.2,51.6024,169.4608
4298.8,51.6366,169.4788
4299.4,51.6707,169.4968
4300.0,51.7048,169.5149
4300.6,51.739,169.5329
4301.2,51.7731,169.551
4301.8,51.8072,169.5692
4302.5,51.8413,169.5873
4303.1,51.8755,169.6055
4303.7,51.9096,169.6238
4304.3,51.9437,169.642
4304.9,51.9778,169.6603
4305.5,52.0119,169.6786
4306.1,52.046,169.697
4306.7,52.0801,169.7154
4307.4,52.1142,169.7338
4308.0,52.1482,169.7523
4308.6,52.1823,169.7708
4309.2,52.2164,169.7893
4309.8,52.2505,169.8078
4310.4,52.2845,169.8264
4311.0,52.3186,169.845
4311.6,52.3527,169.8637
4312.3,52.3867,169.8824
4312.9,52.4208,169.9011
4313.5,52.4548,169.9198
4314.1,52.4889,169.9386
4314.7,52.5229,169.9574
4315.3,52.5569,169.9763
4315.9,52.591,169.9952
4316.5,52.625,170.0141
4317.2,52.659,170.033
4317.8,52.693,170.052
4318.4,52.727,170.071
4319.0,52.7611,170.0901
4319.6,52.7951,170.1092
4320.2,52.8291,170.1283
4320.8,52.8631,170.1474
4321.5,52.8971,170.1666
4322.1,52.931,170.1859
4322.7,52.965,170.2051
4323.3,52.999,170.2244
4323.9,53.033,170.2437
4324.5,53.067,170.2631
4325.1,53.1009,170.2825
4325.7,53.1349,170.3019
4326.4,53.1689,170.3214
4327.0,53.2028,170.3409
4327.6,53.2368,170.3604
4328.2,53.2707,170.38
4328.8,53.3047,170.3996
4329.4,53.3386,170.4192
4330.0,53.3725,170.4389
4330.6,53.4065,170.4586
4331.3,53.4404,170.4784
4331.9,53.4743,170.4981
4107.0,40.7998,165.0625
4107.6,40.8347,165.0738
4108.2,40.8697,165.085
4108.8,40.9047,165.0963
4109.4,40.9396,165.1076
4110.0,40.9746,165.1189
4110.6,41.0096,165.1302
4111.2,41.0445,165.1415
4111.9,41.0795,165.1528
4112.5,41.1144,165.1642
4113.1,41.1494,165.1755
4113.7,41.1844,165.1869
4114.3,41.2193,165.1983
4114.9,41.2543,165.2097
4115.5,41.2892,165.2212
4116.1,41.3242,165.2326
4116.8,41.3591,165.2441
4117.4,41.394,165.2555
4118.0,41.429,165.267
4118.6,41.4639,165.2785
4119.2,41.4989,165.2901
4119.8,41.5338,165.3016
4120.4,41.5687,165.3131
4121.0,41.6037,165.3247
4121.7,41.6386,165.3363
4122.3,41.6735,165.3479
4122.9,41.7085,165.3595
4123.5,41.7434,165.3711
4124.1,41.7783,165.3828
4124.7,41.8132,165.3944
4125.3,41.8481,165.4061
4125.9,41.883,165.4178
4126.6,41.918,165.4295
4127.2,41.9529,165.4412
4127.8,41.9878,165.4529
4128.4,42.0227,165.4647
4129.0,42.0576,165.4765
4129.6,42.0925,165.4883
4130.2,42.1274,165.5001
4130.9,42.1623,165.5119
4131.5,42.1972,165.5237
4132.1,42.2321,165.5356
4132.7,42.267,165.5474
4133.3,42.3019,165.5593
4133.9,42.3368,165.5712
4134.5,42.3717,165.5831
4135.1,42.4065,165.595
4135.8,42.4414,165.607
4136.4,42.4763,165.619
4137.0,42.5112,165.6309
4137.6,42.5461,165.6429
4138.2,42.5809,165.6549
4138.8,42.6158,165.667
4139.4,42.6507,165.679
4140.0,42.6856,165.6911
4140.7,42.7204,165.7032
4141.3,42.7553,165.7153
4141.9,42.7902,165.7274
4142.5,42.825,165.7395
4143.1,42.8599,165.7516
4143.7,42.8947,165.7638
4144.3,42.9296,165.776
4144.9,42.9644,165.7882
4145.6,42.9993,165.8004
4146.2,43.0341,165.8126
4146.8,43.069,165.8249
4147.4,43.1038,165.8371
4148.0,43.1387,165.8494
4148.6,43.1735,165.8617
4149.2,43.2083,165.874
4149.8,43.2432,165.8863
4150.5,43.278,165.8987
4151.1,43.3128,165.9111
4151.7,43.3477,165.9234
4152.3,43.3825,165.9358
4152.9,43.4173,165.9483
4153.5,43.4521,165.9607
4154.1,43.487,165.9731
4154.8,43.5218,165.9856
4155.4,43.5566,165.9981
4156.0,43.5914,166.0106
4156.6,43.6262,166.0231
4157.2,43.661,166.0357
4157.8,43.6958,166.0482
4158.4,43.7306,166.0608
4159.0,43.7654,166.0734
4159.7,43.8003,166.086
4160.3,43.835,166.0986
4160.9,43.8698,166.1113
4161.5,43.9046,166.124
4162.1,43.9394,166.1366
4162.7,43.9742,166.1493
4163.3,44.009,166.1621
4163.9,44.0438,166.1748
4164.6,44.0786,166.1875
4165.2,44.1134,166.2003
4165.8,44.1481,166.2131
4166.4,44.1829,166.2259
4167.0,44.2177,166.2388
4167.6,44.2525,166.2516
4168.2,44.2872,166.2645
4168.8,44.322,166.2774
4169.5,44.3568,166.2903
4170.1,44.3915,166.3032
4170.7,44.4263,166.3161
4171.3,44.461,166.3291
4171.9,44.4958,166.3421
4172.5,44.5305,166.355
4173.1,44.5653,166.3681
4173.8,44.6,166.3811
4174.4,44.6348,166.3941
4175.0,44.6695,166.4072
4175.6,44.7043,166.4203
4176.2,44.739,166.4334
4176.8,44.7737,166.4465
4177.4,44.8085,166.4597
4178.0,44.8432,166.4729
4178.7,44.8779,166.486
4179.3,44.9127,166.4992
4179.9,44.9474,166.5125
4180.5,44.9821,166.5257
4181.1,45.0168,166.539
4181.7,45.0515,166.5522
4182.3,45.0863,166.5656
4182.9,45.121,166.5789
4183.6,45.1557,166.5922
4184.2,45.1904,166.6056
4184.8,45.2251,166.6189
4185.4,45.2598,166.6323
4186.0,45.2945,166.6458
4186.6,45.3292,166.6592
4187.2,45.3639,166.6727
4187.8,45.3986,166.6861
4188.5,45.4333,166.6996
4189.1,45.468,166.7132
4189.7,45.5026,166.7267
4190.3,45.5373,166.7402
4190.9,45.572,166.7538
4191.5,45.6067,166.7674
4192.1,45.6414,166.781
4192.8,45.676,166.7947
4193.4,45.7107,166.8083
4194.0,45.7454,166.822
4194.6,45.78,166.8357
4195.2,45.8147,166.8494
4195.8,45.8494,166.8632
4196.4,45.884,166.8769
4197.0,45.9187,166.8907
4197.7,45.9533,166.9045
4198.3,45.988,166.9183
4198.9,46.0226,166.9322
4199.5,46.0573,166.946
4200.1,46.0919,166.9599
4200.7,46.1265,166.9738
4201.3,46.1612,166.9877
4201.9,46.1958,167.0017
4202.6,46.2304,167.0157
4203.2,46.2651,167.0296
4203.8,46.2997,167.0437
4204.4,46.3343,167.0577
4205.0,46.369,167.0717
4205.6,46.4036,167.0858
4206.2,46.4382,167.0999
4206.8,46.4728,167.114
4207.5,46.5074,167.1282
4208.1,46.542,167.1423
4208.7,46.5766,167.1565
4209.3,46.6112,167.1707
4209.9,46.6458,167.1849
4210.5,46.6804,167.1992
4211.1,46.715,167.2134
4211.7,46.7496,167.2277
4212.4,46.7842,167.2421
4213.0,46.8188,167.2564
4213.6,46.8534,167.2707
4214.2,46.888,167.2851
4214.8,46.9225,167.2995
4215.4,46.9571,167.3139
4216.0,46.9917,167.3284
4216.7,47.0263,167.3428
4217.3,47.0608,167.3573
4217.9,47.0954,167.3718
4218.5,47.1299,167.3864
4219.1,47.1645,167.4009
4219.7,47.1991,167.4155
4220.3,47.2336,167.4301
4220.9,47.2682,167.4447
4221.6,47.3027,167.4594
4222.2,47.3373,167.474
4222.8,47.3718,167.4887
4223.4,47.4063,167.5034
4224.0,47.4409,167.5182
4224.6,47.4754,167.5329
4225.2,47.5099,167.5477
4225.8,47.5445,167.5625
4226.5,47.579,167.5773
4227.1,47.6135,167.5922
4227.7,47.648,167.6071
4228.3,47.6826,167.6219
4228.9,47.7171,167.6369
4229.5,47.7516,167.6518
4230.1,47.7861,167.6668
4230.7,47.8206,167.6818
4231.4,47.8551,167.6968
4232.0,47.8896,167.7118
4232.6,47.9241,167.7269
4233.2,47.9586,167.742
4233.8,47.9931,167.7571
4234.4,48.0276,167.7722
4235.0,48.0621,167.7874
4235.7,48.0965,167.8026
4236.3,48.131,167.8177
4236.9,48.1655,167.833
4237.5,48.2,167.8482
4238.1,48.2344,167.8635
4238.7,48.2689,167.8788
4239.3,48.3034,167.8941
4239.9,48.3378,167.9095
4240.6,48.3723,167.9249
4241.2,48.4067,167.9402
4241.8,48.4412,167.9557
4242.4,48.4756,167.9711
4243.0,48.5101,167.9866
4243.6,48.5445,168.0021
4244.2,48.579,168.0176
4244.8,48.6134,168.0332
4245.5,48.6478,168.0487
4246.1,48.6823,168.0643
4246.7,48.7167,168.08
4247.3,48.7511,168.0956
4247.9,48.7855,168.1113
4248.5,48.82,168.127
4249.1,48.8544,168.1427
4249.7,48.8888,168.1584
4250.4,48.9232,168.1742
4251.0,48.9576,168.19
4251.6,48.992,168.2058
4252.2,49.0264,168.2217
4252.8,49.0608,168.2375
4253.4,49.0952,168.2534
4254.0,49.1296,168.2694
4254.6,49.164,168.2853
4255.3,49.1984,168.3013
4255.9,49.2327,168.3173
4256.5,49.2671,168.3333
4257.1,49.3015,168.3494
4257.7,49.3359,168.3655
4258.3,49.3702,168.3816
4258.9,49.4046,168.3977
4259.6,49.439,168.4139
4260.2,49.4733,168.4301
4260.8,49.5077,168.4463
4261.4,49.542,168.4625
4262.0,49.5764,168.4788
4262.6,49.6107,168.4951
4263.2,49.6451,168.5114
4263.8,49.6794,168.5278
4264.5,49.7137,168.5441
4265.1,49.7481,168.5605
4265.7,49.7824,168.577
4266.3,49.8167,168.5934
4266.9,49.851,168.6099
4267.5,49.8854,168.6264
4268.1,49.9197,168.6429
4268.7,49.954,168.6595
4269.4,49.9883,168.6761
4270.0,50.0226,168.6927
4270.6,50.0569,168.7094
4271.2,50.0912,168.726
4271.8,50.1255,168.7428
4272.4,50.1598,168.7595
4273.0,50.1941,168.7762
4273.6,50.2284,168.793
4274.3,50.2626,168.8098
4274.9,50.2969,168.8267
4275.5,50.3312,168.8436
4276.1,50.3655,168.8605
4276.7,50.3997,168.8774
4277.3,50.434,168.8943
4277.9,50.4683,168.9113
4278.6,50.5025,168.9283
4279.2,50.5368,168.9454
4279.8,50.571,168.9624
4280.4,50.6053,168.9796
4281.0,50.6395,168.9967
4281.6,50.6737,169.0138
4282.2,50.708,169.031
4282.8,50.7422,169.0482
4283.5,50.7764,169.0655
4284.1,50.8107,169.0827
4284.7,50.8449,169.1001
4285.3,50.8791,169.1174
4285.9,50.9133,169.1347
4286.5,50.9475,169.1521
4287.1,50.9817,169.1696
4287.7,51.0159,169.187
4288.4,51.0501,169.2045
4289.0,51.0843,169.222
4289.6,51.1185,169.2395
4290.2,51.1527,169.2571
4290.8,51.1869,169.2747
4291.4,51.2211,169.2923
4292.0,51.2553,169.31
4292.6,51.2894,169.3277
4293.3,51.3236,169.3454
4293.9,51.3578,169.3631
4294.5,51.3919,169.3809
4295.1,51.4261,169.3987
4295.7,51.4603,169.4166
4296.3,51.4944,169.4344
4296.9,51.5286,169.4524
4297.5,51.5627,169.4703
4298.2,51.5968,169.4883
4298.8,51.631,169.5063
4299.4,51.6651,169.5243
4300.0,51.6992,169.5423
4300.6,51.7334,169.5604
4301.2,51.7675,169.5786
4301.8,51.8016,169.5967
4302.5,51.8357,169.6149
4303.1,51.8698,169.6331
4303.7,51.9039,169.6514
4304.3,51.938,169.6696
4304.9,51.9721,169.688
4305.5,52.0062,169.7063
4306.1,52.0403,169.7247
4306.7,52.0744,169.7431
4307.4,52.1085,169.7615
4308.0,52.1426,169.78
4308.6,52.1766,169.7985
4309.2,52.2107,169.817
4309.8,52.2448,169.8356
4310.4,52.2788,169.8542
4311.0,52.3129,169.8728
4311.6,52.3469,169.8915
4312.3,52.381,169.9102
4312.9,52.415,169.929
4313.5,52.4491,169.9477
4314.1,52.4831,169.9665
4314.7,52.5171,169.9854
4315.3,52.5512,170.0042
4315.9,52.5852,170.0231
4316.5,52.6192,170.0421
4317.2,52.6532,170.061
4317.8,52.6873,170.08
4318.4,52.7213,170.0991
4319.0,52.7553,170.1181
4319.6,52.7893,170.1372
4320.2,52.8233,170.1564
4320.8,52.8573,170.1755
4321.5,52.8912,170.1947
4322.1,52.9252,170.214
4322.7,52.9592,170.2333
4323.3,52.9932,170.2526
4323.9,53.0272,170.2719
4324.5,53.0611,170.2913
4325.1,53.0951,170.3107
4325.7,53.129,170.3302
4326.4,53.163,170.3496
4327.0,53.197,170.3692
4327.6,53.2309,170.3887
4328.2,53.2648,170.4083
4328.8,53.2988,170.4279
4329.4,53.3327,170.4476
4330.0,53.3666,170.4673
4330.6,53.4006,170.487
4107.0,40.7955,165.0856
4107.6,40.8305,165.0968
4108.2,40.8654,165.1081
4108.8,40.9004,165.1193
4109.4,40.9354,165.1306
4110.0,40.9703,165.1419
4110.6,41.0053,165.1532
4111.2,41.0402,165.1646
4111.9,41.0752,165.1759
4112.5,41.1101,165.1873
4113.1,41.1451,165.1987
4113.7,41.1801,165.2101
4114.3,41.215,165.2215
4114.9,41.25,165.2329
4115.5,41.2849,165.2443
4116.1,41.3198,165.2558
4116.8,41.3548,165.2673
4117.4,41.3897,165.2787
4118.0,41.4247,165.2903
4118.6,41.4596,165.3018
4119.2,41.4945,165.3133
4119.8,41.5295,165.3248
4120.4,41.5644,165.3364
4121.0,41.5993,165.348
4121.7,41.6342,165.3596
4122.3,41.6692,165.3712
4122.9,41.7041,165.3828
4123.5,41.739,165.3944
4124.1,41.7739,165.4061
4124.7,41.8088,165.4178
4125.3,41.8438,165.4295
4125.9,41.8787,165.4412
4126.6,41.9136,165.4529
4127.2,41.9485,165.4646
4127.8,41.9834,165.4763
4128.4,42.0183,165.4881
4129.0,42.0532,165.4999
4129.6,42.0881,165.5117
4130.2,42.123,165.5235
4130.9,42.1579,165.5353
4131.5,42.1928,165.5472
4132.1,42.2277,165.5591
4132.7,42.2626,165.5709
4133.3,42.2975,165.5828
4133.9,42.3324,165.5947
4134.5,42.3672,165.6067
4135.1,42.4021,165.6186
4135.8,42.437,165.6306
4136.4,42.4719,165.6425
4137.0,42.5068,165.6545
4137.6,42.5416,165.6665
4138.2,42.5765,165.6785
4138.8,42.6114,165.6906
4139.4,42.6462,165.7027
4140.0,42.6811,165.7147
4140.7,42.716,165.7268
4141.3,42.7508,165.7389
4141.9,42.7857,165.751
4142.5,42.8205,165.7632
4143.1,42.8554,165.7753
4143.7,42.8903,165.7875
4144.3,42.9251,165.7997
4144.9,42.96,165.8119
4145.6,42.9948,165.8241
4146.2,43.0296,165.8364
4146.8,43.0645,165.8486
4147.4,43.0993,165.8609
4148.0,43.1342,165.8732
4148.6,43.169,165.8855
4149.2,43.2038,165.8978
4149.8,43.2387,165.9102
4150.5,43.2735,165.9225
4151.1,43.3083,165.9349
4151.7,43.3431,165.9473
4152.3,43.378,165.9597
4152.9,43.4128,165.9722
4153.5,43.4476,165.9846
4154.1,43.4824,165.9971
4154.8,43.5172,166.0096
4155.4,43.5521,166.022
4156.0,43.5869,166.0346
4156.6,43.6217,166.0471
4157.2,43.6565,166.0597
4157.8,43.6913,166.0722
4158.4,43.7261,166.0848
4159.0,43.7609,166.0974
4159.7,43.7957,166.11
4160.3,43.8305,166.1227
4160.9,43.8653,166.1353
4161.5,43.9001,166.148
4162.1,43.9348,166.1607
4162.7,43.9696,166.1734
4163.3,44.0044,166.1862
4163.9,44.0392,166.1989
4164.6,44.074,166.2117
4165.2,44.1087,166.2245
4165.8,44.1435,166.2373
4166.4,44.1783,166.2501
4167.0,44.2131,166.2629
4167.6,44.2478,166.2758
4168.2,44.2826,166.2887
4168.8,44.3174,166.3016
4169.5,44.3521,166.3145
4170.1,44.3869,166.3274
4170.7,44.4216,166.3404
4171.3,44.4564,166.3533
4171.9,44.4911,166.3663
4172.5,44.5259,166.3793
4173.1,44.5606,166.3924
4173.8,44.5954,166.4054
4174.4,44.6301,166.4185
4175.0,44.6649,166.4316
4175.6,44.6996,166.4447
4176.2,44.7343,166.4578
4176.8,44.7691,166.4709
4177.4,44.8038,166.4841
4178.0,44.8385,166.4973
4178.7,44.8732,166.5105
4179.3,44.908,166.5237
4179.9,44.9427,166.5369
4180.5,44.9774,166.5502
4181.1,45.0121,166.5635
4181.7,45.0468,166.5768
4182.3,45.0815,166.5901
4182.9,45.1162,166.6034
4183.6,45.151,166.6167
4184.2,45.1857,166.6301
4184.8,45.2204,166.6435
4185.4,45.2551,166.6569
4186.0,45.2898,166.6704
4186.6,45.3244,166.6838
4187.2,45.3591,166.6973
4187.8,45.3938,166.7108
4188.5,45.4285,166.7243
4189.1,45.4632,166.7378
4189.7,45.4979,166.7514
4190.3,45.5326,166.7649
4190.9,45.5672,166.7785
4191.5,45.6019,166.7921
4192.1,45.6366,166.8058
4192.8,45.6712,166.8194
4193.4,45.7059,166.8331
4194.0,45.7406,166.8468
4194.6,45.7752,166.8605
4195.2,45.8099,166.8742
4195.8,45.8446,166.888
4196.4,45.8792,166.9017
4197.0,45.9139,166.9155
4197.7,45.9485,166.9294
4198.3,45.9831,166.9432
4198.9,46.0178,166.957
4199.5,46.0524,166.9709
4200.1,46.0871,166.9848
4200.7,46.1217,166.9987
4201.3,46.1563,167.0127
4201.9,46.191,167.0266
4202.6,46.2256,167.0406
4203.2,46.2602,167.0546
4203.8,46.2948,167.0686
4204.4,46.3295,167.0827
4205.0,46.3641,167.0968
4205.6,46.3987,167.1109
4206.2,46.4333,167.125
4206.8,46.4679,167.1391
4207.5,46.5025,167.1532
4208.1,46.5371,167.1674
4208.7,46.5717,167.1816
4209.3,46.6063,167.1958
4209.9,46.6409,167.2101
4210.5,46.6755,167.2243
4211.1,46.7101,167.2386
4211.7,46.7447,167.2529
4212.4,46.7793,167.2672
4213.0,46.8139,167.2816
4213.6,46.8484,167.2959
4214.2,46.883,167.3103
4214.8,46.9176,167.3248
4215.4,46.9522,167.3392
4216.0,46.9867,167.3537
4216.7,47.0213,167.3681
4217.3,47.0559,167.3826
4217.9,47.0904,167.3972
4218.5,47.125,167.4117
4219.1,47.1595,167.4263
4219.7,47.1941,167.4409
4220.3,47.2286,167.4555
4220.9,47.2632,167.4701
4221.6,47.2977,167.4848
4222.2,47.3323,167.4995
4222.8,47.3668,167.5141
4223.4,47.4013,167.5289
4224.0,47.4359,167.5436
4224.6,47.4704,167.5584
4225.2,47.5049,167.5732
4225.8,47.5395,167.588
4226.5,47.574,167.6029
4227.1,47.6085,167.6177
4227.7,47.643,167.6326
4228.3,47.6775,167.6475
4228.9,47.712,167.6625
4229.5,47.7465,167.6774
4230.1,47.781,167.6924
4230.7,47.8155,167.7074
4231.4,47.85,167.7224
4232.0,47.8845,167.7375
4232.6,47.919,167.7526
4233.2,47.9535,167.7677
4233.8,47.988,167.7828
4234.4,48.0225,167.7979
4235.0,48.057,167.8131
4235.7,48.0914,167.8283
4236.3,48.1259,167.8435
4236.9,48.1604,167.8588
4237.5,48.1949,167.874
4238.1,48.2293,167.8893
4238.7,48.2638,167.9046
4239.3,48.2982,167.92
4239.9,48.3327,167.9353
4240.6,48.3672,167.9507
4241.2,48.4016,167.9661
4241.8,48.4361,167.9816
4242.4,48.4705,167.997
4243.0,48.5049,168.0125
4243.6,48.5394,168.028
4244.2,48.5738,168.0436
4244.8,48.6082,168.0591
4245.5,48.6427,168.0747
4246.1,48.6771,168.0903
4246.7,48.7115,168.106
4247.3,48.7459,168.1216
4247.9,48.7804,168.1373
4248.5,48.8148,168.153
4249.1,48.8492,168.1688
4249.7,48.8836,168.1845
4250.4,48.918,168.2003
4251.0,48.9524,168.2161
4251.6,48.9868,168.232
4252.2,49.0212,168.2478
4252.8,49.0556,168.2637
4253.4,49.09,168.2796
4254.0,49.1244,168.2956
4254.6,49.1587,168.3116
4255.3,49.1931,168.3276
4255.9,49.2275,168.3436
4256.5,49.2619,168.3596
4257.1,49.2962,168.3757
4257.7,49.3306,168.3918
4258.3,49.365,168.4079
4258.9,49.3993,168.4241
4259.6,49.4337,168.4402
4260.2,49.468,168.4565
4260.8,49.5024,168.4727
4261.4,49.5367,168.4889
4262.0,49.5711,168.5052
4262.6,49.6054,168.5215
4263.2,49.6398,168.5379
4263.8,49.6741,168.5542
4264.5,49.7084,168.5706
4265.1,49.7427,168.587
4265.7,49.7771,168.6035
4266.3,49.8114,168.6199
4266.9,49.8457,168.6365
4267.5,49.88,168.653
4268.1,49.9143,168.6695
4268.7,49.9486,168.6861
4269.4,49.9829,168.7027
4270.0,50.0172,168.7194
4270.6,50.0515,168.736
4271.2,50.0858,168.7527
4271.8,50.1201,168.7694
4272.4,50.1544,168.7862
4273.0,50.1887,168.803
4273.6,50.223,168.8198
4274.3,50.2572,168.8366
4274.9,50.2915,168.8535
4275.5,50.3258,168.8703
4276.1,50.3601,168.8873
4276.7,50.3943,168.9042
4277.3,50.4286,168.9212
4277.9,50.4628,168.9382
4278.6,50.4971,168.9552
4279.2,50.5313,168.9723
4279.8,50.5656,168.9893
4280.4,50.5998,169.0065
4281.0,50.6341,169.0236
4281.6,50.6683,169.0408
4282.2,50.7025,169.058
4282.8,50.7367,169.0752
4283.5,50.771,169.0925
4284.1,50.8052,169.1098
4284.7,50.8394,169.1271
4285.3,50.8736,169.1444
4285.9,50.9078,169.1618
4286.5,50.942,169.1792
4287.1,50.9762,169.1967
4287.7,51.0104,169.2141
4288.4,51.0446,169.2316
4289.0,51.0788,169.2491
4289.6,51.113,169.2667
4290.2,51.1472,169.2843
4290.8,51.1814,169.3019
4291.4,51.2155,169.3195
4292.0,51.2497,169.3372
4292.6,51.2839,169.3549
4293.3,51.318,169.3727
4293.9,51.3522,169.3904
4294.5,51.3864,169.4082
4295.1,51.4205,169.4261
4295.7,51.4547,169.4439
4296.3,51.4888,169.4618
4296.9,51.523,169.4798
4297.5,51.5571,169.4977
4298.2,51.5912,169.5157
4298.8,51.6254,169.5337
4299.4,51.6595,169.5517
4300.0,51.6936,169.5698
4300.6,51.7277,169.5879
4301.2,51.7618,169.6061
4301.8,51.796,169.6242
4302.5,51.8301,169.6424
4303.1,51.8642,169.6607
4303.7,51.8983,169.6789
4304.3,51.9324,169.6972
4304.9,51.9665,169.7156
4305.5,52.0005,169.7339
4306.1,52.0346,169.7523
4306.7,52.0687,169.7708
4307.4,52.1028,169.7892
4308.0,52.1369,169.8077
4308.6,52.1709,169.8262
4309.2,52.205,169.8448
4309.8,52.2391,169.8634
4310.4,52.2731,169.882
4311.0,52.3072,169.9007
4311.6,52.3412,169.9193
4312.3,52.3753,169.938
4312.9,52.4093,169.9568
4313.5,52.4433,169.9756
4314.1,52.4774,169.9944
4314.7,52.5114,170.0133
4315.3,52.5454,170.0322
4315.9,52.5794,170.0511
4316.5,52.6135,170.07
4317.2,52.6475,170.089
4317.8,52.6815,170.108
4318.4,52.7155,170.1271
4319.0,52.7495,170.1462
4319.6,52.7835,170.1653
4320.2,52.8175,170.1844
4320.8,52.8514,170.2036
4321.5,52.8854,170.2229
4322.1,52.9194,170.2421
4322.7,52.9534,170.2614
4323.3,52.9874,170.2807
4323.9,53.0213,170.3001
4324.5,53.0553,170.3195
4325.1,53.0892,170.3389
4325.7,53.1232,170.3584
4326.4,53.1571,170.3779
4327.0,53.1911,170.3974
4327.6,53.225,170.417
4328.2,53.259,170.4366
4328.8,53.2929,170.4563
4329.4,53.3268,170.476
4330.0,53.3607,170.4957
4107.0,40.7912,165.1086
4107.6,40.8262,165.1198
4108.2,40.8611,165.1311
4108.8,40.8961,165.1424
4109.4,40.9311,165.1537
4110.0,40.966,165.165
4110.6,41.001,165.1763
4111.2,41.0359,165.1877
4111.9,41.0709,165.199
4112.5,41.1058,165.2104
4113.1,41.1408,165.2218
4113.7,41.1757,165.2332
4114.3,41.2107,165.2446
4114.9,41.2456,165.2561
4115.5,41.2806,165.2675
4116.1,41.3155,165.279
4116.8,41.3505,165.2905
4117.4,41.3854,165.302
4118.0,41.4203,165.3135
4118.6,41.4553,165.325
4119.2,41.4902,165.3365
4119.8,41.5251,165.3481
4120.4,41.56,165.3597
4121.0,41.595,165.3713
4121.7,41.6299,165.3829
4122.3,41.6648,165.3945
4122.9,41.6997,165.4061
4123.5,41.7346,165.4178
4124.1,41.7696,165.4294
4124.7,41.8045,165.4411
4125.3,41.8394,165.4528
4125.9,41.8743,165.4645
4126.6,41.9092,165.4763
4127.2,41.9441,165.488
4127.8,41.979,165.4998
4128.4,42.0139,165.5115
4129.0,42.0488,165.5233
4129.6,42.0837,165.5351
4130.2,42.1186,165.547
4130.9,42.1535,165.5588
4131.5,42.1884,165.5707
4132.1,42.2233,165.5825
4132.7,42.2582,165.5944
4133.3,42.293,165.6063
4133.9,42.3279,165.6183
4134.5,42.3628,165.6302
4135.1,42.3977,165.6421
4135.8,42.4326,165.6541
4136.4,42.4674,165.6661
4137.0,42.5023,165.6781
4137.6,42.5372,165.6901
4138.2,42.5721,165.7021
4138.8,42.6069,165.7142
4139.4,42.6418,165.7263
4140.0,42.6766,165.7384
4140.7,42.7115,165.7505
4141.3,42.7464,165.7626
4141.9,42.7812,165.7747
4142.5,42.8161,165.7869
4143.1,42.8509,165.799
4143.7,42.8858,165.8112
4144.3,42.9206,165.8234
4144.9,42.9555,165.8356
4145.6,42.9903,165.8479
4146.2,43.0251,165.8601
4146.8,43.06,165.8724
4147.4,43.0948,165.8847
4148.0,43.1297,165.897
4148.6,43.1645,165.9093
4149.2,43.1993,165.9217
4149.8,43.2341,165.934
4150.5,43.269,165.9464
4151.1,43.3038,165.9588
4151.7,43.3386,165.9712
4152.3,43.3734,165.9836
4152.9,43.4083,165.996
4153.5,43.4431,166.0085
4154.1,43.4779,166.021
4154.8,43.5127,166.0335
4155.4,43.5475,166.046
4156.0,43.5823,166.0585
4156.6,43.6171,166.0711
4157.2,43.6519,166.0836
4157.8,43.6867,166.0962
4158.4,43.7215,166.1088
4159.0,43.7563,166.1214
4159.7,43.7911,166.1341
4160.3,43.8259,166.1467
4160.9,43.8607,166.1594
4161.5,43.8955,166.1721
4162.1,43.9302,166.1848
4162.7,43.965,166.1975
4163.3,43.9998,166.2103
4163.9,44.0346,166.223
4164.6,44.0694,166.2358
4165.2,44.1041,166.2486
4165.8,44.1389,166.2614
4166.4,44.1737,166.2743
4167.0,44.2084,166.2871
4167.6,44.2432,166.3
4168.2,44.278,166.3129
4168.8,44.3127,166.3258
4169.5,44.3475,166.3387
4170.1,44.3822,166.3517
4170.7,44.417,166.3646
4171.3,44.4517,166.3776
4171.9,44.4865,166.3906
4172.5,44.5212,166.4037
4173.1,44.556,166.4167
4173.8,44.5907,166.4297
4174.4,44.6254,166.4428
4175.0,44.6602,166.4559
4175.6,44.6949,166.469
4176.2,44.7296,166.4822
4176.8,44.7644,166.4953
4177.4,44.7991,166.5085
4178.0,44.8338,166.5217
4178.7,44.8685,166.5349
4179.3,44.9033,166.5481
4179.9,44.938,166.5614
4180.5,44.9727,166.5746
4181.1,45.0074,166.5879
4181.7,45.0421,166.6012
4182.3,45.0768,166.6146
4182.9,45.1115,166.6279
4183.6,45.1462,166.6413
4184.2,45.1809,166.6547
4184.8,45.2156,166.6681
4185.4,45.2503,166.6815
4186.0,45.285,166.6949
4186.6,45.3197,166.7084
4187.2,45.3544,166.7219
4187.8,45.3891,166.7354
4188.5,45.4237,166.7489
4189.1,45.4584,166.7625
4189.7,45.4931,166.776
4190.3,45.5278,166.7896
4190.9,45.5625,166.8032
4191.5,45.5971,166.8168
4192.1,45.6318,166.8305
4192.8,45.6665,166.8442
4193.4,45.7011,166.8578
4194.0,45.7358,166.8716
4194.6,45.7704,166.8853
4195.2,45.8051,166.899
4195.8,45.8397,166.9128
4196.4,45.8744,166.9266
4197.0,45.909,166.9404
4197.7,45.9437,166.9542
4198.3,45.9783,166.9681
4198.9,46.013,166.9819
4199.5,46.0476,166.9958
4200.1,46.0822,167.0097
4200.7,46.1169,167.0237
4201.3,46.1515,167.0376
4201.9,46.1861,167.0516
4202.6,46.2207,167.0656
4203.2,46.2554,167.0796
4203.8,46.29,167.0936
4204.4,46.3246,167.1077
4205.0,46.3592,167.1218
4205.6,46.3938,167.1359
4206.2,46.4284,167.15
4206.8,46.463,167.1642
4207.5,46.4976,167.1783
4208.1,46.5322,167.1925
4208.7,46.5668,167.2067
4209.3,46.6014,167.2209
4209.9,46.636,167.2352
4210.5,46.6706,167.2495
4211.1,46.7052,167.2638
4211.7,46.7398,167.2781
4212.4,46.7743,167.2924
4213.0,46.8089,167.3068
4213.6,46.8435,167.3212
4214.2,46.8781,167.3356
4214.8,46.9126,167.35
4215.4,46.9472,167.3644
4216.0,46.9818,167.3789
4216.7,47.0163,167.3934
4217.3,47.0509,167.4079
4217.9,47.0855,167.4225
4218.5,47.12,167.437
4219.1,47.1546,167.4516
4219.7,47.1891,167.4662
4220.3,47.2237,167.4809
4220.9,47.2582,167.4955
4221.6,47.2927,167.5102
4222.2,47.3273,167.5249
4222.8,47.3618,167.5396
4223.4,47.3963,167.5543
4224.0,47.4309,167.5691
4224.6,47.4654,167.5839
4225.2,47.4999,167.5987
4225.8,47.5344,167.6135
4226.5,47.5689,167.6284
4227.1,47.6035,167.6433
4227.7,47.638,167.6582
4228.3,47.6725,167.6731
4228.9,47.707,167.688
4229.5,47.7415,167.703
4230.1,47.776,167.718
4230.7,47.8105,167.733
4231.4,47.845,167.7481
4232.0,47.8795,167.7631
4232.6,47.914,167.7782
4233.2,47.9484,167.7934
4233.8,47.9829,167.8085
4234.4,48.0174,167.8236
4235.0,48.0519,167.8388
4235.7,48.0863,167.854
4236.3,48.1208,167.8693
4236.9,48.1553,167.8845
4237.5,48.1897,167.8998
4238.1,48.2242,167.9151
4238.7,48.2587,167.9305
4239.3,48.2931,167.9458
4239.9,48.3276,167.9612
4240.6,48.362,167.9766
4241.2,48.3965,167.992
4241.8,48.4309,168.0075
4242.4,48.4654,168.023
4243.0,48.4998,168.0385
4243.6,48.5342,168.054
4244.2,48.5687,168.0695
4244.8,48.6031,168.0851
4245.5,48.6375,168.1007
4246.1,48.6719,168.1163
4246.7,48.7063,168.132
4247.3,48.7408,168.1477
4247.9,48.7752,168.1634
4248.5,48.8096,168.1791
4249.1,48.844,168.1949
4249.7,48.8784,168.2106
4250.4,48.9128,168.2264
4251.0,48.9472,168.2423
4251.6,48.9816,168.2581
4252.2,49.016,168.274
4252.8,49.0504,168.2899
4253.4,49.0847,168.3058
4254.0,49.1191,168.3218
4254.6,49.1535,168.3378
4255.3,49.1879,168.3538
4255.9,49.2222,168.3698
4256.5,49.2566,168.3859
4257.1,49.291,168.402
4257.7,49.3253,168.4181
4258.3,49.3597,168.4342
4258.9,49.3941,168.4504
4259.6,49.4284,168.4666
4260.2,49.4627,168.4828
4260.8,49.4971,168.4991
4261.4,49.5314,168.5153
4262.0,49.5658,168.5316
4262.6,49.6001,168.548
4263.2,49.6344,168.5643
4263.8,49.6688,168.5807
4264.5,49.7031,168.5971
4265.1,49.7374,168.6135
4265.7,49.7717,168.63
4266.3,49.806,168.6465
4266.9,49.8404,168.663
4267.5,49.8747,168.6796
4268.1,49.909,168.6961
4268.7,49.9433,168.7127
4269.4,49.9776,168.7293
4270.0,50.0119,168.746
4270.6,50.0462,168.7627
4271.2,50.0805,168.7794
4271.8,50.1147,168.7961
4272.4,50.149,168.8129
4273.0,50.1833,168.8297
4273.6,50.2176,168.8465
4274.3,50.2518,168.8633
4274.9,50.2861,168.8802
4275.5,50.3204,168.8971
4276.1,50.3546,168.9141
4276.7,50.3889,168.931
4277.3,50.4231,168.948
4277.9,50.4574,168.965
4278.6,50.4916,168.9821
4279.2,50.5259,168.9991
4279.8,50.5601,169.0163
4280.4,50.5944,169.0334
4281.0,50.6286,169.0505
4281.6,50.6628,169.0677
4282.2,50.697,169.0849
4282.8,50.7313,169.1022
4283.5,50.7655,169.1195
4284.1,50.7997,169.1368
4284.7,50.8339,169.1541
4285.3,50.8681,169.1715
4285.9,50.9023,169.1889
4286.5,50.9365,169.2063
4287.1,50.9707,169.2238
4287.7,51.0049,169.2412
4288.4,51.0391,169.2588
4289.0,51.0733,169.2763
4289.6,51.1075,169.2939
4290.2,51.1416,169.3115
4290.8,51.1758,169.3291
4291.4,51.21,169.3468
4292.0,51.2442,169.3645
4292.6,51.2783,169.3822
4293.3,51.3125,169.3999
4293.9,51.3466,169.4177
4294.5,51.3808,169.4355
4295.1,51.4149,169.4534
4295.7,51.4491,169.4713
4296.3,51.4832,169.4892
4296.9,51.5174,169.5071
4297.5,51.5515,169.5251
4298.2,51.5856,169.5431
4298.8,51.6197,169.5611
4299.4,51.6539,169.5792
4300.0,51.688,169.5973
4300.6,51.7221,169.6154
4301.2,51.7562,169.6336
4301.8,51.7903,169.6518
4302.5,51.8244,169.67
4303.1,51.8585,169.6882
4303.7,51.8926,169.7065
4304.3,51.9267,169.7248
4304.9,51.9608,169.7432
4305.5,51.9949,169.7616
4306.1,52.0289,169.78
4306.7,52.063,169.7984
4307.4,52.0971,169.8169
4308.0,52.1312,169.8354
4308.6,52.1652,169.8539
4309.2,52.1993,169.8725
4309.8,52.2333,169.8911
4310.4,52.2674,169.9098
4311.0,52.3014,169.9284
4311.6,52.3355,169.9471
4312.3,52.3695,169.9659
4312.9,52.4035,169.9846
4313.5,52.4376,170.0034
4314.1,52.4716,170.0223
4314.7,52.5056,170.0412
4315.3,52.5396,170.0601
4315.9,52.5737,170.079
4316.5,52.6077,170.098
4317.2,52.6417,170.117
4317.8,52.6757,170.136
4318.4,52.7097,170.1551
4319.0,52.7437,170.1742
4319.6,52.7777,170.1933
4320.2,52.8116,170.2125
4320.8,52.8456,170.2317
4321.5,52.8796,170.251
4322.1,52.9136,170.2702
4322.7,52.9475,170.2896
4323.3,52.9815,170.3089
4323.9,53.0155,170.3283
4324.5,53.0494,170.3477
4325.1,53.0834,170.3672
4325.7,53.1173,170.3866
4326.4,53.1513,170.4062
4327.0,53.1852,170.4257
4327.6,53.2191,170.4453
4328.2,53.2531,170.4649
4328.8,53.287,170.4846
4107.0,40.7869,165.1316
4107.6,40.8219,165.1429
4108.2,40.8569,165.1541
4108.8,40.8918,165.1655
4109.4,40.9268,165.1768
4110.0,40.9617,165.1881
4110.6,40.9967,165.1994
4111.2,41.0316,165.2108
4111.9,41.0666,165.2222
4112.5,41.1015,165.2335
4113.1,41.1365,165.2449
4113.7,41.1714,165.2563
4114.3,41.2064,165.2678
4114.9,41.2413,165.2792
4115.5,41.2763,165.2907
4116.1,41.3112,165.3022
4116.8,41.3461,165.3137
4117.4,41.3811,165.3252
4118.0,41.416,165.3367
4118.6,41.4509,165.3482
4119.2,41.4858,165.3598
4119.8,41.5208,165.3714
4120.4,41.5557,165.3829
4121.0,41.5906,165.3945
4121.7,41.6255,165.4061
4122.3,41.6604,165.4178
4122.9,41.6954,165.4294
4123.5,41.7303,165.4411
4124.1,41.7652,165.4528
4124.7,41.8001,165.4645
4125.3,41.835,165.4762
4125.9,41.8699,165.4879
4126.6,41.9048,165.4996
4127.2,41.9397,165.5114
4127.8,41.9746,165.5232
4128.4,42.0095,165.535
4129.0,42.0444,165.5468
4129.6,42.0793,165.5586
4130.2,42.1142,165.5704
4130.9,42.1491,165.5823
4131.5,42.184,165.5941
4132.1,42.2189,165.606
4132.7,42.2537,165.6179
4133.3,42.2886,165.6298
4133.9,42.3235,165.6418
4134.5,42.3584,165.6537
4135.1,42.3933,165.6657
4135.8,42.4281,165.6777
4136.4,42.463,165.6897
4137.0,42.4979,165.7017
4137.6,42.5327,165.7137
4138.2,42.5676,165.7258
4138.8,42.6025,165.7378
4139.4,42.6373,165.7499
4140.0,42.6722,165.762
4140.7,42.707,165.7741
4141.3,42.7419,165.7862
4141.9,42.7767,165.7984
4142.5,42.8116,165.8105
4143.1,42.8464,165.8227
4143.7,42.8813,165.8349
4144.3,42.9161,165.8472
4144.9,42.951,165.8594
4145.6,42.9858,165.8716
4146.2,43.0206,165.8839
4146.8,43.0555,165.8962
4147.4,43.0903,165.9085
4148.0,43.1251,165.9208
4148.6,43.16,165.9331
4149.2,43.1948,165.9455
4149.8,43.2296,165.9578
4150.5,43.2644,165.9702
4151.1,43.2993,165.9826
4151.7,43.3341,165.9951
4152.3,43.3689,166.0075
4152.9,43.4037,166.0199
4153.5,43.4385,166.0324
4154.1,43.4733,166.0449
4154.8,43.5081,166.0574
4155.4,43.5429,166.0699
4156.0,43.5777,166.0825
4156.6,43.6125,166.095
4157.2,43.6473,166.1076
4157.8,43.6821,166.1202
4158.4,43.7169,166.1328
4159.0,43.7517,166.1455
4159.7,43.7865,166.1581
4160.3,43.8213,166.1708
4160.9,43.8561,166.1835
4161.5,43.8909,166.1962
4162.1,43.9256,166.2089
4162.7,43.9604,166.2216
4163.3,43.9952,166.2344
4163.9,44.03,166.2472
4164.6,44.0647,166.2599
4165.2,44.0995,166.2728
4165.8,44.1343,166.2856
4166.4,44.169,166.2984
4167.0,44.2038,166.3113
4167.6,44.2386,166.3242
4168.2,44.2733,166.3371
4168.8,44.3081,166.35
4169.5,44.3428,166.363
4170.1,44.3776,166.3759
4170.7,44.4123,166.3889
4171.3,44.4471,166.4019
4171.9,44.4818,166.4149
4172.5,44.5166,166.4279
4173.1,44.5513,166.441
4173.8,44.586,166.4541
4174.4,44.6208,166.4672
4175.0,44.6555,166.4803
4175.6,44.6902,166.4934
4176.2,44.725,166.5065
4176.8,44.7597,166.5197
4177.4,44.7944,166.5329
4178.0,44.8291,166.5461
4178.7,44.8638,166.5593
4179.3,44.8986,166.5726
4179.9,44.9333,166.5858
4180.5,44.968,166.5991
4181.1,45.0027,166.6124
4181.7,45.0374,166.6257
4182.3,45.0721,166.6391
4182.9,45.1068,166.6524
4183.6,45.1415,166.6658
4184.2,45.1762,166.6792
4184.8,45.2109,166.6926
4185.4,45.2456,166.7061
4186.0,45.2803,166.7195
4186.6,45.3149,166.733
4187.2,45.3496,166.7465
4187.8,45.3843,166.76
4188.5,45.419,166.7736
4189.1,45.4537,166.7871
4189.7,45.4883,166.8007
4190.3,45.523,166.8143
4190.9,45.5577,166.8279
4191.5,45.5923,166.8416
4192.1,45.627,166.8552
4192.8,45.6617,166.8689
4193.4,45.6963,166.8826
4194.0,45.731,166.8963
4194.6,45.7656,166.91
4195.2,45.8003,166.9238
4195.8,45.8349,166.9376
4196.4,45.8696,166.9514
4197.0,45.9042,166.9652
4197.7,45.9388,166.979
4198.3,45.9735,166.9929
4198.9,46.0081,167.0068
4199.5,46.0427,167.0207
4200.1,46.0774,167.0346
4200.7,46.112,167.0486
4201.3,46.1466,167.0625
4201.9,46.1813,167.0765
4202.6,46.2159,167.0905
4203.2,46.2505,167.1046
4203.8,46.2851,167.1186
4204.4,46.3197,167.1327
4205.0,46.3543,167.1468
4205.6,46.3889,167.1609
4206.2,46.4235,167.175
4206.8,46.4581,167.1892
4207.5,46.4927,167.2034
4208.1,46.5273,167.2176
4208.7,46.5619,167.2318
4209.3,46.5965,167.246
4209.9,46.6311,167.2603
4210.5,46.6657,167.2746
4211.1,46.7003,167.2889
4211.7,46.7348,167.3033
4212.4,46.7694,167.3176
4213.0,46.804,167.332
4213.6,46.8386,167.3464
4214.2,46.8731,167.3608
4214.8,46.9077,167.3752
4215.4,46.9423,167.3897
4216.0,46.9768,167.4042
4216.7,47.0114,167.4187
4217.3,47.0459,167.4332
4217.9,47.0805,167.4478
4218.5,47.115,167.4624
4219.1,47.1496,167.4769
4219.7,47.1841,167.4916
4220.3,47.2187,167.5062
4220.9,47.2532,167.5209
4221.6,47.2877,167.5356
4222.2,47.3223,167.5503
4222.8,47.3568,167.565
4223.4,47.3913,167.5798
4224.0,47.4258,167.5945
4224.6,47.4604,167.6093
4225.2,47.4949,167.6242
4225.8,47.5294,167.639
4226.5,47.5639,167.6539
4227.1,47.5984,167.6688
4227.7,47.6329,167.6837
4228.3,47.6674,167.6987
4228.9,47.7019,167.7136
4229.5,47.7364,167.7286
4230.1,47.7709,167.7436
4230.7,47.8054,167.7587
4231.4,47.8399,167.7737
4232.0,47.8744,167.7888
4232.6,47.9089,167.8039
4233.2,47.9434,167.819
4233.8,47.9778,167.8342
4234.4,48.0123,167.8493
4235.0,48.0468,167.8646
4235.7,48.0812,167.8798
4236.3,48.1157,167.895
4236.9,48.1502,167.9103
4237.5,48.1846,167.9256
4238.1,48.2191,167.9409
4238.7,48.2535,167.9563
4239.3,48.288,167.9716
4239.9,48.3224,167.987
4240.6,48.3569,168.0025
4241.2,48.3913,168.0179
4241.8,48.4258,168.0334
4242.4,48.4602,168.0489
4243.0,48.4946,168.0644
4243.6,48.5291,168.0799
4244.2,48.5635,168.0955
4244.8,48.5979,168.1111
4245.5,48.6323,168.1267
4246.1,48.6667,168.1423
4246.7,48.7012,168.158
4247.3,48.7356,168.1737
4247.9,48.77,168.1894
4248.5,48.8044,168.2052
4249.1,48.8388,168.2209
4249.7,48.8732,168.2367
4250.4,48.9076,168.2525
4251.0,48.942,168.2684
4251.6,48.9764,168.2843
4252.2,49.0107,168.3002
4252.8,49.0451,168.3161
4253.4,49.0795,168.332
4254.0,49.1139,168.348
4254.6,49.1482,168.364
4255.3,49.1826,168.38
4255.9,49.217,168.3961
4256.5,49.2513,168.4122
4257.1,49.2857,168.4283
4257.7,49.3201,168.4444
4258.3,49.3544,168.4606
4258.9,49.3888,168.4767
4259.6,49.4231,168.493
4260.2,49.4575,168.5092
4260.8,49.4918,168.5255
4261.4,49.5261,168.5417
4262.0,49.5605,168.558
4262.6,49.5948,168.5744
4263.2,49.6291,168.5908
4263.8,49.6634,168.6072
4264.5,49.6978,168.6236
4265.1,49.7321,168.64
4265.7,49.7664,168.6565
4266.3,49.8007,168.673
4266.9,49.835,168.6895
4267.5,49.8693,168.7061
4268.1,49.9036,168.7227
4268.7,49.9379,168.7393
4269.4,49.9722,168.756
4270.0,50.0065,168.7726
4270.6,50.0408,168.7893
4271.2,50.0751,168.806
4271.8,50.1093,168.8228
4272.4,50.1436,168.8396
4273.0,50.1779,168.8564
4273.6,50.2122,168.8732
4274.3,50.2464,168.8901
4274.9,50.2807,168.907
4275.5,50.315,168.9239
4276.1,50.3492,168.9408
4276.7,50.3835,168.9578
4277.3,50.4177,168.9748
4277.9,50.452,168.9919
4278.6,50.4862,169.0089
4279.2,50.5204,169.026
4279.8,50.5547,169.0431
4280.4,50.5889,169.0603
4281.0,50.6231,169.0775
4281.6,50.6573,169.0947
4282.2,50.6916,169.1119
4282.8,50.7258,169.1292
4283.5,50.76,169.1465
4284.1,50.7942,169.1638
4284.7,50.8284,169.1812
4285.3,50.8626,169.1985
4285.9,50.8968,169.2159
4286.5,50.931,169.2334
4287.1,50.9652,169.2509
4287.7,50.9994,169.2684
4288.4,51.0336,169.2859
4289.0,51.0677,169.3035
4289.6,51.1019,169.321
4290.2,51.1361,169.3387
4290.8,51.1703,169.3563
4291.4,51.2044,169.374
4292.0,51.2386,169.3917
4292.6,51.2728,169.4095
4293.3,51.3069,169.4272
4293.9,51.3411,169.445
4294.5,51.3752,169.4629
4295.1,51.4093,169.4807
4295.7,51.4435,169.4986
4296.3,51.4776,169.5165
4296.9,51.5117,169.5345
4297.5,51.5459,169.5525
4298.2,51.58,169.5705
4298.8,51.6141,169.5886
4299.4,51.6482,169.6066
4300.0,51.6824,169.6248
4300.6,51.7165,169.6429
4301.2,51.7506,169.6611
4301.8,51.7847,169.6793
4302.5,51.8188,169.6975
4303.1,51.8529,169.7158
4303.7,51.8869,169.7341
4304.3,51.921,169.7524
4304.9,51.9551,169.7708
4305.5,51.9892,169.7892
4306.1,52.0233,169.8076
4306.7,52.0573,169.8261
4307.4,52.0914,169.8446
4308.0,52.1255,169.8631
4308.6,52.1595,169.8817
4309.2,52.1936,169.9003
4309.8,52.2276,169.9189
4310.4,52.2617,169.9375
4311.0,52.2957,169.9562
4311.6,52.3297,169.9749
4312.3,52.3638,169.9937
4312.9,52.3978,170.0125
4313.5,52.4318,170.0313
4314.1,52.4658,170.0502
4314.7,52.4999,170.0691
4315.3,52.5339,170.088
4315.9,52.5679,170.1069
4316.5,52.6019,170.1259
4317.2,52.6359,170.1449
4317.8,52.6699,170.164
4318.4,52.7039,170.1831
4319.0,52.7379,170.2022
4319.6,52.7718,170.2214
4320.2,52.8058,170.2406
4320.8,52.8398,170.2598
4321.5,52.8738,170.2791
4322.1,52.9077,170.2984
4322.7,52.9417,170.3177
4323.3,52.9757,170.3371
4323.9,53.0096,170.3565
4324.5,53.0436,170.3759
4325.1,53.0775,170.3954
4325.7,53.1114,170.4149
4326.4,53.1454,170.4344
4327.0,53.1793,170.454
4327.6,53.2132,170.4736
4328.2,53.2472,170.4932
4107.0,40.7827,165.1546
4107.6,40.8176,165.1659
4108.2,40.8526,165.1772
4108.8,40.8875,165.1885
4109.4,40.9225,165.1998
4110.0,40.9574,165.2112
4110.6,40.9924,165.2225
4111.2,41.0273,165.2339
4111.9,41.0623,165.2453
4112.5,41.0972,165.2567
4113.1,41.1322,165.2681
4113.7,41.1671,165.2795
4114.3,41.202,165.2909
4114.9,41.237,165.3024
4115.5,41.2719,165.3139
4116.1,41.3069,165.3253
4116.8,41.3418,165.3369
4117.4,41.3767,165.3484
4118.0,41.4116,165.3599
4118.6,41.4466,165.3715
4119.2,41.4815,165.383
4119.8,41.5164,165.3946
4120.4,41.5513,165.4062
4121.0,41.5863,165.4178
4121.7,41.6212,165.4294
4122.3,41.6561,165.4411
4122.9,41.691,165.4527
4123.5,41.7259,165.4644
4124.1,41.7608,165.4761
4124.7,41.7957,165.4878
4125.3,41.8306,165.4995
4125.9,41.8655,165.5113
4126.6,41.9004,165.523
4127.2,41.9353,165.5348
4127.8,41.9702,165.5466
4128.4,42.0051,165.5584
4129.0,42.04,165.5702
4129.6,42.0749,165.582
4130.2,42.1098,165.5939
4130.9,42.1447,165.6057
4131.5,42.1796,165.6176
4132.1,42.2144,165.6295
4132.7,42.2493,165.6414
4133.3,42.2842,165.6533
4133.9,42.3191,165.6653
4134.5,42.3539,165.6772
4135.1,42.3888,165.6892
4135.8,42.4237,165.7012
4136.4,42.4585,165.7132
4137.0,42.4934,165.7253
4137.6,42.5283,165.7373
4138.2,42.5631,165.7494
4138.8,42.598,165.7614
4139.4,42.6329,165.7735
4140.0,42.6677,165.7856
4140.7,42.7026,165.7978
4141.3,42.7374,165.8099
4141.9,42.7723,165.8221
4142.5,42.8071,165.8342
4143.1,42.8419,165.8464
4143.7,42.8768,165.8586
4144.3,42.9116,165.8709
4144.9,42.9465,165.8831
4145.6,42.9813,165.8954
4146.2,43.0161,165.9076
4146.8,43.051,165.9199
4147.4,43.0858,165.9323
4148.0,43.1206,165.9446
4148.6,43.1555,165.9569
4149.2,43.1903,165.9693
4149.8,43.2251,165.9817
4150.5,43.2599,165.9941
4151.1,43.2947,166.0065
4151.7,43.3295,166.0189
4152.3,43.3644,166.0314
4152.9,43.3992,166.0438
4153.5,43.434,166.0563
4154.1,43.4688,166.0688
4154.8,43.5036,166.0813
4155.4,43.5384,166.0939
4156.0,43.5732,166.1064
4156.6,43.608,166.119
4157.2,43.6428,166.1316
4157.8,43.6776,166.1442
4158.4,43.7124,166.1568
4159.0,43.7471,166.1695
4159.7,43.7819,166.1821
4160.3,43.8167,166.1948
4160.9,43.8515,166.2075
4161.5,43.8863,166.2202
4162.1,43.921,166.233
4162.7,43.9558,166.2457
4163.3,43.9906,166.2585
4163.9,44.0254,166.2713
4164.6,44.0601,166.2841
4165.2,44.0949,166.2969
4165.8,44.1297,166.3097
4166.4,44.1644,166.3226
4167.0,44.1992,166.3355
4167.6,44.2339,166.3484
4168.2,44.2687,166.3613
4168.8,44.3034,166.3742
4169.5,44.3382,166.3872
4170.1,44.3729,166.4002
4170.7,44.4077,166.4131
4171.3,44.4424,166.4262
4171.9,44.4771,166.4392
4172.5,44.5119,166.4522
4173.1,44.5466,166.4653
4173.8,44.5814,166.4784
4174.4,44.6161,166.4915
4175.0,44.6508,166.5046
4175.6,44.6855,166.5178
4176.2,44.7203,166.5309
4176.8,44.755,166.5441
4177.4,44.7897,166.5573
4178.0,44.8244,166.5705
4178.7,44.8591,166.5838
4179.3,44.8938,166.597
4179.9,44.9285,166.6103
4180.5,44.9632,166.6236
4181.1,44.998,166.6369
4181.7,45.0327,166.6502
4182.3,45.0674,166.6636
4182.9,45.1021,166.677
4183.6,45.1367,166.6904
4184.2,45.1714,166.7038
4184.8,45.2061,166.7172
4185.4,45.2408,166.7306
4186.0,45.2755,166.7441
4186.6,45.3102,166.7576
4187.2,45.3449,166.7711
4187.8,45.3795,166.7847
4188.5,45.4142,166.7982
4189.1,45.4489,166.8118
4189.7,45.4835,166.8254
4190.3,45.5182,166.839
4190.9,45.5529,166.8526
4191.5,45.5875,166.8663
4192.1,45.6222,166.8799
4192.8,45.6568,166.8936
4193.4,45.6915,166.9073
4194.0,45.7262,166.9211
4194.6,45.7608,166.9348
4195.2,45.7954,166.9486
4195.8,45.8301,166.9624
4196.4,45.8647,166.9762
4197.0,45.8994,166.99
4197.7,45.934,167.0039
4198.3,45.9686,167.0178
4198.9,46.0033,167.0317
4199.5,46.0379,167.0456
4200.1,46.0725,167.0595
4200.7,46.1071,167.0735
4201.3,46.1418,167.0875
4201.9,46.1764,167.1015
4202.6,46.211,167.1155
4203.2,46.2456,167.1295
4203.8,46.2802,167.1436
4204.4,46.3148,167.1577
4205.0,46.3494,167.1718
4205.6,46.384,167.1859
4206.2,46.4186,167.2001
4206.8,46.4532,167.2142
4207.5,46.4878,167.2285
4208.1,46.5224,167.2427
4208.7,46.557,167.2569
4209.3,46.5916,167.2712
4209.9,46.6262,167.2854
4210.5,46.6608,167.2997
4211.1,46.6953,167.3141
4211.7,46.7299,167.3284
4212.4,46.7645,167.3428
4213.0,46.799,167.3572
4213.6,46.8336,167.3716
4214.2,46.8682,167.386
4214.8,46.9027,167.4005
4215.4,46.9373,167.4149
4216.0,46.9719,167.4294
4216.7,47.0064,167.444
4217.3,47.041,167.4585
4217.9,47.0755,167.4731
4218.5,47.11,167.4877
4219.1,47.1446,167.5023
4219.7,47.1791,167.5169
4220.3,47.2137,167.5316
4220.9,47.2482,167.5462
4221.6,47.2827,167.561
4222.2,47.3173,167.5757
4222.8,47.3518,167.5904
4223.4,47.3863,167.6052
4224.0,47.4208,167.62
4224.6,47.4553,167.6348
4225.2,47.4898,167.6497
4225.8,47.5244,167.6645
4226.5,47.5589,167.6794
4227.1,47.5934,167.6943
4227.7,47.6279,167.7092
4228.3,47.6624,167.7242
4228.9,47.6969,167.7392
4229.5,47.7314,167.7542
4230.1,47.7659,167.7692
4230.7,47.8003,167.7843
4231.4,47.8348,167.7993
4232.0,47.8693,167.8144
4232.6,47.9038,167.8296
4233.2,47.9383,167.8447
4233.8,47.9727,167.8599
4234.4,48.0072,167.8751
4235.0,48.0417,167.8903
4235.7,48.0761,167.9055
4236.3,48.1106,167.9208
4236.9,48.1451,167.9361
4237.5,48.1795,167.9514
4238.1,48.214,167.9667
4238.7,48.2484,167.9821
4239.3,48.2829,167.9975
4239.9,48.3173,168.0129
4240.6,48.3517,168.0283
4241.2,48.3862,168.0438
4241.8,48.4206,168.0593
4242.4,48.455,168.0748
4243.0,48.4895,168.0903
4243.6,48.5239,168.1059
4244.2,48.5583,168.1214
4244.8,48.5927,168.1371
4245.5,48.6271,168.1527
4246.1,48.6616,168.1684
4246.7,48.696,168.184
4247.3,48.7304,168.1997
4247.9,48.7648,168.2155
4248.5,48.7992,168.2312
4249.1,48.8336,168.247
4249.7,48.868,168.2628
4250.4,48.9023,168.2787
4251.0,48.9367,168.2945
4251.6,48.9711,168.3104
4252.2,49.0055,168.3263
4252.8,49.0399,168.3423
4253.4,49.0742,168.3582
4254.0,49.1086,168.3742
4254.6,49.143,168.3902
4255.3,49.1774,168.4063
4255.9,49.2117,168.4223
4256.5,49.2461,168.4384
4257.1,49.2804,168.4545
4257.7,49.3148,168.4707
4258.3,49.3491,168.4869
4258.9,49.3835,168.5031
4259.6,49.4178,168.5193
4260.2,49.4522,168.5355
4260.8,49.4865,168.5518
4261.4,49.5208,168.5681
4262.0,49.5551,168.5845
4262.6,49.5895,168.6008
4263.2,49.6238,168.6172
4263.8,49.6581,168.6336
4264.5,49.6924,168.6501
4265.1,49.7267,168.6665
4265.7,49.761,168.683
4266.3,49.7954,168.6995
4266.9,49.8297,168.7161
4267.5,49.864,168.7327
4268.1,49.8983,168.7493
4268.7,49.9325,168.7659
4269.4,49.9668,168.7825
4270.0,50.0011,168.7992
4270.6,50.0354,168.8159
4271.2,50.0697,168.8327
4271.8,50.104,168.8495
4272.4,50.1382,168.8663
4273.0,50.1725,168.8831
4273.6,50.2068,168.8999
4274.3,50.241,168.9168
4274.9,50.2753,168.9337
4275.5,50.3095,168.9507
4276.1,50.3438,168.9676
4276.7,50.378,168.9846
4277.3,50.4123,169.0016
4277.9,50.4465,169.0187
4278.6,50.4807,169.0358
4279.2,50.515,169.0529
4279.8,50.5492,169.07
4280.4,50.5834,169.0872
4281.0,50.6176,169.1044
4281.6,50.6519,169.1216
4282.2,50.6861,169.1389
4282.8,50.7203,169.1561
4283.5,50.7545,169.1735
4284.1,50.7887,169.1908
4284.7,50.8229,169.2082
4285.3,50.8571,169.2256
4285.9,50.8913,169.243
4286.5,50.9255,169.2605
4287.1,50.9597,169.278
4287.7,50.9939,169.2955
4288.4,51.028,169.313
4289.0,51.0622,169.3306
4289.6,51.0964,169.3482
4290.2,51.1305,169.3658
4290.8,51.1647,169.3835
4291.4,51.1989,169.4012
4292.0,51.233,169.4189
4292.6,51.2672,169.4367
4293.3,51.3013,169.4545
4293.9,51.3355,169.4723
4294.5,51.3696,169.4902
4295.1,51.4037,169.508
4295.7,51.4379,169.526
4296.3,51.472,169.5439
4296.9,51.5061,169.5619
4297.5,51.5403,169.5799
4298.2,51.5744,169.5979
4298.8,51.6085,169.616
4299.4,51.6426,169.6341
4300.0,51.6767,169.6522
4300.6,51.7108,169.6704
4301.2,51.7449,169.6886
4301.8,51.779,169.7068
4302.5,51.8131,169.725
4303.1,51.8472,169.7433
4303.7,51.8813,169.7616
4304.3,51.9153,169.78
4304.9,51.9494,169.7984
4305.5,51.9835,169.8168
4306.1,52.0176,169.8353
4306.7,52.0516,169.8537
4307.4,52.0857,169.8722
4308.0,52.1197,169.8908
4308.6,52.1538,169.9094
4309.2,52.1878,169.928
4309.8,52.2219,169.9466
4310.4,52.2559,169.9653
4311.0,52.29,169.984
4311.6,52.324,170.0027
4312.3,52.358,170.0215
4312.9,52.392,170.0403
4313.5,52.4261,170.0592
4314.1,52.4601,170.078
4314.7,52.4941,170.0969
4315.3,52.5281,170.1159
4315.9,52.5621,170.1349
4316.5,52.5961,170.1539
4317.2,52.6301,170.1729
4317.8,52.6641,170.192
4318.4,52.6981,170.2111
4319.0,52.732,170.2302
4319.6,52.766,170.2494
4320.2,52.8,170.2686
4320.8,52.834,170.2879
4321.5,52.8679,170.3072
4322.1,52.9019,170.3265
4322.7,52.9358,170.3458
4323.3,52.9698,170.3652
4323.9,53.0037,170.3846
4324.5,53.0377,170.4041
4325.1,53.0716,170.4236
4325.7,53.1056,170.4431
4326.4,53.1395,170.4626
4327.0,53.1734,170.4822
4107.0,40.7784,165.1776
4107.6,40.8133,165.1889
4108.2,40.8483,165.2002
4108.8,40.8832,165.2115
4109.4,40.9182,165.2229
4110.0,40.9531,165.2342
4110.6,40.9881,165.2456
4111.2,41.023,165.257
4111.9,41.058,165.2684
4112.5,41.0929,165.2798
4113.1,41.1278,165.2912
4113.7,41.1628,165.3026
4114.3,41.1977,165.3141
4114.9,41.2327,165.3255
4115.5,41.2676,165.337
4116.1,41.3025,165.3485
4116.8,41.3374,165.36
4117.4,41.3724,165.3716
4118.0,41.4073,165.3831
4118.6,41.4422,165.3947
4119.2,41.4771,165.4062
4119.8,41.5121,165.4178
4120.4,41.547,165.4295
4121.0,41.5819,165.4411
4121.7,41.6168,165.4527
4122.3,41.6517,165.4644
4122.9,41.6866,165.476
4123.5,41.7215,165.4877
4124.1,41.7564,165.4994
4124.7,41.7913,165.5111
4125.3,41.8262,165.5229
4125.9,41.8611,165.5346
4126.6,41.896,165.5464
4127.2,41.9309,165.5582
4127.8,41.9658,165.57
4128.4,42.0007,165.5818
4129.0,42.0356,165.5936
4129.6,42.0705,165.6054
4130.2,42.1054,165.6173
4130.9,42.1402,165.6292
4131.5,42.1751,165.6411
4132.1,42.21,165.653
4132.7,42.2449,165.6649
4133.3,42.2798,165.6768
4133.9,42.3146,165.6888
4134.5,42.3495,165.7008
4135.1,42.3844,165.7128
4135.8,42.4192,165.7248
4136.4,42.4541,165.7368
4137.0,42.489,165.7488
4137.6,42.5238,165.7609
4138.2,42.5587,165.7729
4138.8,42.5935,165.785
4139.4,42.6284,165.7971
4140.0,42.6632,165.8093
4140.7,42.6981,165.8214
4141.3,42.7329,165.8336
4141.9,42.7678,165.8457
4142.5,42.8026,165.8579
4143.1,42.8375,165.8701
4143.7,42.8723,165.8823
4144.3,42.9071,165.8946
4144.9,42.942,165.9068
4145.6,42.9768,165.9191
4146.2,43.0116,165.9314
4146.8,43.0465,165.9437
4147.4,43.0813,165.956
4148.0,43.1161,165.9684
4148.6,43.1509,165.9807
4149.2,43.1857,165.9931
4149.8,43.2206,166.0055
4150.5,43.2554,166.0179
4151.1,43.2902,166.0303
4151.7,43.325,166.0428
4152.3,43.3598,166.0552
4152.9,43.3946,166.0677
4153.5,43.4294,166.0802
4154.1,43.4642,166.0927
4154.8,43.499,166.1053
4155.4,43.5338,166.1178
4156.0,43.5686,166.1304
4156.6,43.6034,166.143
4157.2,43.6382,166.1556
4157.8,43.673,166.1682
4158.4,43.7078,166.1808
4159.0,43.7425,166.1935
4159.7,43.7773,166.2062
4160.3,43.8121,166.2188
4160.9,43.8469,166.2316
4161.5,43.8817,166.2443
4162.1,43.9164,166.257
4162.7,43.9512,166.2698
4163.3,43.986,166.2826
4163.9,44.0207,166.2954
4164.6,44.0555,166.3082
4165.2,44.0903,166.321
4165.8,44.125,166.3339
4166.4,44.1598,166.3468
4167.0,44.1945,166.3597
4167.6,44.2293,166.3726
4168.2,44.264,166.3855
4168.8,44.2988,166.3985
4169.5,44.3335,166.4114
4170.1,44.3683,166.4244
4170.7,44.403,166.4374
4171.3,44.4377,166.4504
4171.9,44.4725,166.4635
4172.5,44.5072,166.4765
4173.1,44.5419,166.4896
4173.8,44.5767,166.5027
4174.4,44.6114,166.5158
4175.0,44.6461,166.529
4175.6,44.6808,166.5421
4176.2,44.7156,166.5553
4176.8,44.7503,166.5685
4177.4,44.785,166.5817
4178.0,44.8197,166.5949
4178.7,44.8544,166.6082
4179.3,44.8891,166.6214
4179.9,44.9238,166.6347
4180.5,44.9585,166.648
4181.1,44.9932,166.6614
4181.7,45.0279,166.6747
4182.3,45.0626,166.6881
4182.9,45.0973,166.7015
4183.6,45.132,166.7149
4184.2,45.1667,166.7283
4184.8,45.2014,166.7417
4185.4,45.236,166.7552
4186.0,45.2707,166.7687
4186.6,45.3054,166.7822
4187.2,45.3401,166.7957
4187.8,45.3748,166.8093
4188.5,45.4094,166.8228
4189.1,45.4441,166.8364
4189.7,45.4788,166.85
4190.3,45.5134,166.8636
4190.9,45.5481,166.8773
4191.5,45.5827,166.891
4192.1,45.6174,166.9046
4192.8,45.652,166.9184
4193.4,45.6867,166.9321
4194.0,45.7213,166.9458
4194.6,45.756,166.9596
4195.2,45.7906,166.9734
4195.8,45.8253,166.9872
4196.4,45.8599,167.001
4197.0,45.8945,167.0149
4197.7,45.9292,167.0287
4198.3,45.9638,167.0426
4198.9,45.9984,167.0565
4199.5,46.033,167.0705
4200.1,46.0677,167.0844
4200.7,46.1023,167.0984
4201.3,46.1369,167.1124
4201.9,46.1715,167.1264
4202.6,46.2061,167.1404
4203.2,46.2407,167.1545
4203.8,46.2753,167.1686
4204.4,46.3099,167.1827
4205.0,46.3445,167.1968
4205.6,46.3791,167.211
4206.2,46.4137,167.2251
4206.8,46.4483,167.2393
4207.5,46.4829,167.2535
4208.1,46.5175,167.2677
4208.7,46.5521,167.282
4209.3,46.5867,167.2963
4209.9,46.6212,167.3106
4210.5,46.6558,167.3249
4211.1,46.6904,167.3392
4211.7,46.725,167.3536
4212.4,46.7595,167.368
4213.0,46.7941,167.3824
4213.6,46.8287,167.3968
4214.2,46.8632,167.4112
4214.8,46.8978,167.4257
4215.4,46.9323,167.4402
4216.0,46.9669,167.4547
4216.7,47.0014,167.4692
4217.3,47.036,167.4838
4217.9,47.0705,167.4984
4218.5,47.1051,167.513
4219.1,47.1396,167.5276
4219.7,47.1741,167.5423
4220.3,47.2087,167.5569
4220.9,47.2432,167.5716
4221.6,47.2777,167.5863
4222.2,47.3122,167.6011
4222.8,47.3468,167.6158
4223.4,47.3813,167.6306
4224.0,47.4158,167.6454
4224.6,47.4503,167.6603
4225.2,47.4848,167.6751
4225.8,47.5193,167.69
4226.5,47.5538,167.7049
4227.1,47.5883,167.7198
4227.7,47.6228,167.7348
4228.3,47.6573,167.7498
4228.9,47.6918,167.7648
4229.5,47.7263,167.7798
4230.1,47.7608,167.7948
4230.7,47.7953,167.8099
4231.4,47.8297,167.825
4232.0,47.8642,167.8401
4232.6,47.8987,167.8552
4233.2,47.9332,167.8704
4233.8,47.9676,167.8856
4234.4,48.0021,167.9008
4235.0,48.0366,167.916
4235.7,48.071,167.9312
4236.3,48.1055,167.9465
4236.9,48.1399,167.9618
4237.5,48.1744,167.9772
4238.1,48.2088,167.9925
4238.7,48.2433,168.0079
4239.3,48.2777,168.0233
4239.9,48.3121,168.0387
4240.6,48.3466,168.0542
4241.2,48.381,168.0696
4241.8,48.4154,168.0851
4242.4,48.4499,168.1007
4243.0,48.4843,168.1162
4243.6,48.5187,168.1318
4244.2,48.5531,168.1474
4244.8,48.5875,168.163
4245.5,48.6219,168.1787
4246.1,48.6564,168.1943
4246.7,48.6908,168.21
4247.3,48.7252,168.2258
4247.9,48.7596,168.2415
4248.5,48.794,168.2573
4249.1,48.8283,168.2731
4249.7,48.8627,168.2889
4250.4,48.8971,168.3048
4251.0,48.9315,168.3206
4251.6,48.9659,168.3365
4252.2,49.0003,168.3525
4252.8,49.0346,168.3684
4253.4,49.069,168.3844
4254.0,49.1034,168.4004
4254.6,49.1377,168.4164
4255.3,49.1721,168.4325
4255.9,49.2064,168.4486
4256.5,49.2408,168.4647
4257.1,49.2751,168.4808
4257.7,49.3095,168.497
4258.3,49.3438,168.5132
4258.9,49.3782,168.5294
4259.6,49.4125,168.5456
4260.2,49.4468,168.5619
4260.8,49.4812,168.5782
4261.4,49.5155,168.5945
4262.0,49.5498,168.6109
4262.6,49.5841,168.6272
4263.2,49.6185,168.6436
4263.8,49.6528,168.6601
4264.5,49.6871,168.6765
4265.1,49.7214,168.693
4265.7,49.7557,168.7095
4266.3,49.79,168.726
4266.9,49.8243,168.7426
4267.5,49.8586,168.7592
4268.1,49.8929,168.7758
4268.7,49.9272,168.7925
4269.4,49.9614,168.8091
4270.0,49.9957,168.8259
4270.6,50.03,168.8426
4271.2,50.0643,168.8593
4271.8,50.0985,168.8761
4272.4,50.1328,168.8929
4273.0,50.1671,168.9098
4273.6,50.2013,168.9267
4274.3,50.2356,168.9435
4274.9,50.2698,168.9605
4275.5,50.3041,168.9774
4276.1,50.3383,168.9944
4276.7,50.3726,169.0114
4277.3,50.4068,169.0285
4277.9,50.441,169.0455
4278.6,50.4753,169.0626
4279.2,50.5095,169.0798
4279.8,50.5437,169.0969
4280.4,50.578,169.1141
4281.0,50.6122,169.1313
4281.6,50.6464,169.1485
4282.2,50.6806,169.1658
4282.8,50.7148,169.1831
4283.5,50.749,169.2004
4284.1,50.7832,169.2178
4284.7,50.8174,169.2352
4285.3,50.8516,169.2526
4285.9,50.8858,169.2701
4286.5,50.92,169.2875
4287.1,50.9541,169.305
4287.7,50.9883,169.3226
4288.4,51.0225,169.3401
4289.0,51.0567,169.3577
4289.6,51.0908,169.3754
4290.2,51.125,169.393
4290.8,51.1591,169.4107
4291.4,51.1933,169.4284
4292.0,51.2274,169.4462
4292.6,51.2616,169.4639
4293.3,51.2957,169.4817
4293.9,51.3299,169.4996
4294.5,51.364,169.5174
4295.1,51.3981,169.5353
4295.7,51.4323,169.5533
4296.3,51.4664,169.5712
4296.9,51.5005,169.5892
4297.5,51.5346,169.6073
4298.2,51.5687,169.6253
4298.8,51.6029,169.6434
4299.4,51.637,169.6615
4300.0,51.6711,169.6797
4300.6,51.7052,169.6978
4301.2,51.7393,169.716
4301.8,51.7733,169.7343
4302.5,51.8074,169.7526
4303.1,51.8415,169.7709
4303.7,51.8756,169.7892
4304.3,51.9097,169.8076
4304.9,51.9437,169.826
4305.5,51.9778,169.8444
4306.1,52.0119,169.8629
4306.7,52.0459,169.8814
4307.4,52.08,169.8999
4308.0,52.114,169.9185
4308.6,52.1481,169.9371
4309.2,52.1821,169.9557
4309.8,52.2161,169.9743
4310.4,52.2502,169.993
4311.0,52.2842,170.0118
4311.6,52.3182,170.0305
4312.3,52.3523,170.0493
4312.9,52.3863,170.0681
4313.5,52.4203,170.087
4314.1,52.4543,170.1059
4314.7,52.4883,170.1248
4315.3,52.5223,170.1438
4315.9,52.5563,170.1628
4316.5,52.5903,170.1818
4317.2,52.6243,170.2009
4317.8,52.6583,170.22
4318.4,52.6922,170.2391
4319.0,52.7262,170.2582
4319.6,52.7602,170.2774
4320.2,52.7942,170.2967
4320.8,52.8281,170.3159
4321.5,52.8621,170.3352
4322.1,52.896,170.3546
4322.7,52.93,170.3739
4323.3,52.9639,170.3933
4323.9,52.9979,170.4128
4324.5,53.0318,170.4323
4325.1,53.0658,170.4518
4325.7,53.0997,170.4713
4326.4,53.1336,170.4909
4107.0,40.7741,165.2006
4107.6,40.809,165.2119
4108.2,40.844,165.2233
4108.8,40.8789,165.2346
4109.4,40.9139,165.2459
4110.0,40.9488,165.2573
4110.6,40.9838,165.2687
4111.2,41.0187,165.28
4111.9,41.0536,165.2914
4112.5,41.0886,165.3029
4113.1,41.1235,165.3143
4113.7,41.1585,165.3258
4114.3,41.1934,165.3372
4114.9,41.2283,165.3487
4115.5,41.2632,165.3602
4116.1,41.2982,165.3717
4116.8,41.3331,165.3832
4117.4,41.368,165.3948
4118.0,41.4029,165.4063
4118.6,41.4379,165.4179
4119.2,41.4728,165.4295
4119.8,41.5077,165.4411
4120.4,41.5426,165.4527
4121.0,41.5775,165.4643
4121.7,41.6124,165.476
4122.3,41.6473,165.4877
4122.9,41.6822,165.4993
4123.5,41.7171,165.511
4124.1,41.752,165.5228
4124.7,41.7869,165.5345
4125.3,41.8218,165.5462
4125.9,41.8567,165.558
4126.6,41.8916,165.5697
4127.2,41.9265,165.5815
4127.8,41.9614,165.5934
4128.4,41.9963,165.6052
4129.0,42.0312,165.617
4129.6,42.0661,165.6289
4130.2,42.1009,165.6407
4130.9,42.1358,165.6526
4131.5,42.1707,165.6645
4132.1,42.2056,165.6764
4132.7,42.2404,165.6884
4133.3,42.2753,165.7003
4133.9,42.3102,165.7123
4134.5,42.3451,165.7243
4135.1,42.3799,165.7363
4135.8,42.4148,165.7483
4136.4,42.4496,165.7603
4137.0,42.4845,165.7724
4137.6,42.5193,165.7845
4138.2,42.5542,165.7965
4138.8,42.5891,165.8086
4139.4,42.6239,165.8208
4140.0,42.6588,165.8329
4140.7,42.6936,165.845
4141.3,42.7284,165.8572
4141.9,42.7633,165.8694
4142.5,42.7981,165.8816
4143.1,42.833,165.8938
4143.7,42.8678,165.906
4144.3,42.9026,165.9183
4144.9,42.9375,165.9306
4145.6,42.9723,165.9428
4146.2,43.0071,165.9551
4146.8,43.0419,165.9675
4147.4,43.0768,165.9798
4148.0,43.1116,165.9922
4148.6,43.1464,166.0045
4149.2,43.1812,166.0169
4149.8,43.216,166.0293
4150.5,43.2508,166.0417
4151.1,43.2856,166.0542
4151.7,43.3204,166.0666
4152.3,43.3553,166.0791
4152.9,43.3901,166.0916
4153.5,43.4249,166.1041
4154.1,43.4597,166.1166
4154.8,43.4944,166.1292
4155.4,43.5292,166.1417
4156.0,43.564,166.1543
4156.6,43.5988,166.1669
4157.2,43.6336,166.1795
4157.8,43.6684,166.1922
4158.4,43.7032,166.2048
4159.0,43.738,166.2175
4159.7,43.7727,166.2302
4160.3,43.8075,166.2429
4160.9,43.8423,166.2556
4161.5,43.8771,166.2683
4162.1,43.9118,166.2811
4162.7,43.9466,166.2939
4163.3,43.9813,166.3067
4163.9,44.0161,166.3195
4164.6,44.0509,166.3323
4165.2,44.0856,166.3452
4165.8,44.1204,166.358
4166.4,44.1551,166.3709
4167.0,44.1899,166.3838
4167.6,44.2246,166.3968
4168.2,44.2594,166.4097
4168.8,44.2941,166.4227
4169.5,44.3289,166.4356
4170.1,44.3636,166.4486
4170.7,44.3983,166.4617
4171.3,44.4331,166.4747
4171.9,44.4678,166.4877
4172.5,44.5025,166.5008
4173.1,44.5373,166.5139
4173.8,44.572,166.527
4174.4,44.6067,166.5401
4175.0,44.6414,166.5533
4175.6,44.6761,166.5665
4176.2,44.7109,166.5797
4176.8,44.7456,166.5928
4177.4,44.7803,166.6061
4178.0,44.815,166.6193
4178.7,44.8497,166.6326
4179.3,44.8844,166.6459
4179.9,44.9191,166.6592
4180.5,44.9538,166.6725
4181.1,44.9885,166.6858
4181.7,45.0232,166.6992
4182.3,45.0579,166.7126
4182.9,45.0926,166.726
4183.6,45.1272,166.7394
4184.2,45.1619,166.7528
4184.8,45.1966,166.7663
4185.4,45.2313,166.7798
4186.0,45.266,166.7933
4186.6,45.3006,166.8068
4187.2,45.3353,166.8203
4187.8,45.37,166.8339
4188.5,45.4046,166.8475
4189.1,45.4393,166.8611
4189.7,45.474,166.8747
4190.3,45.5086,166.8883
4190.9,45.5433,166.902
4191.5,45.5779,166.9156
4192.1,45.6126,166.9294
4192.8,45.6472,166.9431
4193.4,45.6819,166.9568
4194.0,45.7165,166.9706
4194.6,45.7512,166.9843
4195.2,45.7858,166.9982
4195.8,45.8204,167.012
4196.4,45.8551,167.0258
4197.0,45.8897,167.0397
4197.7,45.9243,167.0536
4198.3,45.9589,167.0675
4198.9,45.9936,167.0814
4199.5,46.0282,167.0953
4200.1,46.0628,167.1093
4200.7,46.0974,167.1233
4201.3,46.132,167.1373
4201.9,46.1666,167.1513
4202.6,46.2012,167.1654
4203.2,46.2358,167.1795
4203.8,46.2704,167.1935
4204.4,46.305,167.2077
4205.0,46.3396,167.2218
4205.6,46.3742,167.236
4206.2,46.4088,167.2501
4206.8,46.4434,167.2643
4207.5,46.478,167.2786
4208.1,46.5126,167.2928
4208.7,46.5472,167.3071
4209.3,46.5817,167.3214
4209.9,46.6163,167.3357
4210.5,46.6509,167.35
4211.1,46.6855,167.3643
4211.7,46.72,167.3787
4212.4,46.7546,167.3931
4213.0,46.7891,167.4075
4213.6,46.8237,167.422
4214.2,46.8583,167.4364
4214.8,46.8928,167.4509
4215.4,46.9274,167.4654
4216.0,46.9619,167.48
4216.7,46.9964,167.4945
4217.3,47.031,167.5091
4217.9,47.0655,167.5237
4218.5,47.1001,167.5383
4219.1,47.1346,167.5529
4219.7,47.1691,167.5676
4220.3,47.2037,167.5823
4220.9,47.2382,167.597
4221.6,47.2727,167.6117
4222.2,47.3072,167.6265
4222.8,47.3417,167.6413
4223.4,47.3762,167.6561
4224.0,47.4108,167.6709
4224.6,47.4453,167.6857
4225.2,47.4798,167.7006
4225.8,47.5143,167.7155
4226.5,47.5488,167.7304
4227.1,47.5833,167.7453
4227.7,47.6178,167.7603
4228.3,47.6522,167.7753
4228.9,47.6867,167.7903
4229.5,47.7212,167.8053
4230.1,47.7557,167.8204
4230.7,47.7902,167.8355
4231.4,47.8246,167.8506
4232.0,47.8591,167.8657
4232.6,47.8936,167.8809
4233.2,47.9281,167.896
4233.8,47.9625,167.9112
4234.4,47.997,167.9265
4235.0,48.0314,167.9417
4235.7,48.0659,167.957
4236.3,48.1003,167.9723
4236.9,48.1348,167.9876
4237.5,48.1692,168.0029
4238.1,48.2037,168.0183
4238.7,48.2381,168.0337
4239.3,48.2726,168.0491
4239.9,48.307,168.0645
4240.6,48.3414,168.08
4241.2,48.3758,168.0955
4241.8,48.4103,168.111
4242.4,48.4447,168.1266
4243.0,48.4791,168.1421
4243.6,48.5135,168.1577
4244.2,48.5479,168.1733
4244.8,48.5823,168.189
4245.5,48.6168,168.2046
4246.1,48.6512,168.2203
4246.7,48.6856,168.236
4247.3,48.7199,168.2518
4247.9,48.7543,168.2675
4248.5,48.7887,168.2833
4249.1,48.8231,168.2991
4249.7,48.8575,168.315
4250.4,48.8919,168.3309
4251.0,48.9263,168.3467
4251.6,48.9606,168.3627
4252.2,48.995,168.3786
4252.8,49.0294,168.3946
4253.4,49.0637,168.4106
4254.0,49.0981,168.4266
4254.6,49.1325,168.4426
4255.3,49.1668,168.4587
4255.9,49.2012,168.4748
4256.5,49.2355,168.4909
4257.1,49.2699,168.5071
4257.7,49.3042,168.5233
4258.3,49.3385,168.5395
4258.9,49.3729,168.5557
4259.6,49.4072,168.572
4260.2,49.4415,168.5882
4260.8,49.4759,168.6046
4261.4,49.5102,168.6209
4262.0,49.5445,168.6373
4262.6,49.5788,168.6536
4263.2,49.6131,168.6701
4263.8,49.6474,168.6865
4264.5,49.6817,168.703
4265.1,49.716,168.7195
4265.7,49.7503,168.736
4266.3,49.7846,168.7526
4266.9,49.8189,168.7691
4267.5,49.8532,168.7858
4268.1,49.8875,168.8024
4268.7,49.9218,168.819
4269.4,49.9561,168.8357
4270.0,49.9903,168.8525
4270.6,50.0246,168.8692
4271.2,50.0589,168.886
4271.8,50.0931,168.9028
4272.4,50.1274,168.9196
4273.0,50.1617,168.9365
4273.6,50.1959,168.9534
4274.3,50.2302,168.9703
4274.9,50.2644,168.9872
4275.5,50.2986,169.0042
4276.1,50.3329,169.0212
4276.7,50.3671,169.0382
4277.3,50.4014,169.0553
4277.9,50.4356,169.0724
4278.6,50.4698,169.0895
4279.2,50.504,169.1066
4279.8,50.5383,169.1238
4280.4,50.5725,169.141
4281.0,50.6067,169.1582
4281.6,50.6409,169.1755
4282.2,50.6751,169.1927
4282.8,50.7093,169.2101
4283.5,50.7435,169.2274
4284.1,50.7777,169.2448
4284.7,50.8119,169.2622
4285.3,50.8461,169.2796
4285.9,50.8802,169.2971
4286.5,50.9144,169.3146
4287.1,50.9486,169.3321
4287.7,50.9828,169.3497
4288.4,51.0169,169.3672
4289.0,51.0511,169.3849
4289.6,51.0853,169.4025
4290.2,51.1194,169.4202
4290.8,51.1536,169.4379
4291.4,51.1877,169.4556
4292.0,51.2219,169.4734
4292.6,51.256,169.4912
4293.3,51.2901,169.509
4293.9,51.3243,169.5268
4294.5,51.3584,169.5447
4295.1,51.3925,169.5627
4295.7,51.4267,169.5806
4296.3,51.4608,169.5986
4296.9,51.4949,169.6166
4297.5,51.529,169.6346
4298.2,51.5631,169.6527
4298.8,51.5972,169.6708
4299.4,51.6313,169.6889
4300.0,51.6654,169.7071
4300.6,51.6995,169.7253
4301.2,51.7336,169.7435
4301.8,51.7677,169.7618
4302.5,51.8018,169.7801
4303.1,51.8358,169.7984
4303.7,51.8699,169.8167
4304.3,51.904,169.8351
4304.9,51.938,169.8536
4305.5,51.9721,169.872
4306.1,52.0062,169.8905
4306.7,52.0402,169.909
4307.4,52.0743,169.9276
4308.0,52.1083,169.9461
4308.6,52.1423,169.9648
4309.2,52.1764,169.9834
4309.8,52.2104,170.0021
4310.4,52.2444,170.0208
4311.0,52.2785,170.0395
4311.6,52.3125,170.0583
4312.3,52.3465,170.0771
4312.9,52.3805,170.096
4313.5,52.4145,170.1148
4314.1,52.4485,170.1338
4314.7,52.4825,170.1527
4315.3,52.5165,170.1717
4315.9,52.5505,170.1907
4316.5,52.5845,170.2097
4317.2,52.6185,170.2288
4317.8,52.6525,170.2479
4318.4,52.6864,170.2671
4319.0,52.7204,170.2862
4319.6,52.7544,170.3055
4320.2,52.7883,170.3247
4320.8,52.8223,170.344
4321.5,52.8562,170.3633
4322.1,52.8902,170.3827
4322.7,52.9241,170.4021
4323.3,52.9581,170.4215
4323.9,52.992,170.4409
4324.5,53.0259,170.4604
4325.1,53.0599,170.4799
4325.7,53.0938,170.4995
4107.0,40.7698,165.2236
4107.6,40.8047,165.235
4108.2,40.8397,165.2463
4108.8,40.8746,165.2576
4109.4,40.9096,165.269
4110.0,40.9445,165.2803
4110.6,40.9795,165.2917
4111.2,41.0144,165.3031
4111.9,41.0493,165.3145
4112.5,41.0843,165.326
4113.1,41.1192,165.3374
4113.7,41.1541,165.3489
4114.3,41.1891,165.3604
4114.9,41.224,165.3718
4115.5,41.2589,165.3834
4116.1,41.2938,165.3949
4116.8,41.3288,165.4064
4117.4,41.3637,165.418
4118.0,41.3986,165.4295
4118.6,41.4335,165.4411
4119.2,41.4684,165.4527
4119.8,41.5033,165.4643
4120.4,41.5382,165.476
4121.0,41.5731,165.4876
4121.7,41.608,165.4993
4122.3,41.643,165.5109
4122.9,41.6779,165.5226
4123.5,41.7128,165.5343
4124.1,41.7477,165.5461
4124.7,41.7825,165.5578
4125.3,41.8174,165.5696
4125.9,41.8523,165.5813
4126.6,41.8872,165.5931
4127.2,41.9221,165.6049
4127.8,41.957,165.6167
4128.4,41.9919,165.6286
4129.0,42.0268,165.6404
4129.6,42.0616,165.6523
4130.2,42.0965,165.6642
4130.9,42.1314,165.6761
4131.5,42.1663,165.688
4132.1,42.2011,165.6999
4132.7,42.236,165.7119
4133.3,42.2709,165.7238
4133.9,42.3057,165.7358
4134.5,42.3406,165.7478
4135.1,42.3755,165.7598
4135.8,42.4103,165.7719
4136.4,42.4452,165.7839
4137.0,42.48,165.7959
4137.6,42.5149,165.808
4138.2,42.5497,165.8201
4138.8,42.5846,165.8322
4139.4,42.6194,165.8444
4140.0,42.6543,165.8565
4140.7,42.6891,165.8687
4141.3,42.7239,165.8808
4141.9,42.7588,165.8931
4142.5,42.7936,165.9053
4143.1,42.8285,165.9175
4143.7,42.8633,165.9297
4144.3,42.8981,165.942
4144.9,42.9329,165.9543
4145.6,42.9678,165.9666
4146.2,43.0026,165.9789
4146.8,43.0374,165.9912
4147.4,43.0722,166.0036
4148.0,43.107,166.0159
4148.6,43.1419,166.0283
4149.2,43.1767,166.0407
4149.8,43.2115,166.0531
4150.5,43.2463,166.0656
4151.1,43.2811,166.078
4151.7,43.3159,166.0905
4152.3,43.3507,166.103
4152.9,43.3855,166.1155
4153.5,43.4203,166.128
4154.1,43.4551,166.1405
4154.8,43.4899,166.1531
4155.4,43.5247,166.1657
4156.0,43.5595,166.1783
4156.6,43.5942,166.1909
4157.2,43.629,166.2035
4157.8,43.6638,166.2161
4158.4,43.6986,166.2288
4159.0,43.7334,166.2415
4159.7,43.7681,166.2542
4160.3,43.8029,166.2669
4160.9,43.8377,166.2796
4161.5,43.8724,166.2924
4162.1,43.9072,166.3052
4162.7,43.942,166.3179
4163.3,43.9767,166.3308
4163.9,44.0115,166.3436
4164.6,44.0462,166.3564
4165.2,44.081,166.3693
4165.8,44.1157,166.3822
4166.4,44.1505,166.3951
4167.0,44.1852,166.408
4167.6,44.22,166.4209
4168.2,44.2547,166.4339
4168.8,44.2895,166.4469
4169.5,44.3242,166.4599
4170.1,44.3589,166.4729
4170.7,44.3937,166.4859
4171.3,44.4284,166.4989
4171.9,44.4631,166.512
4172.5,44.4978,166.5251
4173.1,44.5326,166.5382
4173.8,44.5673,166.5513
4174.4,44.602,166.5645
4175.0,44.6367,166.5776
4175.6,44.6714,166.5908
4176.2,44.7061,166.604
4176.8,44.7409,166.6172
4177.4,44.7756,166.6305
4178.0,44.8103,166.6437
4178.7,44.845,166.657
4179.3,44.8797,166.6703
4179.9,44.9144,166.6836
4180.5,44.9491,166.6969
4181.1,44.9837,166.7103
4181.7,45.0184,166.7237
4182.3,45.0531,166.7371
4182.9,45.0878,166.7505
4183.6,45.1225,166.7639
4184.2,45.1572,166.7774
4184.8,45.1918,166.7908
4185.4,45.2265,166.8043
4186.0,45.2612,166.8178
4186.6,45.2959,166.8314
4187.2,45.3305,166.8449
4187.8,45.3652,166.8585
4188.5,45.3998,166.8721
4189.1,45.4345,166.8857
4189.7,45.4692,166.8993
4190.3,45.5038,166.913
4190.9,45.5385,166.9267
4191.5,45.5731,166.9403
4192.1,45.6078,166.9541
4192.8,45.6424,166.9678
4193.4,45.677,166.9815
4194.0,45.7117,166.9953
4194.6,45.7463,167.0091
4195.2,45.781,167.0229
4195.8,45.8156,167.0368
4196.4,45.8502,167.0506
4197.0,45.8848,167.0645
4197.7,45.9195,167.0784
4198.3,45.9541,167.0923
4198.9,45.9887,167.1062
4199.5,46.0233,167.1202
4200.1,46.0579,167.1342
4200.7,46.0925,167.1482
4201.3,46.1271,167.1622
4201.9,46.1618,167.1763
4202.6,46.1964,167.1903
4203.2,46.231,167.2044
4203.8,46.2656,167.2185
4204.4,46.3001,167.2327
4205.0,46.3347,167.2468
4205.6,46.3693,167.261
4206.2,46.4039,167.2752
4206.8,46.4385,167.2894
4207.5,46.4731,167.3036
4208.1,46.5077,167.3179
4208.7,46.5422,167.3322
4209.3,46.5768,167.3465
4209.9,46.6114,167.3608
4210.5,46.6459,167.3751
4211.1,46.6805,167.3895
4211.7,46.7151,167.4039
4212.4,46.7496,167.4183
4213.0,46.7842,167.4327
4213.6,46.8187,167.4472
4214.2,46.8533,167.4616
4214.8,46.8878,167.4762
4215.4,46.9224,167.4907
4216.0,46.9569,167.5052
4216.7,46.9915,167.5198
4217.3,47.026,167.5344
4217.9,47.0605,167.549
4218.5,47.0951,167.5636
4219.1,47.1296,167.5783
4219.7,47.1641,167.5929
4220.3,47.1986,167.6076
4220.9,47.2332,167.6224
4221.6,47.2677,167.6371
4222.2,47.3022,167.6519
4222.8,47.3367,167.6667
4223.4,47.3712,167.6815
4224.0,47.4057,167.6963
4224.6,47.4402,167.7112
4225.2,47.4747,167.7261
4225.8,47.5092,167.741
4226.5,47.5437,167.7559
4227.1,47.5782,167.7709
4227.7,47.6127,167.7858
4228.3,47.6472,167.8008
4228.9,47.6817,167.8159
4229.5,47.7161,167.8309
4230.1,47.7506,167.846
4230.7,47.7851,167.8611
4231.4,47.8196,167.8762
4232.0,47.854,167.8913
4232.6,47.8885,167.9065
4233.2,47.923,167.9217
4233.8,47.9574,167.9369
4234.4,47.9919,167.9521
4235.0,48.0263,167.9674
4235.7,48.0608,167.9827
4236.3,48.0952,167.998
4236.9,48.1297,168.0133
4237.5,48.1641,168.0287
4238.1,48.1985,168.0441
4238.7,48.233,168.0595
4239.3,48.2674,168.0749
4239.9,48.3018,168.0904
4240.6,48.3363,168.1059
4241.2,48.3707,168.1214
4241.8,48.4051,168.1369
4242.4,48.4395,168.1525
4243.0,48.4739,168.168
4243.6,48.5083,168.1836
4244.2,48.5427,168.1993
4244.8,48.5771,168.2149
4245.5,48.6115,168.2306
4246.1,48.6459,168.2463
4246.7,48.6803,168.262
4247.3,48.7147,168.2778
4247.9,48.7491,168.2936
4248.5,48.7835,168.3094
4249.1,48.8179,168.3252
4249.7,48.8523,168.3411
4250.4,48.8866,168.3569
4251.0,48.921,168.3728
4251.6,48.9554,168.3888
4252.2,48.9897,168.4047
4252.8,49.0241,168.4207
4253.4,49.0585,168.4367
4254.0,49.0928,168.4528
4254.6,49.1272,168.4688
4255.3,49.1615,168.4849
4255.9,49.1959,168.501
4256.5,49.2302,168.5172
4257.1,49.2646,168.5334
4257.7,49.2989,168.5495
4258.3,49.3332,168.5658
4258.9,49.3676,168.582
4259.6,49.4019,168.5983
4260.2,49.4362,168.6146
4260.8,49.4705,168.6309
4261.4,49.5048,168.6473
4262.0,49.5392,168.6637
4262.6,49.5735,168.6801
4263.2,49.6078,168.6965
4263.8,49.6421,168.713
4264.5,49.6764,168.7294
4265.1,49.7107,168.746
4265.7,49.745,168.7625
4266.3,49.7793,168.7791
4266.9,49.8136,168.7957
4267.5,49.8478,168.8123
4268.1,49.8821,168.8289
4268.7,49.9164,168.8456
4269.4,49.9507,168.8623
4270.0,49.9849,168.8791
4270.6,50.0192,168.8958
4271.2,50.0535,168.9126
4271.8,50.0877,168.9294
4272.4,50.122,168.9463
4273.0,50.1562,168.9632
4273.6,50.1905,168.9801
4274.3,50.2247,168.997
4274.9,50.259,169.0139
4275.5,50.2932,169.0309
4276.1,50.3274,169.0479
4276.7,50.3617,169.065
4277.3,50.3959,169.0821
4277.9,50.4301,169.0992
4278.6,50.4643,169.1163
4279.2,50.4986,169.1335
4279.8,50.5328,169.1507
4280.4,50.567,169.1679
4281.0,50.6012,169.1851
4281.6,50.6354,169.2024
4282.2,50.6696,169.2197
4282.8,50.7038,169.237
4283.5,50.738,169.2544
4284.1,50.7722,169.2718
4284.7,50.8064,169.2892
4285.3,50.8405,169.3066
4285.9,50.8747,169.3241
4286.5,50.9089,169.3416
4287.1,50.9431,169.3592
4287.7,50.9772,169.3767
4288.4,51.0114,169.3943
4289.0,51.0455,169.412
4289.6,51.0797,169.4296
4290.2,51.1138,169.4473
4290.8,51.148,169.465
4291.4,51.1821,169.4828
4292.0,51.2163,169.5006
4292.6,51.2504,169.5184
4293.3,51.2845,169.5362
4293.9,51.3187,169.5541
4294.5,51.3528,169.572
4295.1,51.3869,169.5899
4295.7,51.421,169.6079
4296.3,51.4552,169.6259
4296.9,51.4893,169.6439
4297.5,51.5234,169.662
4298.2,51.5575,169.6801
4298.8,51.5916,169.6982
4299.4,51.6257,169.7163
4300.0,51.6598,169.7345
4300.6,51.6938,169.7527
4301.2,51.7279,169.771
4301.8,51.762,169.7893
4302.5,51.7961,169.8076
4303.1,51.8301,169.8259
4303.7,51.8642,169.8443
4304.3,51.8983,169.8627
4304.9,51.9323,169.8811
4305.5,51.9664,169.8996
4306.1,52.0004,169.9181
4306.7,52.0345,169.9366
4307.4,52.0685,169.9552
4308.0,52.1026,169.9738
4308.6,52.1366,169.9924
4309.2,52.1706,170.0111
4309.8,52.2047,170.0298
4310.4,52.2387,170.0485
4311.0,52.2727,170.0673
4311.6,52.3067,170.0861
4312.3,52.3407,170.1049
4312.9,52.3747,170.1238
4313.5,52.4087,170.1427
4314.1,52.4427,170.1616
4314.7,52.4767,170.1806
4315.3,52.5107,170.1996
4315.9,52.5447,170.2186
4316.5,52.5787,170.2377
4317.2,52.6127,170.2567
4317.8,52.6466,170.2759
4318.4,52.6806,170.295
4319.0,52.7146,170.3142
4319.6,52.7485,170.3335
4320.2,52.7825,170.3527
4320.8,52.8164,170.372
4321.5,52.8504,170.3914
4322.1,52.8843,170.4108
4322.7,52.9183,170.4302
4323.3,52.9522,170.4496
4323.9,52.9861,170.4691
4324.5,53.0201,170.4886
4107.0,40.7655,165.2466
4107.6,40.8004,165.258
4108.2,40.8354,165.2693
4108.8,40.8703,165.2807
4109.4,40.9053,165.292
4110.0,40.9402,165.3034
4110.6,40.9751,165.3148
4111.2,41.0101,165.3262
4111.9,41.045,165.3376
4112.5,41.0799,165.3491
4113.1,41.1149,165.3605
4113.7,41.1498,165.372
4114.3,41.1847,165.3835
4114.9,41.2196,165.395
4115.5,41.2546,165.4065
4116.1,41.2895,165.418
4116.8,41.3244,165.4296
4117.4,41.3593,165.4412
4118.0,41.3942,165.4527
4118.6,41.4291,165.4643
4119.2,41.464,165.4759
4119.8,41.499,165.4876
4120.4,41.5339,165.4992
4121.0,41.5688,165.5109
4121.7,41.6037,165.5225
4122.3,41.6386,165.5342
4122.9,41.6735,165.5459
4123.5,41.7084,165.5576
4124.1,41.7433,165.5694
4124.7,41.7781,165.5811
4125.3,41.813,165.5929
4125.9,41.8479,165.6047
4126.6,41.8828,165.6165
4127.2,41.9177,165.6283
4127.8,41.9526,165.6401
4128.4,41.9875,165.652
4129.0,42.0223,165.6638
4129.6,42.0572,165.6757
4130.2,42.0921,165.6876
4130.9,42.127,165.6995
4131.5,42.1618,165.7114
4132.1,42.1967,165.7234
4132.7,42.2316,165.7353
4133.3,42.2664,165.7473
4133.9,42.3013,165.7593
4134.5,42.3361,165.7713
4135.1,42.371,165.7833
4135.8,42.4059,165.7954
4136.4,42.4407,165.8074
4137.0,42.4756,165.8195
4137.6,42.5104,165.8316
4138.2,42.5452,165.8437
4138.8,42.5801,165.8558
4139.4,42.6149,165.868
4140.0,42.6498,165.8801
4140.7,42.6846,165.8923
4141.3,42.7195,165.9045
4141.9,42.7543,165.9167
4142.5,42.7891,165.9289
4143.1,42.8239,165.9412
4143.7,42.8588,165.9534
4144.3,42.8936,165.9657
4144.9,42.9284,165.978
4145.6,42.9632,165.9903
4146.2,42.9981,166.0026
4146.8,43.0329,166.015
4147.4,43.0677,166.0273
4148.0,43.1025,166.0397
4148.6,43.1373,166.0521
4149.2,43.1721,166.0645
4149.8,43.2069,166.0769
4150.5,43.2417,166.0894
4151.1,43.2765,166.1019
4151.7,43.3113,166.1143
4152.3,43.3461,166.1268
4152.9,43.3809,166.1393
4153.5,43.4157,166.1519
4154.1,43.4505,166.1644
4154.8,43.4853,166.177
4155.4,43.5201,166.1896
4156.0,43.5549,166.2022
4156.6,43.5896,166.2148
4157.2,43.6244,166.2275
4157.8,43.6592,166.2401
4158.4,43.694,166.2528
4159.0,43.7287,166.2655
4159.7,43.7635,166.2782
4160.3,43.7983,166.2909
4160.9,43.8331,166.3037
4161.5,43.8678,166.3164
4162.1,43.9026,166.3292
4162.7,43.9373,166.342
4163.3,43.9721,166.3548
4163.9,44.0068,166.3677
4164.6,44.0416,166.3805
4165.2,44.0763,166.3934
4165.8,44.1111,166.4063
4166.4,44.1458,166.4192
4167.0,44.1806,166.4322
4167.6,44.2153,166.4451
4168.2,44.2501,166.4581
4168.8,44.2848,166.4711
4169.5,44.3195,166.4841
4170.1,44.3543,166.4971
4170.7,44.389,166.5101
4171.3,44.4237,166.5232
4171.9,44.4584,166.5363
4172.5,44.4932,166.5494
4173.1,44.5279,166.5625
4173.8,44.5626,166.5756
4174.4,44.5973,166.5888
4175.0,44.632,166.602
4175.6,44.6667,166.6151
4176.2,44.7014,166.6284
4176.8,44.7361,166.6416
4177.4,44.7708,166.6548
4178.0,44.8055,166.6681
4178.7,44.8402,166.6814
4179.3,44.8749,166.6947
4179.9,44.9096,166.708
4180.5,44.9443,166.7214
4181.1,44.979,166.7348
4181.7,45.0137,166.7481
4182.3,45.0484,166.7616
4182.9,45.083,166.775
4183.6,45.1177,166.7884
4184.2,45.1524,166.8019
4184.8,45.1871,166.8154
4185.4,45.2217,166.8289
4186.0,45.2564,166.8424
4186.6,45.2911,166.8559
4187.2,45.3257,166.8695
4187.8,45.3604,166.8831
4188.5,45.3951,166.8967
4189.1,45.4297,166.9103
4189.7,45.4644,166.924
4190.3,45.499,166.9376
4190.9,45.5337,166.9513
4191.5,45.5683,166.965
4192.1,45.6029,166.9788
4192.8,45.6376,166.9925
4193.4,45.6722,167.0063
4194.0,45.7069,167.0201
4194.6,45.7415,167.0339
4195.2,45.7761,167.0477
4195.8,45.8107,167.0615
4196.4,45.8454,167.0754
4197.0,45.88,167.0893
4197.7,45.9146,167.1032
4198.3,45.9492,167.1171
4198.9,45.9838,167.1311
4199.5,46.0184,167.1451
4200.1,46.0531,167.1591
4200.7,46.0877,167.1731
4201.3,46.1223,167.1871
4201.9,46.1569,167.2012
4202.6,46.1915,167.2153
4203.2,46.2261,167.2294
4203.8,46.2607,167.2435
4204.4,46.2952,167.2576
4205.0,46.3298,167.2718
4205.6,46.3644,167.286
4206.2,46.399,167.3002
4206.8,46.4336,167.3144
4207.5,46.4682,167.3287
4208.1,46.5027,167.3429
4208.7,46.5373,167.3572
4209.3,46.5719,167.3715
4209.9,46.6064,167.3859
4210.5,46.641,167.4002
4211.1,46.6756,167.4146
4211.7,46.7101,167.429
4212.4,46.7447,167.4434
4213.0,46.7792,167.4579
4213.6,46.8138,167.4724
4214.2,46.8483,167.4868
4214.8,46.8829,167.5014
4215.4,46.9174,167.5159
4216.0,46.9519,167.5305
4216.7,46.9865,167.545
4217.3,47.021,167.5596
4217.9,47.0555,167.5743
4218.5,47.0901,167.5889
4219.1,47.1246,167.6036
4219.7,47.1591,167.6183
4220.3,47.1936,167.633
4220.9,47.2281,167.6477
4221.6,47.2626,167.6625
4222.2,47.2972,167.6773
4222.8,47.3317,167.6921
4223.4,47.3662,167.7069
4224.0,47.4007,167.7218
4224.6,47.4352,167.7366
4225.2,47.4697,167.7515
4225.8,47.5042,167.7664
4226.5,47.5386,167.7814
4227.1,47.5731,167.7964
4227.7,47.6076,167.8114
4228.3,47.6421,167.8264
4228.9,47.6766,167.8414
4229.5,47.711,167.8565
4230.1,47.7455,167.8716
4230.7,47.78,167.8867
4231.4,47.8145,167.9018
4232.0,47.8489,167.917
4232.6,47.8834,167.9321
4233.2,47.9178,167.9474
4233.8,47.9523,167.9626
4234.4,47.9867,167.9778
4235.0,48.0212,167.9931
4235.7,48.0556,168.0084
4236.3,48.0901,168.0237
4236.9,48.1245,168.0391
4237.5,48.159,168.0545
4238.1,48.1934,168.0699
4238.7,48.2278,168.0853
4239.3,48.2622,168.1007
4239.9,48.2967,168.1162
4240.6,48.3311,168.1317
4241.2,48.3655,168.1472
4241.8,48.3999,168.1628
4242.4,48.4343,168.1783
4243.0,48.4687,168.1939
4243.6,48.5031,168.2095
4244.2,48.5375,168.2252
4244.8,48.5719,168.2409
4245.5,48.6063,168.2565
4246.1,48.6407,168.2723
4246.7,48.6751,168.288
4247.3,48.7095,168.3038
4247.9,48.7439,168.3196
4248.5,48.7783,168.3354
4249.1,48.8126,168.3513
4249.7,48.847,168.3671
4250.4,48.8814,168.383
4251.0,48.9158,168.3989
4251.6,48.9501,168.4149
4252.2,48.9845,168.4309
4252.8,49.0188,168.4469
4253.4,49.0532,168.4629
4254.0,49.0876,168.479
4254.6,49.1219,168.495
4255.3,49.1562,168.5111
4255.9,49.1906,168.5273
4256.5,49.2249,168.5434
4257.1,49.2593,168.5596
4257.7,49.2936,168.5758
4258.3,49.3279,168.5921
4258.9,49.3622,168.6083
4259.6,49.3966,168.6246
4260.2,49.4309,168.6409
4260.8,49.4652,168.6573
4261.4,49.4995,168.6736
4262.0,49.5338,168.69
4262.6,49.5681,168.7065
4263.2,49.6024,168.7229
4263.8,49.6367,168.7394
4264.5,49.671,168.7559
4265.1,49.7053,168.7724
4265.7,49.7396,168.789
4266.3,49.7739,168.8056
4266.9,49.8082,168.8222
4267.5,49.8424,168.8388
4268.1,49.8767,168.8555
4268.7,49.911,168.8722
4269.4,49.9453,168.8889
4270.0,49.9795,168.9057
4270.6,50.0138,168.9224
4271.2,50.048,168.9392
4271.8,50.0823,168.9561
4272.4,50.1166,168.9729
4273.0,50.1508,168.9898
4273.6,50.185,169.0067
4274.3,50.2193,169.0237
4274.9,50.2535,169.0407
4275.5,50.2878,169.0577
4276.1,50.322,169.0747
4276.7,50.3562,169.0918
4277.3,50.3904,169.1089
4277.9,50.4246,169.126
4278.6,50.4589,169.1431
4279.2,50.4931,169.1603
4279.8,50.5273,169.1775
4280.4,50.5615,169.1947
4281.0,50.5957,169.212
4281.6,50.6299,169.2293
4282.2,50.6641,169.2466
4282.8,50.6983,169.264
4283.5,50.7325,169.2813
4284.1,50.7666,169.2988
4284.7,50.8008,169.3162
4285.3,50.835,169.3337
4285.9,50.8692,169.3512
4286.5,50.9033,169.3687
4287.1,50.9375,169.3862
4287.7,50.9717,169.4038
4288.4,51.0058,169.4214
4289.0,51.04,169.4391
4289.6,51.0741,169.4568
4290.2,51.1083,169.4745
4290.8,51.1424,169.4922
4291.4,51.1765,169.51
4292.0,51.2107,169.5278
4292.6,51.2448,169.5456
4293.3,51.2789,169.5635
4293.9,51.3131,169.5814
4294.5,51.3472,169.5993
4295.1,51.3813,169.6172
4295.7,51.4154,169.6352
4296.3,51.4495,169.6532
4296.9,51.4836,169.6713
4297.5,51.5177,169.6893
4298.2,51.5518,169.7074
4298.8,51.5859,169.7256
4299.4,51.62,169.7438
4300.0,51.6541,169.7619
4300.6,51.6882,169.7802
4301.2,51.7222,169.7984
4301.8,51.7563,169.8167
4302.5,51.7904,169.8351
4303.1,51.8244,169.8534
4303.7,51.8585,169.8718
4304.3,51.8926,169.8902
4304.9,51.9266,169.9087
4305.5,51.9607,169.9272
4306.1,51.9947,169.9457
4306.7,52.0288,169.9643
4307.4,52.0628,169.9828
4308.0,52.0968,170.0015
4308.6,52.1309,170.0201
4309.2,52.1649,170.0388
4309.8,52.1989,170.0575
4310.4,52.2329,170.0762
4311.0,52.2669,170.095
4311.6,52.3009,170.1138
4312.3,52.3349,170.1327
4312.9,52.3689,170.1516
4313.5,52.4029,170.1705
4314.1,52.4369,170.1894
4314.7,52.4709,170.2084
4315.3,52.5049,170.2274
4315.9,52.5389,170.2465
4316.5,52.5729,170.2656
4317.2,52.6068,170.2847
4317.8,52.6408,170.3038
4318.4,52.6748,170.323
4319.0,52.7087,170.3422
4319.6,52.7427,170.3615
4320.2,52.7766,170.3808
4320.8,52.8106,170.4001
4321.5,52.8445,170.4194
4322.1,52.8784,170.4388
4322.7,52.9124,170.4583
4323.3,52.9463,170.4777
4323.9,52.9802,170.4972
4107.0,40.7612,165.2696
4107.6,40.7961,165.281
4108.2,40.8311,165.2923
4108.8,40.866,165.3037
4109.4,40.9009,165.3151
4110.0,40.9359,165.3265
4110.6,40.9708,165.3379
4111.2,41.0057,165.3493
4111.9,41.0407,165.3607
4112.5,41.0756,165.3722
4113.1,41.1105,165.3837
4113.7,41.1454,165.3951
4114.3,41.1804,165.4066
4114.9,41.2153,165.4181
4115.5,41.2502,165.4297
4116.1,41.2851,165.4412
4116.8,41.32,165.4528
4117.4,41.3549,165.4643
4118.0,41.3899,165.4759
4118.6,41.4248,165.4875
4119.2,41.4597,165.4992
4119.8,41.4946,165.5108
4120.4,41.5295,165.5224
4121.0,41.5644,165.5341
4121.7,41.5993,165.5458
4122.3,41.6342,165.5575
4122.9,41.6691,165.5692
4123.5,41.704,165.5809
4124.1,41.7389,165.5927
4124.7,41.7737,165.6045
4125.3,41.8086,165.6162
4125.9,41.8435,165.628
4126.6,41.8784,165.6398
4127.2,41.9133,165.6517
4127.8,41.9482,165.6635
4128.4,41.983,165.6754
4129.0,42.0179,165.6872
4129.6,42.0528,165.6991
4130.2,42.0876,165.711
4130.9,42.1225,165.7229
4131.5,42.1574,165.7349
4132.1,42.1922,165.7468
4132.7,42.2271,165.7588
4133.3,42.262,165.7708
4133.9,42.2968,165.7828
4134.5,42.3317,165.7948
4135.1,42.3665,165.8069
4135.8,42.4014,165.8189
4136.4,42.4362,165.831
4137.0,42.4711,165.8431
4137.6,42.5059,165.8552
4138.2,42.5408,165.8673
4138.8,42.5756,165.8794
4139.4,42.6104,165.8916
4140.0,42.6453,165.9037
4140.7,42.6801,165.9159
4141.3,42.715,165.9281
4141.9,42.7498,165.9404
4142.5,42.7846,165.9526
4143.1,42.8194,165.9648
4143.7,42.8543,165.9771
4144.3,42.8891,165.9894
4144.9,42.9239,166.0017
4145.6,42.9587,166.014
4146.2,42.9935,166.0264
4146.8,43.0283,166.0387
4147.4,43.0632,166.0511
4148.0,43.098,166.0635
4148.6,43.1328,166.0759
4149.2,43.1676,166.0883
4149.8,43.2024,166.1008
4150.5,43.2372,166.1132
4151.1,43.272,166.1257
4151.7,43.3068,166.1382
4152.3,43.3416,166.1507
4152.9,43.3764,166.1632
4153.5,43.4111,166.1758
4154.1,43.4459,166.1883
4154.8,43.4807,166.2009
4155.4,43.5155,166.2135
4156.0,43.5503,166.2261
4156.6,43.5851,166.2388
4157.2,43.6198,166.2514
4157.8,43.6546,166.2641
4158.4,43.6894,166.2768
4159.0,43.7241,166.2895
4159.7,43.7589,166.3022
4160.3,43.7937,166.3149
4160.9,43.8284,166.3277
4161.5,43.8632,166.3405
4162.1,43.8979,166.3533
4162.7,43.9327,166.3661
4163.3,43.9675,166.3789
4163.9,44.0022,166.3918
4164.6,44.037,166.4046
4165.2,44.0717,166.4175
4165.8,44.1064,166.4305
4166.4,44.1412,166.4434
4167.0,44.1759,166.4563
4167.6,44.2107,166.4693
4168.2,44.2454,166.4823
4168.8,44.2801,166.4953
4169.5,44.3148,166.5083
4170.1,44.3496,166.5213
4170.7,44.3843,166.5344
4171.3,44.419,166.5474
4171.9,44.4537,166.5605
4172.5,44.4885,166.5736
4173.1,44.5232,166.5868
4173.8,44.5579,166.5999
4174.4,44.5926,166.6131
4175.0,44.6273,166.6263
4175.6,44.662,166.6395
4176.2,44.6967,166.6527
4176.8,44.7314,166.666
4177.4,44.7661,166.6792
4178.0,44.8008,166.6925
4178.7,44.8355,166.7058
4179.3,44.8702,166.7191
4179.9,44.9049,166.7325
4180.5,44.9396,166.7458
4181.1,44.9742,166.7592
4181.7,45.0089,166.7726
4182.3,45.0436,166.786
4182.9,45.0783,166.7995
4183.6,45.113,166.8129
4184.2,45.1476,166.8264
4184.8,45.1823,166.8399
4185.4,45.217,166.8534
4186.0,45.2516,166.867
4186.6,45.2863,166.8805
4187.2,45.3209,166.8941
4187.8,45.3556,166.9077
4188.5,45.3903,166.9213
4189.1,45.4249,166.935
4189.7,45.4595,166.9486
4190.3,45.4942,166.9623
4190.9,45.5288,166.976
4191.5,45.5635,166.9897
4192.1,45.5981,167.0034
4192.8,45.6328,167.0172
4193.4,45.6674,167.031
4194.0,45.702,167.0448
4194.6,45.7366,167.0586
4195.2,45.7713,167.0724
4195.8,45.8059,167.0863
4196.4,45.8405,167.1002
4197.0,45.8751,167.1141
4197.7,45.9097,167.128
4198.3,45.9444,167.142
4198.9,45.979,167.1559
4199.5,46.0136,167.1699
4200.1,46.0482,167.1839
4200.7,46.0828,167.198
4201.3,46.1174,167.212
4201.9,46.152,167.2261
4202.6,46.1866,167.2402
4203.2,46.2212,167.2543
4203.8,46.2557,167.2684
4204.4,46.2903,167.2826
4205.0,46.3249,167.2968
4205.6,46.3595,167.311
4206.2,46.3941,167.3252
4206.8,46.4286,167.3394
4207.5,46.4632,167.3537
4208.1,46.4978,167.368
4208.7,46.5324,167.3823
4209.3,46.5669,167.3966
4209.9,46.6015,167.411
4210.5,46.636,167.4253
4211.1,46.6706,167.4397
4211.7,46.7051,167.4542
4212.4,46.7397,167.4686
4213.0,46.7742,167.483
4213.6,46.8088,167.4975
4214.2,46.8433,167.512
4214.8,46.8779,167.5266
4215.4,46.9124,167.5411
4216.0,46.9469,167.5557
4216.7,46.9815,167.5703
4217.3,47.016,167.5849
4217.9,47.0505,167.5995
4218.5,47.085,167.6142
4219.1,47.1196,167.6289
4219.7,47.1541,167.6436
4220.3,47.1886,167.6583
4220.9,47.2231,167.6731
4221.6,47.2576,167.6879
4222.2,47.2921,167.7027
4222.8,47.3266,167.7175
4223.4,47.3611,167.7323
4224.0,47.3956,167.7472
4224.6,47.4301,167.7621
4225.2,47.4646,167.777
4225.8,47.4991,167.7919
4226.5,47.5336,167.8069
4227.1,47.5681,167.8219
4227.7,47.6025,167.8369
4228.3,47.637,167.8519
4228.9,47.6715,167.867
4229.5,47.706,167.882
4230.1,47.7404,167.8971
4230.7,47.7749,167.9123
4231.4,47.8093,167.9274
4232.0,47.8438,167.9426
4232.6,47.8783,167.9578
4233.2,47.9127,167.973
4233.8,47.9472,167.9882
4234.4,47.9816,168.0035
4235.0,48.0161,168.0188
4235.7,48.0505,168.0341
4236.3,48.0849,168.0495
4236.9,48.1194,168.0648
4237.5,48.1538,168.0802
4238.1,48.1882,168.0956
4238.7,48.2227,168.1111
4239.3,48.2571,168.1265
4239.9,48.2915,168.142
4240.6,48.3259,168.1575
4241.2,48.3603,168.1731
4241.8,48.3947,168.1886
4242.4,48.4291,168.2042
4243.0,48.4635,168.2198
4243.6,48.4979,168.2355
4244.2,48.5323,168.2511
4244.8,48.5667,168.2668
4245.5,48.6011,168.2825
4246.1,48.6355,168.2982
4246.7,48.6699,168.314
4247.3,48.7043,168.3298
4247.9,48.7387,168.3456
4248.5,48.773,168.3614
4249.1,48.8074,168.3773
4249.7,48.8418,168.3932
4250.4,48.8761,168.4091
4251.0,48.9105,168.425
4251.6,48.9449,168.441
4252.2,48.9792,168.457
4252.8,49.0136,168.473
4253.4,49.0479,168.4891
4254.0,49.0823,168.5051
4254.6,49.1166,168.5212
4255.3,49.151,168.5373
4255.9,49.1853,168.5535
4256.5,49.2196,168.5697
4257.1,49.254,168.5859
4257.7,49.2883,168.6021
4258.3,49.3226,168.6183
4258.9,49.3569,168.6346
4259.6,49.3912,168.6509
4260.2,49.4256,168.6673
4260.8,49.4599,168.6836
4261.4,49.4942,168.7
4262.0,49.5285,168.7164
4262.6,49.5628,168.7328
4263.2,49.5971,168.7493
4263.8,49.6314,168.7658
4264.5,49.6657,168.7823
4265.1,49.6999,168.7989
4265.7,49.7342,168.8154
4266.3,49.7685,168.832
4266.9,49.8028,168.8487
4267.5,49.8371,168.8653
4268.1,49.8713,168.882
4268.7,49.9056,168.8987
4269.4,49.9399,168.9155
4270.0,49.9741,168.9323
4270.6,50.0084,168.949
4271.2,50.0426,168.9659
4271.8,50.0769,168.9827
4272.4,50.1111,168.9996
4273.0,50.1454,169.0165
4273.6,50.1796,169.0334
4274.3,50.2138,169.0504
4274.9,50.2481,169.0674
4275.5,50.2823,169.0844
4276.1,50.3165,169.1015
4276.7,50.3507,169.1185
4277.3,50.385,169.1357
4277.9,50.4192,169.1528
4278.6,50.4534,169.17
4279.2,50.4876,169.1871
4279.8,50.5218,169.2044
4280.4,50.556,169.2216
4281.0,50.5902,169.2389
4281.6,50.6244,169.2562
4282.2,50.6586,169.2735
4282.8,50.6928,169.2909
4283.5,50.7269,169.3083
4284.1,50.7611,169.3257
4284.7,50.7953,169.3432
4285.3,50.8295,169.3607
4285.9,50.8636,169.3782
4286.5,50.8978,169.3957
4287.1,50.9319,169.4133
4287.7,50.9661,169.4309
4288.4,51.0002,169.4485
4289.0,51.0344,169.4662
4289.6,51.0685,169.4839
4290.2,51.1027,169.5016
4290.8,51.1368,169.5194
4291.4,51.171,169.5372
4292.0,51.2051,169.555
4292.6,51.2392,169.5728
4293.3,51.2733,169.5907
4293.9,51.3074,169.6086
4294.5,51.3416,169.6265
4295.1,51.3757,169.6445
4295.7,51.4098,169.6625
4296.3,51.4439,169.6805
4296.9,51.478,169.6986
4297.5,51.5121,169.7167
4298.2,51.5462,169.7348
4298.8,51.5802,169.753
4299.4,51.6143,169.7712
4300.0,51.6484,169.7894
4300.6,51.6825,169.8076
4301.2,51.7166,169.8259
4301.8,51.7506,169.8442
4302.5,51.7847,169.8626
4303.1,51.8187,169.8809
4303.7,51.8528,169.8994
4304.3,51.8869,169.9178
4304.9,51.9209,169.9363
4305.5,51.9549,169.9548
4306.1,51.989,169.9733
4306.7,52.023,169.9919
4307.4,52.0571,170.0105
4308.0,52.0911,170.0291
4308.6,52.1251,170.0478
4309.2,52.1591,170.0665
4309.8,52.1931,170.0852
4310.4,52.2271,170.104
4311.0,52.2612,170.1228
4311.6,52.2952,170.1416
4312.3,52.3292,170.1605
4312.9,52.3632,170.1794
4313.5,52.3971,170.1983
4314.1,52.4311,170.2173
4314.7,52.4651,170.2363
4315.3,52.4991,170.2553
4315.9,52.5331,170.2744
4316.5,52.567,170.2935
4317.2,52.601,170.3126
4317.8,52.635,170.3318
4318.4,52.6689,170.351
4319.0,52.7029,170.3702
4319.6,52.7368,170.3895
4320.2,52.7708,170.4088
4320.8,52.8047,170.4281
4321.5,52.8386,170.4475
4322.1,52.8726,170.4669
4322.7,52.9065,170.4863
4107.0,40.7569,165.2926
4107.6,40.7918,165.304
4108.2,40.8267,165.3153
4108.8,40.8617,165.3267
4109.4,40.8966,165.3381
4110.0,40.9315,165.3495
4110.6,40.9665,165.3609
4111.2,41.0014,165.3724
4111.9,41.0363,165.3838
4112.5,41.0713,165.3953
4113.1,41.1062,165.4068
4113.7,41.1411,165.4182
4114.3,41.176,165.4297
4114.9,41.2109,165.4413
4115.5,41.2458,165.4528
4116.1,41.2808,165.4644
4116.8,41.3157,165.476
4117.4,41.3506,165.4875
4118.0,41.3855,165.4991
4118.6,41.4204,165.5108
4119.2,41.4553,165.5224
4119.8,41.4902,165.534
4120.4,41.5251,165.5457
4121.0,41.56,165.5574
4121.7,41.5949,165.5691
4122.3,41.6298,165.5808
4122.9,41.6647,165.5925
4123.5,41.6996,165.6042
4124.1,41.7344,165.616
4124.7,41.7693,165.6278
4125.3,41.8042,165.6396
4125.9,41.8391,165.6514
4126.6,41.874,165.6632
4127.2,41.9089,165.675
4127.8,41.9437,165.6869
4128.4,41.9786,165.6987
4129.0,42.0135,165.7106
4129.6,42.0483,165.7225
4130.2,42.0832,165.7345
4130.9,42.1181,165.7464
4131.5,42.1529,165.7583
4132.1,42.1878,165.7703
4132.7,42.2226,165.7823
4133.3,42.2575,165.7943
4133.9,42.2924,165.8063
4134.5,42.3272,165.8183
4135.1,42.3621,165.8304
4135.8,42.3969,165.8424
4136.4,42.4318,165.8545
4137.0,42.4666,165.8666
4137.6,42.5014,165.8787
4138.2,42.5363,165.8909
4138.8,42.5711,165.903
4139.4,42.606,165.9152
4140.0,42.6408,165.9274
4140.7,42.6756,165.9396
4141.3,42.7104,165.9518
4141.9,42.7453,165.964
4142.5,42.7801,165.9763
4143.1,42.8149,165.9885
4143.7,42.8497,166.0008
4144.3,42.8846,166.0131
4144.9,42.9194,166.0254
4145.6,42.9542,166.0378
4146.2,42.989,166.0501
4146.8,43.0238,166.0625
4147.4,43.0586,166.0748
4148.0,43.0934,166.0872
4148.6,43.1282,166.0997
4149.2,43.163,166.1121
4149.8,43.1978,166.1246
4150.5,43.2326,166.137
4151.1,43.2674,166.1495
4151.7,43.3022,166.162
4152.3,43.337,166.1745
4152.9,43.3718,166.1871
4153.5,43.4066,166.1996
4154.1,43.4413,166.2122
4154.8,43.4761,166.2248
4155.4,43.5109,166.2374
4156.0,43.5457,166.2501
4156.6,43.5805,166.2627
4157.2,43.6152,166.2754
4157.8,43.65,166.2881
4158.4,43.6848,166.3008
4159.0,43.7195,166.3135
4159.7,43.7543,166.3262
4160.3,43.789,166.339
4160.9,43.8238,166.3517
4161.5,43.8586,166.3645
4162.1,43.8933,166.3773
4162.7,43.9281,166.3902
4163.3,43.9628,166.403
4163.9,43.9976,166.4159
4164.6,44.0323,166.4288
4165.2,44.067,166.4417
4165.8,44.1018,166.4546
4166.4,44.1365,166.4675
4167.0,44.1713,166.4805
4167.6,44.206,166.4934
4168.2,44.2407,166.5064
4168.8,44.2754,166.5194
4169.5,44.3102,166.5325
4170.1,44.3449,166.5455
4170.7,44.3796,166.5586
4171.3,44.4143,166.5717
4171.9,44.449,166.5848
4172.5,44.4838,166.5979
4173.1,44.5185,166.6111
4173.8,44.5532,166.6242
4174.4,44.5879,166.6374
4175.0,44.6226,166.6506
4175.6,44.6573,166.6638
4176.2,44.692,166.6771
4176.8,44.7267,166.6903
4177.4,44.7614,166.7036
4178.0,44.7961,166.7169
4178.7,44.8308,166.7302
4179.3,44.8654,166.7435
4179.9,44.9001,166.7569
4180.5,44.9348,166.7703
4181.1,44.9695,166.7837
4181.7,45.0042,166.7971
4182.3,45.0388,166.8105
4182.9,45.0735,166.824
4183.6,45.1082,166.8374
4184.2,45.1428,166.8509
4184.8,45.1775,166.8644
4185.4,45.2122,166.878
4186.0,45.2468,166.8915
4186.6,45.2815,166.9051
4187.2,45.3161,166.9187
4187.8,45.3508,166.9323
4188.5,45.3854,166.9459
4189.1,45.4201,166.9596
4189.7,45.4547,166.9733
4190.3,45.4894,166.9869
4190.9,45.524,167.0007
4191.5,45.5587,167.0144
4192.1,45.5933,167.0281
4192.8,45.6279,167.0419
4193.4,45.6625,167.0557
4194.0,45.6972,167.0695
4194.6,45.7318,167.0834
4195.2,45.7664,167.0972
4195.8,45.801,167.1111
4196.4,45.8357,167.125
4197.0,45.8703,167.1389
4197.7,45.9049,167.1528
4198.3,45.9395,167.1668
4198.9,45.9741,167.1808
4199.5,46.0087,167.1948
4200.1,46.0433,167.2088
4200.7,46.0779,167.2229
4201.3,46.1125,167.2369
4201.9,46.1471,167.251
4202.6,46.1817,167.2651
4203.2,46.2162,167.2792
4203.8,46.2508,167.2934
4204.4,46.2854,167.3076
4205.0,46.32,167.3217
4205.6,46.3546,167.336
4206.2,46.3891,167.3502
4206.8,46.4237,167.3645
4207.5,46.4583,167.3787
4208.1,46.4928,167.393
4208.7,46.5274,167.4073
4209.3,46.562,167.4217
4209.9,46.5965,167.4361
4210.5,46.6311,167.4505
4211.1,46.6656,167.4649
4211.7,46.7002,167.4793
4212.4,46.7347,167.4937
4213.0,46.7693,167.5082
4213.6,46.8038,167.5227
4214.2,46.8383,167.5372
4214.8,46.8729,167.5518
4215.4,46.9074,167.5663
4216.0,46.9419,167.5809
4216.7,46.9765,167.5955
4217.3,47.011,167.6102
4217.9,47.0455,167.6248
4218.5,47.08,167.6395
4219.1,47.1145,167.6542
4219.7,47.1491,167.6689
4220.3,47.1836,167.6837
4220.9,47.2181,167.6984
4221.6,47.2526,167.7132
4222.2,47.2871,167.728
4222.8,47.3216,167.7429
4223.4,47.3561,167.7577
4224.0,47.3906,167.7726
4224.6,47.425,167.7875
4225.2,47.4595,167.8024
4225.8,47.494,167.8174
4226.5,47.5285,167.8324
4227.1,47.563,167.8474
4227.7,47.5975,167.8624
4228.3,47.6319,167.8774
4228.9,47.6664,167.8925
4229.5,47.7009,167.9076
4230.1,47.7353,167.9227
4230.7,47.7698,167.9379
4231.4,47.8042,167.953
4232.0,47.8387,167.9682
4232.6,47.8731,167.9834
4233.2,47.9076,167.9986
4233.8,47.942,168.0139
4234.4,47.9765,168.0292
4235.0,48.0109,168.0445
4235.7,48.0453,168.0598
4236.3,48.0798,168.0752
4236.9,48.1142,168.0906
4237.5,48.1486,168.106
4238.1,48.1831,168.1214
4238.7,48.2175,168.1368
4239.3,48.2519,168.1523
4239.9,48.2863,168.1678
4240.6,48.3207,168.1833
4241.2,48.3551,168.1989
4241.8,48.3895,168.2145
4242.4,48.4239,168.2301
4243.0,48.4583,168.2457
4243.6,48.4927,168.2614
4244.2,48.5271,168.277
4244.8,48.5615,168.2927
4245.5,48.5959,168.3085
4246.1,48.6303,168.3242
4246.7,48.6647,168.34
4247.3,48.699,168.3558
4247.9,48.7334,168.3716
4248.5,48.7678,168.3875
4249.1,48.8022,168.4033
4249.7,48.8365,168.4193
4250.4,48.8709,168.4352
4251.0,48.9052,168.4511
4251.6,48.9396,168.4671
4252.2,48.9739,168.4831
4252.8,49.0083,168.4991
4253.4,49.0426,168.5152
4254.0,49.077,168.5313
4254.6,49.1113,168.5474
4255.3,49.1457,168.5635
4255.9,49.18,168.5797
4256.5,49.2143,168.5959
4257.1,49.2486,168.6121
4257.7,49.283,168.6283
4258.3,49.3173,168.6446
4258.9,49.3516,168.6609
4259.6,49.3859,168.6772
4260.2,49.4202,168.6936
4260.8,49.4545,168.7099
4261.4,49.4888,168.7263
4262.0,49.5231,168.7428
4262.6,49.5574,168.7592
4263.2,49.5917,168.7757
4263.8,49.626,168.7922
4264.5,49.6603,168.8088
4265.1,49.6946,168.8253
4265.7,49.7288,168.8419
4266.3,49.7631,168.8585
4266.9,49.7974,168.8752
4267.5,49.8317,168.8919
4268.1,49.8659,168.9086
4268.7,49.9002,168.9253
4269.4,49.9344,168.942
4270.0,49.9687,168.9588
4270.6,50.0029,168.9756
4271.2,50.0372,168.9925
4271.8,50.0714,169.0094
4272.4,50.1057,169.0262
4273.0,50.1399,169.0432
4273.6,50.1741,169.0601
4274.3,50.2084,169.0771
4274.9,50.2426,169.0941
4275.5,50.2768,169.1111
4276.1,50.311,169.1282
4276.7,50.3453,169.1453
4277.3,50.3795,169.1624
4277.9,50.4137,169.1796
4278.6,50.4479,169.1968
4279.2,50.4821,169.214
4279.8,50.5163,169.2312
4280.4,50.5505,169.2485
4281.0,50.5847,169.2658
4281.6,50.6189,169.2831
4282.2,50.653,169.3004
4282.8,50.6872,169.3178
4283.5,50.7214,169.3353
4284.1,50.7556,169.3527
4284.7,50.7897,169.3702
4285.3,50.8239,169.3877
4285.9,50.8581,169.4052
4286.5,50.8922,169.4228
4287.1,50.9264,169.4404
4287.7,50.9605,169.458
4288.4,50.9947,169.4756
4289.0,51.0288,169.4933
4289.6,51.063,169.511
4290.2,51.0971,169.5287
4290.8,51.1312,169.5465
4291.4,51.1654,169.5643
4292.0,51.1995,169.5822
4292.6,51.2336,169.6
4293.3,51.2677,169.6179
4293.9,51.3018,169.6358
4294.5,51.3359,169.6538
4295.1,51.37,169.6718
4295.7,51.4041,169.6898
4296.3,51.4382,169.7078
4296.9,51.4723,169.7259
4297.5,51.5064,169.744
4298.2,51.5405,169.7622
4298.8,51.5746,169.7803
4299.4,51.6087,169.7986
4300.0,51.6427,169.8168
4300.6,51.6768,169.8351
4301.2,51.7109,169.8534
4301.8,51.7449,169.8717
4302.5,51.779,169.89
4303.1,51.813,169.9084
4303.7,51.8471,169.9269
4304.3,51.8811,169.9453
4304.9,51.9152,169.9638
4305.5,51.9492,169.9823
4306.1,51.9833,170.0009
4306.7,52.0173,170.0195
4307.4,52.0513,170.0381
4308.0,52.0853,170.0568
4308.6,52.1193,170.0754
4309.2,52.1534,170.0942
4309.8,52.1874,170.1129
4310.4,52.2214,170.1317
4311.0,52.2554,170.1505
4311.6,52.2894,170.1694
4312.3,52.3234,170.1882
4312.9,52.3574,170.2072
4313.5,52.3913,170.2261
4314.1,52.4253,170.2451
4314.7,52.4593,170.2641
4315.3,52.4933,170.2832
4315.9,52.5272,170.3022
4316.5,52.5612,170.3214
4317.2,52.5952,170.3405
4317.8,52.6291,170.3597
4318.4,52.6631,170.3789
4319.0,52.697,170.3982
4319.6,52.731,170.4175
4320.2,52.7649,170.4368
4320.8,52.7988,170.4561
4321.5,52.8328,170.4755
4322.1,52.8667,170.495
4107.0,40.7525,165.3156
4107.6,40.7875,165.327
4108.2,40.8224,165.3384
4108.8,40.8574,165.3497
4109.4,40.8923,165.3611
4110.0,40.9272,165.3726
4110.6,40.9621,165.384
4111.2,40.9971,165.3954
4111.9,41.032,165.4069
4112.5,41.0669,165.4184
4113.1,41.1018,165.4299
4113.7,41.1367,165.4414
4114.3,41.1717,165.4529
4114.9,41.2066,165.4644
4115.5,41.2415,165.476
4116.1,41.2764,165.4875
4116.8,41.3113,165.4991
4117.4,41.3462,165.5107
4118.0,41.3811,165.5223
4118.6,41.416,165.534
4119.2,41.4509,165.5456
4119.8,41.4858,165.5573
4120.4,41.5207,165.5689
4121.0,41.5556,165.5806
4121.7,41.5905,165.5923
4122.3,41.6254,165.604
4122.9,41.6603,165.6158
4123.5,41.6952,165.6275
4124.1,41.73,165.6393
4124.7,41.7649,165.6511
4125.3,41.7998,165.6629
4125.9,41.8347,165.6747
4126.6,41.8695,165.6865
4127.2,41.9044,165.6984
4127.8,41.9393,165.7103
4128.4,41.9742,165.7221
4129.0,42.009,165.734
4129.6,42.0439,165.746
4130.2,42.0788,165.7579
4130.9,42.1136,165.7698
4131.5,42.1485,165.7818
4132.1,42.1833,165.7938
4132.7,42.2182,165.8058
4133.3,42.253,165.8178
4133.9,42.2879,165.8298
4134.5,42.3227,165.8418
4135.1,42.3576,165.8539
4135.8,42.3924,165.866
4136.4,42.4273,165.8781
4137.0,42.4621,165.8902
4137.6,42.4969,165.9023
4138.2,42.5318,165.9144
4138.8,42.5666,165.9266
4139.4,42.6015,165.9388
4140.0,42.6363,165.951
4140.7,42.6711,165.9632
4141.3,42.7059,165.9754
4141.9,42.7408,165.9876
4142.5,42.7756,165.9999
4143.1,42.8104,166.0122
4143.7,42.8452,166.0245
4144.3,42.88,166.0368
4144.9,42.9148,166.0491
4145.6,42.9496,166.0615
4146.2,42.9845,166.0738
4146.8,43.0193,166.0862
4147.4,43.0541,166.0986
4148.0,43.0889,166.111
4148.6,43.1237,166.1234
4149.2,43.1585,166.1359
4149.8,43.1933,166.1484
4150.5,43.228,166.1608
4151.1,43.2628,166.1733
4151.7,43.2976,166.1859
4152.3,43.3324,166.1984
4152.9,43.3672,166.211
4153.5,43.402,166.2235
4154.1,43.4368,166.2361
4154.8,43.4715,166.2487
4155.4,43.5063,166.2613
4156.0,43.5411,166.274
4156.6,43.5758,166.2866
4157.2,43.6106,166.2993
4157.8,43.6454,166.312
4158.4,43.6801,166.3247
4159.0,43.7149,166.3375
4159.7,43.7497,166.3502
4160.3,43.7844,166.363
4160.9,43.8192,166.3758
4161.5,43.8539,166.3886
4162.1,43.8887,166.4014
4162.7,43.9234,166.4142
4163.3,43.9582,166.4271
4163.9,43.9929,166.44
4164.6,44.0276,166.4529
4165.2,44.0624,166.4658
4165.8,44.0971,166.4787
4166.4,44.1319,166.4917
4167.0,44.1666,166.5046
4167.6,44.2013,166.5176
4168.2,44.236,166.5306
4168.8,44.2708,166.5436
4169.5,44.3055,166.5567
4170.1,44.3402,166.5697
4170.7,44.3749,166.5828
4171.3,44.4096,166.5959
4171.9,44.4443,166.609
4172.5,44.479,166.6222
4173.1,44.5138,166.6353
4173.8,44.5485,166.6485
4174.4,44.5832,166.6617
4175.0,44.6179,166.6749
4175.6,44.6526,166.6881
4176.2,44.6873,166.7014
4176.8,44.7219,166.7147
4177.4,44.7566,166.728
4178.0,44.7913,166.7413
4178.7,44.826,166.7546
4179.3,44.8607,166.7679
4179.9,44.8954,166.7813
4180.5,44.93,166.7947
4181.1,44.9647,166.8081
4181.7,44.9994,166.8215
4182.3,45.0341,166.835
4182.9,45.0687,166.8484
4183.6,45.1034,166.8619
4184.2,45.1381,166.8754
4184.8,45.1727,166.889
4185.4,45.2074,166.9025
4186.0,45.242,166.9161
4186.6,45.2767,166.9297
4187.2,45.3113,166.9433
4187.8,45.346,166.9569
4188.5,45.3806,166.9705
4189.1,45.4153,166.9842
4189.7,45.4499,166.9979
4190.3,45.4846,167.0116
4190.9,45.5192,167.0253
4191.5,45.5538,167.0391
4192.1,45.5884,167.0528
4192.8,45.6231,167.0666
4193.4,45.6577,167.0804
4194.0,45.6923,167.0943
4194.6,45.7269,167.1081
4195.2,45.7616,167.122
4195.8,45.7962,167.1359
4196.4,45.8308,167.1498
4197.0,45.8654,167.1637
4197.7,45.9,167.1777
4198.3,45.9346,167.1916
4198.9,45.9692,167.2056
4199.5,46.0038,167.2196
4200.1,46.0384,167.2337
4200.7,46.073,167.2477
4201.3,46.1076,167.2618
4201.9,46.1422,167.2759
4202.6,46.1768,167.29
4203.2,46.2113,167.3042
4203.8,46.2459,167.3183
4204.4,46.2805,167.3325
4205.0,46.3151,167.3467
4205.6,46.3496,167.3609
4206.2,46.3842,167.3752
4206.8,46.4188,167.3895
4207.5,46.4533,167.4038
4208.1,46.4879,167.4181
4208.7,46.5225,167.4324
4209.3,46.557,167.4468
4209.9,46.5916,167.4612
4210.5,46.6261,167.4756
4211.1,46.6607,167.49
4211.7,46.6952,167.5044
4212.4,46.7297,167.5189
4213.0,46.7643,167.5334
4213.6,46.7988,167.5479
4214.2,46.8334,167.5624
4214.8,46.8679,167.577
4215.4,46.9024,167.5916
4216.0,46.9369,167.6062
4216.7,46.9715,167.6208
4217.3,47.006,167.6354
4217.9,47.0405,167.6501
4218.5,47.075,167.6648
4219.1,47.1095,167.6795
4219.7,47.144,167.6942
4220.3,47.1785,167.709
4220.9,47.213,167.7238
4221.6,47.2475,167.7386
4222.2,47.282,167.7534
4222.8,47.3165,167.7682
4223.4,47.351,167.7831
4224.0,47.3855,167.798
4224.6,47.42,167.8129
4225.2,47.4545,167.8279
4225.8,47.4889,167.8428
4226.5,47.5234,167.8578
4227.1,47.5579,167.8729
4227.7,47.5924,167.8879
4228.3,47.6268,167.903
4228.9,47.6613,167.918
4229.5,47.6958,167.9332
4230.1,47.7302,167.9483
4230.7,47.7647,167.9634
4231.4,47.7991,167.9786
4232.0,47.8336,167.9938
4232.6,47.868,168.009
4233.2,47.9025,168.0243
4233.8,47.9369,168.0396
4234.4,47.9713,168.0549
4235.0,48.0058,168.0702
4235.7,48.0402,168.0855
4236.3,48.0746,168.1009
4236.9,48.1091,168.1163
4237.5,48.1435,168.1317
4238.1,48.1779,168.1472
4238.7,48.2123,168.1626
4239.3,48.2467,168.1781
4239.9,48.2811,168.1936
4240.6,48.3155,168.2092
4241.2,48.3499,168.2247
4241.8,48.3843,168.2403
4242.4,48.4187,168.2559
4243.0,48.4531,168.2716
4243.6,48.4875,168.2872
4244.2,48.5219,168.3029
4244.8,48.5563,168.3187
4245.5,48.5907,168.3344
4246.1,48.6251,168.3502
4246.7,48.6594,168.366
4247.3,48.6938,168.3818
4247.9,48.7282,168.3976
4248.5,48.7625,168.4135
4249.1,48.7969,168.4294
4249.7,48.8313,168.4453
4250.4,48.8656,168.4612
4251.0,48.9,168.4772
4251.6,48.9343,168.4932
4252.2,48.9687,168.5092
4252.8,49.003,168.5253
4253.4,49.0373,168.5414
4254.0,49.0717,168.5574
4254.6,49.106,168.5736
4255.3,49.1404,168.5897
4255.9,49.1747,168.6059
4256.5,49.209,168.6221
4257.1,49.2433,168.6383
4257.7,49.2776,168.6546
4258.3,49.312,168.6709
4258.9,49.3463,168.6872
4259.6,49.3806,168.7035
4260.2,49.4149,168.7199
4260.8,49.4492,168.7363
4261.4,49.4835,168.7527
4262.0,49.5178,168.7691
4262.6,49.5521,168.7856
4263.2,49.5863,168.8021
4263.8,49.6206,168.8186
4264.5,49.6549,168.8352
4265.1,49.6892,168.8518
4265.7,49.7235,168.8684
4266.3,49.7577,168.885
4266.9,49.792,168.9017
4267.5,49.8263,168.9184
4268.1,49.8605,168.9351
4268.7,49.8948,168.9518
4269.4,49.929,168.9686
4270.0,49.9633,168.9854
4270.6,49.9975,169.0022
4271.2,50.0318,169.0191
4271.8,50.066,169.036
4272.4,50.1002,169.0529
4273.0,50.1345,169.0698
4273.6,50.1687,169.0868
4274.3,50.2029,169.1038
4274.9,50.2371,169.1208
4275.5,50.2714,169.1379
4276.1,50.3056,169.155
4276.7,50.3398,169.1721
4277.3,50.374,169.1892
4277.9,50.4082,169.2064
4278.6,50.4424,169.2236
4279.2,50.4766,169.2408
4279.8,50.5108,169.258
4280.4,50.545,169.2753
4281.0,50.5792,169.2926
4281.6,50.6133,169.31
4282.2,50.6475,169.3274
4282.8,50.6817,169.3448
4283.5,50.7159,169.3622
4284.1,50.75,169.3797
4284.7,50.7842,169.3971
4285.3,50.8184,169.4147
4285.9,50.8525,169.4322
4286.5,50.8867,169.4498
4287.1,50.9208,169.4674
4287.7,50.955,169.485
4288.4,50.9891,169.5027
4289.0,51.0232,169.5204
4289.6,51.0574,169.5381
4290.2,51.0915,169.5559
4290.8,51.1256,169.5737
4291.4,51.1597,169.5915
4292.0,51.1939,169.6093
4292.6,51.228,169.6272
4293.3,51.2621,169.6451
4293.9,51.2962,169.6631
4294.5,51.3303,169.681
4295.1,51.3644,169.6991
4295.7,51.3985,169.7171
4296.3,51.4326,169.7352
4296.9,51.4667,169.7533
4297.5,51.5008,169.7714
4298.2,51.5348,169.7895
4298.8,51.5689,169.8077
4299.4,51.603,169.8259
4300.0,51.637,169.8442
4300.6,51.6711,169.8625
4301.2,51.7052,169.8808
4301.8,51.7392,169.8991
4302.5,51.7733,169.9175
4303.1,51.8073,169.9359
4303.7,51.8414,169.9544
4304.3,51.8754,169.9729
4304.9,51.9095,169.9914
4305.5,51.9435,170.0099
4306.1,51.9775,170.0285
4306.7,52.0115,170.0471
4307.4,52.0456,170.0657
4308.0,52.0796,170.0844
4308.6,52.1136,170.1031
4309.2,52.1476,170.1218
4309.8,52.1816,170.1406
4310.4,52.2156,170.1594
4311.0,52.2496,170.1782
4311.6,52.2836,170.1971
4312.3,52.3176,170.216
4312.9,52.3516,170.2349
4313.5,52.3855,170.2539
4314.1,52.4195,170.2729
4314.7,52.4535,170.2919
4315.3,52.4874,170.311
4315.9,52.5214,170.3301
4316.5,52.5554,170.3493
4317.2,52.5893,170.3684
4317.8,52.6233,170.3876
4318.4,52.6572,170.4069
4319.0,52.6912,170.4261
4319.6,52.7251,170.4454
4320.2,52.759,170.4648
4320.8,52.7929,170.4842
4107.0,40.7482,165.3386
4107.6,40.7832,165.35
4108.2,40.8181,165.3614
4108.8,40.853,165.3728
4109.4,40.888,165.3842
4110.0,40.9229,165.3956
4110.6,40.9578,165.407
4111.2,40.9927,165.4185
4111.9,41.0276,165.43
4112.5,41.0626,165.4415
4113.1,41.0975,165.453
4113.7,41.1324,165.4645
4114.3,41.1673,165.476
4114.9,41.2022,165.4875
4115.5,41.2371,165.4991
4116.1,41.272,165.5107
4116.8,41.3069,165.5223
4117.4,41.3418,165.5339
4118.0,41.3767,165.5455
4118.6,41.4116,165.5572
4119.2,41.4465,165.5688
4119.8,41.4814,165.5805
4120.4,41.5163,165.5922
4121.0,41.5512,165.6039
4121.7,41.5861,165.6156
4122.3,41.621,165.6273
4122.9,41.6559,165.6391
4123.5,41.6907,165.6508
4124.1,41.7256,165.6626
4124.7,41.7605,165.6744
4125.3,41.7954,165.6862
4125.9,41.8302,165.698
4126.6,41.8651,165.7099
4127.2,41.9,165.7218
4127.8,41.9349,165.7336
4128.4,41.9697,165.7455
4129.0,42.0046,165.7574
4129.6,42.0394,165.7694
4130.2,42.0743,165.7813
4130.9,42.1092,165.7933
4131.5,42.144,165.8052
4132.1,42.1789,165.8172
4132.7,42.2137,165.8292
4133.3,42.2486,165.8412
4133.9,42.2834,165.8533
4134.5,42.3183,165.8653
4135.1,42.3531,165.8774
4135.8,42.3879,165.8895
4136.4,42.4228,165.9016
4137.0,42.4576,165.9137
4137.6,42.4925,165.9259
4138.2,42.5273,165.938
4138.8,42.5621,165.9502
4139.4,42.5969,165.9624
4140.0,42.6318,165.9746
4140.7,42.6666,165.9868
4141.3,42.7014,165.999
4141.9,42.7362,166.0113
4142.5,42.7711,166.0236
4143.1,42.8059,166.0358
4143.7,42.8407,166.0482
4144.3,42.8755,166.0605
4144.9,42.9103,166.0728
4145.6,42.9451,166.0852
4146.2,42.9799,166.0975
4146.8,43.0147,166.1099
4147.4,43.0495,166.1223
4148.0,43.0843,166.1348
4148.6,43.1191,166.1472
4149.2,43.1539,166.1597
4149.8,43.1887,166.1721
4150.5,43.2235,166.1846
4151.1,43.2583,166.1972
4151.7,43.293,166.2097
4152.3,43.3278,166.2222
4152.9,43.3626,166.2348
4153.5,43.3974,166.2474
4154.1,43.4322,166.26
4154.8,43.4669,166.2726
4155.4,43.5017,166.2852
4156.0,43.5365,166.2979
4156.6,43.5712,166.3106
4157.2,43.606,166.3233
4157.8,43.6408,166.336
4158.4,43.6755,166.3487
4159.0,43.7103,166.3614
4159.7,43.745,166.3742
4160.3,43.7798,166.387
4160.9,43.8145,166.3998
4161.5,43.8493,166.4126
4162.1,43.884,166.4254
4162.7,43.9188,166.4383
4163.3,43.9535,166.4512
4163.9,43.9883,166.464
4164.6,44.023,166.4769
4165.2,44.0577,166.4899
4165.8,44.0924,166.5028
4166.4,44.1272,166.5158
4167.0,44.1619,166.5288
4167.6,44.1966,166.5418
4168.2,44.2314,166.5548
4168.8,44.2661,166.5678
4169.5,44.3008,166.5809
4170.1,44.3355,166.5939
4170.7,44.3702,166.607
4171.3,44.4049,166.6202
4171.9,44.4396,166.6333
4172.5,44.4743,166.6464
4173.1,44.509,166.6596
4173.8,44.5437,166.6728
4174.4,44.5784,166.686
4175.0,44.6131,166.6992
4175.6,44.6478,166.7125
4176.2,44.6825,166.7257
4176.8,44.7172,166.739
4177.4,44.7519,166.7523
4178.0,44.7866,166.7657
4178.7,44.8213,166.779
4179.3,44.8559,166.7924
4179.9,44.8906,166.8057
4180.5,44.9253,166.8191
4181.1,44.96,166.8326
4181.7,44.9946,166.846
4182.3,45.0293,166.8595
4182.9,45.064,166.8729
4183.6,45.0986,166.8864
4184.2,45.1333,166.8999
4184.8,45.1679,166.9135
4185.4,45.2026,166.927
4186.0,45.2372,166.9406
4186.6,45.2719,166.9542
4187.2,45.3065,166.9678
4187.8,45.3412,166.9815
4188.5,45.3758,166.9951
4189.1,45.4105,167.0088
4189.7,45.4451,167.0225
4190.3,45.4797,167.0362
4190.9,45.5144,167.05
4191.5,45.549,167.0637
4192.1,45.5836,167.0775
4192.8,45.6182,167.0913
4193.4,45.6529,167.1051
4194.0,45.6875,167.119
4194.6,45.7221,167.1328
4195.2,45.7567,167.1467
4195.8,45.7913,167.1606
4196.4,45.8259,167.1745
4197.0,45.8605,167.1885
4197.7,45.8951,167.2025
4198.3,45.9297,167.2164
4198.9,45.9643,167.2305
4199.5,45.9989,167.2445
4200.1,46.0335,167.2585
4200.7,46.0681,167.2726
4201.3,46.1027,167.2867
4201.9,46.1373,167.3008
4202.6,46.1718,167.3149
4203.2,46.2064,167.3291
4203.8,46.241,167.3433
4204.4,46.2756,167.3575
4205.0,46.3101,167.3717
4205.6,46.3447,167.3859
4206.2,46.3793,167.4002
4206.8,46.4138,167.4145
4207.5,46.4484,167.4288
4208.1,46.4829,167.4431
4208.7,46.5175,167.4575
4209.3,46.552,167.4718
4209.9,46.5866,167.4862
4210.5,46.6211,167.5006
4211.1,46.6557,167.5151
4211.7,46.6902,167.5295
4212.4,46.7248,167.544
4213.0,46.7593,167.5585
4213.6,46.7938,167.5731
4214.2,46.8284,167.5876
4214.8,46.8629,167.6022
4215.4,46.8974,167.6168
4216.0,46.9319,167.6314
4216.7,46.9664,167.646
4217.3,47.001,167.6607
4217.9,47.0355,167.6754
4218.5,47.07,167.6901
4219.1,47.1045,167.7048
4219.7,47.139,167.7195
4220.3,47.1735,167.7343
4220.9,47.208,167.7491
4221.6,47.2425,167.7639
4222.2,47.277,167.7788
4222.8,47.3115,167.7936
4223.4,47.3459,167.8085
4224.0,47.3804,167.8234
4224.6,47.4149,167.8384
4225.2,47.4494,167.8533
4225.8,47.4839,167.8683
4226.5,47.5183,167.8833
4227.1,47.5528,167.8983
4227.7,47.5873,167.9134
4228.3,47.6217,167.9285
4228.9,47.6562,167.9436
4229.5,47.6906,167.9587
4230.1,47.7251,167.9738
4230.7,47.7595,167.989
4231.4,47.794,168.0042
4232.0,47.8284,168.0194
4232.6,47.8629,168.0347
4233.2,47.8973,168.0499
4233.8,47.9318,168.0652
4234.4,47.9662,168.0805
4235.0,48.0006,168.0959
4235.7,48.035,168.1112
4236.3,48.0695,168.1266
4236.9,48.1039,168.142
4237.5,48.1383,168.1574
4238.1,48.1727,168.1729
4238.7,48.2071,168.1884
4239.3,48.2415,168.2039
4239.9,48.2759,168.2194
4240.6,48.3103,168.235
4241.2,48.3447,168.2506
4241.8,48.3791,168.2662
4242.4,48.4135,168.2818
4243.0,48.4479,168.2975
4243.6,48.4823,168.3131
4244.2,48.5167,168.3288
4244.8,48.5511,168.3446
4245.5,48.5854,168.3603
4246.1,48.6198,168.3761
4246.7,48.6542,168.3919
4247.3,48.6886,168.4078
4247.9,48.7229,168.4236
4248.5,48.7573,168.4395
4249.1,48.7916,168.4554
4249.7,48.826,168.4713
4250.4,48.8603,168.4873
4251.0,48.8947,168.5033
4251.6,48.929,168.5193
4252.2,48.9634,168.5353
4252.8,48.9977,168.5514
4253.4,49.0321,168.5675
4254.0,49.0664,168.5836
4254.6,49.1007,168.5997
4255.3,49.135,168.6159
4255.9,49.1694,168.6321
4256.5,49.2037,168.6483
4257.1,49.238,168.6646
4257.7,49.2723,168.6808
4258.3,49.3066,168.6971
4258.9,49.3409,168.7135
4259.6,49.3752,168.7298
4260.2,49.4095,168.7462
4260.8,49.4438,168.7626
4261.4,49.4781,168.7791
4262.0,49.5124,168.7955
4262.6,49.5467,168.812
4263.2,49.581,168.8285
4263.8,49.6152,168.845
4264.5,49.6495,168.8616
4265.1,49.6838,168.8782
4265.7,49.7181,168.8948
4266.3,49.7523,168.9115
4266.9,49.7866,168.9282
4267.5,49.8208,168.9449
4268.1,49.8551,168.9616
4268.7,49.8894,168.9784
4269.4,49.9236,168.9952
4270.0,49.9578,169.012
4270.6,49.9921,169.0288
4271.2,50.0263,169.0457
4271.8,50.0606,169.0626
4272.4,50.0948,169.0795
4273.0,50.129,169.0965
4273.6,50.1632,169.1135
4274.3,50.1975,169.1305
4274.9,50.2317,169.1475
4275.5,50.2659,169.1646
4276.1,50.3001,169.1817
4276.7,50.3343,169.1988
4277.3,50.3685,169.216
4277.9,50.4027,169.2332
4278.6,50.4369,169.2504
4279.2,50.4711,169.2676
4279.8,50.5053,169.2849
4280.4,50.5395,169.3022
4281.0,50.5736,169.3195
4281.6,50.6078,169.3369
4282.2,50.642,169.3543
4282.8,50.6762,169.3717
4283.5,50.7103,169.3891
4284.1,50.7445,169.4066
4284.7,50.7786,169.4241
4285.3,50.8128,169.4417
4285.9,50.8469,169.4592
4286.5,50.8811,169.4768
4287.1,50.9152,169.4944
4287.7,50.9494,169.5121
4288.4,50.9835,169.5298
4289.0,51.0176,169.5475
4289.6,51.0518,169.5652
4290.2,51.0859,169.583
4290.8,51.12,169.6008
4291.4,51.1541,169.6187
4292.0,51.1882,169.6365
4292.6,51.2223,169.6544
4293.3,51.2565,169.6723
4293.9,51.2906,169.6903
4294.5,51.3247,169.7083
4295.1,51.3587,169.7263
4295.7,51.3928,169.7444
4296.3,51.4269,169.7625
4296.9,51.461,169.7806
4297.5,51.4951,169.7987
4298.2,51.5292,169.8169
4298.8,51.5632,169.8351
4299.4,51.5973,169.8533
4300.0,51.6314,169.8716
4300.6,51.6654,169.8899
4301.2,51.6995,169.9082
4301.8,51.7335,169.9266
4302.5,51.7676,169.945
4303.1,51.8016,169.9634
4303.7,51.8356,169.9819
4304.3,51.8697,170.0004
4304.9,51.9037,170.0189
4305.5,51.9377,170.0375
4306.1,51.9718,170.0561
4306.7,52.0058,170.0747
4307.4,52.0398,170.0933
4308.0,52.0738,170.112
4308.6,52.1078,170.1308
4309.2,52.1418,170.1495
4309.8,52.1758,170.1683
4310.4,52.2098,170.1871
4311.0,52.2438,170.206
4311.6,52.2778,170.2248
4312.3,52.3118,170.2438
4312.9,52.3457,170.2627
4313.5,52.3797,170.2817
4314.1,52.4137,170.3007
4314.7,52.4476,170.3198
4315.3,52.4816,170.3389
4315.9,52.5156,170.358
4316.5,52.5495,170.3771
4317.2,52.5835,170.3963
4317.8,52.6174,170.4155
4318.4,52.6513,170.4348
4319.0,52.6853,170.4541
4319.6,52.7192,170.4734
4320.2,52.7531,170.4928
4107.0,40.7439,165.3616
4107.6,40.7788,165.373
4108.2,40.8138,165.3844
4108.8,40.8487,165.3958
4109.4,40.8836,165.4072
4110.0,40.9185,165.4186
4110.6,40.9535,165.4301
4111.2,40.9884,165.4416
4111.9,41.0233,165.453
4112.5,41.0582,165.4645
4113.1,41.0931,165.4761
4113.7,41.128,165.4876
4114.3,41.1629,165.4991
4114.9,41.1978,165.5107
4115.5,41.2327,165.5223
4116.1,41.2677,165.5338
4116.8,41.3026,165.5455
4117.4,41.3374,165.5571
4118.0,41.3723,165.5687
4118.6,41.4072,165.5804
4119.2,41.4421,165.592
4119.8,41.477,165.6037
4120.4,41.5119,165.6154
4121.0,41.5468,165.6271
4121.7,41.5817,165.6388
4122.3,41.6166,165.6506
4122.9,41.6514,165.6624
4123.5,41.6863,165.6741
4124.1,41.7212,165.6859
4124.7,41.7561,165.6977
4125.3,41.7909,165.7095
4125.9,41.8258,165.7214
4126.6,41.8607,165.7332
4127.2,41.8955,165.7451
4127.8,41.9304,165.757
4128.4,41.9653,165.7689
4129.0,42.0001,165.7808
4129.6,42.035,165.7928
4130.2,42.0699,165.8047
4130.9,42.1047,165.8167
4131.5,42.1396,165.8287
4132.1,42.1744,165.8407
4132.7,42.2093,165.8527
4133.3,42.2441,165.8647
4133.9,42.2789,165.8768
4134.5,42.3138,165.8888
4135.1,42.3486,165.9009
4135.8,42.3835,165.913
4136.4,42.4183,165.9251
4137.0,42.4531,165.9373
4137.6,42.488,165.9494
4138.2,42.5228,165.9616
4138.8,42.5576,165.9738
4139.4,42.5924,165.986
4140.0,42.6273,165.9982
4140.7,42.6621,166.0104
4141.3,42.6969,166.0227
4141.9,42.7317,166.0349
4142.5,42.7665,166.0472
4143.1,42.8013,166.0595
4143.7,42.8361,166.0718
4144.3,42.8709,166.0842
4144.9,42.9058,166.0965
4145.6,42.9406,166.1089
4146.2,42.9754,166.1213
4146.8,43.0102,166.1337
4147.4,43.045,166.1461
4148.0,43.0797,166.1585
4148.6,43.1145,166.171
4149.2,43.1493,166.1835
4149.8,43.1841,166.196
4150.5,43.2189,166.2085
4151.1,43.2537,166.221
4151.7,43.2885,166.2335
4152.3,43.3232,166.2461
4152.9,43.358,166.2587
4153.5,43.3928,166.2713
4154.1,43.4276,166.2839
4154.8,43.4623,166.2965
4155.4,43.4971,166.3092
4156.0,43.5319,166.3218
4156.6,43.5666,166.3345
4157.2,43.6014,166.3472
4157.8,43.6361,166.3599
4158.4,43.6709,166.3727
4159.0,43.7056,166.3854
4159.7,43.7404,166.3982
4160.3,43.7751,166.411
4160.9,43.8099,166.4238
4161.5,43.8446,166.4366
4162.1,43.8794,166.4495
4162.7,43.9141,166.4623
4163.3,43.9489,166.4752
4163.9,43.9836,166.4881
4164.6,44.0183,166.501
4165.2,44.0531,166.514
4165.8,44.0878,166.5269
4166.4,44.1225,166.5399
4167.0,44.1572,166.5529
4167.6,44.1919,166.5659
4168.2,44.2267,166.5789
4168.8,44.2614,166.592
4169.5,44.2961,166.6051
4170.1,44.3308,166.6181
4170.7,44.3655,166.6313
4171.3,44.4002,166.6444
4171.9,44.4349,166.6575
4172.5,44.4696,166.6707
4173.1,44.5043,166.6839
4173.8,44.539,166.6971
4174.4,44.5737,166.7103
4175.0,44.6084,166.7235
4175.6,44.6431,166.7368
4176.2,44.6778,166.7501
4176.8,44.7125,166.7634
4177.4,44.7471,166.7767
4178.0,44.7818,166.79
4178.7,44.8165,166.8034
4179.3,44.8512,166.8168
4179.9,44.8858,166.8301
4180.5,44.9205,166.8436
4181.1,44.9552,166.857
4181.7,44.9898,166.8704
4182.3,45.0245,166.8839
4182.9,45.0592,166.8974
4183.6,45.0938,166.9109
4184.2,45.1285,166.9245
4184.8,45.1631,166.938
4185.4,45.1978,166.9516
4186.0,45.2324,166.9652
4186.6,45.2671,166.9788
4187.2,45.3017,166.9924
4187.8,45.3364,167.0061
4188.5,45.371,167.0197
4189.1,45.4056,167.0334
4189.7,45.4403,167.0471
4190.3,45.4749,167.0609
4190.9,45.5095,167.0746
4191.5,45.5441,167.0884
4192.1,45.5788,167.1022
4192.8,45.6134,167.116
4193.4,45.648,167.1298
4194.0,45.6826,167.1437
4194.6,45.7172,167.1576
4195.2,45.7518,167.1715
4195.8,45.7864,167.1854
4196.4,45.821,167.1993
4197.0,45.8556,167.2133
4197.7,45.8902,167.2273
4198.3,45.9248,167.2413
4198.9,45.9594,167.2553
4199.5,45.994,167.2693
4200.1,46.0286,167.2834
4200.7,46.0632,167.2975
4201.3,46.0978,167.3116
4201.9,46.1323,167.3257
4202.6,46.1669,167.3399
4203.2,46.2015,167.354
4203.8,46.2361,167.3682
4204.4,46.2706,167.3824
4205.0,46.3052,167.3967
4205.6,46.3398,167.4109
4206.2,46.3743,167.4252
4206.8,46.4089,167.4395
4207.5,46.4434,167.4538
4208.1,46.478,167.4682
4208.7,46.5125,167.4825
4209.3,46.5471,167.4969
4209.9,46.5816,167.5113
4210.5,46.6162,167.5257
4211.1,46.6507,167.5402
4211.7,46.6852,167.5547
4212.4,46.7198,167.5692
4213.0,46.7543,167.5837
4213.6,46.7888,167.5982
4214.2,46.8234,167.6128
4214.8,46.8579,167.6274
4215.4,46.8924,167.642
4216.0,46.9269,167.6566
4216.7,46.9614,167.6712
4217.3,46.9959,167.6859
4217.9,47.0304,167.7006
4218.5,47.0649,167.7153
4219.1,47.0994,167.7301
4219.7,47.1339,167.7449
4220.3,47.1684,167.7596
4220.9,47.2029,167.7744
4221.6,47.2374,167.7893
4222.2,47.2719,167.8041
4222.8,47.3064,167.819
4223.4,47.3409,167.8339
4224.0,47.3754,167.8488
4224.6,47.4098,167.8638
4225.2,47.4443,167.8788
4225.8,47.4788,167.8938
4226.5,47.5132,167.9088
4227.1,47.5477,167.9238
4227.7,47.5822,167.9389
4228.3,47.6166,167.954
4228.9,47.6511,167.9691
4229.5,47.6855,167.9842
4230.1,47.72,167.9994
4230.7,47.7544,168.0146
4231.4,47.7889,168.0298
4232.0,47.8233,168.045
4232.6,47.8577,168.0603
4233.2,47.8922,168.0755
4233.8,47.9266,168.0909
4234.4,47.961,168.1062
4235.0,47.9955,168.1215
4235.7,48.0299,168.1369
4236.3,48.0643,168.1523
4236.9,48.0987,168.1677
4237.5,48.1331,168.1832
4238.1,48.1675,168.1987
4238.7,48.2019,168.2142
4239.3,48.2363,168.2297
4239.9,48.2707,168.2452
4240.6,48.3051,168.2608
4241.2,48.3395,168.2764
4241.8,48.3739,168.292
4242.4,48.4083,168.3077
4243.0,48.4427,168.3233
4243.6,48.4771,168.339
4244.2,48.5115,168.3548
4244.8,48.5458,168.3705
4245.5,48.5802,168.3863
4246.1,48.6146,168.4021
4246.7,48.6489,168.4179
4247.3,48.6833,168.4337
4247.9,48.7177,168.4496
4248.5,48.752,168.4655
4249.1,48.7864,168.4814
4249.7,48.8207,168.4974
4250.4,48.8551,168.5134
4251.0,48.8894,168.5294
4251.6,48.9238,168.5454
4252.2,48.9581,168.5614
4252.8,48.9924,168.5775
4253.4,49.0268,168.5936
4254.0,49.0611,168.6098
4254.6,49.0954,168.6259
4255.3,49.1297,168.6421
4255.9,49.164,168.6583
4256.5,49.1984,168.6745
4257.1,49.2327,168.6908
4257.7,49.267,168.7071
4258.3,49.3013,168.7234
4258.9,49.3356,168.7397
4259.6,49.3699,168.7561
4260.2,49.4042,168.7725
4260.8,49.4385,168.7889
4261.4,49.4727,168.8054
4262.0,49.507,168.8219
4262.6,49.5413,168.8384
4263.2,49.5756,168.8549
4263.8,49.6099,168.8715
4264.5,49.6441,168.888
4265.1,49.6784,168.9046
4265.7,49.7127,168.9213
4266.3,49.7469,168.938
4266.9,49.7812,168.9547
4267.5,49.8154,168.9714
4268.1,49.8497,168.9881
4268.7,49.8839,169.0049
4269.4,49.9182,169.0217
4270.0,49.9524,169.0385
4270.6,49.9866,169.0554
4271.2,50.0209,169.0723
4271.8,50.0551,169.0892
4272.4,50.0893,169.1062
4273.0,50.1235,169.1231
4273.6,50.1578,169.1401
4274.3,50.192,169.1572
4274.9,50.2262,169.1742
4275.5,50.2604,169.1913
4276.1,50.2946,169.2084
4276.7,50.3288,169.2256
4277.3,50.363,169.2427
4277.9,50.3972,169.2599
4278.6,50.4314,169.2772
4279.2,50.4656,169.2944
4279.8,50.4997,169.3117
4280.4,50.5339,169.329
4281.0,50.5681,169.3464
4281.6,50.6023,169.3638
4282.2,50.6364,169.3812
4282.8,50.6706,169.3986
4283.5,50.7048,169.4161
4284.1,50.7389,169.4335
4284.7,50.7731,169.4511
4285.3,50.8072,169.4686
4285.9,50.8414,169.4862
4286.5,50.8755,169.5038
4287.1,50.9096,169.5215
4287.7,50.9438,169.5391
4288.4,50.9779,169.5568
4289.0,51.012,169.5746
4289.6,51.0462,169.5923
4290.2,51.0803,169.6101
4290.8,51.1144,169.6279
4291.4,51.1485,169.6458
4292.0,51.1826,169.6637
4292.6,51.2167,169.6816
4293.3,51.2508,169.6995
4293.9,51.2849,169.7175
4294.5,51.319,169.7355
4295.1,51.3531,169.7536
4295.7,51.3872,169.7716
4296.3,51.4213,169.7897
4296.9,51.4553,169.8079
4297.5,51.4894,169.826
4298.2,51.5235,169.8442
4298.8,51.5575,169.8624
4299.4,51.5916,169.8807
4300.0,51.6257,169.899
4300.6,51.6597,169.9173
4301.2,51.6938,169.9357
4301.8,51.7278,169.954
4302.5,51.7618,169.9725
4303.1,51.7959,169.9909
4303.7,51.8299,170.0094
4304.3,51.8639,170.0279
4304.9,51.898,170.0464
4305.5,51.932,170.065
4306.1,51.966,170.0836
4306.7,52.0,170.1023
4307.4,52.034,170.1209
4308.0,52.068,170.1396
4308.6,52.102,170.1584
4309.2,52.136,170.1772
4309.8,52.17,170.196
4310.4,52.204,170.2148
4311.0,52.238,170.2337
4311.6,52.272,170.2526
4312.3,52.306,170.2715
4312.9,52.3399,170.2905
4313.5,52.3739,170.3095
4314.1,52.4079,170.3285
4314.7,52.4418,170.3476
4315.3,52.4758,170.3667
4315.9,52.5097,170.3858
4316.5,52.5437,170.405
4317.2,52.5776,170.4242
4317.8,52.6115,170.4435
4318.4,52.6455,170.4627
4319.0,52.6794,170.482
4107.0,40.7396,165.3846
4107.6,40.7745,165.396
4108.2,40.8094,165.4074
4108.8,40.8444,165.4188
4109.4,40.8793,165.4302
4110.0,40.9142,165.4417
4110.6,40.9491,165.4532
4111.2,40.984,165.4646
4111.9,41.0189,165.4761
4112.5,41.0538,165.4876
4113.1,41.0888,165.4991
4113.7,41.1237,165.5107
4114.3,41.1586,165.5222
4114.9,41.1935,165.5338
4115.5,41.2284,165.5454
4116.1,41.2633,165.557
4116.8,41.2982,165.5686
4117.4,41.3331,165.5802
4118.0,41.368,165.5919
4118.6,41.4028,165.6035
4119.2,41.4377,165.6152
4119.8,41.4726,165.6269
4120.4,41.5075,165.6386
4121.0,41.5424,165.6504
4121.7,41.5773,165.6621
4122.3,41.6121,165.6738
4122.9,41.647,165.6856
4123.5,41.6819,165.6974
4124.1,41.7168,165.7092
4124.7,41.7516,165.721
4125.3,41.7865,165.7329
4125.9,41.8214,165.7447
4126.6,41.8562,165.7566
4127.2,41.8911,165.7685
4127.8,41.926,165.7804
4128.4,41.9608,165.7923
4129.0,41.9957,165.8042
4129.6,42.0305,165.8162
4130.2,42.0654,165.8281
4130.9,42.1002,165.8401
4131.5,42.1351,165.8521
4132.1,42.1699,165.8641
4132.7,42.2048,165.8761
4133.3,42.2396,165.8882
4133.9,42.2745,165.9003
4134.5,42.3093,165.9123
4135.1,42.3441,165.9244
4135.8,42.379,165.9365
4136.4,42.4138,165.9487
4137.0,42.4486,165.9608
4137.6,42.4835,165.973
4138.2,42.5183,165.9851
4138.8,42.5531,165.9973
4139.4,42.5879,166.0096
4140.0,42.6227,166.0218
4140.7,42.6576,166.034
4141.3,42.6924,166.0463
4141.9,42.7272,166.0586
4142.5,42.762,166.0709
4143.1,42.7968,166.0832
4143.7,42.8316,166.0955
4144.3,42.8664,166.1078
4144.9,42.9012,166.1202
4145.6,42.936,166.1326
4146.2,42.9708,166.145
4146.8,43.0056,166.1574
4147.4,43.0404,166.1698
4148.0,43.0752,166.1823
4148.6,43.11,166.1948
4149.2,43.1448,166.2072
4149.8,43.1795,166.2197
4150.5,43.2143,166.2323
4151.1,43.2491,166.2448
4151.7,43.2839,166.2574
4152.3,43.3186,166.2699
4152.9,43.3534,166.2825
4153.5,43.3882,166.2951
4154.1,43.423,166.3078
4154.8,43.4577,166.3204
4155.4,43.4925,166.3331
4156.0,43.5272,166.3457
4156.6,43.562,166.3584
4157.2,43.5968,166.3711
4157.8,43.6315,166.3839
4158.4,43.6663,166.3966
4159.0,43.701,166.4094
4159.7,43.7358,166.4222
4160.3,43.7705,166.435
4160.9,43.8052,166.4478
4161.5,43.84,166.4606
4162.1,43.8747,166.4735
4162.7,43.9095,166.4864
4163.3,43.9442,166.4993
4163.9,43.9789,166.5122
4164.6,44.0136,166.5251
4165.2,44.0484,166.5381
4165.8,44.0831,166.5511
4166.4,44.1178,166.564
4167.0,44.1525,166.577
4167.6,44.1873,166.5901
4168.2,44.222,166.6031
4168.8,44.2567,166.6162
4169.5,44.2914,166.6293
4170.1,44.3261,166.6424
4170.7,44.3608,166.6555
4171.3,44.3955,166.6686
4171.9,44.4302,166.6818
4172.5,44.4649,166.6949
4173.1,44.4996,166.7081
4173.8,44.5343,166.7214
4174.4,44.569,166.7346
4175.0,44.6037,166.7478
4175.6,44.6384,166.7611
4176.2,44.673,166.7744
4176.8,44.7077,166.7877
4177.4,44.7424,166.801
4178.0,44.7771,166.8144
4178.7,44.8117,166.8278
4179.3,44.8464,166.8411
4179.9,44.8811,166.8546
4180.5,44.9157,166.868
4181.1,44.9504,166.8814
4181.7,44.9851,166.8949
4182.3,45.0197,166.9084
4182.9,45.0544,166.9219
4183.6,45.089,166.9354
4184.2,45.1237,166.949
4184.8,45.1583,166.9625
4185.4,45.193,166.9761
4186.0,45.2276,166.9897
4186.6,45.2623,167.0033
4187.2,45.2969,167.017
4187.8,45.3315,167.0306
4188.5,45.3662,167.0443
4189.1,45.4008,167.058
4189.7,45.4354,167.0718
4190.3,45.47,167.0855
4190.9,45.5047,167.0993
4191.5,45.5393,167.1131
4192.1,45.5739,167.1269
4192.8,45.6085,167.1407
4193.4,45.6431,167.1545
4194.0,45.6777,167.1684
4194.6,45.7123,167.1823
4195.2,45.747,167.1962
4195.8,45.7816,167.2101
4196.4,45.8162,167.2241
4197.0,45.8507,167.2381
4197.7,45.8853,167.2521
4198.3,45.9199,167.2661
4198.9,45.9545,167.2801
4199.5,45.9891,167.2942
4200.1,46.0237,167.3082
4200.7,46.0583,167.3223
4201.3,46.0928,167.3365
4201.9,46.1274,167.3506
4202.6,46.162,167.3648
4203.2,46.1966,167.3789
4203.8,46.2311,167.3931
4204.4,46.2657,167.4074
4205.0,46.3003,167.4216
4205.6,46.3348,167.4359
4206.2,46.3694,167.4502
4206.8,46.4039,167.4645
4207.5,46.4385,167.4788
4208.1,46.473,167.4932
4208.7,46.5076,167.5076
4209.3,46.5421,167.522
4209.9,46.5766,167.5364
4210.5,46.6112,167.5508
4211.1,46.6457,167.5653
4211.7,46.6802,167.5798
4212.4,46.7148,167.5943
4213.0,46.7493,167.6088
4213.6,46.7838,167.6234
4214.2,46.8183,167.638
4214.8,46.8529,167.6526
4215.4,46.8874,167.6672
4216.0,46.9219,167.6818
4216.7,46.9564,167.6965
4217.3,46.9909,167.7112
4217.9,47.0254,167.7259
4218.5,47.0599,167.7406
4219.1,47.0944,167.7554
4219.7,47.1289,167.7702
4220.3,47.1634,167.785
4220.9,47.1979,167.7998
4221.6,47.2324,167.8146
4222.2,47.2668,167.8295
4222.8,47.3013,167.8444
4223.4,47.3358,167.8593
4224.0,47.3703,167.8743
4224.6,47.4047,167.8892
4225.2,47.4392,167.9042
4225.8,47.4737,167.9192
4226.5,47.5081,167.9342
4227.1,47.5426,167.9493
4227.7,47.5771,167.9644
4228.3,47.6115,167.9795
4228.9,47.646,167.9946
4229.5,47.6804,168.0098
4230.1,47.7149,168.0249
4230.7,47.7493,168.0401
4231.4,47.7837,168.0554
4232.0,47.8182,168.0706
4232.6,47.8526,168.0859
4233.2,47.887,168.1012
4233.8,47.9215,168.1165
4234.4,47.9559,168.1318
4235.0,47.9903,168.1472
4235.7,48.0247,168.1626
4236.3,48.0591,168.178
4236.9,48.0935,168.1935
4237.5,48.1279,168.2089
4238.1,48.1623,168.2244
4238.7,48.1968,168.2399
4239.3,48.2312,168.2554
4239.9,48.2655,168.271
4240.6,48.2999,168.2866
4241.2,48.3343,168.3022
4241.8,48.3687,168.3178
4242.4,48.4031,168.3335
4243.0,48.4375,168.3492
4243.6,48.4719,168.3649
4244.2,48.5062,168.3806
4244.8,48.5406,168.3964
4245.5,48.575,168.4122
4246.1,48.6093,168.428
4246.7,48.6437,168.4438
4247.3,48.678,168.4597
4247.9,48.7124,168.4756
4248.5,48.7468,168.4915
4249.1,48.7811,168.5074
4249.7,48.8154,168.5234
4250.4,48.8498,168.5394
4251.0,48.8841,168.5554
4251.6,48.9185,168.5715
4252.2,48.9528,168.5875
4252.8,48.9871,168.6036
4253.4,49.0214,168.6198
4254.0,49.0558,168.6359
4254.6,49.0901,168.6521
4255.3,49.1244,168.6683
4255.9,49.1587,168.6845
4256.5,49.193,168.7007
4257.1,49.2273,168.717
4257.7,49.2616,168.7333
4258.3,49.2959,168.7497
4258.9,49.3302,168.766
4259.6,49.3645,168.7824
4260.2,49.3988,168.7988
4260.8,49.4331,168.8153
4261.4,49.4674,168.8317
4262.0,49.5017,168.8482
4262.6,49.5359,168.8647
4263.2,49.5702,168.8813
4263.8,49.6045,168.8979
4264.5,49.6387,168.9145
4265.1,49.673,168.9311
4265.7,49.7073,168.9477
4266.3,49.7415,168.9644
4266.9,49.7758,168.9811
4267.5,49.81,168.9979
4268.1,49.8442,169.0146
4268.7,49.8785,169.0314
4269.4,49.9127,169.0482
4270.0,49.947,169.0651
4270.6,49.9812,169.082
4271.2,50.0154,169.0989
4271.8,50.0496,169.1158
4272.4,50.0839,169.1328
4273.0,50.1181,169.1498
4273.6,50.1523,169.1668
4274.3,50.1865,169.1838
4274.9,50.2207,169.2009
4275.5,50.2549,169.218
4276.1,50.2891,169.2351
4276.7,50.3233,169.2523
4277.3,50.3575,169.2695
4277.9,50.3917,169.2867
4278.6,50.4259,169.304
4279.2,50.46,169.3212
4279.8,50.4942,169.3385
4280.4,50.5284,169.3559
4281.0,50.5626,169.3732
4281.6,50.5967,169.3906
4282.2,50.6309,169.4081
4282.8,50.6651,169.4255
4283.5,50.6992,169.443
4284.1,50.7334,169.4605
4284.7,50.7675,169.478
4285.3,50.8016,169.4956
4285.9,50.8358,169.5132
4286.5,50.8699,169.5308
4287.1,50.9041,169.5485
4287.7,50.9382,169.5662
4288.4,50.9723,169.5839
4289.0,51.0064,169.6016
4289.6,51.0406,169.6194
4290.2,51.0747,169.6372
4290.8,51.1088,169.6551
4291.4,51.1429,169.6729
4292.0,51.177,169.6908
4292.6,51.2111,169.7088
4293.3,51.2452,169.7267
4293.9,51.2793,169.7447
4294.5,51.3134,169.7628
4295.1,51.3474,169.7808
4295.7,51.3815,169.7989
4296.3,51.4156,169.817
4296.9,51.4497,169.8352
4297.5,51.4837,169.8533
4298.2,51.5178,169.8716
4298.8,51.5518,169.8898
4299.4,51.5859,169.9081
4300.0,51.62,169.9264
4300.6,51.654,169.9447
4301.2,51.688,169.9631
4301.8,51.7221,169.9815
4302.5,51.7561,169.9999
4303.1,51.7901,170.0184
4303.7,51.8242,170.0369
4304.3,51.8582,170.0554
4304.9,51.8922,170.074
4305.5,51.9262,170.0926
4306.1,51.9602,170.1112
4306.7,51.9943,170.1299
4307.4,52.0283,170.1485
4308.0,52.0623,170.1673
4308.6,52.0963,170.186
4309.2,52.1302,170.2048
4309.8,52.1642,170.2236
4310.4,52.1982,170.2425
4311.0,52.2322,170.2614
4311.6,52.2662,170.2803
4312.3,52.3001,170.2993
4312.9,52.3341,170.3182
4313.5,52.3681,170.3373
4314.1,52.402,170.3563
4314.7,52.436,170.3754
4315.3,52.4699,170.3945
4315.9,52.5039,170.4137
4316.5,52.5378,170.4329
4317.2,52.5717,170.4521
4317.8,52.6057,170.4714
4318.4,52.6396,170.4907
4107.0,40.7352,165.4076
4107.6,40.7702,165.419
4108.2,40.8051,165.4304
4108.8,40.84,165.4418
4109.4,40.8749,165.4533
4110.0,40.9098,165.4647
4110.6,40.9448,165.4762
4111.2,40.9797,165.4877
4111.9,41.0146,165.4992
4112.5,41.0495,165.5107
4113.1,41.0844,165.5222
4113.7,41.1193,165.5338
4114.3,41.1542,165.5454
4114.9,41.1891,165.5569
4115.5,41.224,165.5685
4116.1,41.2589,165.5801
4116.8,41.2938,165.5918
4117.4,41.3287,165.6034
4118.0,41.3636,165.6151
4118.6,41.3984,165.6267
4119.2,41.4333,165.6384
4119.8,41.4682,165.6501
4120.4,41.5031,165.6618
4121.0,41.538,165.6736
4121.7,41.5729,165.6853
4122.3,41.6077,165.6971
4122.9,41.6426,165.7089
4123.5,41.6775,165.7207
4124.1,41.7123,165.7325
4124.7,41.7472,165.7443
4125.3,41.7821,165.7562
4125.9,41.8169,165.7681
4126.6,41.8518,165.7799
4127.2,41.8867,165.7918
4127.8,41.9215,165.8037
4128.4,41.9564,165.8157
4129.0,41.9912,165.8276
4129.6,42.0261,165.8396
4130.2,42.0609,165.8515
4130.9,42.0958,165.8635
4131.5,42.1306,165.8755
4132.1,42.1655,165.8876
4132.7,42.2003,165.8996
4133.3,42.2351,165.9117
4133.9,42.27,165.9237
4134.5,42.3048,165.9358
4135.1,42.3396,165.9479
4135.8,42.3745,165.9601
4136.4,42.4093,165.9722
4137.0,42.4441,165.9843
4137.6,42.4789,165.9965
4138.2,42.5138,166.0087
4138.8,42.5486,166.0209
4139.4,42.5834,166.0331
4140.0,42.6182,166.0454
4140.7,42.653,166.0576
4141.3,42.6878,166.0699
4141.9,42.7226,166.0822
4142.5,42.7575,166.0945
4143.1,42.7923,166.1068
4143.7,42.8271,166.1192
4144.3,42.8619,166.1315
4144.9,42.8967,166.1439
4145.6,42.9314,166.1563
4146.2,42.9662,166.1687
4146.8,43.001,166.1811
4147.4,43.0358,166.1936
4148.0,43.0706,166.206
4148.6,43.1054,166.2185
4149.2,43.1402,166.231
4149.8,43.1749,166.2435
4150.5,43.2097,166.2561
4151.1,43.2445,166.2686
4151.7,43.2793,166.2812
4152.3,43.314,166.2938
4152.9,43.3488,166.3064
4153.5,43.3836,166.319
4154.1,43.4183,166.3316
4154.8,43.4531,166.3443
4155.4,43.4879,166.3569
4156.0,43.5226,166.3696
4156.6,43.5574,166.3824
4157.2,43.5921,166.3951
4157.8,43.6269,166.4078
4158.4,43.6616,166.4206
4159.0,43.6964,166.4334
4159.7,43.7311,166.4462
4160.3,43.7659,166.459
4160.9,43.8006,166.4718
4161.5,43.8353,166.4847
4162.1,43.8701,166.4975
4162.7,43.9048,166.5104
4163.3,43.9395,166.5233
4163.9,43.9743,166.5363
4164.6,44.009,166.5492
4165.2,44.0437,166.5622
4165.8,44.0784,166.5752
4166.4,44.1131,166.5882
4167.0,44.1478,166.6012
4167.6,44.1826,166.6142
4168.2,44.2173,166.6273
4168.8,44.252,166.6404
4169.5,44.2867,166.6534
4170.1,44.3214,166.6665
4170.7,44.3561,166.6797
4171.3,44.3908,166.6928
4171.9,44.4255,166.706
4172.5,44.4602,166.7192
4173.1,44.4949,166.7324
4173.8,44.5296,166.7456
4174.4,44.5642,166.7589
4175.0,44.5989,166.7721
4175.6,44.6336,166.7854
4176.2,44.6683,166.7987
4176.8,44.703,166.8121
4177.4,44.7376,166.8254
4178.0,44.7723,166.8388
4178.7,44.807,166.8521
4179.3,44.8416,166.8655
4179.9,44.8763,166.879
4180.5,44.911,166.8924
4181.1,44.9456,166.9059
4181.7,44.9803,166.9193
4182.3,45.0149,166.9328
4182.9,45.0496,166.9464
4183.6,45.0842,166.9599
4184.2,45.1189,166.9734
4184.8,45.1535,166.987
4185.4,45.1882,167.0006
4186.0,45.2228,167.0143
4186.6,45.2574,167.0279
4187.2,45.2921,167.0415
4187.8,45.3267,167.0552
4188.5,45.3613,167.0689
4189.1,45.396,167.0826
4189.7,45.4306,167.0964
4190.3,45.4652,167.1101
4190.9,45.4998,167.1239
4191.5,45.5344,167.1377
4192.1,45.569,167.1515
4192.8,45.6037,167.1654
4193.4,45.6383,167.1792
4194.0,45.6729,167.1931
4194.6,45.7075,167.207
4195.2,45.7421,167.2209
4195.8,45.7767,167.2349
4196.4,45.8113,167.2489
4197.0,45.8459,167.2628
4197.7,45.8804,167.2769
4198.3,45.915,167.2909
4198.9,45.9496,167.3049
4199.5,45.9842,167.319
4200.1,46.0188,167.3331
4200.7,46.0534,167.3472
4201.3,46.0879,167.3613
4201.9,46.1225,167.3755
4202.6,46.1571,167.3897
4203.2,46.1916,167.4039
4203.8,46.2262,167.4181
4204.4,46.2607,167.4323
4205.0,46.2953,167.4466
4205.6,46.3299,167.4609
4206.2,46.3644,167.4752
4206.8,46.399,167.4895
4207.5,46.4335,167.5038
4208.1,46.4681,167.5182
4208.7,46.5026,167.5326
4209.3,46.5371,167.547
4209.9,46.5717,167.5615
4210.5,46.6062,167.5759
4211.1,46.6407,167.5904
4211.7,46.6753,167.6049
4212.4,46.7098,167.6194
4213.0,46.7443,167.634
4213.6,46.7788,167.6485
4214.2,46.8133,167.6631
4214.8,46.8478,167.6777
4215.4,46.8824,167.6924
4216.0,46.9169,167.707
4216.7,46.9514,167.7217
4217.3,46.9859,167.7364
4217.9,47.0204,167.7511
4218.5,47.0549,167.7659
4219.1,47.0894,167.7807
4219.7,47.1238,167.7955
4220.3,47.1583,167.8103
4220.9,47.1928,167.8251
4221.6,47.2273,167.84
4222.2,47.2618,167.8549
4222.8,47.2962,167.8698
4223.4,47.3307,167.8847
4224.0,47.3652,167.8996
4224.6,47.3997,167.9146
4225.2,47.4341,167.9296
4225.8,47.4686,167.9447
4226.5,47.503,167.9597
4227.1,47.5375,167.9748
4227.7,47.5719,167.9899
4228.3,47.6064,168.005
4228.9,47.6408,168.0201
4229.5,47.6753,168.0353
4230.1,47.7097,168.0505
4230.7,47.7442,168.0657
4231.4,47.7786,168.0809
4232.0,47.813,168.0962
4232.6,47.8474,168.1115
4233.2,47.8819,168.1268
4233.8,47.9163,168.1421
4234.4,47.9507,168.1575
4235.0,47.9851,168.1729
4235.7,48.0195,168.1883
4236.3,48.0539,168.2037
4236.9,48.0884,168.2192
4237.5,48.1228,168.2346
4238.1,48.1572,168.2501
4238.7,48.1916,168.2657
4239.3,48.2259,168.2812
4239.9,48.2603,168.2968
4240.6,48.2947,168.3124
4241.2,48.3291,168.328
4241.8,48.3635,168.3437
4242.4,48.3979,168.3594
4243.0,48.4322,168.3751
4243.6,48.4666,168.3908
4244.2,48.501,168.4065
4244.8,48.5354,168.4223
4245.5,48.5697,168.4381
4246.1,48.6041,168.4539
4246.7,48.6384,168.4698
4247.3,48.6728,168.4857
4247.9,48.7071,168.5016
4248.5,48.7415,168.5175
4249.1,48.7758,168.5335
4249.7,48.8102,168.5494
4250.4,48.8445,168.5654
4251.0,48.8788,168.5815
4251.6,48.9132,168.5975
4252.2,48.9475,168.6136
4252.8,48.9818,168.6297
4253.4,49.0161,168.6459
4254.0,49.0504,168.662
4254.6,49.0848,168.6782
4255.3,49.1191,168.6944
4255.9,49.1534,168.7107
4256.5,49.1877,168.7269
4257.1,49.222,168.7432
4257.7,49.2563,168.7596
4258.3,49.2906,168.7759
4258.9,49.3249,168.7923
4259.6,49.3592,168.8087
4260.2,49.3934,168.8251
4260.8,49.4277,168.8416
4261.4,49.462,168.858
4262.0,49.4963,168.8746
4262.6,49.5305,168.8911
4263.2,49.5648,168.9077
4263.8,49.5991,168.9242
4264.5,49.6333,168.9409
4265.1,49.6676,168.9575
4265.7,49.7018,168.9742
4266.3,49.7361,168.9909
4266.9,49.7703,169.0076
4267.5,49.8046,169.0244
4268.1,49.8388,169.0411
4268.7,49.8731,169.058
4269.4,49.9073,169.0748
4270.0,49.9415,169.0917
4270.6,49.9757,169.1086
4271.2,50.01,169.1255
4271.8,50.0442,169.1424
4272.4,50.0784,169.1594
4273.0,50.1126,169.1764
4273.6,50.1468,169.1934
4274.3,50.181,169.2105
4274.9,50.2152,169.2276
4275.5,50.2494,169.2447
4276.1,50.2836,169.2619
4276.7,50.3178,169.279
4277.3,50.352,169.2962
4277.9,50.3862,169.3135
4278.6,50.4203,169.3307
4279.2,50.4545,169.348
4279.8,50.4887,169.3654
4280.4,50.5229,169.3827
4281.0,50.557,169.4001
4281.6,50.5912,169.4175
4282.2,50.6253,169.4349
4282.8,50.6595,169.4524
4283.5,50.6936,169.4699
4284.1,50.7278,169.4874
4284.7,50.7619,169.505
4285.3,50.7961,169.5226
4285.9,50.8302,169.5402
4286.5,50.8643,169.5578
4287.1,50.8985,169.5755
4287.7,50.9326,169.5932
4288.4,50.9667,169.6109
4289.0,51.0008,169.6287
4289.6,51.0349,169.6465
4290.2,51.069,169.6643
4290.8,51.1031,169.6822
4291.4,51.1372,169.7001
4292.0,51.1713,169.718
4292.6,51.2054,169.7359
4293.3,51.2395,169.7539
4293.9,51.2736,169.7719
4294.5,51.3077,169.79
4295.1,51.3418,169.8081
4295.7,51.3758,169.8262
4296.3,51.4099,169.8443
4296.9,51.444,169.8625
4297.5,51.478,169.8807
4298.2,51.5121,169.8989
4298.8,51.5461,169.9171
4299.4,51.5802,169.9354
4300.0,51.6142,169.9538
4300.6,51.6483,169.9721
4301.2,51.6823,169.9905
4301.8,51.7164,170.0089
4302.5,51.7504,170.0274
4303.1,51.7844,170.0459
4303.7,51.8184,170.0644
4304.3,51.8525,170.0829
4304.9,51.8865,170.1015
4305.5,51.9205,170.1201
4306.1,51.9545,170.1387
4306.7,51.9885,170.1574
4307.4,52.0225,170.1761
4308.0,52.0565,170.1949
4308.6,52.0905,170.2137
4309.2,52.1244,170.2325
4309.8,52.1584,170.2513
4310.4,52.1924,170.2702
4311.0,52.2264,170.2891
4311.6,52.2603,170.308
4312.3,52.2943,170.327
4312.9,52.3283,170.346
4313.5,52.3622,170.365
4314.1,52.3962,170.3841
4314.7,52.4301,170.4032
4315.3,52.4641,170.4224
4315.9,52.498,170.4415
4316.5,52.5319,170.4607
4317.2,52.5659,170.48
4317.8,52.5998,170.4993
4107.0,40.7309,165.4306
4107.6,40.7658,165.442
4108.2,40.8007,165.4534
4108.8,40.8357,165.4648
4109.4,40.8706,165.4763
4110.0,40.9055,165.4878
4110.6,40.9404,165.4992
4111.2,40.9753,165.5107
4111.9,41.0102,165.5223
4112.5,41.0451,165.5338
4113.1,41.08,165.5453
4113.7,41.1149,165.5569
4114.3,41.1498,165.5685
4114.9,41.1847,165.5801
4115.5,41.2196,165.5917
4116.1,41.2545,165.6033
4116.8,41.2894,165.6149
4117.4,41.3243,165.6266
4118.0,41.3592,165.6382
4118.6,41.394,165.6499
4119.2,41.4289,165.6616
4119.8,41.4638,165.6734
4120.4,41.4987,165.6851
4121.0,41.5336,165.6968
4121.7,41.5684,165.7086
4122.3,41.6033,165.7204
4122.9,41.6382,165.7322
4123.5,41.673,165.744
4124.1,41.7079,165.7558
4124.7,41.7428,165.7676
4125.3,41.7776,165.7795
4125.9,41.8125,165.7914
4126.6,41.8474,165.8033
4127.2,41.8822,165.8152
4127.8,41.9171,165.8271
4128.4,41.9519,165.839
4129.0,41.9868,165.851
4129.6,42.0216,165.8629
4130.2,42.0565,165.8749
4130.9,42.0913,165.8869
4131.5,42.1261,165.899
4132.1,42.161,165.911
4132.7,42.1958,165.923
4133.3,42.2306,165.9351
4133.9,42.2655,165.9472
4134.5,42.3003,165.9593
4135.1,42.3351,165.9714
4135.8,42.37,165.9836
4136.4,42.4048,165.9957
4137.0,42.4396,166.0079
4137.6,42.4744,166.0201
4138.2,42.5092,166.0323
4138.8,42.5441,166.0445
4139.4,42.5789,166.0567
4140.0,42.6137,166.069
4140.7,42.6485,166.0812
4141.3,42.6833,166.0935
4141.9,42.7181,166.1058
4142.5,42.7529,166.1181
4143.1,42.7877,166.1305
4143.7,42.8225,166.1428
4144.3,42.8573,166.1552
4144.9,42.8921,166.1676
4145.6,42.9269,166.18
4146.2,42.9617,166.1924
4146.8,42.9965,166.2049
4147.4,43.0312,166.2173
4148.0,43.066,166.2298
4148.6,43.1008,166.2423
4149.2,43.1356,166.2548
4149.8,43.1704,166.2673
4150.5,43.2051,166.2799
4151.1,43.2399,166.2924
4151.7,43.2747,166.305
4152.3,43.3094,166.3176
4152.9,43.3442,166.3302
4153.5,43.379,166.3428
4154.1,43.4137,166.3555
4154.8,43.4485,166.3682
4155.4,43.4832,166.3808
4156.0,43.518,166.3936
4156.6,43.5527,166.4063
4157.2,43.5875,166.419
4157.8,43.6222,166.4318
4158.4,43.657,166.4445
4159.0,43.6917,166.4573
4159.7,43.7265,166.4701
4160.3,43.7612,166.483
4160.9,43.7959,166.4958
4161.5,43.8307,166.5087
4162.1,43.8654,166.5216
4162.7,43.9001,166.5345
4163.3,43.9348,166.5474
4163.9,43.9696,166.5603
4164.6,44.0043,166.5733
4165.2,44.039,166.5863
4165.8,44.0737,166.5993
4166.4,44.1084,166.6123
4167.0,44.1432,166.6253
4167.6,44.1779,166.6384
4168.2,44.2126,166.6514
4168.8,44.2473,166.6645
4169.5,44.282,166.6776
4170.1,44.3167,166.6908
4170.7,44.3514,166.7039
4171.3,44.3861,166.7171
4171.9,44.4208,166.7302
4172.5,44.4554,166.7434
4173.1,44.4901,166.7567
4173.8,44.5248,166.7699
4174.4,44.5595,166.7832
4175.0,44.5942,166.7964
4175.6,44.6289,166.8097
4176.2,44.6635,166.8231
4176.8,44.6982,166.8364
4177.4,44.7329,166.8497
4178.0,44.7675,166.8631
4178.7,44.8022,166.8765
4179.3,44.8369,166.8899
4179.9,44.8715,166.9034
4180.5,44.9062,166.9168
4181.1,44.9408,166.9303
4181.7,44.9755,166.9438
4182.3,45.0101,166.9573
4182.9,45.0448,166.9708
4183.6,45.0794,166.9844
4184.2,45.1141,166.9979
4184.8,45.1487,167.0115
4185.4,45.1833,167.0251
4186.0,45.218,167.0388
4186.6,45.2526,167.0524
4187.2,45.2872,167.0661
4187.8,45.3219,167.0798
4188.5,45.3565,167.0935
4189.1,45.3911,167.1072
4189.7,45.4257,167.121
4190.3,45.4604,167.1348
4190.9,45.495,167.1486
4191.5,45.5296,167.1624
4192.1,45.5642,167.1762
4192.8,45.5988,167.19
4193.4,45.6334,167.2039
4194.0,45.668,167.2178
4194.6,45.7026,167.2318
4195.2,45.7372,167.2457
4195.8,45.7718,167.2596
4196.4,45.8064,167.2736
4197.0,45.841,167.2876
4197.7,45.8755,167.3016
4198.3,45.9101,167.3157
4198.9,45.9447,167.3297
4199.5,45.9793,167.3438
4200.1,46.0139,167.3579
4200.7,46.0484,167.3721
4201.3,46.083,167.3862
4201.9,46.1176,167.4004
4202.6,46.1521,167.4146
4203.2,46.1867,167.4288
4203.8,46.2212,167.443
4204.4,46.2558,167.4573
4205.0,46.2904,167.4715
4205.6,46.3249,167.4858
4206.2,46.3595,167.5002
4206.8,46.394,167.5145
4207.5,46.4285,167.5289
4208.1,46.4631,167.5432
4208.7,46.4976,167.5576
4209.3,46.5321,167.5721
4209.9,46.5667,167.5865
4210.5,46.6012,167.601
4211.1,46.6357,167.6155
4211.7,46.6703,167.63
4212.4,46.7048,167.6445
4213.0,46.7393,167.6591
4213.6,46.7738,167.6737
4214.2,46.8083,167.6883
4214.8,46.8428,167.7029
4215.4,46.8773,167.7176
4216.0,46.9118,167.7322
4216.7,46.9463,167.7469
4217.3,46.9808,167.7616
4217.9,47.0153,167.7764
4218.5,47.0498,167.7912
4219.1,47.0843,167.8059
4219.7,47.1188,167.8207
4220.3,47.1533,167.8356
4220.9,47.1877,167.8504
4221.6,47.2222,167.8653
4222.2,47.2567,167.8802
4222.8,47.2912,167.8951
4223.4,47.3256,167.9101
4224.0,47.3601,167.925
4224.6,47.3946,167.94
4225.2,47.429,167.955
4225.8,47.4635,167.9701
4226.5,47.4979,167.9852
4227.1,47.5324,168.0002
4227.7,47.5668,168.0154
4228.3,47.6013,168.0305
4228.9,47.6357,168.0456
4229.5,47.6701,168.0608
4230.1,47.7046,168.076
4230.7,47.739,168.0912
4231.4,47.7734,168.1065
4232.0,47.8079,168.1218
4232.6,47.8423,168.1371
4233.2,47.8767,168.1524
4233.8,47.9111,168.1678
4234.4,47.9455,168.1831
4235.0,47.98,168.1985
4235.7,48.0144,168.2139
4236.3,48.0488,168.2294
4236.9,48.0832,168.2449
4237.5,48.1176,168.2603
4238.1,48.152,168.2759
4238.7,48.1864,168.2914
4239.3,48.2207,168.307
4239.9,48.2551,168.3226
4240.6,48.2895,168.3382
4241.2,48.3239,168.3538
4241.8,48.3583,168.3695
4242.4,48.3926,168.3852
4243.0,48.427,168.4009
4243.6,48.4614,168.4167
4244.2,48.4957,168.4324
4244.8,48.5301,168.4482
4245.5,48.5645,168.464
4246.1,48.5988,168.4799
4246.7,48.6332,168.4957
4247.3,48.6675,168.5116
4247.9,48.7019,168.5276
4248.5,48.7362,168.5435
4249.1,48.7705,168.5595
4249.7,48.8049,168.5755
4250.4,48.8392,168.5915
4251.0,48.8735,168.6075
4251.6,48.9079,168.6236
4252.2,48.9422,168.6397
4252.8,48.9765,168.6558
4253.4,49.0108,168.672
4254.0,49.0451,168.6882
4254.6,49.0794,168.7044
4255.3,49.1137,168.7206
4255.9,49.148,168.7369
4256.5,49.1823,168.7531
4257.1,49.2166,168.7695
4257.7,49.2509,168.7858
4258.3,49.2852,168.8022
4258.9,49.3195,168.8185
4259.6,49.3538,168.835
4260.2,49.3881,168.8514
4260.8,49.4223,168.8679
4261.4,49.4566,168.8844
4262.0,49.4909,168.9009
4262.6,49.5251,168.9174
4263.2,49.5594,168.934
4263.8,49.5937,168.9506
4264.5,49.6279,168.9673
4265.1,49.6622,168.9839
4265.7,49.6964,169.0006
4266.3,49.7307,169.0173
4266.9,49.7649,169.0341
4267.5,49.7991,169.0508
4268.1,49.8334,169.0676
4268.7,49.8676,169.0845
4269.4,49.9018,169.1013
4270.0,49.9361,169.1182
4270.6,49.9703,169.1351
4271.2,50.0045,169.1521
4271.8,50.0387,169.169
4272.4,50.0729,169.186
4273.0,50.1071,169.203
4273.6,50.1413,169.2201
4274.3,50.1755,169.2372
4274.9,50.2097,169.2543
4275.5,50.2439,169.2714
4276.1,50.2781,169.2886
4276.7,50.3123,169.3058
4277.3,50.3465,169.323
4277.9,50.3806,169.3402
4278.6,50.4148,169.3575
4279.2,50.449,169.3748
4279.8,50.4832,169.3922
4280.4,50.5173,169.4095
4281.0,50.5515,169.4269
4281.6,50.5856,169.4444
4282.2,50.6198,169.4618
4282.8,50.6539,169.4793
4283.5,50.6881,169.4968
4284.1,50.7222,169.5144
4284.7,50.7564,169.5319
4285.3,50.7905,169.5495
4285.9,50.8246,169.5672
4286.5,50.8587,169.5848
4287.1,50.8929,169.6025
4287.7,50.927,169.6202
4288.4,50.9611,169.638
4289.0,50.9952,169.6558
4289.6,51.0293,169.6736
4290.2,51.0634,169.6914
4290.8,51.0975,169.7093
4291.4,51.1316,169.7272
4292.0,51.1657,169.7451
4292.6,51.1998,169.7631
4293.3,51.2339,169.7811
4293.9,51.2679,169.7991
4294.5,51.302,169.8172
4295.1,51.3361,169.8353
4295.7,51.3702,169.8534
4296.3,51.4042,169.8716
4296.9,51.4383,169.8897
4297.5,51.4723,169.908
4298.2,51.5064,169.9262
4298.8,51.5404,169.9445
4299.4,51.5745,169.9628
4300.0,51.6085,169.9811
4300.6,51.6426,169.9995
4301.2,51.6766,170.0179
4301.8,51.7106,170.0363
4302.5,51.7446,170.0548
4303.1,51.7787,170.0733
4303.7,51.8127,170.0918
4304.3,51.8467,170.1104
4304.9,51.8807,170.129
4305.5,51.9147,170.1476
4306.1,51.9487,170.1663
4306.7,51.9827,170.185
4307.4,52.0167,170.2037
4308.0,52.0507,170.2225
4308.6,52.0847,170.2413
4309.2,52.1186,170.2601
4309.8,52.1526,170.2789
4310.4,52.1866,170.2978
4311.0,52.2206,170.3168
4311.6,52.2545,170.3357
4312.3,52.2885,170.3547
4312.9,52.3224,170.3737
4313.5,52.3564,170.3928
4314.1,52.3903,170.4119
4314.7,52.4243,170.431
4315.3,52.4582,170.4502
4315.9,52.4921,170.4694
4316.5,52.5261,170.4886
