163.9593 41.0168 0.2154
163.9825 41.0127 0.2043
164.0057 41.0087 0.1929
164.0288 41.0046 0.1817
164.0520 41.0006 0.1707
163.9647 41.0343 0.2127
163.9878 41.0303 0.2020
164.0110 41.0262 0.1911
164.0342 41.0222 0.1807
164.0574 41.0181 0.1711
164.0805 41.0140 0.1627
164.1037 41.0100 0.1573
164.1268 41.0059 0.1540
164.1500 41.0018 0.1513
163.9700 41.0519 0.2062
163.9932 41.0478 0.1974
164.0164 41.0438 0.1880
164.0396 41.0397 0.1785
164.0627 41.0357 0.1706
164.0859 41.0316 0.1644
164.1091 41.0275 0.1609
164.1322 41.0234 0.1586
164.1554 41.0194 0.1574
164.1785 41.0153 0.1541
164.2017 41.0112 0.1486
164.2248 41.0071 0.1423
164.2480 41.0030 0.1364
163.9754 41.0695 0.2001
163.9986 41.0654 0.1926
164.0217 41.0614 0.1847
164.0449 41.0573 0.1768
164.0681 41.0532 0.1710
164.0913 41.0492 0.1672
164.1145 41.0451 0.1655
164.1376 41.0410 0.1646
164.1608 41.0369 0.1634
164.1839 41.0328 0.1602
164.2071 41.0287 0.1546
164.2303 41.0246 0.1478
164.2534 41.0205 0.1414
164.2766 41.0164 0.1364
164.2997 41.0123 0.1329
164.3229 41.0082 0.1307
164.3460 41.0041 0.1289
163.9807 41.0870 0.1963
164.0039 41.0830 0.1899
164.0271 41.0789 0.1834
164.0503 41.0748 0.1774
164.0735 41.0708 0.1736
164.0967 41.0667 0.1716
164.1198 41.0626 0.1717
164.1430 41.0585 0.1715
164.1662 41.0545 0.1705
164.1894 41.0504 0.1672
164.2125 41.0463 0.1611
164.2357 41.0422 0.1536
164.2588 41.0381 0.1462
164.2820 41.0340 0.1407
164.3052 41.0298 0.1372
164.3283 41.0257 0.1350
164.3515 41.0216 0.1334
164.3746 41.0175 0.1324
164.3977 41.0133 0.1307
164.4209 41.0092 0.1273
164.4440 41.0051 0.1221
164.4672 41.0009 0.1159
163.9861 41.1046 0.1962
164.0093 41.1005 0.1911
164.0325 41.0965 0.1853
164.0557 41.0924 0.1809
164.0789 41.0883 0.1786
164.1021 41.0843 0.1778
164.1252 41.0802 0.1789
164.1484 41.0761 0.1795
164.1716 41.0720 0.1783
164.1948 41.0679 0.1746
164.2179 41.0638 0.1679
164.2411 41.0597 0.1595
164.2643 41.0556 0.1512
164.2874 41.0515 0.1449
164.3106 41.0474 0.1409
164.3338 41.0433 0.1381
164.3569 41.0391 0.1360
164.3801 41.0350 0.1348
164.4032 41.0309 0.1335
164.4264 41.0267 0.1303
164.4495 41.0226 0.1259
164.4726 41.0184 0.1201
164.4958 41.0143 0.1132
164.5189 41.0101 0.1068
164.5420 41.0060 0.1017
164.5652 41.0018 0.0960
163.9915 41.1221 0.1982
164.0147 41.1181 0.1945
164.0379 41.1140 0.1898
164.0611 41.1100 0.1856
164.0843 41.1059 0.1835
164.1075 41.1018 0.1836
164.1306 41.0977 0.1855
164.1538 41.0936 0.1862
164.1770 41.0896 0.1850
164.2002 41.0855 0.1806
164.2234 41.0814 0.1727
164.2465 41.0773 0.1632
164.2697 41.0732 0.1542
164.2929 41.0690 0.1473
164.3160 41.0649 0.1423
164.3392 41.0608 0.1390
164.3624 41.0567 0.1364
164.3855 41.0525 0.1346
164.4087 41.0484 0.1333
164.4318 41.0443 0.1306
164.4550 41.0401 0.1269
164.4781 41.0360 0.1216
164.5013 41.0318 0.1150
164.5244 41.0277 0.1093
164.5475 41.0235 0.1045
164.5707 41.0193 0.1002
163.9968 41.1397 0.2001
164.0201 41.1356 0.1977
164.0433 41.1316 0.1937
164.0665 41.1275 0.1892
164.0897 41.1234 0.1869
164.1129 41.1194 0.1869
164.1361 41.1153 0.1882
164.1592 41.1112 0.1892
164.1824 41.1071 0.1877
164.2056 41.1030 0.1821
164.2288 41.0989 0.1736
164.2520 41.0948 0.1639
164.2752 41.0907 0.1547
164.2983 41.0866 0.1478
164.3215 41.0825 0.1424
164.3447 41.0783 0.1385
164.3678 41.0742 0.1353
164.3910 41.0701 0.1329
164.4142 41.0659 0.1312
164.4373 41.0618 0.1285
164.4605 41.0576 0.1251
164.4836 41.0535 0.1200
164.5068 41.0493 0.1135
164.5299 41.0452 0.1082
164.5530 41.0410 0.1037
164.5762 41.0368 0.0996
164.0022 41.1573 0.1993
164.0254 41.1532 0.1976
164.0486 41.1491 0.1943
164.0719 41.1451 0.1902
164.0951 41.1410 0.1875
164.1183 41.1369 0.1860
164.1415 41.1328 0.1873
164.1647 41.1287 0.1879
164.1878 41.1247 0.1862
164.2110 41.1206 0.1803
164.2342 41.1165 0.1718
164.2574 41.1123 0.1626
164.2806 41.1082 0.1535
164.3038 41.1041 0.1466
164.3270 41.1000 0.1412
164.3501 41.0959 0.1365
164.3733 41.0917 0.1327
164.3965 41.0876 0.1295
164.4196 41.0835 0.1272
164.4428 41.0793 0.1246
164.4659 41.0752 0.1216
164.4891 41.0710 0.1166
164.5123 41.0669 0.1108
164.5354 41.0627 0.1055
164.5586 41.0585 0.1010
164.5817 41.0544 0.0975
164.7899 41.0166 0.0768
164.8130 41.0124 0.0774
164.8361 41.0082 0.0785
164.8592 41.0039 0.0802
164.0076 41.1748 0.1978
164.0308 41.1708 0.1960
164.0540 41.1667 0.1928
164.0772 41.1626 0.1886
164.1005 41.1586 0.1853
164.1237 41.1545 0.1838
164.1469 41.1504 0.1850
164.1701 41.1463 0.1854
164.1933 41.1422 0.1834
164.2165 41.1381 0.1780
164.2397 41.1340 0.1699
164.2629 41.1299 0.1610
164.2860 41.1258 0.1521
164.3092 41.1217 0.1447
164.3324 41.1175 0.1388
164.3556 41.1134 0.1333
164.3788 41.1093 0.1284
164.4019 41.1051 0.1246
164.4251 41.1010 0.1223
164.4483 41.0969 0.1205
164.4714 41.0927 0.1174
164.4946 41.0885 0.1128
164.5178 41.0844 0.1069
164.5409 41.0802 0.1013
164.5641 41.0761 0.0974
164.5872 41.0719 0.0944
164.7029 41.0509 0.0550
164.7954 41.0341 0.0742
164.8186 41.0299 0.0757
164.8417 41.0257 0.0774
164.8648 41.0214 0.0798
164.8879 41.0172 0.0820
164.9110 41.0130 0.0840
164.9341 41.0087 0.0863
164.9572 41.0045 0.0891
164.9803 41.0002 0.0930
164.0130 41.1924 0.1960
164.0362 41.1883 0.1937
164.0594 41.1843 0.1903
164.0826 41.1802 0.1862
164.1059 41.1761 0.1832
164.1291 41.1720 0.1819
164.1523 41.1679 0.1831
164.1755 41.1638 0.1832
164.1987 41.1597 0.1812
164.2219 41.1556 0.1765
164.2451 41.1515 0.1692
164.2683 41.1474 0.1610
164.2915 41.1433 0.1518
164.3147 41.1392 0.1443
164.3379 41.1351 0.1371
164.3611 41.1309 0.1304
164.3842 41.1268 0.1241
164.4074 41.1227 0.1197
164.4306 41.1185 0.1185
164.4538 41.1144 0.1173
164.4769 41.1102 0.1148
164.5001 41.1061 0.1104
164.5233 41.1019 0.1044
164.5464 41.0977 0.0983
164.5696 41.0936 0.0940
164.5927 41.0894 0.0914
164.8010 41.0516 0.0713
164.8241 41.0474 0.0729
164.8473 41.0432 0.0756
164.8704 41.0389 0.0786
164.8935 41.0347 0.0814
164.9166 41.0305 0.0838
164.9397 41.0262 0.0862
164.9628 41.0220 0.0890
164.9859 41.0177 0.0933
165.0090 41.0134 0.0982
165.0321 41.0092 0.1038
165.0552 41.0049 0.1101
165.0783 41.0006 0.1176
164.0184 41.2099 0.1938
164.0416 41.2059 0.1914
164.0648 41.2018 0.1884
164.0880 41.1977 0.1849
164.1113 41.1937 0.1828
164.1345 41.1896 0.1819
164.1577 41.1855 0.1826
164.1809 41.1814 0.1827
164.2041 41.1773 0.1810
164.2273 41.1732 0.1765
164.2505 41.1691 0.1698
164.2737 41.1650 0.1623
164.2969 41.1609 0.1532
164.3201 41.1567 0.1446
164.3433 41.1526 0.1368
164.3665 41.1485 0.1289
164.3897 41.1443 0.1219
164.4129 41.1402 0.1179
164.4361 41.1361 0.1171
164.4593 41.1319 0.1161
164.4824 41.1278 0.1134
164.5056 41.1236 0.1090
164.5288 41.1194 0.1031
164.5519 41.1153 0.0969
164.5751 41.1111 0.0929
164.5983 41.1069 0.0902
164.8066 41.0691 0.0689
164.8297 41.0649 0.0703
164.8528 41.0607 0.0734
164.8760 41.0564 0.0770
164.8991 41.0522 0.0801
164.9222 41.0480 0.0830
164.9453 41.0437 0.0857
164.9684 41.0395 0.0890
164.9916 41.0352 0.0932
165.0147 41.0309 0.0980
165.0378 41.0267 0.1039
165.0609 41.0224 0.1101
165.0840 41.0181 0.1169
165.1071 41.0139 0.1246
165.1302 41.0096 0.1326
165.1533 41.0053 0.1405
165.1763 41.0010 0.1484
164.0238 41.2275 0.1909
164.0470 41.2234 0.1889
164.0702 41.2194 0.1871
164.0935 41.2153 0.1850
164.1167 41.2112 0.1841
164.1399 41.2071 0.1837
164.1631 41.2030 0.1842
164.1863 41.1989 0.1836
164.2096 41.1948 0.1819
164.2328 41.1907 0.1781
164.2560 41.1866 0.1723
164.2792 41.1825 0.1651
164.3024 41.1784 0.1562
164.3256 41.1743 0.1477
164.3488 41.1701 0.1392
164.3720 41.1660 0.1311
164.3952 41.1619 0.1243
164.4184 41.1577 0.1203
164.4416 41.1536 0.1188
164.4648 41.1494 0.1169
164.4879 41.1453 0.1137
164.5111 41.1411 0.1093
164.5343 41.1370 0.1036
164.5575 41.1328 0.0981
164.5806 41.1286 0.0938
164.6038 41.1244 0.0909
164.7196 41.1035 0.0740
164.8122 41.0866 0.0676
164.8353 41.0824 0.0685
164.8584 41.0782 0.0714
164.8816 41.0739 0.0750
164.9047 41.0697 0.0785
164.9278 41.0655 0.0817
164.9509 41.0612 0.0851
164.9741 41.0569 0.0885
164.9972 41.0527 0.0927
165.0203 41.0484 0.0973
165.0434 41.0442 0.1028
165.0665 41.0399 0.1084
165.0896 41.0356 0.1145
165.1127 41.0313 0.1224
165.1358 41.0270 0.1303
165.1589 41.0228 0.1380
165.1820 41.0185 0.1462
165.2051 41.0142 0.1540
165.2282 41.0099 0.1620
165.2513 41.0056 0.1701
165.2743 41.0012 0.1779
164.0291 41.2451 0.1885
164.0524 41.2410 0.1869
164.0756 41.2369 0.1860
164.0989 41.2328 0.1849
164.1221 41.2288 0.1851
164.1453 41.2247 0.1850
164.1686 41.2206 0.1851
164.1918 41.2165 0.1838
164.2150 41.2124 0.1820
164.2382 41.2083 0.1787
164.2614 41.2042 0.1734
164.2847 41.2001 0.1669
164.3079 41.1959 0.1591
164.3311 41.1918 0.1513
164.3543 41.1877 0.1436
164.3775 41.1836 0.1359
164.4007 41.1794 0.1292
164.4239 41.1753 0.1250
164.4471 41.1711 0.1225
164.4703 41.1670 0.1194
164.4934 41.1628 0.1157
164.5166 41.1587 0.1107
164.5398 41.1545 0.1052
164.5630 41.1503 0.1000
164.5862 41.1461 0.0965
164.6093 41.1420 0.0931
164.8178 41.1041 0.0668
164.8409 41.0999 0.0671
164.8640 41.0957 0.0692
164.8872 41.0914 0.0721
164.9103 41.0872 0.0755
164.9334 41.0829 0.0792
164.9566 41.0787 0.0834
164.9797 41.0744 0.0876
165.0028 41.0702 0.0917
165.0259 41.0659 0.0959
165.0490 41.0617 0.1005
165.0722 41.0574 0.1055
165.0953 41.0531 0.1112
165.1184 41.0488 0.1182
165.1415 41.0445 0.1266
165.1646 41.0402 0.1348
165.1877 41.0359 0.1431
165.2108 41.0316 0.1513
165.2339 41.0273 0.1591
165.2570 41.0230 0.1680
165.2800 41.0187 0.1761
165.3031 41.0144 0.1837
165.3262 41.0101 0.1916
165.3493 41.0057 0.1985
165.3724 41.0014 0.2048
164.0345 41.2626 0.1880
164.0578 41.2586 0.1867
164.0810 41.2545 0.1859
164.1043 41.2504 0.1854
164.1275 41.2463 0.1861
164.1508 41.2422 0.1861
164.1740 41.2381 0.1857
164.1972 41.2340 0.1841
164.2204 41.2299 0.1819
164.2437 41.2258 0.1788
164.2669 41.2217 0.1743
164.2901 41.2176 0.1690
164.3133 41.2135 0.1623
164.3365 41.2094 0.1554
164.3597 41.2052 0.1488
164.3830 41.2011 0.1422
164.4062 41.1969 0.1361
164.4294 41.1928 0.1314
164.4526 41.1887 0.1274
164.4758 41.1845 0.1235
164.4990 41.1803 0.1189
164.5221 41.1762 0.1132
164.5453 41.1720 0.1076
164.5685 41.1678 0.1031
164.5917 41.1637 0.0995
164.6149 41.1595 0.0965
164.8233 41.1216 0.0670
164.8465 41.1174 0.0662
164.8696 41.1132 0.0671
164.8928 41.1089 0.0692
164.9159 41.1047 0.0721
164.9391 41.1004 0.0762
164.9622 41.0962 0.0814
164.9853 41.0919 0.0864
165.0084 41.0877 0.0910
165.0316 41.0834 0.0946
165.0547 41.0791 0.0984
165.0778 41.0749 0.1029
165.1009 41.0706 0.1084
165.1240 41.0663 0.1155
165.1472 41.0620 0.1240
165.1703 41.0577 0.1325
165.1934 41.0534 0.1411
165.2165 41.0491 0.1489
165.2396 41.0448 0.1572
165.2627 41.0405 0.1658
165.2857 41.0362 0.1746
165.3088 41.0319 0.1826
165.3319 41.0275 0.1898
165.3550 41.0232 0.1957
165.3781 41.0189 0.2016
165.4012 41.0145 0.2073
165.4242 41.0102 0.2119
164.0399 41.2802 0.1892
164.0632 41.2761 0.1874
164.0864 41.2720 0.1872
164.1097 41.2680 0.1870
164.1329 41.2639 0.1874
164.1562 41.2598 0.1870
164.1794 41.2557 0.1859
164.2027 41.2516 0.1845
164.2259 41.2475 0.1823
164.2491 41.2434 0.1796
164.2723 41.2393 0.1759
164.2956 41.2351 0.1712
164.3188 41.2310 0.1658
164.3420 41.2269 0.1603
164.3652 41.2228 0.1547
164.3884 41.2186 0.1492
164.4117 41.2145 0.1439
164.4349 41.2103 0.1385
164.4581 41.2062 0.1336
164.4813 41.2020 0.1286
164.5045 41.1979 0.1228
164.5277 41.1937 0.1168
164.5509 41.1895 0.1105
164.5740 41.1854 0.1060
164.5972 41.1812 0.1027
164.6204 41.1770 0.0990
164.8289 41.1391 0.0687
164.8521 41.1349 0.0668
164.8752 41.1307 0.0665
164.8984 41.1264 0.0674
164.9215 41.1222 0.0696
164.9447 41.1179 0.0742
164.9678 41.1137 0.0804
164.9910 41.1094 0.0863
165.0141 41.1052 0.0911
165.0372 41.1009 0.0946
165.0603 41.0966 0.0978
165.0835 41.0923 0.1016
165.1066 41.0881 0.1068
165.1297 41.0838 0.1136
165.1528 41.0795 0.1218
165.1759 41.0752 0.1304
165.1990 41.0709 0.1398
165.2221 41.0666 0.1476
165.2453 41.0623 0.1553
165.2684 41.0580 0.1636
165.2914 41.0536 0.1726
165.3145 41.0493 0.1808
165.3376 41.0450 0.1876
165.3607 41.0407 0.1933
165.3838 41.0363 0.1988
165.4069 41.0320 0.2053
165.4300 41.0276 0.2114
164.0453 41.2977 0.1911
164.0686 41.2937 0.1901
164.0919 41.2896 0.1897
164.1151 41.2855 0.1898
164.1384 41.2814 0.1894
164.1616 41.2773 0.1888
164.1849 41.2732 0.1879
164.2081 41.2691 0.1863
164.2313 41.2650 0.1841
164.2546 41.2609 0.1816
164.2778 41.2568 0.1782
164.3010 41.2527 0.1742
164.3243 41.2486 0.1696
164.3475 41.2444 0.1651
164.3707 41.2403 0.1601
164.3939 41.2362 0.1550
164.4171 41.2320 0.1498
164.4404 41.2279 0.1446
164.4636 41.2237 0.1388
164.4868 41.2196 0.1331
164.5100 41.2154 0.1263
164.5332 41.2112 0.1198
164.5564 41.2071 0.1138
164.5796 41.2029 0.1090
164.6028 41.1987 0.1054
164.6260 41.1945 0.1013
164.7419 41.1735 0.0690
164.8345 41.1566 0.0718
164.8577 41.1524 0.0690
164.8808 41.1482 0.0677
164.9040 41.1439 0.0676
164.9272 41.1397 0.0696
164.9503 41.1354 0.0742
164.9734 41.1312 0.0809
164.9966 41.1269 0.0868
165.0197 41.1227 0.0917
165.0429 41.1184 0.0955
165.0660 41.1141 0.0985
165.0891 41.1098 0.1021
165.1123 41.1055 0.1071
165.1354 41.1013 0.1133
165.1585 41.0970 0.1214
165.1816 41.0927 0.1302
165.2047 41.0884 0.1396
165.2278 41.0841 0.1476
165.2509 41.0798 0.1550
165.2741 41.0754 0.1626
165.2972 41.0711 0.1710
165.3203 41.0668 0.1788
165.3434 41.0625 0.1860
165.3664 41.0581 0.1916
165.3895 41.0538 0.1972
165.4126 41.0494 0.2038
165.4357 41.0451 0.2110
164.0507 41.3153 0.1953
164.0740 41.3112 0.1948
164.0973 41.3071 0.1942
164.1205 41.3031 0.1937
164.1438 41.2990 0.1931
164.1670 41.2949 0.1924
164.1903 41.2908 0.1916
164.2135 41.2867 0.1902
164.2368 41.2826 0.1881
164.2600 41.2785 0.1853
164.2833 41.2743 0.1819
164.3065 41.2702 0.1783
164.3297 41.2661 0.1741
164.3530 41.2620 0.1697
164.3762 41.2578 0.1649
164.3994 41.2537 0.1598
164.4226 41.2495 0.1547
164.4459 41.2454 0.1495
164.4691 41.2412 0.1440
164.4923 41.2371 0.1379
164.5155 41.2329 0.1310
164.5387 41.2287 0.1242
164.5619 41.2246 0.1178
164.5851 41.2204 0.1127
164.6083 41.2162 0.1082
164.6315 41.2120 0.1040
164.8401 41.1741 0.0757
164.8633 41.1699 0.0725
164.8865 41.1657 0.0707
164.9096 41.1614 0.0702
164.9328 41.1572 0.0720
164.9559 41.1529 0.0765
164.9791 41.1487 0.0827
165.0022 41.1444 0.0884
165.0254 41.1401 0.0932
165.0485 41.1359 0.0970
165.0717 41.1316 0.1003
165.0948 41.1273 0.1039
165.1179 41.1230 0.1091
165.1410 41.1187 0.1153
165.1642 41.1144 0.1235
165.1873 41.1101 0.1324
165.2104 41.1058 0.1418
165.2335 41.1015 0.1495
165.2567 41.0972 0.1565
165.2798 41.0929 0.1635
165.3029 41.0886 0.1710
165.3260 41.0843 0.1790
165.3491 41.0799 0.1855
165.3722 41.0756 0.1911
165.3953 41.0713 0.1964
165.4184 41.0669 0.2026
165.4415 41.0626 0.2099
164.0562 41.3328 0.1977
164.0794 41.3288 0.1985
164.1027 41.3247 0.1983
164.1260 41.3206 0.1976
164.1492 41.3165 0.1970
164.1725 41.3124 0.1960
164.1957 41.3083 0.1950
164.2190 41.3042 0.1938
164.2422 41.3001 0.1914
164.2655 41.2960 0.1881
164.2887 41.2919 0.1847
164.3120 41.2878 0.1811
164.3352 41.2836 0.1769
164.3585 41.2795 0.1723
164.3817 41.2754 0.1675
164.4049 41.2712 0.1624
164.4281 41.2671 0.1575
164.4514 41.2629 0.1526
164.4746 41.2588 0.1473
164.4978 41.2546 0.1415
164.5210 41.2504 0.1349
164.5442 41.2463 0.1281
164.5674 41.2421 0.1220
164.5907 41.2379 0.1159
164.6139 41.2337 0.1107
164.6371 41.2295 0.1058
164.8457 41.1916 0.0799
164.8689 41.1874 0.0766
164.8921 41.1832 0.0745
164.9152 41.1789 0.0738
164.9384 41.1747 0.0749
164.9616 41.1704 0.0786
164.9847 41.1662 0.0843
165.0079 41.1619 0.0897
165.0310 41.1576 0.0947
165.0542 41.1534 0.0985
165.0773 41.1491 0.1020
165.1005 41.1448 0.1060
165.1236 41.1405 0.1118
165.1467 41.1362 0.1187
165.1699 41.1319 0.1273
165.1930 41.1276 0.1362
165.2161 41.1233 0.1450
165.2392 41.1190 0.1523
165.2624 41.1147 0.1589
165.2855 41.1104 0.1652
165.3086 41.1061 0.1722
165.3317 41.1017 0.1791
165.3548 41.0974 0.1852
165.3779 41.0931 0.1907
165.4010 41.0887 0.1961
165.4241 41.0844 0.2017
165.4472 41.0800 0.2086
164.0616 41.3504 0.1986
164.0848 41.3463 0.2000
164.1081 41.3422 0.2006
164.1314 41.3382 0.2001
164.1547 41.3341 0.1992
164.1779 41.3300 0.1981
164.2012 41.3259 0.1974
164.2244 41.3218 0.1962
164.2477 41.3177 0.1936
164.2710 41.3135 0.1902
164.2942 41.3094 0.1865
164.3175 41.3053 0.1827
164.3407 41.3012 0.1781
164.3639 41.2970 0.1734
164.3872 41.2929 0.1683
164.4104 41.2888 0.1633
164.4337 41.2846 0.1591
164.4569 41.2805 0.1544
164.4801 41.2763 0.1493
164.5033 41.2721 0.1435
164.5266 41.2680 0.1373
164.5498 41.2638 0.1312
164.5730 41.2596 0.1247
164.5962 41.2554 0.1185
164.6194 41.2513 0.1124
164.6426 41.2471 0.1069
164.7586 41.2260 0.0520
164.8513 41.2091 0.0838
164.8745 41.2049 0.0804
164.8977 41.2007 0.0779
164.9209 41.1964 0.0768
164.9440 41.1922 0.0775
164.9672 41.1879 0.0802
164.9904 41.1837 0.0853
165.0135 41.1794 0.0904
165.0367 41.1751 0.0955
165.0598 41.1708 0.0998
165.0830 41.1666 0.1033
165.1061 41.1623 0.1075
165.1293 41.1580 0.1140
165.1524 41.1537 0.1218
165.1755 41.1494 0.1314
165.1987 41.1451 0.1401
165.2218 41.1408 0.1482
165.2449 41.1365 0.1551
165.2681 41.1322 0.1616
165.2912 41.1278 0.1676
165.3143 41.1235 0.1740
165.3374 41.1192 0.1795
165.3605 41.1149 0.1853
165.3836 41.1105 0.1907
165.4068 41.1062 0.1963
165.4299 41.1018 0.2013
165.4530 41.0975 0.2069
164.0670 41.3680 0.1994
164.0903 41.3639 0.2005
164.1135 41.3598 0.2013
164.1368 41.3557 0.2004
164.1601 41.3516 0.1996
164.1834 41.3475 0.1985
164.2066 41.3434 0.1977
164.2299 41.3393 0.1963
164.2532 41.3352 0.1939
164.2764 41.3311 0.1906
164.2997 41.3270 0.1870
164.3229 41.3228 0.1829
164.3462 41.3187 0.1783
164.3694 41.3146 0.1733
164.3927 41.3104 0.1682
164.4159 41.3063 0.1633
164.4392 41.3021 0.1593
164.4624 41.2980 0.1548
164.4856 41.2938 0.1498
164.5089 41.2897 0.1444
164.5321 41.2855 0.1386
164.5553 41.2813 0.1331
164.5785 41.2771 0.1271
164.6017 41.2730 0.1209
164.6250 41.2688 0.1144
164.6482 41.2646 0.1079
164.8570 41.2266 0.0863
164.8801 41.2224 0.0831
164.9033 41.2182 0.0805
164.9265 41.2139 0.0790
164.9497 41.2097 0.0791
164.9728 41.2054 0.0810
164.9960 41.2011 0.0852
165.0192 41.1969 0.0901
165.0423 41.1926 0.0953
165.0655 41.1883 0.0999
165.0886 41.1840 0.1037
165.1118 41.1798 0.1083
165.1349 41.1755 0.1147
165.1581 41.1712 0.1227
165.1812 41.1669 0.1328
165.2044 41.1626 0.1420
165.2275 41.1583 0.1501
165.2506 41.1540 0.1570
165.2738 41.1496 0.1634
165.2969 41.1453 0.1690
165.3200 41.1410 0.1746
165.3431 41.1367 0.1797
165.3663 41.1323 0.1847
165.3894 41.1280 0.1898
165.4125 41.1236 0.1955
165.4356 41.1193 0.2005
165.4587 41.1149 0.2054
164.0724 41.3855 0.2020
164.0957 41.3814 0.2023
164.1190 41.3773 0.2016
164.1423 41.3733 0.2006
164.1655 41.3692 0.1995
164.1888 41.3651 0.1980
164.2121 41.3610 0.1967
164.2354 41.3569 0.1950
164.2586 41.3527 0.1928
164.2819 41.3486 0.1897
164.3052 41.3445 0.1862
164.3284 41.3404 0.1823
164.3517 41.3362 0.1774
164.3749 41.3321 0.1721
164.3982 41.3280 0.1671
164.4214 41.3238 0.1625
164.4447 41.3197 0.1584
164.4679 41.3155 0.1541
164.4912 41.3113 0.1495
164.5144 41.3072 0.1440
164.5376 41.3030 0.1388
164.5608 41.2988 0.1334
164.5841 41.2947 0.1281
164.6073 41.2905 0.1225
164.6305 41.2863 0.1159
164.6537 41.2821 0.1087
164.8626 41.2441 0.0884
164.8858 41.2399 0.0849
164.9089 41.2357 0.0822
164.9321 41.2314 0.0805
164.9553 41.2272 0.0801
164.9785 41.2229 0.0812
165.0016 41.2186 0.0845
165.0248 41.2144 0.0888
165.0480 41.2101 0.0943
165.0711 41.2058 0.0989
165.0943 41.2015 0.1033
165.1175 41.1972 0.1081
165.1406 41.1930 0.1147
165.1638 41.1887 0.1227
165.1869 41.1844 0.1325
165.2101 41.1801 0.1418
165.2332 41.1757 0.1499
165.2564 41.1714 0.1571
165.2795 41.1671 0.1632
165.3026 41.1628 0.1686
165.3258 41.1585 0.1742
165.3489 41.1541 0.1790
165.3720 41.1498 0.1836
165.3951 41.1454 0.1881
165.4182 41.1411 0.1938
165.4414 41.1367 0.1995
165.4645 41.1324 0.2054
164.0778 41.4031 0.2051
164.1011 41.3990 0.2034
164.1244 41.3949 0.2016
164.1477 41.3908 0.1997
164.1710 41.3867 0.1987
164.1943 41.3826 0.1972
164.2176 41.3785 0.1958
164.2408 41.3744 0.1936
164.2641 41.3703 0.1910
164.2874 41.3662 0.1883
164.3106 41.3620 0.1847
164.3339 41.3579 0.1809
164.3572 41.3538 0.1761
164.3804 41.3496 0.1709
164.4037 41.3455 0.1659
164.4269 41.3413 0.1616
164.4502 41.3372 0.1575
164.4734 41.3330 0.1533
164.4967 41.3289 0.1490
164.5199 41.3247 0.1438
164.5432 41.3205 0.1385
164.5664 41.3164 0.1337
164.5896 41.3122 0.1290
164.6129 41.3080 0.1237
164.6361 41.3038 0.1175
164.6593 41.2996 0.1103
164.8682 41.2616 0.0883
164.8914 41.2574 0.0847
164.9146 41.2532 0.0818
164.9378 41.2489 0.0804
164.9609 41.2446 0.0798
164.9841 41.2404 0.0806
165.0073 41.2361 0.0830
165.0305 41.2319 0.0867
165.0536 41.2276 0.0917
165.0768 41.2233 0.0967
165.1000 41.2190 0.1020
165.1231 41.2147 0.1074
165.1463 41.2104 0.1140
165.1695 41.2061 0.1216
165.1926 41.2018 0.1306
165.2158 41.1975 0.1397
165.2389 41.1932 0.1479
165.2621 41.1889 0.1549
165.2852 41.1846 0.1610
165.3083 41.1803 0.1666
165.3315 41.1759 0.1724
165.3546 41.1716 0.1777
165.3777 41.1673 0.1821
165.4009 41.1629 0.1864
165.4240 41.1586 0.1921
165.4471 41.1542 0.1987
165.4702 41.1498 0.2051
164.0833 41.4206 0.2060
164.1066 41.4165 0.2038
164.1299 41.4125 0.2015
164.1531 41.4084 0.1990
164.1764 41.4043 0.1978
164.1997 41.4002 0.1967
164.2230 41.3961 0.1947
164.2463 41.3919 0.1921
164.2696 41.3878 0.1893
164.2929 41.3837 0.1863
164.3161 41.3796 0.1828
164.3394 41.3754 0.1788
164.3627 41.3713 0.1742
164.3859 41.3672 0.1695
164.4092 41.3630 0.1646
164.4324 41.3589 0.1603
164.4557 41.3547 0.1563
164.4790 41.3506 0.1521
164.5022 41.3464 0.1477
164.5255 41.3422 0.1433
164.5487 41.3381 0.1386
164.5719 41.3339 0.1338
164.5952 41.3297 0.1296
164.6184 41.3255 0.1251
164.6416 41.3213 0.1196
164.6649 41.3171 0.1127
164.7810 41.2961 0.0550
164.8738 41.2791 0.0871
164.8970 41.2749 0.0831
164.9202 41.2707 0.0802
164.9434 41.2664 0.0789
164.9666 41.2621 0.0784
164.9898 41.2579 0.0791
165.0130 41.2536 0.0810
165.0361 41.2493 0.0839
165.0593 41.2451 0.0882
165.0825 41.2408 0.0935
165.1057 41.2365 0.0994
165.1288 41.2322 0.1056
165.1520 41.2279 0.1121
165.1752 41.2236 0.1192
165.1983 41.2193 0.1274
165.2215 41.2150 0.1359
165.2446 41.2107 0.1438
165.2678 41.2064 0.1512
165.2909 41.2020 0.1575
165.3141 41.1977 0.1632
165.3372 41.1934 0.1691
165.3604 41.1891 0.1748
165.3835 41.1847 0.1797
165.4066 41.1804 0.1844
165.4298 41.1760 0.1903
165.4529 41.1717 0.1967
165.4760 41.1673 0.2026
164.0887 41.4382 0.2053
164.1120 41.4341 0.2028
164.1353 41.4300 0.2006
164.1586 41.4259 0.1982
164.1819 41.4218 0.1974
164.2052 41.4177 0.1961
164.2285 41.4136 0.1939
164.2518 41.4095 0.1912
164.2751 41.4054 0.1879
164.2983 41.4012 0.1844
164.3216 41.3971 0.1809
164.3449 41.3930 0.1771
164.3682 41.3888 0.1726
164.3914 41.3847 0.1679
164.4147 41.3806 0.1631
164.4380 41.3764 0.1586
164.4612 41.3723 0.1545
164.4845 41.3681 0.1505
164.5077 41.3639 0.1464
164.5310 41.3598 0.1420
164.5542 41.3556 0.1379
164.5775 41.3514 0.1338
164.6007 41.3472 0.1305
164.6240 41.3430 0.1266
164.6472 41.3388 0.1222
164.6705 41.3346 0.1162
164.8794 41.2966 0.0860
164.9026 41.2924 0.0814
164.9258 41.2881 0.0784
164.9490 41.2839 0.0769
164.9722 41.2796 0.0765
164.9954 41.2754 0.0772
165.0186 41.2711 0.0786
165.0418 41.2668 0.0810
165.0650 41.2626 0.0846
165.0882 41.2583 0.0897
165.1113 41.2540 0.0962
165.1345 41.2497 0.1028
165.1577 41.2454 0.1096
165.1809 41.2411 0.1161
165.2040 41.2368 0.1237
165.2272 41.2325 0.1312
165.2503 41.2282 0.1389
165.2735 41.2238 0.1459
165.2967 41.2195 0.1524
165.3198 41.2152 0.1582
165.3430 41.2109 0.1644
165.3661 41.2065 0.1705
165.3892 41.2022 0.1762
165.4124 41.1978 0.1815
165.4355 41.1935 0.1874
165.4586 41.1891 0.1937
165.4818 41.1848 0.2003
164.0941 41.4557 0.2038
164.1174 41.4516 0.2017
164.1407 41.4476 0.1996
164.1640 41.4435 0.1973
164.1874 41.4394 0.1964
164.2107 41.4353 0.1953
164.2339 41.4311 0.1934
164.2572 41.4270 0.1903
164.2805 41.4229 0.1869
164.3038 41.4188 0.1834
164.3271 41.4147 0.1800
164.3504 41.4105 0.1763
164.3737 41.4064 0.1719
164.3969 41.4022 0.1670
164.4202 41.3981 0.1619
164.4435 41.3939 0.1571
164.4668 41.3898 0.1530
164.4900 41.3856 0.1491
164.5133 41.3814 0.1450
164.5365 41.3773 0.1408
164.5598 41.3731 0.1373
164.5830 41.3689 0.1346
164.6063 41.3647 0.1323
164.6295 41.3605 0.1291
164.6528 41.3563 0.1255
164.6760 41.3521 0.1204
164.8851 41.3141 0.0852
164.9083 41.3099 0.0801
164.9315 41.3056 0.0767
164.9547 41.3014 0.0750
164.9779 41.2971 0.0746
165.0011 41.2929 0.0750
165.0243 41.2886 0.0762
165.0475 41.2843 0.0778
165.0707 41.2800 0.0807
165.0938 41.2758 0.0854
165.1170 41.2715 0.0919
165.1402 41.2672 0.0986
165.1634 41.2629 0.1054
165.1866 41.2586 0.1118
165.2097 41.2543 0.1185
165.2329 41.2500 0.1259
165.2561 41.2456 0.1336
165.2792 41.2413 0.1405
165.3024 41.2370 0.1473
165.3255 41.2327 0.1536
165.3487 41.2283 0.1603
165.3718 41.2240 0.1668
165.3950 41.2196 0.1728
165.4181 41.2153 0.1784
165.4413 41.2109 0.1843
165.4644 41.2066 0.1907
165.4876 41.2022 0.1967
164.0996 41.4733 0.2030
164.1229 41.4692 0.2013
164.1462 41.4651 0.1992
164.1695 41.4610 0.1971
164.1928 41.4569 0.1960
164.2161 41.4528 0.1946
164.2394 41.4487 0.1926
164.2627 41.4446 0.1894
164.2860 41.4404 0.1867
164.3093 41.4363 0.1835
164.3326 41.4322 0.1802
164.3559 41.4281 0.1765
164.3792 41.4239 0.1721
164.4025 41.4198 0.1671
164.4257 41.4156 0.1614
164.4490 41.4115 0.1565
164.4723 41.4073 0.1520
164.4956 41.4031 0.1479
164.5188 41.3990 0.1442
164.5421 41.3948 0.1406
164.5653 41.3906 0.1380
164.5886 41.3864 0.1362
164.6119 41.3823 0.1346
164.6351 41.3781 0.1319
164.6584 41.3739 0.1285
164.6816 41.3697 0.1241
164.7978 41.3486 0.0350
164.8907 41.3316 0.0862
164.9139 41.3274 0.0806
164.9371 41.3231 0.0767
164.9603 41.3189 0.0746
164.9835 41.3146 0.0741
165.0067 41.3104 0.0742
165.0299 41.3061 0.0745
165.0531 41.3018 0.0754
165.0763 41.2975 0.0777
165.0995 41.2932 0.0818
165.1227 41.2889 0.0880
165.1459 41.2847 0.0947
165.1691 41.2804 0.1017
165.1923 41.2760 0.1077
165.2154 41.2717 0.1136
165.2386 41.2674 0.1204
165.2618 41.2631 0.1281
165.2850 41.2588 0.1352
165.3081 41.2545 0.1427
165.3313 41.2501 0.1495
165.3544 41.2458 0.1563
165.3776 41.2414 0.1631
165.4008 41.2371 0.1693
165.4239 41.2327 0.1754
165.4470 41.2284 0.1819
165.4702 41.2240 0.1881
165.4933 41.2197 0.1943
164.1050 41.4908 0.2031
164.1283 41.4867 0.2017
164.1516 41.4827 0.1997
164.1750 41.4786 0.1974
164.1983 41.4744 0.1959
164.2216 41.4703 0.1939
164.2449 41.4662 0.1914
164.2682 41.4621 0.1892
164.2915 41.4580 0.1867
164.3148 41.4539 0.1842
164.3381 41.4497 0.1813
164.3614 41.4456 0.1775
164.3847 41.4414 0.1729
164.4080 41.4373 0.1679
164.4313 41.4331 0.1618
164.4545 41.4290 0.1563
164.4778 41.4248 0.1520
164.5011 41.4207 0.1482
164.5244 41.4165 0.1450
164.5476 41.4123 0.1423
164.5709 41.4081 0.1411
164.5942 41.4040 0.1397
164.6174 41.3998 0.1381
164.6407 41.3956 0.1355
164.6639 41.3914 0.1323
164.6872 41.3872 0.1279
164.8963 41.3491 0.0877
164.9196 41.3449 0.0823
164.9428 41.3406 0.0782
164.9660 41.3364 0.0757
164.9892 41.3321 0.0747
165.0124 41.3278 0.0742
165.0356 41.3236 0.0742
165.0588 41.3193 0.0747
165.0820 41.3150 0.0764
165.1052 41.3107 0.0799
165.1284 41.3064 0.0853
165.1516 41.3021 0.0917
165.1748 41.2978 0.0978
165.1980 41.2935 0.1036
165.2212 41.2892 0.1087
165.2443 41.2849 0.1153
165.2675 41.2806 0.1226
165.2907 41.2763 0.1302
165.3139 41.2719 0.1383
165.3370 41.2676 0.1454
165.3602 41.2632 0.1528
165.3834 41.2589 0.1597
165.4065 41.2546 0.1662
165.4297 41.2502 0.1726
165.4528 41.2458 0.1792
165.4760 41.2415 0.1860
165.4991 41.2371 0.1932
164.1104 41.5084 0.2040
164.1338 41.5043 0.2022
164.1571 41.5002 0.2002
164.1804 41.4961 0.1982
164.2037 41.4920 0.1962
164.2271 41.4879 0.1930
164.2504 41.4838 0.1906
164.2737 41.4796 0.1884
164.2970 41.4755 0.1867
164.3203 41.4714 0.1849
164.3436 41.4673 0.1825
164.3669 41.4631 0.1791
164.3902 41.4590 0.1747
164.4135 41.4548 0.1695
164.4368 41.4507 0.1634
164.4601 41.4465 0.1577
164.4834 41.4424 0.1530
164.5066 41.4382 0.1497
164.5299 41.4340 0.1468
164.5532 41.4298 0.1447
164.5765 41.4257 0.1439
164.5997 41.4215 0.1431
164.6230 41.4173 0.1416
164.6463 41.4131 0.1383
164.6695 41.4089 0.1348
164.6928 41.4047 0.1300
164.9020 41.3666 0.0895
164.9252 41.3624 0.0840
164.9484 41.3581 0.0800
164.9716 41.3539 0.0775
164.9949 41.3496 0.0761
165.0181 41.3453 0.0753
165.0413 41.3411 0.0753
165.0645 41.3368 0.0756
165.0877 41.3325 0.0769
165.1109 41.3282 0.0799
165.1341 41.3239 0.0847
165.1573 41.3196 0.0904
165.1805 41.3153 0.0956
165.2037 41.3110 0.1005
165.2269 41.3067 0.1051
165.2501 41.3024 0.1109
165.2732 41.2980 0.1184
165.2964 41.2937 0.1263
165.3196 41.2894 0.1339
165.3428 41.2851 0.1418
165.3659 41.2807 0.1495
165.3891 41.2764 0.1567
165.4123 41.2720 0.1635
165.4354 41.2677 0.1702
165.4586 41.2633 0.1767
165.4818 41.2589 0.1840
165.5049 41.2546 0.1921
164.1159 41.5259 0.2062
164.1392 41.5218 0.2036
164.1626 41.5177 0.2017
164.1859 41.5136 0.1997
164.2092 41.5095 0.1970
164.2325 41.5054 0.1938
164.2559 41.5013 0.1911
164.2792 41.4972 0.1890
164.3025 41.4931 0.1875
164.3258 41.4889 0.1860
164.3491 41.4848 0.1837
164.3724 41.4807 0.1809
164.3957 41.4765 0.1766
164.4190 41.4724 0.1716
164.4423 41.4682 0.1658
164.4656 41.4640 0.1607
164.4889 41.4599 0.1562
164.5122 41.4557 0.1527
164.5355 41.4515 0.1498
164.5588 41.4474 0.1477
164.5820 41.4432 0.1465
164.6053 41.4390 0.1452
164.6286 41.4348 0.1434
164.6518 41.4306 0.1400
164.6751 41.4264 0.1363
164.6984 41.4222 0.1314
164.9076 41.3841 0.0912
164.9308 41.3799 0.0860
164.9541 41.3756 0.0820
164.9773 41.3714 0.0795
165.0005 41.3671 0.0780
165.0238 41.3628 0.0771
165.0470 41.3585 0.0769
165.0702 41.3543 0.0774
165.0934 41.3500 0.0789
165.1166 41.3457 0.0818
165.1398 41.3414 0.0858
165.1630 41.3371 0.0901
165.1862 41.3328 0.0943
165.2094 41.3285 0.0984
165.2326 41.3242 0.1026
165.2558 41.3198 0.1083
165.2790 41.3155 0.1156
165.3022 41.3112 0.1229
165.3253 41.3069 0.1308
165.3485 41.3025 0.1385
165.3717 41.2982 0.1462
165.3949 41.2938 0.1537
165.4180 41.2895 0.1605
165.4412 41.2851 0.1669
165.4644 41.2808 0.1737
165.4875 41.2764 0.1809
165.5107 41.2720 0.1890
164.1213 41.5435 0.2089
164.1447 41.5394 0.2065
164.1680 41.5353 0.2039
164.1914 41.5312 0.2015
164.2147 41.5271 0.1985
164.2380 41.5230 0.1950
164.2613 41.5189 0.1921
164.2847 41.5147 0.1897
164.3080 41.5106 0.1881
164.3313 41.5065 0.1868
164.3546 41.5023 0.1846
164.3779 41.4982 0.1811
164.4012 41.4940 0.1772
164.4245 41.4899 0.1729
164.4478 41.4857 0.1684
164.4711 41.4816 0.1637
164.4944 41.4774 0.1594
164.5177 41.4732 0.1556
164.5410 41.4691 0.1525
164.5643 41.4649 0.1498
164.5876 41.4607 0.1479
164.6109 41.4565 0.1463
164.6342 41.4523 0.1441
164.6574 41.4481 0.1410
164.6807 41.4439 0.1376
164.7040 41.4397 0.1334
164.8203 41.4186 0.0610
164.9133 41.4016 0.0924
164.9365 41.3974 0.0874
164.9597 41.3931 0.0837
164.9830 41.3888 0.0811
165.0062 41.3846 0.0795
165.0294 41.3803 0.0785
165.0527 41.3760 0.0783
165.0759 41.3717 0.0791
165.0991 41.3675 0.0811
165.1223 41.3632 0.0838
165.1455 41.3589 0.0872
165.1687 41.3546 0.0906
165.1919 41.3503 0.0939
165.2151 41.3459 0.0974
165.2383 41.3416 0.1010
165.2615 41.3373 0.1065
165.2847 41.3330 0.1134
165.3079 41.3287 0.1207
165.3311 41.3243 0.1283
165.3543 41.3200 0.1358
165.3775 41.3156 0.1434
165.4006 41.3113 0.1507
165.4238 41.3069 0.1575
165.4470 41.3026 0.1638
165.4702 41.2982 0.1704
165.4933 41.2938 0.1772
165.5165 41.2895 0.1850
164.1268 41.5610 0.2115
164.1501 41.5569 0.2092
164.1735 41.5528 0.2062
164.1968 41.5487 0.2034
164.2202 41.5446 0.2003
164.2435 41.5405 0.1961
164.2668 41.5364 0.1930
164.2902 41.5323 0.1905
164.3135 41.5281 0.1884
164.3368 41.5240 0.1867
164.3601 41.5199 0.1843
164.3835 41.5157 0.1806
164.4068 41.5116 0.1767
164.4301 41.5074 0.1732
164.4534 41.5033 0.1692
164.4767 41.4991 0.1655
164.5000 41.4949 0.1615
164.5233 41.4908 0.1578
164.5466 41.4866 0.1543
164.5699 41.4824 0.1510
164.5932 41.4782 0.1486
164.6165 41.4740 0.1463
164.6397 41.4698 0.1441
164.6630 41.4656 0.1416
164.6863 41.4614 0.1386
164.7096 41.4572 0.1345
164.9189 41.4191 0.0936
164.9422 41.4149 0.0889
164.9654 41.4106 0.0855
164.9886 41.4063 0.0831
165.0119 41.4021 0.0814
165.0351 41.3978 0.0804
165.0583 41.3935 0.0800
165.0816 41.3892 0.0808
165.1048 41.3849 0.0827
165.1280 41.3806 0.0852
165.1512 41.3763 0.0881
165.1744 41.3720 0.0907
165.1977 41.3677 0.0933
165.2209 41.3634 0.0961
165.2441 41.3591 0.0999
165.2673 41.3548 0.1047
165.2905 41.3505 0.1115
165.3137 41.3461 0.1187
165.3369 41.3418 0.1263
165.3600 41.3374 0.1338
165.3832 41.3331 0.1413
165.4064 41.3287 0.1482
165.4296 41.3244 0.1552
165.4528 41.3200 0.1618
165.4759 41.3157 0.1679
165.4991 41.3113 0.1751
165.5223 41.3069 0.1827
164.1323 41.5786 0.2144
164.1556 41.5745 0.2117
164.1790 41.5704 0.2083
164.2023 41.5663 0.2052
164.2257 41.5622 0.2016
164.2490 41.5581 0.1973
164.2723 41.5539 0.1935
164.2957 41.5498 0.1906
164.3190 41.5457 0.1881
164.3423 41.5415 0.1855
164.3657 41.5374 0.1822
164.3890 41.5333 0.1782
164.4123 41.5291 0.1745
164.4356 41.5250 0.1710
164.4589 41.5208 0.1674
164.4822 41.5166 0.1641
164.5055 41.5125 0.1607
164.5288 41.5083 0.1569
164.5522 41.5041 0.1539
164.5754 41.4999 0.1505
164.5987 41.4957 0.1478
164.6220 41.4915 0.1454
164.6453 41.4873 0.1436
164.6686 41.4831 0.1415
164.6919 41.4789 0.1390
164.7152 41.4747 0.1348
164.9246 41.4366 0.0950
164.9478 41.4324 0.0904
164.9711 41.4281 0.0870
164.9943 41.4238 0.0848
165.0176 41.4196 0.0832
165.0408 41.4153 0.0820
165.0640 41.4110 0.0817
165.0873 41.4067 0.0823
165.1105 41.4024 0.0841
165.1337 41.3981 0.0864
165.1569 41.3938 0.0886
165.1802 41.3895 0.0906
165.2034 41.3852 0.0926
165.2266 41.3809 0.0949
165.2498 41.3766 0.0983
165.2730 41.3723 0.1030
165.2962 41.3679 0.1099
165.3194 41.3636 0.1173
165.3426 41.3593 0.1250
165.3658 41.3549 0.1322
165.3890 41.3506 0.1394
165.4122 41.3462 0.1467
165.4354 41.3419 0.1539
165.4586 41.3375 0.1602
165.4817 41.3331 0.1671
165.5049 41.3288 0.1738
165.5281 41.3244 0.1813
164.1377 41.5961 0.2176
164.1611 41.5920 0.2141
164.1844 41.5879 0.2098
164.2078 41.5838 0.2063
164.2311 41.5797 0.2024
164.2545 41.5756 0.1979
164.2778 41.5715 0.1935
164.3012 41.5673 0.1898
164.3245 41.5632 0.1868
164.3478 41.5591 0.1836
164.3712 41.5549 0.1793
164.3945 41.5508 0.1750
164.4178 41.5466 0.1708
164.4412 41.5425 0.1672
164.4645 41.5383 0.1636
164.4878 41.5342 0.1606
164.5111 41.5300 0.1571
164.5344 41.5258 0.1540
164.5577 41.5216 0.1512
164.5810 41.5174 0.1483
164.6043 41.5133 0.1458
164.6276 41.5091 0.1438
164.6509 41.5049 0.1427
164.6742 41.5007 0.1407
164.6975 41.4965 0.1381
164.7208 41.4922 0.1340
164.8372 41.4711 0.0680
164.9302 41.4541 0.0968
164.9535 41.4499 0.0923
164.9767 41.4456 0.0890
165.0000 41.4413 0.0867
165.0232 41.4370 0.0851
165.0465 41.4328 0.0839
165.0697 41.4285 0.0836
165.0930 41.4242 0.0843
165.1162 41.4199 0.0858
165.1394 41.4156 0.0877
165.1627 41.4113 0.0894
165.1859 41.4070 0.0907
165.2091 41.4027 0.0922
165.2323 41.3984 0.0942
165.2555 41.3940 0.0974
165.2788 41.3897 0.1021
165.3020 41.3854 0.1088
165.3252 41.3811 0.1154
165.3484 41.3767 0.1231
165.3716 41.3724 0.1308
165.3948 41.3680 0.1380
165.4180 41.3637 0.1455
165.4412 41.3593 0.1527
165.4643 41.3549 0.1597
165.4875 41.3506 0.1671
165.5107 41.3462 0.1740
165.5339 41.3418 0.1805
164.1432 41.6137 0.2203
164.1666 41.6096 0.2155
164.1899 41.6055 0.2104
164.2133 41.6014 0.2063
164.2366 41.5973 0.2022
164.2600 41.5931 0.1975
164.2833 41.5890 0.1928
164.3067 41.5849 0.1888
164.3300 41.5808 0.1851
164.3534 41.5766 0.1812
164.3767 41.5725 0.1765
164.4000 41.5683 0.1714
164.4234 41.5642 0.1669
164.4467 41.5600 0.1628
164.4700 41.5558 0.1589
164.4933 41.5517 0.1556
164.5167 41.5475 0.1523
164.5400 41.5433 0.1492
164.5633 41.5392 0.1467
164.5866 41.5350 0.1444
164.6099 41.5308 0.1429
164.6332 41.5266 0.1412
164.6565 41.5224 0.1400
164.6798 41.5182 0.1380
164.7031 41.5140 0.1359
164.7264 41.5097 0.1317
164.9359 41.4716 0.0985
164.9592 41.4673 0.0942
164.9824 41.4631 0.0909
165.0057 41.4588 0.0886
165.0289 41.4545 0.0871
165.0522 41.4503 0.0862
165.0754 41.4460 0.0859
165.0987 41.4417 0.0868
165.1219 41.4374 0.0882
165.1451 41.4331 0.0896
165.1684 41.4288 0.0907
165.1916 41.4245 0.0917
165.2148 41.4202 0.0927
165.2381 41.4158 0.0946
165.2613 41.4115 0.0975
165.2845 41.4072 0.1020
165.3077 41.4029 0.1080
165.3309 41.3985 0.1143
165.3541 41.3942 0.1223
165.3773 41.3898 0.1292
165.4005 41.3855 0.1365
165.4237 41.3811 0.1444
165.4469 41.3768 0.1519
165.4701 41.3724 0.1593
165.4933 41.3680 0.1670
165.5165 41.3637 0.1736
165.5397 41.3593 0.1799
164.1487 41.6312 0.2210
164.1720 41.6271 0.2154
164.1954 41.6230 0.2101
164.2188 41.6189 0.2056
164.2421 41.6148 0.2014
164.2655 41.6107 0.1963
164.2888 41.6066 0.1919
164.3122 41.6024 0.1875
164.3355 41.5983 0.1831
164.3589 41.5941 0.1786
164.3822 41.5900 0.1737
164.4056 41.5859 0.1683
164.4289 41.5817 0.1633
164.4522 41.5775 0.1588
164.4756 41.5734 0.1542
164.4989 41.5692 0.1506
164.5222 41.5650 0.1470
164.5455 41.5609 0.1440
164.5689 41.5567 0.1417
164.5922 41.5525 0.1405
164.6155 41.5483 0.1394
164.6388 41.5441 0.1382
164.6621 41.5399 0.1366
164.6854 41.5357 0.1347
164.7087 41.5315 0.1327
164.7320 41.5273 0.1291
164.9416 41.4891 0.1000
164.9648 41.4848 0.0956
164.9881 41.4806 0.0925
165.0114 41.4763 0.0903
165.0346 41.4720 0.0890
165.0579 41.4677 0.0885
165.0811 41.4635 0.0886
165.1044 41.4592 0.0896
165.1276 41.4549 0.0912
165.1509 41.4506 0.0923
165.1741 41.4463 0.0929
165.1973 41.4419 0.0937
165.2206 41.4376 0.0948
165.2438 41.4333 0.0963
165.2670 41.4290 0.0988
165.2903 41.4247 0.1026
165.3135 41.4203 0.1075
165.3367 41.4160 0.1138
165.3599 41.4116 0.1209
165.3831 41.4073 0.1279
165.4063 41.4029 0.1354
165.4295 41.3986 0.1434
165.4527 41.3942 0.1515
165.4759 41.3899 0.1589
165.4991 41.3855 0.1666
165.5223 41.3811 0.1732
165.5455 41.3767 0.1798
164.1541 41.6488 0.2206
164.1775 41.6447 0.2147
164.2009 41.6406 0.2097
164.2243 41.6365 0.2049
164.2476 41.6323 0.2006
164.2710 41.6282 0.1957
164.2943 41.6241 0.1908
164.3177 41.6200 0.1859
164.3411 41.6158 0.1812
164.3644 41.6117 0.1764
164.3878 41.6075 0.1709
164.4111 41.6034 0.1654
164.4344 41.5992 0.1600
164.4578 41.5951 0.1551
164.4811 41.5909 0.1503
164.5045 41.5867 0.1464
164.5278 41.5826 0.1427
164.5511 41.5784 0.1397
164.5744 41.5742 0.1378
164.5978 41.5700 0.1367
164.6211 41.5658 0.1363
164.6444 41.5616 0.1350
164.6677 41.5574 0.1337
164.6910 41.5532 0.1319
164.7143 41.5490 0.1309
164.7376 41.5448 0.1279
164.9472 41.5066 0.1016
164.9705 41.5023 0.0973
164.9938 41.4981 0.0942
165.0170 41.4938 0.0922
165.0403 41.4895 0.0911
165.0636 41.4852 0.0909
165.0868 41.4809 0.0918
165.1101 41.4766 0.0930
165.1333 41.4723 0.0946
165.1566 41.4680 0.0956
165.1798 41.4637 0.0962
165.2031 41.4594 0.0969
165.2263 41.4551 0.0977
165.2495 41.4508 0.0988
165.2728 41.4465 0.1006
165.2960 41.4421 0.1035
165.3192 41.4378 0.1078
165.3425 41.4335 0.1132
165.3657 41.4291 0.1201
165.3889 41.4248 0.1268
165.4121 41.4204 0.1345
165.4353 41.4160 0.1427
165.4585 41.4117 0.1510
165.4817 41.4073 0.1589
165.5049 41.4029 0.1663
165.5281 41.3986 0.1729
165.5513 41.3942 0.1798
164.1596 41.6663 0.2185
164.1830 41.6622 0.2133
164.2064 41.6581 0.2088
164.2297 41.6540 0.2042
164.2531 41.6499 0.2004
164.2765 41.6458 0.1954
164.2999 41.6416 0.1899
164.3232 41.6375 0.1848
164.3466 41.6334 0.1796
164.3699 41.6292 0.1744
164.3933 41.6251 0.1689
164.4166 41.6209 0.1631
164.4400 41.6168 0.1577
164.4633 41.6126 0.1524
164.4867 41.6084 0.1476
164.5100 41.6043 0.1435
164.5334 41.6001 0.1395
164.5567 41.5959 0.1366
164.5800 41.5917 0.1346
164.6034 41.5875 0.1337
164.6267 41.5833 0.1330
164.6500 41.5791 0.1321
164.6733 41.5749 0.1312
164.6966 41.5707 0.1308
164.7199 41.5665 0.1308
164.7433 41.5623 0.1286
164.8598 41.5411 0.0640
164.9529 41.5241 0.1031
164.9762 41.5198 0.0990
164.9995 41.5156 0.0957
165.0227 41.5113 0.0936
165.0460 41.5070 0.0928
165.0693 41.5027 0.0932
165.0925 41.4984 0.0946
165.1158 41.4941 0.0964
165.1390 41.4898 0.0978
165.1623 41.4855 0.0990
165.1856 41.4812 0.0999
165.2088 41.4769 0.1002
165.2320 41.4726 0.1006
165.2553 41.4683 0.1012
165.2785 41.4639 0.1025
165.3018 41.4596 0.1044
165.3250 41.4553 0.1079
165.3482 41.4509 0.1130
165.3715 41.4466 0.1196
165.3947 41.4422 0.1265
165.4179 41.4379 0.1338
165.4411 41.4335 0.1422
165.4643 41.4291 0.1503
165.4875 41.4248 0.1583
165.5108 41.4204 0.1660
165.5340 41.4160 0.1728
165.5572 41.4116 0.1800
164.1651 41.6839 0.2151
164.1885 41.6798 0.2114
164.2119 41.6757 0.2079
164.2352 41.6716 0.2038
164.2586 41.6674 0.2001
164.2820 41.6633 0.1950
164.3054 41.6592 0.1896
164.3287 41.6550 0.1839
164.3521 41.6509 0.1783
164.3755 41.6468 0.1727
164.3988 41.6426 0.1673
164.4222 41.6384 0.1616
164.4455 41.6343 0.1561
164.4689 41.6301 0.1508
164.4922 41.6260 0.1457
164.5156 41.6218 0.1416
164.5389 41.6176 0.1376
164.5623 41.6134 0.1344
164.5856 41.6092 0.1325
164.6089 41.6050 0.1311
164.6323 41.6008 0.1305
164.6556 41.5966 0.1299
164.6789 41.5924 0.1300
164.7022 41.5882 0.1306
164.7256 41.5840 0.1307
164.7489 41.5798 0.1283
164.9586 41.5416 0.1038
164.9819 41.5373 0.1004
165.0051 41.5330 0.0968
165.0284 41.5288 0.0948
165.0517 41.5245 0.0942
165.0750 41.5202 0.0953
165.0982 41.5159 0.0972
165.1215 41.5116 0.0990
165.1448 41.5073 0.1007
165.1680 41.5030 0.1019
165.1913 41.4987 0.1025
165.2145 41.4944 0.1027
165.2378 41.4901 0.1026
165.2610 41.4857 0.1028
165.2843 41.4814 0.1037
165.3075 41.4771 0.1055
165.3308 41.4727 0.1086
165.3540 41.4684 0.1131
165.3772 41.4640 0.1196
165.4005 41.4597 0.1263
165.4237 41.4553 0.1337
165.4469 41.4510 0.1416
165.4701 41.4466 0.1493
165.4934 41.4422 0.1570
165.5166 41.4378 0.1649
165.5398 41.4335 0.1723
165.5630 41.4291 0.1799
164.1706 41.7014 0.2127
164.1940 41.6973 0.2097
164.2174 41.6932 0.2069
164.2408 41.6891 0.2032
164.2641 41.6850 0.1998
164.2875 41.6808 0.1946
164.3109 41.6767 0.1889
164.3343 41.6726 0.1830
164.3576 41.6684 0.1771
164.3810 41.6643 0.1714
164.4044 41.6601 0.1657
164.4277 41.6560 0.1600
164.4511 41.6518 0.1547
164.4745 41.6476 0.1496
164.4978 41.6435 0.1444
164.5212 41.6393 0.1402
164.5445 41.6351 0.1365
164.5679 41.6309 0.1335
164.5912 41.6268 0.1316
164.6145 41.6226 0.1302
164.6379 41.6184 0.1299
164.6612 41.6142 0.1298
164.6845 41.6099 0.1306
164.7079 41.6057 0.1312
164.7312 41.6015 0.1306
164.7545 41.5973 0.1276
164.9643 41.5591 0.1045
164.9876 41.5548 0.1009
165.0108 41.5505 0.0975
165.0341 41.5462 0.0954
165.0574 41.5420 0.0946
165.0807 41.5377 0.0955
165.1040 41.5334 0.0975
165.1272 41.5291 0.0997
165.1505 41.5248 0.1014
165.1738 41.5205 0.1028
165.1970 41.5162 0.1037
165.2203 41.5118 0.1037
165.2435 41.5075 0.1037
165.2668 41.5032 0.1037
165.2900 41.4989 0.1045
165.3133 41.4945 0.1060
165.3365 41.4902 0.1089
165.3598 41.4858 0.1132
165.3830 41.4815 0.1190
165.4063 41.4771 0.1256
165.4295 41.4728 0.1331
165.4527 41.4684 0.1406
165.4759 41.4640 0.1479
165.4992 41.4597 0.1552
165.5224 41.4553 0.1625
165.5456 41.4509 0.1703
165.5688 41.4465 0.1784
164.1761 41.7190 0.2119
164.1995 41.7149 0.2089
164.2229 41.7108 0.2061
164.2463 41.7066 0.2027
164.2696 41.7025 0.1990
164.2930 41.6984 0.1937
164.3164 41.6942 0.1879
164.3398 41.6901 0.1818
164.3632 41.6860 0.1757
164.3866 41.6818 0.1696
164.4099 41.6777 0.1637
164.4333 41.6735 0.1585
164.4567 41.6693 0.1533
164.4800 41.6652 0.1484
164.5034 41.6610 0.1434
164.5267 41.6568 0.1394
164.5501 41.6526 0.1359
164.5734 41.6485 0.1332
164.5968 41.6443 0.1318
164.6201 41.6401 0.1307
164.6435 41.6359 0.1304
164.6668 41.6317 0.1308
164.6902 41.6275 0.1319
164.7135 41.6232 0.1318
164.7368 41.6190 0.1302
164.7601 41.6148 0.1266
164.8767 41.5936 0.0620
164.9699 41.5766 0.1043
164.9932 41.5723 0.1005
165.0165 41.5680 0.0972
165.0398 41.5637 0.0949
165.0631 41.5594 0.0939
165.0864 41.5552 0.0944
165.1097 41.5509 0.0963
165.1330 41.5466 0.0989
165.1562 41.5423 0.1010
165.1795 41.5380 0.1024
165.2028 41.5336 0.1033
165.2260 41.5293 0.1036
165.2493 41.5250 0.1035
165.2726 41.5207 0.1035
165.2958 41.5163 0.1045
165.3191 41.5120 0.1062
165.3423 41.5077 0.1088
165.3656 41.5033 0.1125
165.3888 41.4990 0.1181
165.4120 41.4946 0.1247
165.4353 41.4902 0.1316
165.4585 41.4859 0.1391
165.4818 41.4815 0.1461
165.5050 41.4771 0.1528
165.5282 41.4727 0.1599
165.5514 41.4684 0.1671
165.5746 41.4640 0.1750
164.1816 41.7365 0.2137
164.2050 41.7324 0.2094
164.2284 41.7283 0.2059
164.2518 41.7242 0.2026
164.2752 41.7201 0.1983
164.2986 41.7159 0.1924
164.3219 41.7118 0.1863
164.3453 41.7076 0.1804
164.3687 41.7035 0.1737
164.3921 41.6993 0.1673
164.4155 41.6952 0.1616
164.4389 41.6910 0.1568
164.4622 41.6869 0.1522
164.4856 41.6827 0.1472
164.5090 41.6785 0.1427
164.5323 41.6743 0.1389
164.5557 41.6702 0.1359
164.5790 41.6660 0.1338
164.6024 41.6618 0.1331
164.6257 41.6576 0.1324
164.6491 41.6534 0.1319
164.6724 41.6492 0.1327
164.6958 41.6450 0.1335
164.7191 41.6407 0.1329
164.7424 41.6365 0.1309
164.7658 41.6323 0.1266
164.9756 41.5941 0.1041
164.9989 41.5898 0.0999
165.0222 41.5855 0.0965
165.0455 41.5812 0.0938
165.0688 41.5769 0.0925
165.0921 41.5726 0.0926
165.1154 41.5683 0.0941
165.1387 41.5640 0.0965
165.1620 41.5597 0.0992
165.1852 41.5554 0.1011
165.2085 41.5511 0.1022
165.2318 41.5468 0.1026
165.2551 41.5425 0.1029
165.2783 41.5381 0.1031
165.3016 41.5338 0.1042
165.3248 41.5295 0.1057
165.3481 41.5251 0.1079
165.3714 41.5208 0.1116
165.3946 41.5164 0.1168
165.4178 41.5121 0.1231
165.4411 41.5077 0.1301
165.4643 41.5033 0.1377
165.4876 41.4990 0.1443
165.5108 41.4946 0.1509
165.5340 41.4902 0.1577
165.5573 41.4858 0.1653
165.5805 41.4814 0.1735
164.1871 41.7541 0.2157
164.2105 41.7500 0.2104
164.2339 41.7458 0.2063
164.2573 41.7417 0.2024
164.2807 41.7376 0.1972
164.3041 41.7335 0.1907
164.3275 41.7293 0.1842
164.3509 41.7252 0.1777
164.3743 41.7210 0.1710
164.3976 41.7169 0.1646
164.4210 41.7127 0.1597
164.4444 41.7086 0.1555
164.4678 41.7044 0.1514
164.4912 41.7002 0.1471
164.5145 41.6961 0.1428
164.5379 41.6919 0.1394
164.5613 41.6877 0.1368
164.5846 41.6835 0.1355
164.6080 41.6793 0.1348
164.6313 41.6751 0.1345
164.6547 41.6709 0.1346
164.6781 41.6667 0.1350
164.7014 41.6625 0.1353
164.7247 41.6583 0.1342
164.7481 41.6540 0.1315
164.7714 41.6498 0.1264
164.9813 41.6115 0.1032
165.0046 41.6073 0.0990
165.0279 41.6030 0.0954
165.0512 41.5987 0.0929
165.0745 41.5944 0.0915
165.0978 41.5901 0.0913
165.1211 41.5858 0.0922
165.1444 41.5815 0.0943
165.1677 41.5772 0.0970
165.1910 41.5729 0.0994
165.2143 41.5686 0.1008
165.2375 41.5643 0.1017
165.2608 41.5599 0.1023
165.2841 41.5556 0.1027
165.3074 41.5513 0.1036
165.3306 41.5469 0.1049
165.3539 41.5426 0.1071
165.3771 41.5382 0.1105
165.4004 41.5339 0.1155
165.4236 41.5295 0.1215
165.4469 41.5252 0.1286
165.4701 41.5208 0.1359
165.4934 41.5164 0.1425
165.5166 41.5120 0.1490
165.5399 41.5076 0.1561
165.5631 41.5033 0.1642
165.5863 41.4989 0.1733
164.1926 41.7716 0.2172
164.2160 41.7675 0.2120
164.2394 41.7634 0.2069
164.2628 41.7593 0.2014
164.2862 41.7551 0.1951
164.3096 41.7510 0.1883
164.3330 41.7469 0.1812
164.3564 41.7427 0.1744
164.3798 41.7386 0.1679
164.4032 41.7344 0.1621
164.4266 41.7303 0.1577
164.4500 41.7261 0.1548
164.4734 41.7219 0.1515
164.4967 41.7178 0.1477
164.5201 41.7136 0.1437
164.5435 41.7094 0.1405
164.5669 41.7052 0.1383
164.5902 41.7010 0.1372
164.6136 41.6968 0.1367
164.6370 41.6926 0.1365
164.6603 41.6884 0.1369
164.6837 41.6842 0.1371
164.7070 41.6800 0.1364
164.7304 41.6758 0.1340
164.7537 41.6715 0.1316
164.7771 41.6673 0.1270
164.9870 41.6290 0.1033
165.0103 41.6248 0.0983
165.0337 41.6205 0.0950
165.0570 41.6162 0.0932
165.0803 41.6119 0.0919
165.1036 41.6076 0.0915
165.1269 41.6033 0.0919
165.1502 41.5990 0.0936
165.1734 41.5947 0.0960
165.1967 41.5904 0.0985
165.2200 41.5861 0.1001
165.2433 41.5817 0.1014
165.2666 41.5774 0.1021
165.2899 41.5731 0.1024
165.3131 41.5687 0.1031
165.3364 41.5644 0.1039
165.3597 41.5600 0.1059
165.3829 41.5557 0.1091
165.4062 41.5513 0.1139
165.4295 41.5470 0.1195
165.4527 41.5426 0.1266
165.4760 41.5382 0.1336
165.4992 41.5339 0.1401
165.5225 41.5295 0.1472
165.5457 41.5251 0.1551
165.5689 41.5207 0.1638
165.5922 41.5163 0.1738
164.1981 41.7892 0.2178
164.2215 41.7850 0.2128
164.2449 41.7809 0.2071
164.2683 41.7768 0.2009
164.2917 41.7727 0.1931
164.3151 41.7685 0.1852
164.3385 41.7644 0.1781
164.3620 41.7602 0.1711
164.3854 41.7561 0.1657
164.4088 41.7519 0.1616
164.4321 41.7478 0.1586
164.4555 41.7436 0.1561
164.4789 41.7395 0.1534
164.5023 41.7353 0.1494
164.5257 41.7311 0.1453
164.5491 41.7269 0.1422
164.5725 41.7227 0.1401
164.5958 41.7185 0.1392
164.6192 41.7143 0.1387
164.6426 41.7101 0.1381
164.6659 41.7059 0.1380
164.6893 41.7017 0.1371
164.7127 41.6975 0.1354
164.7360 41.6933 0.1324
164.7594 41.6891 0.1294
164.7827 41.6848 0.1248
164.8994 41.6636 0.0500
164.9927 41.6465 0.1025
165.0160 41.6422 0.0986
165.0394 41.6380 0.0959
165.0627 41.6337 0.0949
165.0860 41.6294 0.0940
165.1093 41.6251 0.0932
165.1326 41.6208 0.0930
165.1559 41.6165 0.0940
165.1792 41.6122 0.0961
165.2025 41.6079 0.0983
165.2258 41.6035 0.0999
165.2491 41.5992 0.1012
165.2724 41.5949 0.1019
165.2956 41.5905 0.1021
165.3189 41.5862 0.1025
165.3422 41.5819 0.1030
165.3655 41.5775 0.1047
165.3887 41.5732 0.1081
165.4120 41.5688 0.1126
165.4353 41.5644 0.1181
165.4585 41.5601 0.1245
165.4818 41.5557 0.1313
165.5050 41.5513 0.1381
165.5283 41.5469 0.1453
165.5515 41.5425 0.1538
165.5748 41.5382 0.1628
165.5980 41.5338 0.1723
164.2036 41.8067 0.2184
164.2270 41.8026 0.2133
164.2504 41.7985 0.2072
164.2738 41.7943 0.1997
164.2973 41.7902 0.1917
164.3207 41.7861 0.1832
164.3441 41.7819 0.1762
164.3675 41.7778 0.1702
164.3909 41.7736 0.1660
164.4143 41.7695 0.1639
164.4377 41.7653 0.1623
164.4611 41.7611 0.1603
164.4845 41.7570 0.1563
164.5079 41.7528 0.1519
164.5313 41.7486 0.1478
164.5547 41.7444 0.1446
164.5781 41.7402 0.1427
164.6014 41.7361 0.1417
164.6248 41.7319 0.1405
164.6482 41.7276 0.1389
164.6716 41.7234 0.1371
164.6949 41.7192 0.1346
164.7183 41.7150 0.1315
164.7417 41.7108 0.1282
164.7650 41.7066 0.1244
164.7884 41.7023 0.1203
164.9984 41.6640 0.1023
165.0218 41.6597 0.0986
165.0451 41.6555 0.0970
165.0684 41.6512 0.0958
165.0917 41.6469 0.0950
165.1150 41.6426 0.0945
165.1383 41.6383 0.0944
165.1616 41.6340 0.0951
165.1849 41.6296 0.0969
165.2082 41.6253 0.0985
165.2315 41.6210 0.0996
165.2548 41.6167 0.1007
165.2781 41.6123 0.1012
165.3014 41.6080 0.1015
165.3247 41.6037 0.1019
165.3480 41.5993 0.1021
165.3713 41.5950 0.1040
165.3945 41.5906 0.1071
165.4178 41.5863 0.1113
165.4411 41.5819 0.1162
165.4643 41.5775 0.1223
165.4876 41.5731 0.1288
165.5109 41.5688 0.1359
165.5341 41.5644 0.1431
165.5574 41.5600 0.1517
165.5806 41.5556 0.1603
165.6039 41.5512 0.1693
164.2091 41.8243 0.2186
164.2325 41.8201 0.2133
164.2559 41.8160 0.2068
164.2794 41.8119 0.1991
164.3028 41.8077 0.1910
164.3262 41.8036 0.1828
164.3496 41.7995 0.1761
164.3731 41.7953 0.1707
164.3965 41.7912 0.1677
164.4199 41.7870 0.1667
164.4433 41.7828 0.1661
164.4667 41.7787 0.1636
164.4901 41.7745 0.1593
164.5135 41.7703 0.1542
164.5369 41.7661 0.1498
164.5603 41.7620 0.1465
164.5837 41.7578 0.1445
164.6070 41.7536 0.1426
164.6304 41.7494 0.1406
164.6538 41.7452 0.1377
164.6772 41.7410 0.1339
164.7006 41.7367 0.1297
164.7239 41.7325 0.1252
164.7473 41.7283 0.1215
164.7707 41.7241 0.1178
164.7940 41.7198 0.1144
165.0041 41.6815 0.1009
165.0275 41.6772 0.0978
165.0508 41.6729 0.0961
165.0741 41.6686 0.0954
165.0974 41.6643 0.0951
165.1208 41.6600 0.0952
165.1441 41.6557 0.0953
165.1674 41.6514 0.0961
165.1907 41.6471 0.0972
165.2140 41.6428 0.0984
165.2373 41.6385 0.0990
165.2606 41.6341 0.0995
165.2839 41.6298 0.0998
165.3072 41.6255 0.1003
165.3305 41.6211 0.1008
165.3538 41.6168 0.1016
165.3771 41.6124 0.1034
165.4003 41.6081 0.1061
165.4236 41.6037 0.1100
165.4469 41.5993 0.1144
165.4702 41.5950 0.1205
165.4934 41.5906 0.1270
165.5167 41.5862 0.1339
165.5400 41.5818 0.1415
165.5632 41.5774 0.1497
165.5865 41.5730 0.1581
165.6097 41.5686 0.1657
164.2146 41.8418 0.2175
164.2380 41.8377 0.2119
164.2615 41.8336 0.2060
164.2849 41.8294 0.1987
164.3083 41.8253 0.1909
164.3318 41.8211 0.1832
164.3552 41.8170 0.1769
164.3786 41.8128 0.1720
164.4020 41.8087 0.1691
164.4254 41.8045 0.1679
164.4489 41.8004 0.1669
164.4723 41.7962 0.1651
164.4957 41.7920 0.1612
164.5191 41.7878 0.1561
164.5425 41.7837 0.1512
164.5659 41.7795 0.1480
164.5893 41.7753 0.1455
164.6127 41.7711 0.1428
164.6361 41.7669 0.1395
164.6594 41.7627 0.1352
164.6828 41.7585 0.1301
164.7062 41.7542 0.1250
164.7296 41.7500 0.1194
164.7529 41.7458 0.1154
164.7763 41.7416 0.1115
164.7997 41.7373 0.1086
164.9165 41.7161 0.0310
165.0099 41.6990 0.0976
165.0332 41.6947 0.0936
165.0565 41.6904 0.0923
165.0799 41.6861 0.0927
165.1032 41.6818 0.0934
165.1265 41.6775 0.0940
165.1498 41.6732 0.0949
165.1731 41.6689 0.0960
165.1965 41.6646 0.0970
165.2198 41.6603 0.0978
165.2431 41.6559 0.0982
165.2664 41.6516 0.0982
165.2897 41.6473 0.0982
165.3130 41.6429 0.0987
165.3363 41.6386 0.0995
165.3596 41.6342 0.1005
165.3829 41.6299 0.1026
165.4061 41.6255 0.1051
165.4294 41.6212 0.1086
165.4527 41.6168 0.1132
165.4760 41.6124 0.1189
165.4993 41.6080 0.1252
165.5225 41.6037 0.1318
165.5458 41.5993 0.1393
165.5691 41.5949 0.1471
165.5923 41.5905 0.1549
165.6156 41.5861 0.1615
164.2201 41.8593 0.2157
164.2436 41.8552 0.2110
164.2670 41.8511 0.2062
164.2904 41.8470 0.1992
164.3139 41.8428 0.1915
164.3373 41.8387 0.1837
164.3607 41.8345 0.1776
164.3842 41.8304 0.1723
164.4076 41.8262 0.1685
164.4310 41.8221 0.1653
164.4544 41.8179 0.1642
164.4778 41.8137 0.1630
164.5013 41.8096 0.1601
164.5247 41.8054 0.1556
164.5481 41.8012 0.1509
164.5715 41.7970 0.1474
164.5949 41.7928 0.1446
164.6183 41.7886 0.1414
164.6417 41.7844 0.1373
164.6651 41.7802 0.1320
164.6885 41.7760 0.1255
164.7118 41.7718 0.1191
164.7352 41.7675 0.1134
164.7586 41.7633 0.1093
164.7820 41.7591 0.1056
164.8054 41.7548 0.1028
165.0156 41.7165 0.0899
165.0389 41.7122 0.0873
165.0623 41.7079 0.0865
165.0856 41.7036 0.0876
165.1089 41.6993 0.0892
165.1322 41.6950 0.0907
165.1556 41.6907 0.0923
165.1789 41.6864 0.0942
165.2022 41.6821 0.0957
165.2255 41.6777 0.0967
165.2489 41.6734 0.0969
165.2722 41.6691 0.0967
165.2955 41.6647 0.0966
165.3188 41.6604 0.0969
165.3421 41.6561 0.0980
165.3654 41.6517 0.0993
165.3887 41.6474 0.1013
165.4120 41.6430 0.1041
165.4353 41.6386 0.1077
165.4585 41.6343 0.1124
165.4818 41.6299 0.1179
165.5051 41.6255 0.1235
165.5284 41.6211 0.1298
165.5517 41.6167 0.1360
165.5749 41.6123 0.1435
165.5982 41.6079 0.1503
165.6215 41.6035 0.1560
164.2256 41.8769 0.2156
164.2491 41.8728 0.2120
164.2725 41.8686 0.2080
164.2960 41.8645 0.2013
164.3194 41.8604 0.1928
164.3429 41.8562 0.1846
164.3663 41.8521 0.1785
164.3897 41.8479 0.1722
164.4132 41.8438 0.1664
164.4366 41.8396 0.1621
164.4600 41.8354 0.1600
164.4834 41.8313 0.1592
164.5069 41.8271 0.1575
164.5303 41.8229 0.1534
164.5537 41.8187 0.1486
164.5771 41.8145 0.1446
164.6005 41.8103 0.1414
164.6239 41.8061 0.1376
164.6473 41.8019 0.1333
164.6707 41.7977 0.1275
164.6941 41.7935 0.1209
164.7175 41.7893 0.1141
164.7409 41.7850 0.1079
164.7643 41.7808 0.1027
164.7876 41.7766 0.0994
164.8110 41.7723 0.0973
165.0213 41.7340 0.0816
165.0446 41.7297 0.0809
165.0680 41.7254 0.0812
165.0913 41.7211 0.0826
165.1147 41.7168 0.0846
165.1380 41.7125 0.0867
165.1613 41.7082 0.0890
165.1847 41.7039 0.0915
165.2080 41.6995 0.0936
165.2313 41.6952 0.0951
165.2546 41.6909 0.0958
165.2779 41.6866 0.0955
165.3013 41.6822 0.0953
165.3246 41.6779 0.0952
165.3479 41.6735 0.0961
165.3712 41.6692 0.0977
165.3945 41.6648 0.1000
165.4178 41.6604 0.1033
165.4411 41.6561 0.1077
165.4644 41.6517 0.1124
165.4877 41.6473 0.1177
165.5109 41.6430 0.1229
165.5342 41.6386 0.1283
165.5575 41.6342 0.1342
165.5808 41.6298 0.1402
165.6041 41.6254 0.1457
165.6273 41.6210 0.1511
164.2312 41.8944 0.2213
164.2546 41.8903 0.2175
164.2781 41.8862 0.2121
164.3015 41.8820 0.2043
164.3250 41.8779 0.1953
164.3484 41.8738 0.1862
164.3719 41.8696 0.1789
164.3953 41.8654 0.1722
164.4187 41.8613 0.1650
164.4422 41.8571 0.1592
164.4656 41.8530 0.1565
164.4890 41.8488 0.1561
164.5124 41.8446 0.1540
164.5359 41.8404 0.1496
164.5593 41.8362 0.1451
164.5827 41.8320 0.1407
164.6061 41.8278 0.1370
164.6295 41.8236 0.1332
164.6529 41.8194 0.1289
164.6763 41.8152 0.1232
164.6997 41.8110 0.1162
164.7231 41.8068 0.1095
164.7465 41.8025 0.1024
164.7699 41.7983 0.0975
164.7933 41.7941 0.0941
164.8167 41.7898 0.0926
165.0270 41.7515 0.0745
165.0504 41.7472 0.0756
165.0737 41.7429 0.0774
165.0971 41.7386 0.0792
165.1204 41.7343 0.0806
165.1438 41.7300 0.0826
165.1671 41.7257 0.0849
165.1904 41.7213 0.0879
165.2138 41.7170 0.0908
165.2371 41.7127 0.0929
165.2604 41.7084 0.0939
165.2837 41.7040 0.0938
165.3071 41.6997 0.0936
165.3304 41.6953 0.0936
165.3537 41.6910 0.0944
165.3770 41.6866 0.0963
165.4003 41.6823 0.0992
165.4236 41.6779 0.1031
165.4469 41.6735 0.1078
165.4702 41.6692 0.1128
165.4935 41.6648 0.1189
165.5168 41.6604 0.1237
165.5401 41.6560 0.1285
165.5634 41.6516 0.1336
165.5866 41.6472 0.1380
165.6099 41.6428 0.1425
165.6332 41.6384 0.1473
164.2367 41.9120 0.2319
164.2601 41.9078 0.2253
164.2836 41.9037 0.2159
164.3071 41.8996 0.2067
164.3305 41.8954 0.1967
164.3540 41.8913 0.1874
164.3774 41.8871 0.1801
164.4009 41.8830 0.1726
164.4243 41.8788 0.1648
164.4477 41.8746 0.1590
164.4712 41.8705 0.1557
164.4946 41.8663 0.1533
164.5180 41.8621 0.1494
164.5415 41.8579 0.1441
164.5649 41.8537 0.1392
164.5883 41.8496 0.1348
164.6117 41.8454 0.1308
164.6352 41.8411 0.1268
164.6586 41.8369 0.1222
164.6820 41.8327 0.1170
164.7054 41.8285 0.1107
164.7288 41.8243 0.1042
164.7522 41.8201 0.0982
164.7756 41.8158 0.0940
164.7990 41.8116 0.0912
164.8224 41.8073 0.0889
164.9393 41.7861 0.0490
165.0327 41.7689 0.0697
165.0561 41.7647 0.0727
165.0795 41.7604 0.0751
165.1028 41.7561 0.0769
165.1262 41.7518 0.0777
165.1495 41.7474 0.0788
165.1729 41.7431 0.0807
165.1962 41.7388 0.0839
165.2195 41.7345 0.0873
165.2429 41.7302 0.0897
165.2662 41.7258 0.0908
165.2895 41.7215 0.0913
165.3128 41.7171 0.0915
165.3362 41.7128 0.0921
165.3595 41.7084 0.0935
165.3828 41.7041 0.0962
165.4061 41.6997 0.0998
165.4294 41.6954 0.1042
165.4527 41.6910 0.1092
165.4760 41.6866 0.1144
165.4993 41.6822 0.1206
165.5226 41.6779 0.1257
165.5459 41.6735 0.1296
165.5692 41.6691 0.1339
165.5925 41.6647 0.1373
165.6158 41.6603 0.1407
165.6391 41.6559 0.1446
164.2422 41.9295 0.2411
164.2657 41.9254 0.2317
164.2891 41.9213 0.2192
164.3126 41.9171 0.2068
164.3361 41.9130 0.1965
164.3595 41.9088 0.1879
164.3830 41.9047 0.1808
164.4064 41.9005 0.1734
164.4299 41.8963 0.1656
164.4533 41.8922 0.1599
164.4768 41.8880 0.1551
164.5002 41.8838 0.1504
164.5236 41.8796 0.1435
164.5471 41.8755 0.1373
164.5705 41.8713 0.1310
164.5939 41.8671 0.1260
164.6174 41.8629 0.1219
164.6408 41.8587 0.1185
164.6642 41.8545 0.1147
164.6876 41.8502 0.1104
164.7110 41.8460 0.1061
164.7344 41.8418 0.1005
164.7578 41.8376 0.0960
164.7812 41.8333 0.0927
164.8046 41.8291 0.0900
164.8280 41.8248 0.0877
165.0385 41.7864 0.0674
165.0618 41.7821 0.0709
165.0852 41.7778 0.0734
165.1086 41.7735 0.0750
165.1319 41.7692 0.0750
165.1553 41.7649 0.0755
165.1786 41.7606 0.0771
165.2020 41.7563 0.0800
165.2253 41.7520 0.0833
165.2486 41.7476 0.0857
165.2720 41.7433 0.0872
165.2953 41.7390 0.0882
165.3186 41.7346 0.0891
165.3420 41.7303 0.0906
165.3653 41.7259 0.0935
165.3886 41.7216 0.0972
165.4119 41.7172 0.1017
165.4353 41.7128 0.1064
165.4586 41.7084 0.1120
165.4819 41.7041 0.1173
165.5052 41.6997 0.1229
165.5285 41.6953 0.1283
165.5518 41.6909 0.1321
165.5751 41.6865 0.1356
165.5984 41.6821 0.1385
165.6217 41.6777 0.1413
165.6449 41.6733 0.1443
164.2477 41.9471 0.2453
164.2712 41.9429 0.2340
164.2947 41.9388 0.2192
164.3182 41.9346 0.2050
164.3416 41.9305 0.1946
164.3651 41.9264 0.1863
164.3886 41.9222 0.1802
164.4120 41.9180 0.1732
164.4355 41.9139 0.1656
164.4589 41.9097 0.1596
164.4824 41.9055 0.1531
164.5058 41.9014 0.1460
164.5293 41.8972 0.1373
164.5527 41.8930 0.1290
164.5761 41.8888 0.1217
164.5996 41.8846 0.1169
164.6230 41.8804 0.1138
164.6464 41.8762 0.1108
164.6698 41.8720 0.1080
164.6933 41.8677 0.1054
164.7167 41.8635 0.1023
164.7401 41.8593 0.0989
164.7635 41.8551 0.0957
164.7869 41.8508 0.0932
164.8103 41.8466 0.0910
164.8337 41.8423 0.0884
165.0442 41.8039 0.0671
165.0676 41.7996 0.0704
165.0909 41.7953 0.0724
165.1143 41.7910 0.0730
165.1377 41.7867 0.0727
165.1610 41.7824 0.0724
165.1844 41.7781 0.0735
165.2077 41.7738 0.0760
165.2311 41.7694 0.0796
165.2544 41.7651 0.0818
165.2778 41.7608 0.0836
165.3011 41.7564 0.0853
165.3245 41.7521 0.0871
165.3478 41.7477 0.0900
165.3711 41.7434 0.0942
165.3944 41.7390 0.0992
165.4178 41.7346 0.1043
165.4411 41.7303 0.1097
165.4644 41.7259 0.1151
165.4877 41.7215 0.1206
165.5110 41.7171 0.1260
165.5343 41.7128 0.1311
165.5576 41.7084 0.1351
165.5809 41.7040 0.1384
165.6042 41.6996 0.1417
165.6275 41.6952 0.1448
165.6508 41.6907 0.1474
164.2533 41.9646 0.2459
164.2768 41.9605 0.2332
164.3002 41.9563 0.2178
164.3237 41.9522 0.2028
164.3472 41.9480 0.1922
164.3707 41.9439 0.1845
164.3941 41.9397 0.1788
164.4176 41.9356 0.1724
164.4411 41.9314 0.1663
164.4645 41.9272 0.1593
164.4880 41.9231 0.1513
164.5114 41.9189 0.1412
164.5349 41.9147 0.1310
164.5583 41.9105 0.1217
164.5818 41.9063 0.1139
164.6052 41.9021 0.1098
164.6286 41.8979 0.1070
164.6521 41.8937 0.1045
164.6755 41.8895 0.1031
164.6989 41.8853 0.1022
164.7223 41.8810 0.1011
164.7458 41.8768 0.0987
164.7692 41.8726 0.0962
164.7926 41.8683 0.0941
164.8160 41.8641 0.0925
164.8394 41.8598 0.0901
164.9564 41.8385 0.0200
165.0499 41.8214 0.0684
165.0733 41.8171 0.0708
165.0967 41.8128 0.0716
165.1201 41.8085 0.0711
165.1434 41.8042 0.0698
165.1668 41.7999 0.0690
165.1902 41.7956 0.0696
165.2135 41.7912 0.0720
165.2369 41.7869 0.0756
165.2602 41.7826 0.0785
165.2836 41.7782 0.0807
165.3069 41.7739 0.0830
165.3303 41.7695 0.0857
165.3536 41.7652 0.0896
165.3769 41.7608 0.0948
165.4003 41.7565 0.1005
165.4236 41.7521 0.1072
165.4469 41.7477 0.1134
165.4702 41.7434 0.1186
165.4936 41.7390 0.1239
165.5169 41.7346 0.1288
165.5402 41.7302 0.1343
165.5635 41.7258 0.1383
165.5868 41.7214 0.1422
165.6101 41.7170 0.1461
165.6334 41.7126 0.1498
165.6567 41.7082 0.1530
164.2588 41.9821 0.2436
164.2823 41.9780 0.2308
164.3058 41.9739 0.2159
164.3293 41.9697 0.2019
164.3528 41.9656 0.1918
164.3762 41.9614 0.1840
164.3997 41.9573 0.1786
164.4232 41.9531 0.1740
164.4466 41.9489 0.1691
164.4701 41.9448 0.1620
164.4936 41.9406 0.1510
164.5170 41.9364 0.1395
164.5405 41.9322 0.1279
164.5639 41.9280 0.1183
164.5874 41.9238 0.1116
164.6108 41.9196 0.1073
164.6343 41.9154 0.1042
164.6577 41.9112 0.1024
164.6811 41.9070 0.1022
164.7046 41.9028 0.1020
164.7280 41.8985 0.1016
164.7514 41.8943 0.1000
164.7749 41.8901 0.0976
164.7983 41.8858 0.0959
164.8217 41.8816 0.0941
164.8451 41.8773 0.0919
165.0557 41.8389 0.0692
165.0791 41.8346 0.0705
165.1024 41.8303 0.0703
165.1258 41.8260 0.0689
165.1492 41.8217 0.0667
165.1726 41.8174 0.0654
165.1959 41.8130 0.0658
165.2193 41.8087 0.0684
165.2427 41.8044 0.0721
165.2660 41.8000 0.0757
165.2894 41.7957 0.0788
165.3127 41.7914 0.0817
165.3361 41.7870 0.0847
165.3594 41.7827 0.0893
165.3828 41.7783 0.0951
165.4061 41.7739 0.1019
165.4294 41.7696 0.1098
165.4528 41.7652 0.1165
165.4761 41.7608 0.1216
165.4994 41.7564 0.1268
165.5227 41.7520 0.1323
165.5461 41.7477 0.1375
165.5694 41.7433 0.1421
165.5927 41.7389 0.1466
165.6160 41.7344 0.1513
165.6393 41.7300 0.1560
165.6626 41.7256 0.1605
164.2644 41.9997 0.2396
164.2879 41.9955 0.2267
164.3114 41.9914 0.2133
164.3348 41.9873 0.2007
164.3583 41.9831 0.1916
164.3818 41.9789 0.1858
164.4053 41.9748 0.1821
164.4288 41.9706 0.1786
164.4522 41.9665 0.1734
164.4757 41.9623 0.1648
164.4992 41.9581 0.1532
164.5226 41.9539 0.1406
164.5461 41.9497 0.1284
164.5696 41.9455 0.1196
164.5930 41.9413 0.1133
164.6165 41.9371 0.1093
164.6399 41.9329 0.1066
164.6634 41.9287 0.1053
164.6868 41.9245 0.1044
164.7102 41.9203 0.1040
164.7337 41.9160 0.1031
164.7571 41.9118 0.1014
164.7805 41.9076 0.0989
164.8040 41.9033 0.0966
164.8274 41.8991 0.0933
164.8508 41.8948 0.0910
165.0614 41.8564 0.0681
165.0848 41.8521 0.0688
165.1082 41.8478 0.0682
165.1316 41.8435 0.0666
165.1550 41.8391 0.0636
165.1783 41.8348 0.0618
165.2017 41.8305 0.0617
165.2251 41.8262 0.0641
165.2485 41.8218 0.0682
165.2718 41.8175 0.0724
165.2952 41.8132 0.0763
165.3185 41.8088 0.0801
165.3419 41.8045 0.0840
165.3652 41.8001 0.0892
165.3886 41.7958 0.0957
165.4119 41.7914 0.1030
165.4353 41.7870 0.1110
165.4586 41.7826 0.1173
165.4819 41.7783 0.1229
165.5053 41.7739 0.1287
165.5286 41.7695 0.1344
165.5519 41.7651 0.1396
165.5753 41.7607 0.1446
165.5986 41.7563 0.1501
165.6219 41.7519 0.1555
165.6452 41.7475 0.1607
165.6685 41.7431 0.1661
164.2699 42.0172 0.2352
164.2934 42.0131 0.2223
164.3169 42.0089 0.2101
164.3404 42.0048 0.1995
164.3639 42.0006 0.1930
164.3874 41.9965 0.1887
164.4109 41.9923 0.1865
164.4344 41.9882 0.1831
164.4578 41.9840 0.1770
164.4813 41.9798 0.1681
164.5048 41.9756 0.1572
164.5283 41.9714 0.1455
164.5517 41.9672 0.1347
164.5752 41.9631 0.1264
164.5986 41.9589 0.1203
164.6221 41.9547 0.1162
164.6456 41.9504 0.1136
164.6690 41.9462 0.1112
164.6925 41.9420 0.1093
164.7159 41.9378 0.1074
164.7393 41.9336 0.1055
164.7628 41.9293 0.1027
164.7862 41.9251 0.1001
164.8096 41.9208 0.0969
164.8331 41.9166 0.0920
164.8565 41.9123 0.0876
165.0672 41.8739 0.0663
165.0906 41.8696 0.0664
165.1140 41.8652 0.0653
165.1374 41.8609 0.0636
165.1607 41.8566 0.0609
165.1841 41.8523 0.0590
165.2075 41.8480 0.0585
165.2309 41.8436 0.0604
165.2543 41.8393 0.0643
165.2776 41.8350 0.0687
165.3010 41.8306 0.0732
165.3243 41.8263 0.0779
165.3477 41.8219 0.0829
165.3711 41.8176 0.0891
165.3944 41.8132 0.0963
165.4178 41.8088 0.1040
165.4411 41.8045 0.1109
165.4645 41.8001 0.1178
165.4878 41.7957 0.1234
165.5111 41.7913 0.1296
165.5345 41.7869 0.1359
165.5578 41.7825 0.1408
165.5811 41.7781 0.1460
165.6045 41.7737 0.1515
165.6278 41.7693 0.1575
165.6511 41.7649 0.1637
165.6744 41.7605 0.1694
164.2755 42.0348 0.2316
164.2990 42.0306 0.2194
164.3225 42.0265 0.2088
164.3460 42.0223 0.2006
164.3695 42.0182 0.1961
164.3930 42.0140 0.1928
164.4165 42.0099 0.1910
164.4400 42.0057 0.1874
164.4634 42.0015 0.1811
164.4869 41.9973 0.1722
164.5104 41.9931 0.1629
164.5339 41.9890 0.1537
164.5573 41.9848 0.1449
164.5808 41.9806 0.1372
164.6043 41.9764 0.1307
164.6277 41.9722 0.1253
164.6512 41.9680 0.1212
164.6747 41.9637 0.1177
164.6981 41.9595 0.1144
164.7216 41.9553 0.1106
164.7450 41.9511 0.1069
164.7685 41.9468 0.1039
164.7919 41.9426 0.1005
164.8153 41.9383 0.0960
164.8388 41.9341 0.0888
164.8622 41.9298 0.0833
164.9793 41.9085 0.0100
165.0729 41.8913 0.0640
165.0963 41.8870 0.0632
165.1197 41.8827 0.0623
165.1431 41.8784 0.0612
165.1665 41.8741 0.0589
165.1899 41.8698 0.0572
165.2133 41.8655 0.0561
165.2367 41.8611 0.0571
165.2601 41.8568 0.0602
165.2834 41.8524 0.0647
165.3068 41.8481 0.0697
165.3302 41.8438 0.0751
165.3535 41.8394 0.0812
165.3769 41.8350 0.0885
165.4003 41.8307 0.0964
165.4236 41.8263 0.1039
165.4470 41.8219 0.1112
165.4703 41.8176 0.1182
165.4937 41.8132 0.1244
165.5170 41.8088 0.1306
165.5403 41.8044 0.1365
165.5637 41.8000 0.1411
165.5870 41.7956 0.1457
165.6103 41.7912 0.1511
165.6337 41.7868 0.1575
165.6570 41.7824 0.1645
165.6803 41.7779 0.1711
164.2810 42.0523 0.2327
164.3046 42.0482 0.2215
164.3281 42.0440 0.2119
164.3516 42.0399 0.2052
164.3751 42.0357 0.2016
164.3986 42.0315 0.1985
164.4221 42.0274 0.1960
164.4456 42.0232 0.1915
164.4690 42.0190 0.1853
164.4925 42.0149 0.1774
164.5160 42.0107 0.1697
164.5395 42.0065 0.1631
164.5630 42.0023 0.1564
164.5864 41.9981 0.1489
164.6099 41.9939 0.1409
164.6334 41.9897 0.1338
164.6569 41.9855 0.1284
164.6803 41.9813 0.1239
164.7038 41.9770 0.1194
164.7272 41.9728 0.1129
164.7507 41.9686 0.1074
164.7741 41.9643 0.1026
164.7976 41.9601 0.0981
164.8210 41.9558 0.0918
164.8445 41.9516 0.0847
164.8679 41.9473 0.0787
165.0787 41.9088 0.0624
165.1021 41.9045 0.0617
165.1255 41.9002 0.0610
165.1489 41.8959 0.0601
165.1723 41.8916 0.0582
165.1957 41.8873 0.0559
165.2191 41.8829 0.0538
165.2425 41.8786 0.0536
165.2659 41.8743 0.0558
165.2892 41.8699 0.0598
165.3126 41.8656 0.0650
165.3360 41.8612 0.0713
165.3594 41.8569 0.0783
165.3827 41.8525 0.0866
165.4061 41.8481 0.0952
165.4295 41.8438 0.1035
165.4528 41.8394 0.1114
165.4762 41.8350 0.1189
165.4995 41.8306 0.1256
165.5229 41.8262 0.1315
165.5462 41.8218 0.1368
165.5696 41.8174 0.1405
165.5929 41.8130 0.1445
165.6162 41.8086 0.1493
165.6396 41.8042 0.1563
165.6629 41.7998 0.1637
165.6862 41.7954 0.1707
164.2866 42.0698 0.2396
164.3101 42.0657 0.2304
164.3336 42.0615 0.2221
164.3571 42.0574 0.2159
164.3807 42.0532 0.2116
164.4042 42.0491 0.2068
164.4277 42.0449 0.2026
164.4512 42.0407 0.1971
164.4747 42.0366 0.1907
164.4981 42.0324 0.1837
164.5216 42.0282 0.1775
164.5451 42.0240 0.1722
164.5686 42.0198 0.1661
164.5921 42.0156 0.1583
164.6156 42.0114 0.1492
164.6390 42.0072 0.1410
164.6625 42.0030 0.1342
164.6860 41.9988 0.1288
164.7094 41.9945 0.1228
164.7329 41.9903 0.1137
164.7564 41.9861 0.1061
164.7798 41.9818 0.0990
164.8033 41.9776 0.0929
164.8267 41.9733 0.0860
164.8502 41.9691 0.0795
164.8736 41.9648 0.0747
165.0845 41.9263 0.0601
165.1079 41.9220 0.0601
165.1313 41.9177 0.0597
165.1547 41.9134 0.0586
165.1781 41.9091 0.0567
165.2015 41.9047 0.0542
165.2249 41.9004 0.0512
165.2483 41.8961 0.0498
165.2717 41.8917 0.0511
165.2951 41.8874 0.0544
165.3184 41.8830 0.0599
165.3418 41.8787 0.0670
165.3652 41.8743 0.0745
165.3886 41.8700 0.0836
165.4119 41.8656 0.0931
165.4353 41.8612 0.1022
165.4587 41.8568 0.1107
165.4820 41.8525 0.1186
165.5054 41.8481 0.1256
165.5287 41.8437 0.1310
165.5521 41.8393 0.1357
165.5754 41.8349 0.1386
165.5988 41.8305 0.1420
165.6221 41.8261 0.1471
165.6455 41.8217 0.1538
165.6688 41.8172 0.1617
165.6921 41.8128 0.1697
164.2922 42.0874 0.2516
164.3157 42.0832 0.2441
164.3392 42.0791 0.2371
164.3627 42.0749 0.2305
164.3862 42.0708 0.2245
164.4098 42.0666 0.2176
164.4333 42.0624 0.2115
164.4568 42.0583 0.2049
164.4803 42.0541 0.1978
164.5038 42.0499 0.1912
164.5273 42.0457 0.1847
164.5508 42.0415 0.1787
164.5742 42.0373 0.1722
164.5977 42.0331 0.1640
164.6212 42.0289 0.1543
164.6447 42.0247 0.1453
164.6682 42.0205 0.1370
164.6916 42.0163 0.1299
164.7151 42.0120 0.1230
164.7386 42.0078 0.1131
164.7620 42.0036 0.1036
164.7855 41.9993 0.0951
164.8090 41.9951 0.0876
164.8324 41.9908 0.0803
164.8559 41.9866 0.0746
164.8793 41.9823 0.0706
165.0902 41.9438 0.0568
165.1136 41.9395 0.0577
165.1371 41.9352 0.0580
165.1605 41.9308 0.0568
165.1839 41.9265 0.0544
165.2073 41.9222 0.0514
165.2307 41.9179 0.0476
165.2541 41.9135 0.0457
165.2775 41.9092 0.0462
165.3009 41.9048 0.0492
165.3243 41.9005 0.0548
165.3476 41.8961 0.0623
165.3710 41.8918 0.0706
165.3944 41.8874 0.0801
165.4178 41.8830 0.0900
165.4412 41.8787 0.0996
165.4645 41.8743 0.1086
165.4879 41.8699 0.1168
165.5113 41.8655 0.1243
165.5346 41.8611 0.1297
165.5580 41.8567 0.1333
165.5813 41.8523 0.1361
165.6047 41.8479 0.1398
165.6280 41.8435 0.1450
165.6514 41.8391 0.1525
165.6747 41.8347 0.1608
165.6981 41.8302 0.1684
164.2977 42.1049 0.2662
164.3213 42.1008 0.2598
164.3448 42.0966 0.2532
164.3683 42.0925 0.2463
164.3918 42.0883 0.2384
164.4154 42.0841 0.2296
164.4389 42.0800 0.2218
164.4624 42.0758 0.2139
164.4859 42.0716 0.2061
164.5094 42.0674 0.1988
164.5329 42.0632 0.1911
164.5564 42.0590 0.1830
164.5799 42.0548 0.1747
164.6034 42.0506 0.1657
164.6269 42.0464 0.1560
164.6504 42.0422 0.1459
164.6738 42.0380 0.1365
164.6973 42.0338 0.1281
164.7208 42.0296 0.1196
164.7443 42.0253 0.1101
164.7677 42.0211 0.0996
164.7912 42.0168 0.0902
164.8147 42.0126 0.0825
164.8381 42.0083 0.0756
164.8616 42.0041 0.0703
164.8850 41.9998 0.0671
165.0023 41.9785 0.0160
165.0960 41.9613 0.0526
165.1194 41.9570 0.0539
165.1428 41.9526 0.0540
165.1663 41.9483 0.0531
165.1897 41.9440 0.0501
165.2131 41.9397 0.0464
165.2365 41.9353 0.0425
165.2599 41.9310 0.0407
165.2833 41.9267 0.0412
165.3067 41.9223 0.0446
165.3301 41.9180 0.0508
165.3535 41.9136 0.0588
165.3769 41.9092 0.0676
165.4003 41.9049 0.0767
165.4236 41.9005 0.0864
165.4470 41.8961 0.0960
165.4704 41.8917 0.1056
165.4938 41.8874 0.1147
165.5171 41.8830 0.1224
165.5405 41.8786 0.1278
165.5639 41.8742 0.1310
165.5872 41.8698 0.1335
165.6106 41.8654 0.1372
165.6339 41.8610 0.1440
165.6573 41.8565 0.1521
165.6806 41.8521 0.1601
165.7040 41.8477 0.1681
164.3033 42.1224 0.2824
164.3268 42.1183 0.2756
164.3504 42.1141 0.2680
164.3739 42.1100 0.2607
164.3974 42.1058 0.2517
164.4210 42.1017 0.2422
164.4445 42.0975 0.2332
164.4680 42.0933 0.2244
164.4915 42.0891 0.2151
164.5150 42.0849 0.2060
164.5385 42.0808 0.1956
164.5620 42.0766 0.1846
164.5855 42.0724 0.1744
164.6090 42.0682 0.1648
164.6325 42.0639 0.1550
164.6560 42.0597 0.1447
164.6795 42.0555 0.1346
164.7030 42.0513 0.1254
164.7265 42.0471 0.1155
164.7500 42.0428 0.1061
164.7734 42.0386 0.0962
164.7969 42.0343 0.0871
164.8204 42.0301 0.0796
164.8438 42.0258 0.0736
164.8673 42.0216 0.0687
164.8908 42.0173 0.0654
165.1018 41.9787 0.0485
165.1252 41.9744 0.0494
165.1486 41.9701 0.0492
165.1720 41.9658 0.0476
165.1955 41.9615 0.0449
165.2189 41.9571 0.0412
165.2423 41.9528 0.0378
165.2657 41.9485 0.0367
165.2891 41.9441 0.0377
165.3125 41.9398 0.0418
165.3359 41.9354 0.0488
165.3593 41.9311 0.0572
165.3827 41.9267 0.0655
165.4061 41.9223 0.0739
165.4295 41.9180 0.0831
165.4529 41.9136 0.0922
165.4763 41.9092 0.1020
165.4996 41.9048 0.1114
165.5230 41.9004 0.1190
165.5464 41.8960 0.1247
165.5697 41.8916 0.1280
165.5931 41.8872 0.1306
165.6165 41.8828 0.1354
165.6398 41.8784 0.1429
165.6632 41.8740 0.1514
165.6865 41.8695 0.1600
165.7099 41.8651 0.1686
164.3089 42.1400 0.2975
164.3324 42.1358 0.2898
164.3560 42.1317 0.2810
164.3795 42.1275 0.2722
164.4030 42.1234 0.2624
164.4266 42.1192 0.2516
164.4501 42.1150 0.2420
164.4736 42.1108 0.2314
164.4971 42.1067 0.2205
164.5206 42.1025 0.2091
164.5442 42.0983 0.1964
164.5677 42.0941 0.1830
164.5912 42.0899 0.1709
164.6147 42.0857 0.1602
164.6382 42.0815 0.1502
164.6617 42.0772 0.1407
164.6852 42.0730 0.1310
164.7087 42.0688 0.1208
164.7322 42.0646 0.1110
164.7556 42.0603 0.1019
164.7791 42.0561 0.0927
164.8026 42.0518 0.0852
164.8261 42.0476 0.0793
164.8495 42.0433 0.0741
164.8730 42.0391 0.0689
164.8965 42.0348 0.0653
165.1075 41.9962 0.0433
165.1310 41.9919 0.0438
165.1544 41.9876 0.0435
165.1778 41.9833 0.0419
165.2013 41.9789 0.0397
165.2247 41.9746 0.0369
165.2481 41.9703 0.0346
165.2715 41.9659 0.0342
165.2949 41.9616 0.0363
165.3183 41.9572 0.0414
165.3418 41.9529 0.0489
165.3652 41.9485 0.0569
165.3886 41.9442 0.0645
165.4120 41.9398 0.0723
165.4353 41.9354 0.0806
165.4587 41.9310 0.0889
165.4821 41.9267 0.0979
165.5055 41.9223 0.1067
165.5289 41.9179 0.1154
165.5523 41.9135 0.1212
165.5756 41.9091 0.1250
165.5990 41.9047 0.1279
165.6224 41.9003 0.1331
165.6457 41.8958 0.1415
165.6691 41.8914 0.1505
165.6925 41.8870 0.1599
165.7158 41.8826 0.1679
164.3145 42.1575 0.3101
164.3380 42.1534 0.3011
164.3616 42.1492 0.2910
164.3851 42.1451 0.2808
164.4086 42.1409 0.2695
164.4322 42.1367 0.2575
164.4557 42.1325 0.2458
164.4792 42.1284 0.2338
164.5028 42.1242 0.2211
164.5263 42.1200 0.2076
164.5498 42.1158 0.1933
164.5733 42.1116 0.1784
164.5968 42.1074 0.1654
164.6203 42.1032 0.1539
164.6438 42.0990 0.1438
164.6673 42.0948 0.1345
164.6909 42.0905 0.1256
164.7143 42.0863 0.1165
164.7378 42.0821 0.1074
164.7613 42.0778 0.0983
164.7848 42.0736 0.0908
164.8083 42.0694 0.0846
164.8318 42.0651 0.0799
164.8553 42.0608 0.0758
164.8787 42.0566 0.0707
164.9022 42.0523 0.0662
165.0195 42.0309 -0.0160
165.1133 42.0137 0.0381
165.1368 42.0094 0.0383
165.1602 42.0051 0.0375
165.1836 42.0007 0.0362
165.2071 41.9964 0.0348
165.2305 41.9921 0.0330
165.2539 41.9877 0.0320
165.2773 41.9834 0.0329
165.3008 41.9791 0.0367
165.3242 41.9747 0.0428
165.3476 41.9704 0.0499
165.3710 41.9660 0.0571
165.3944 41.9616 0.0641
165.4178 41.9573 0.0713
165.4412 41.9529 0.0788
165.4646 41.9485 0.0862
165.4880 41.9441 0.0939
165.5114 41.9397 0.1016
165.5348 41.9353 0.1102
165.5582 41.9309 0.1163
165.5815 41.9265 0.1202
165.6049 41.9221 0.1233
165.6283 41.9177 0.1286
165.6517 41.9133 0.1370
165.6750 41.9089 0.1477
165.6984 41.9044 0.1574
165.7218 41.9000 0.1651
164.3201 42.1751 0.3203
164.3436 42.1709 0.3090
164.3672 42.1667 0.2972
164.3907 42.1626 0.2847
164.4142 42.1584 0.2721
164.4378 42.1542 0.2584
164.4613 42.1501 0.2455
164.4849 42.1459 0.2321
164.5084 42.1417 0.2182
164.5319 42.1375 0.2037
164.5554 42.1333 0.1889
164.5790 42.1291 0.1737
164.6025 42.1249 0.1608
164.6260 42.1207 0.1494
164.6495 42.1165 0.1389
164.6730 42.1123 0.1300
164.6965 42.1080 0.1219
164.7200 42.1038 0.1138
164.7435 42.0996 0.1053
164.7670 42.0953 0.0977
164.7905 42.0911 0.0908
164.8140 42.0869 0.0859
164.8375 42.0826 0.0822
164.8610 42.0783 0.0783
164.8845 42.0741 0.0727
164.9079 42.0698 0.0674
165.1191 42.0312 0.0345
165.1426 42.0269 0.0340
165.1660 42.0225 0.0331
165.1894 42.0182 0.0318
165.2129 42.0139 0.0310
165.2363 42.0096 0.0302
165.2597 42.0052 0.0304
165.2832 42.0009 0.0333
165.3066 41.9965 0.0379
165.3300 41.9922 0.0443
165.3534 41.9878 0.0507
165.3769 41.9834 0.0573
165.4003 41.9791 0.0639
165.4237 41.9747 0.0705
165.4471 41.9703 0.0775
165.4705 41.9659 0.0844
165.4939 41.9616 0.0903
165.5173 41.9572 0.0967
165.5407 41.9528 0.1039
165.5641 41.9484 0.1107
165.5874 41.9440 0.1143
165.6108 41.9396 0.1185
165.6342 41.9351 0.1247
165.6576 41.9307 0.1333
165.6810 41.9263 0.1437
165.7043 41.9219 0.1527
165.7277 41.9174 0.1605
164.3256 42.1926 0.3280
164.3492 42.1884 0.3144
164.3728 42.1843 0.2998
164.3963 42.1801 0.2849
164.4199 42.1759 0.2707
164.4434 42.1718 0.2565
164.4669 42.1676 0.2431
164.4905 42.1634 0.2296
164.5140 42.1592 0.2155
164.5376 42.1550 0.2012
164.5611 42.1508 0.1868
164.5846 42.1466 0.1724
164.6081 42.1424 0.1599
164.6317 42.1382 0.1485
164.6552 42.1340 0.1383
164.6787 42.1298 0.1294
164.7022 42.1256 0.1212
164.7257 42.1213 0.1133
164.7492 42.1171 0.1058
164.7727 42.1128 0.0986
164.7962 42.1086 0.0930
164.8197 42.1044 0.0885
164.8432 42.1001 0.0847
164.8667 42.0958 0.0805
164.8902 42.0916 0.0747
164.9137 42.0873 0.0687
165.1249 42.0487 0.0340
165.1484 42.0443 0.0329
165.1718 42.0400 0.0315
165.1952 42.0357 0.0301
165.2187 42.0314 0.0291
165.2421 42.0270 0.0282
165.2656 42.0227 0.0292
165.2890 42.0183 0.0334
165.3124 42.0140 0.0391
165.3359 42.0096 0.0452
165.3593 42.0053 0.0515
165.3827 42.0009 0.0580
165.4061 41.9965 0.0643
165.4295 41.9922 0.0708
165.4529 41.9878 0.0773
165.4764 41.9834 0.0830
165.4998 41.9790 0.0880
165.5232 41.9746 0.0929
165.5466 41.9702 0.0989
165.5700 41.9658 0.1049
165.5933 41.9614 0.1101
165.6167 41.9570 0.1154
165.6401 41.9526 0.1226
165.6635 41.9482 0.1317
165.6869 41.9437 0.1417
165.7103 41.9393 0.1505
165.7336 41.9349 0.1575
164.3312 42.2101 0.3354
164.3548 42.2060 0.3184
164.3784 42.2018 0.3015
164.4019 42.1976 0.2849
164.4255 42.1935 0.2697
164.4490 42.1893 0.2553
164.4726 42.1851 0.2422
164.4961 42.1809 0.2290
164.5197 42.1767 0.2156
164.5432 42.1726 0.2024
164.5667 42.1684 0.1896
164.5903 42.1642 0.1766
164.6138 42.1599 0.1644
164.6373 42.1557 0.1534
164.6609 42.1515 0.1428
164.6844 42.1473 0.1330
164.7079 42.1431 0.1239
164.7314 42.1388 0.1160
164.7549 42.1346 0.1090
164.7784 42.1304 0.1022
164.8019 42.1261 0.0963
164.8254 42.1219 0.0916
164.8489 42.1176 0.0872
164.8724 42.1133 0.0828
164.8959 42.1091 0.0767
164.9194 42.1048 0.0709
165.1307 42.0661 0.0374
165.1542 42.0618 0.0345
165.1776 42.0575 0.0323
165.2011 42.0532 0.0305
165.2245 42.0488 0.0285
165.2480 42.0445 0.0277
165.2714 42.0402 0.0291
165.2948 42.0358 0.0334
165.3183 42.0315 0.0395
165.3417 42.0271 0.0461
165.3651 42.0227 0.0526
165.3886 42.0184 0.0593
165.4120 42.0140 0.0659
165.4354 42.0096 0.0721
165.4588 42.0052 0.0778
165.4822 42.0009 0.0823
165.5056 41.9965 0.0867
165.5291 41.9921 0.0909
165.5525 41.9877 0.0955
165.5759 41.9833 0.1013
165.5993 41.9789 0.1069
165.6227 41.9744 0.1132
165.6460 41.9700 0.1213
165.6694 41.9656 0.1311
165.6928 41.9612 0.1409
165.7162 41.9567 0.1503
165.7396 41.9523 0.1579
164.3368 42.2277 0.3423
164.3604 42.2235 0.3236
164.3840 42.2193 0.3044
164.4075 42.2152 0.2871
164.4311 42.2110 0.2715
164.4546 42.2068 0.2572
164.4782 42.2026 0.2451
164.5018 42.1985 0.2329
164.5253 42.1943 0.2205
164.5489 42.1901 0.2086
164.5724 42.1859 0.1973
164.5959 42.1817 0.1857
164.6195 42.1775 0.1744
164.6430 42.1732 0.1635
164.6665 42.1690 0.1528
164.6901 42.1648 0.1424
164.7136 42.1606 0.1322
164.7371 42.1563 0.1234
164.7606 42.1521 0.1163
164.7841 42.1479 0.1105
164.8077 42.1436 0.1044
164.8312 42.1394 0.0988
164.8547 42.1351 0.0927
164.8782 42.1308 0.0877
164.9017 42.1266 0.0823
164.9252 42.1223 0.0762
165.0426 42.1009 -0.0180
165.1365 42.0836 0.0408
165.1600 42.0793 0.0368
165.1834 42.0750 0.0336
165.2069 42.0706 0.0306
165.2303 42.0663 0.0279
165.2538 42.0620 0.0268
165.2772 42.0576 0.0283
165.3007 42.0533 0.0329
165.3241 42.0489 0.0392
165.3476 42.0446 0.0464
165.3710 42.0402 0.0533
165.3944 42.0358 0.0606
165.4179 42.0315 0.0675
165.4413 42.0271 0.0735
165.4647 42.0227 0.0782
165.4881 42.0183 0.0818
165.5115 42.0139 0.0856
165.5350 42.0095 0.0894
165.5584 42.0051 0.0938
165.5818 42.0007 0.0999
165.6052 41.9963 0.1056
165.6286 41.9919 0.1122
165.6520 41.9875 0.1208
165.6754 41.9830 0.1312
165.6988 41.9786 0.1414
165.7221 41.9742 0.1519
165.7455 41.9697 0.1606
164.3424 42.2452 0.3499
164.3660 42.2410 0.3315
164.3896 42.2369 0.3124
164.4131 42.2327 0.2940
164.4367 42.2285 0.2788
164.4603 42.2244 0.2648
164.4838 42.2202 0.2533
164.5074 42.2160 0.2416
164.5310 42.2118 0.2301
164.5545 42.2076 0.2189
164.5781 42.2034 0.2079
164.6016 42.1992 0.1973
164.6251 42.1950 0.1874
164.6487 42.1908 0.1769
164.6722 42.1865 0.1659
164.6958 42.1823 0.1546
164.7193 42.1781 0.1430
164.7428 42.1738 0.1334
164.7663 42.1696 0.1261
164.7899 42.1654 0.1203
164.8134 42.1611 0.1144
164.8369 42.1569 0.1077
164.8604 42.1526 0.1009
164.8839 42.1483 0.0953
164.9074 42.1441 0.0902
164.9309 42.1398 0.0842
165.1423 42.1011 0.0419
165.1658 42.0968 0.0369
165.1892 42.0924 0.0330
165.2127 42.0881 0.0285
165.2362 42.0838 0.0252
165.2596 42.0794 0.0238
165.2831 42.0751 0.0256
165.3065 42.0707 0.0309
165.3300 42.0664 0.0374
165.3534 42.0620 0.0448
165.3769 42.0577 0.0524
165.4003 42.0533 0.0602
165.4237 42.0489 0.0674
165.4472 42.0445 0.0733
165.4706 42.0401 0.0777
165.4940 42.0358 0.0807
165.5174 42.0314 0.0839
165.5409 42.0270 0.0874
165.5643 42.0226 0.0919
165.5877 42.0181 0.0984
165.6111 42.0137 0.1043
165.6345 42.0093 0.1113
165.6579 42.0049 0.1195
165.6813 42.0005 0.1300
165.7047 41.9960 0.1412
165.7281 41.9916 0.1527
165.7515 41.9872 0.1623
164.3480 42.2627 0.3602
164.3716 42.2586 0.3425
164.3952 42.2544 0.3242
164.4188 42.2502 0.3066
164.4423 42.2461 0.2916
164.4659 42.2419 0.2772
164.4895 42.2377 0.2655
164.5130 42.2335 0.2542
164.5366 42.2293 0.2427
164.5602 42.2251 0.2315
164.5837 42.2209 0.2207
164.6073 42.2167 0.2101
164.6308 42.2125 0.1998
164.6544 42.2083 0.1886
164.6779 42.2040 0.1771
164.7014 42.1998 0.1656
164.7250 42.1956 0.1539
164.7485 42.1913 0.1443
164.7720 42.1871 0.1367
164.7956 42.1829 0.1304
164.8191 42.1786 0.1237
164.8426 42.1744 0.1159
164.8661 42.1701 0.1079
164.8896 42.1658 0.1011
164.9132 42.1616 0.0963
164.9367 42.1573 0.0905
165.1481 42.1186 0.0419
165.1716 42.1142 0.0355
165.1950 42.1099 0.0301
165.2185 42.1056 0.0254
165.2420 42.1012 0.0223
165.2654 42.0969 0.0212
165.2889 42.0926 0.0231
165.3124 42.0882 0.0282
165.3358 42.0838 0.0348
165.3593 42.0795 0.0421
165.3827 42.0751 0.0501
165.4062 42.0707 0.0581
165.4296 42.0664 0.0657
165.4530 42.0620 0.0718
165.4765 42.0576 0.0763
165.4999 42.0532 0.0791
165.5233 42.0488 0.0818
165.5468 42.0444 0.0852
165.5702 42.0400 0.0897
165.5936 42.0356 0.0964
165.6170 42.0312 0.1027
165.6404 42.0268 0.1098
165.6638 42.0223 0.1177
165.6872 42.0179 0.1271
165.7106 42.0135 0.1389
165.7340 42.0090 0.1518
165.7574 42.0046 0.1625
164.3536 42.2803 0.3730
164.3772 42.2761 0.3568
164.4008 42.2719 0.3400
164.4244 42.2678 0.3234
164.4480 42.2636 0.3076
164.4715 42.2594 0.2926
164.4951 42.2552 0.2800
164.5187 42.2510 0.2678
164.5423 42.2468 0.2557
164.5658 42.2426 0.2442
164.5894 42.2384 0.2330
164.6129 42.2342 0.2212
164.6365 42.2300 0.2091
164.6600 42.2258 0.1967
164.6836 42.2216 0.1848
164.7071 42.2173 0.1736
164.7307 42.2131 0.1626
164.7542 42.2089 0.1529
164.7778 42.2046 0.1446
164.8013 42.2004 0.1371
164.8248 42.1961 0.1288
164.8483 42.1919 0.1200
164.8719 42.1876 0.1111
164.8954 42.1833 0.1032
164.9189 42.1790 0.0978
164.9424 42.1748 0.0927
165.1539 42.1361 0.0391
165.1774 42.1317 0.0323
165.2009 42.1274 0.0259
165.2243 42.1231 0.0213
165.2478 42.1187 0.0189
165.2713 42.1144 0.0188
165.2947 42.1100 0.0208
165.3182 42.1057 0.0253
165.3417 42.1013 0.0313
165.3651 42.0969 0.0388
165.3886 42.0926 0.0468
165.4120 42.0882 0.0550
165.4355 42.0838 0.0632
165.4589 42.0794 0.0699
165.4824 42.0750 0.0744
165.5058 42.0707 0.0770
165.5292 42.0663 0.0798
165.5527 42.0619 0.0834
165.5761 42.0574 0.0884
165.5995 42.0530 0.0948
165.6229 42.0486 0.1012
165.6464 42.0442 0.1085
165.6698 42.0398 0.1168
165.6932 42.0353 0.1263
165.7166 42.0309 0.1383
165.7400 42.0265 0.1508
165.7634 42.0220 0.1623
164.3592 42.2978 0.3924
164.3828 42.2936 0.3772
164.4064 42.2895 0.3601
164.4300 42.2853 0.3430
164.4536 42.2811 0.3258
164.4772 42.2769 0.3095
164.5008 42.2727 0.2955
164.5243 42.2686 0.2815
164.5479 42.2644 0.2683
164.5715 42.2602 0.2560
164.5951 42.2559 0.2436
164.6186 42.2517 0.2307
164.6422 42.2475 0.2170
164.6657 42.2433 0.2027
164.6893 42.2391 0.1891
164.7128 42.2348 0.1776
164.7364 42.2306 0.1669
164.7599 42.2264 0.1572
164.7835 42.2221 0.1474
164.8070 42.2179 0.1383
164.8306 42.2136 0.1290
164.8541 42.2093 0.1195
164.8776 42.2051 0.1103
164.9011 42.2008 0.1016
164.9247 42.1965 0.0942
164.9482 42.1923 0.0881
165.1597 42.1535 0.0343
165.1832 42.1492 0.0273
165.2067 42.1449 0.0212
165.2302 42.1405 0.0174
165.2536 42.1362 0.0162
165.2771 42.1318 0.0173
165.3006 42.1275 0.0193
165.3241 42.1231 0.0227
165.3475 42.1188 0.0280
165.3710 42.1144 0.0349
165.3945 42.1100 0.0432
165.4179 42.1057 0.0519
165.4414 42.1013 0.0606
165.4648 42.0969 0.0678
165.4883 42.0925 0.0723
165.5117 42.0881 0.0752
165.5351 42.0837 0.0780
165.5586 42.0793 0.0824
165.5820 42.0749 0.0879
165.6054 42.0705 0.0942
165.6289 42.0661 0.1008
165.6523 42.0616 0.1082
165.6757 42.0572 0.1171
165.6991 42.0528 0.1268
165.7225 42.0483 0.1375
165.7459 42.0439 0.1489
165.7694 42.0394 0.1603
164.3649 42.3153 0.4195
164.3885 42.3112 0.4027
164.4121 42.3070 0.3834
164.4357 42.3028 0.3640
164.4592 42.2986 0.3445
164.4828 42.2945 0.3260
164.5064 42.2903 0.3096
164.5300 42.2861 0.2936
164.5536 42.2819 0.2792
164.5772 42.2777 0.2658
164.6007 42.2735 0.2527
164.6243 42.2692 0.2388
164.6479 42.2650 0.2237
164.6714 42.2608 0.2076
164.6950 42.2566 0.1920
164.7185 42.2523 0.1790
164.7421 42.2481 0.1676
164.7657 42.2439 0.1562
164.7892 42.2396 0.1456
164.8127 42.2354 0.1357
164.8363 42.2311 0.1261
164.8598 42.2268 0.1160
164.8834 42.2226 0.1062
164.9069 42.2183 0.0967
164.9304 42.2140 0.0879
164.9539 42.2097 0.0793
165.1655 42.1710 0.0315
165.1890 42.1667 0.0250
165.2125 42.1623 0.0199
165.2360 42.1580 0.0171
165.2595 42.1537 0.0167
165.2830 42.1493 0.0182
165.3064 42.1450 0.0200
165.3299 42.1406 0.0226
165.3534 42.1362 0.0268
165.3769 42.1319 0.0333
165.4003 42.1275 0.0418
165.4238 42.1231 0.0510
165.4472 42.1187 0.0605
165.4707 42.1143 0.0678
165.4942 42.1100 0.0725
165.5176 42.1056 0.0753
165.5410 42.1012 0.0787
165.5645 42.0967 0.0837
165.5879 42.0923 0.0897
165.6114 42.0879 0.0955
165.6348 42.0835 0.1021
165.6582 42.0791 0.1096
165.6817 42.0746 0.1185
165.7051 42.0702 0.1277
165.7285 42.0658 0.1374
165.7519 42.0613 0.1461
165.7753 42.0569 0.1568
164.3705 42.3329 0.4458
164.3941 42.3287 0.4277
164.4177 42.3245 0.4059
164.4413 42.3203 0.3838
164.4649 42.3162 0.3617
164.4885 42.3120 0.3408
164.5121 42.3078 0.3230
164.5357 42.3036 0.3056
164.5592 42.2994 0.2897
164.5828 42.2952 0.2755
164.6064 42.2910 0.2617
164.6300 42.2868 0.2472
164.6536 42.2825 0.2313
164.6771 42.2783 0.2136
164.7007 42.2741 0.1961
164.7243 42.2699 0.1813
164.7478 42.2656 0.1680
164.7714 42.2614 0.1545
164.7949 42.2571 0.1434
164.8185 42.2529 0.1332
164.8420 42.2486 0.1235
164.8656 42.2443 0.1126
164.8891 42.2401 0.1016
164.9126 42.2358 0.0911
164.9362 42.2315 0.0805
164.9597 42.2272 0.0709
165.1714 42.1885 0.0331
165.1949 42.1841 0.0276
165.2184 42.1798 0.0237
165.2418 42.1755 0.0214
165.2653 42.1711 0.0214
165.2888 42.1668 0.0226
165.3123 42.1624 0.0239
165.3358 42.1581 0.0264
165.3593 42.1537 0.0303
165.3827 42.1493 0.0367
165.4062 42.1450 0.0450
165.4297 42.1406 0.0547
165.4531 42.1362 0.0643
165.4766 42.1318 0.0720
165.5001 42.1274 0.0762
165.5235 42.1230 0.0791
165.5470 42.1186 0.0828
165.5704 42.1142 0.0879
165.5939 42.1098 0.0937
165.6173 42.1054 0.0995
165.6407 42.1009 0.1058
165.6642 42.0965 0.1130
165.6876 42.0921 0.1213
165.7110 42.0876 0.1297
165.7345 42.0832 0.1381
165.7579 42.0788 0.1451
165.7813 42.0743 0.1534
164.3761 42.3504 0.4669
164.3997 42.3462 0.4474
164.4233 42.3421 0.4241
164.4469 42.3379 0.3995
164.4705 42.3337 0.3757
164.4941 42.3295 0.3539
164.5177 42.3253 0.3353
164.5413 42.3211 0.3174
164.5649 42.3169 0.3003
164.5885 42.3127 0.2852
164.6121 42.3085 0.2710
164.6357 42.3043 0.2555
164.6592 42.3001 0.2393
164.6828 42.2958 0.2214
164.7064 42.2916 0.2018
164.7300 42.2874 0.1845
164.7535 42.2831 0.1686
164.7771 42.2789 0.1528
164.8007 42.2746 0.1409
164.8242 42.2704 0.1305
164.8478 42.2661 0.1211
164.8713 42.2618 0.1101
164.8949 42.2576 0.0977
164.9184 42.2533 0.0857
164.9419 42.2490 0.0743
164.9655 42.2447 0.0640
165.0831 42.2232 -0.0350
165.1772 42.2060 0.0385
165.2007 42.2016 0.0342
165.2242 42.1973 0.0309
165.2477 42.1929 0.0289
165.2712 42.1886 0.0290
165.2947 42.1842 0.0295
165.3182 42.1799 0.0306
165.3417 42.1755 0.0329
165.3651 42.1712 0.0368
165.3886 42.1668 0.0428
165.4121 42.1624 0.0505
165.4356 42.1580 0.0597
165.4590 42.1536 0.0693
165.4825 42.1493 0.0769
165.5060 42.1449 0.0819
165.5294 42.1405 0.0848
165.5529 42.1360 0.0881
165.5763 42.1316 0.0926
165.5998 42.1272 0.0981
165.6232 42.1228 0.1036
165.6467 42.1184 0.1099
165.6701 42.1140 0.1167
165.6936 42.1095 0.1240
165.7170 42.1051 0.1313
165.7404 42.1006 0.1387
165.7638 42.0962 0.1443
165.7873 42.0917 0.1515
164.3817 42.3679 0.4837
164.4053 42.3638 0.4624
164.4290 42.3596 0.4383
164.4526 42.3554 0.4133
164.4762 42.3512 0.3890
164.4998 42.3470 0.3662
164.5234 42.3428 0.3467
164.5470 42.3386 0.3282
164.5706 42.3344 0.3104
164.5942 42.3302 0.2937
164.6178 42.3260 0.2775
164.6414 42.3218 0.2618
164.6649 42.3176 0.2462
164.6885 42.3133 0.2287
164.7121 42.3091 0.2088
164.7357 42.3049 0.1896
164.7593 42.3006 0.1713
164.7828 42.2964 0.1540
164.8064 42.2921 0.1412
164.8300 42.2879 0.1310
164.8535 42.2836 0.1215
164.8771 42.2793 0.1088
164.9006 42.2751 0.0962
164.9242 42.2708 0.0835
164.9477 42.2665 0.0716
164.9713 42.2622 0.0616
165.1830 42.2234 0.0444
165.2065 42.2191 0.0416
165.2300 42.2148 0.0390
165.2535 42.2104 0.0376
165.2770 42.2061 0.0374
165.3005 42.2017 0.0379
165.3240 42.1973 0.0392
165.3475 42.1930 0.0409
165.3710 42.1886 0.0444
165.3945 42.1842 0.0496
165.4180 42.1799 0.0563
165.4415 42.1755 0.0642
165.4649 42.1711 0.0731
165.4884 42.1667 0.0803
165.5119 42.1623 0.0854
165.5353 42.1579 0.0884
165.5588 42.1535 0.0917
165.5823 42.1491 0.0956
165.6057 42.1447 0.1006
165.6292 42.1402 0.1063
165.6526 42.1358 0.1125
165.6761 42.1314 0.1189
165.6995 42.1270 0.1252
165.7230 42.1225 0.1315
165.7464 42.1181 0.1379
165.7698 42.1136 0.1443
165.7933 42.1092 0.1540
164.3874 42.3855 0.4976
164.4110 42.3813 0.4760
164.4346 42.3771 0.4522
164.4582 42.3729 0.4272
164.4818 42.3687 0.4026
164.5054 42.3645 0.3786
164.5291 42.3604 0.3581
164.5527 42.3562 0.3385
164.5763 42.3519 0.3200
164.5999 42.3477 0.3007
164.6235 42.3435 0.2827
164.6471 42.3393 0.2666
164.6706 42.3351 0.2515
164.6942 42.3308 0.2354
164.7178 42.3266 0.2170
164.7414 42.3224 0.1981
164.7650 42.3181 0.1783
164.7886 42.3139 0.1599
164.8121 42.3096 0.1451
164.8357 42.3054 0.1322
164.8593 42.3011 0.1220
164.8828 42.2968 0.1092
164.9064 42.2926 0.0959
164.9299 42.2883 0.0837
164.9535 42.2840 0.0717
164.9770 42.2797 0.0626
165.1888 42.2409 0.0484
165.2124 42.2366 0.0465
165.2359 42.2322 0.0447
165.2594 42.2279 0.0441
165.2829 42.2235 0.0443
165.3064 42.2192 0.0461
165.3299 42.2148 0.0473
165.3534 42.2104 0.0494
165.3769 42.2061 0.0519
165.4004 42.2017 0.0562
165.4239 42.1973 0.0615
165.4474 42.1929 0.0679
165.4708 42.1885 0.0754
165.4943 42.1842 0.0821
165.5178 42.1798 0.0870
165.5413 42.1753 0.0903
165.5647 42.1709 0.0934
165.5882 42.1665 0.0970
165.6117 42.1621 0.1021
165.6351 42.1577 0.1078
165.6586 42.1533 0.1139
165.6820 42.1488 0.1199
165.7055 42.1444 0.1261
165.7289 42.1399 0.1319
165.7524 42.1355 0.1381
165.7758 42.1310 0.1453
165.7992 42.1266 0.1551
164.3930 42.4030 0.5109
164.4166 42.3988 0.4899
164.4402 42.3946 0.4664
164.4639 42.3905 0.4415
164.4875 42.3863 0.4168
164.5111 42.3821 0.3917
164.5347 42.3779 0.3701
164.5583 42.3737 0.3491
164.5819 42.3695 0.3285
164.6056 42.3653 0.3073
164.6292 42.3610 0.2878
164.6528 42.3568 0.2702
164.6764 42.3526 0.2560
164.6999 42.3484 0.2418
164.7235 42.3441 0.2256
164.7471 42.3399 0.2076
164.7707 42.3356 0.1879
164.7943 42.3314 0.1689
164.8179 42.3271 0.1530
164.8414 42.3229 0.1387
164.8650 42.3186 0.1263
164.8886 42.3143 0.1128
164.9121 42.3101 0.1008
164.9357 42.3058 0.0880
164.9593 42.3015 0.0764
164.9828 42.2972 0.0682
165.1006 42.2757 -0.0120
165.1947 42.2584 0.0514
165.2182 42.2540 0.0494
165.2417 42.2497 0.0477
165.2652 42.2453 0.0476
165.2887 42.2410 0.0483
165.3123 42.2366 0.0496
165.3358 42.2323 0.0517
165.3593 42.2279 0.0535
165.3828 42.2235 0.0568
165.4063 42.2192 0.0609
165.4298 42.2148 0.0658
165.4533 42.2104 0.0711
165.4767 42.2060 0.0771
165.5002 42.2016 0.0827
165.5237 42.1972 0.0870
165.5472 42.1928 0.0900
165.5707 42.1884 0.0931
165.5941 42.1840 0.0965
165.6176 42.1796 0.1016
165.6411 42.1751 0.1075
165.6645 42.1707 0.1137
165.6880 42.1663 0.1198
165.7114 42.1618 0.1263
165.7349 42.1574 0.1319
165.7583 42.1529 0.1386
165.7818 42.1485 0.1457
165.8052 42.1440 0.1545
164.3986 42.4205 0.5264
164.4223 42.4163 0.5049
164.4459 42.4122 0.4809
164.4695 42.4080 0.4554
164.4932 42.4038 0.4304
164.5168 42.3996 0.4049
164.5404 42.3954 0.3819
164.5640 42.3912 0.3600
164.5876 42.3870 0.3383
164.6112 42.3828 0.3162
164.6349 42.3785 0.2949
164.6585 42.3743 0.2767
164.6821 42.3701 0.2617
164.7057 42.3659 0.2482
164.7293 42.3616 0.2338
164.7529 42.3574 0.2179
164.7764 42.3531 0.1999
164.8000 42.3489 0.1810
164.8236 42.3446 0.1629
164.8472 42.3404 0.1472
164.8708 42.3361 0.1324
164.8943 42.3318 0.1191
164.9179 42.3275 0.1063
164.9415 42.3233 0.0948
164.9650 42.3190 0.0826
164.9886 42.3147 0.0739
165.2005 42.2758 0.0516
165.2240 42.2715 0.0493
165.2476 42.2672 0.0480
165.2711 42.2628 0.0478
165.2946 42.2585 0.0481
165.3181 42.2541 0.0486
165.3416 42.2497 0.0508
165.3652 42.2454 0.0536
165.3887 42.2410 0.0582
165.4122 42.2366 0.0633
165.4357 42.2322 0.0686
165.4592 42.2278 0.0735
165.4827 42.2234 0.0788
165.5061 42.2191 0.0835
165.5296 42.2146 0.0873
165.5531 42.2102 0.0901
165.5766 42.2058 0.0929
165.6001 42.2014 0.0962
165.6235 42.1970 0.1010
165.6470 42.1926 0.1069
165.6705 42.1881 0.1137
165.6939 42.1837 0.1200
165.7174 42.1793 0.1262
165.7409 42.1748 0.1321
165.7643 42.1704 0.1392
165.7878 42.1659 0.1456
165.8112 42.1614 0.1550
164.4043 42.4380 0.5440
164.4279 42.4339 0.5205
164.4515 42.4297 0.4949
164.4752 42.4255 0.4690
164.4988 42.4213 0.4433
164.5224 42.4171 0.4176
164.5461 42.4129 0.3950
164.5697 42.4087 0.3730
164.5933 42.4045 0.3506
164.6169 42.4003 0.3280
164.6406 42.3961 0.3056
164.6642 42.3918 0.2863
164.6878 42.3876 0.2714
164.7114 42.3834 0.2576
164.7350 42.3791 0.2438
164.7586 42.3749 0.2294
164.7822 42.3706 0.2131
164.8058 42.3664 0.1941
164.8294 42.3621 0.1750
164.8529 42.3579 0.1567
164.8765 42.3536 0.1414
164.9001 42.3493 0.1264
164.9237 42.3450 0.1131
164.9473 42.3408 0.1009
164.9708 42.3365 0.0900
164.9944 42.3322 0.0801
165.2064 42.2933 0.0515
165.2299 42.2890 0.0495
165.2534 42.2846 0.0478
165.2770 42.2803 0.0469
165.3005 42.2759 0.0457
165.3240 42.2716 0.0450
165.3475 42.2672 0.0471
165.3710 42.2628 0.0509
165.3946 42.2585 0.0569
165.4181 42.2541 0.0632
165.4416 42.2497 0.0700
165.4651 42.2453 0.0757
165.4886 42.2409 0.0819
165.5121 42.2365 0.0868
165.5356 42.2321 0.0903
165.5590 42.2277 0.0928
165.5825 42.2233 0.0950
165.6060 42.2189 0.0976
165.6295 42.2144 0.1017
165.6530 42.2100 0.1070
165.6764 42.2056 0.1135
165.6999 42.2011 0.1201
165.7234 42.1967 0.1260
165.7468 42.1922 0.1324
165.7703 42.1878 0.1394
165.7938 42.1833 0.1469
165.8172 42.1789 0.1560
164.4099 42.4556 0.5627
164.4336 42.4514 0.5376
164.4572 42.4472 0.5112
164.4808 42.4430 0.4842
164.5045 42.4388 0.4580
164.5281 42.4346 0.4326
164.5518 42.4304 0.4093
164.5754 42.4262 0.3864
164.5990 42.4220 0.3640
164.6226 42.4178 0.3417
164.6463 42.4136 0.3190
164.6699 42.4093 0.2986
164.6935 42.4051 0.2823
164.7171 42.4009 0.2689
164.7407 42.3966 0.2554
164.7643 42.3924 0.2414
164.7879 42.3881 0.2257
164.8115 42.3839 0.2080
164.8351 42.3796 0.1877
164.8587 42.3754 0.1693
164.8823 42.3711 0.1521
164.9059 42.3668 0.1358
164.9295 42.3625 0.1211
164.9530 42.3582 0.1082
164.9766 42.3540 0.0956
165.0002 42.3497 0.0862
165.2122 42.3108 0.0521
165.2357 42.3064 0.0499
165.2593 42.3021 0.0486
165.2828 42.2977 0.0460
165.3064 42.2934 0.0432
165.3299 42.2890 0.0418
165.3534 42.2847 0.0433
165.3769 42.2803 0.0477
165.4004 42.2759 0.0550
165.4240 42.2715 0.0626
165.4475 42.2671 0.0703
165.4710 42.2627 0.0774
165.4945 42.2584 0.0850
165.5180 42.2540 0.0908
165.5415 42.2495 0.0953
165.5650 42.2451 0.0976
165.5885 42.2407 0.0990
165.6120 42.2363 0.1008
165.6354 42.2319 0.1039
165.6589 42.2274 0.1085
165.6824 42.2230 0.1145
165.7059 42.2186 0.1205
165.7294 42.2141 0.1265
165.7528 42.2097 0.1327
165.7763 42.2052 0.1401
165.7998 42.2008 0.1484
165.8232 42.1963 0.1562
164.4156 42.4731 0.5838
164.4392 42.4689 0.5573
164.4629 42.4647 0.5292
164.4865 42.4605 0.5022
164.5102 42.4564 0.4757
164.5338 42.4522 0.4492
164.5574 42.4479 0.4258
164.5811 42.4437 0.4025
164.6047 42.4395 0.3796
164.6283 42.4353 0.3569
164.6520 42.4311 0.3338
164.6756 42.4269 0.3125
164.6992 42.4226 0.2949
164.7228 42.4184 0.2804
164.7464 42.4141 0.2672
164.7701 42.4099 0.2528
164.7937 42.4056 0.2368
164.8173 42.4014 0.2190
164.8409 42.3971 0.2009
164.8645 42.3929 0.1820
164.8881 42.3886 0.1642
164.9117 42.3843 0.1488
164.9352 42.3800 0.1336
164.9588 42.3757 0.1174
164.9824 42.3714 0.1039
165.0060 42.3671 0.0942
165.1238 42.3456 0.0190
165.2181 42.3283 0.0546
165.2416 42.3239 0.0524
165.2652 42.3196 0.0502
165.2887 42.3152 0.0468
165.3122 42.3109 0.0429
165.3358 42.3065 0.0411
165.3593 42.3021 0.0429
165.3828 42.2977 0.0477
165.4063 42.2934 0.0554
165.4299 42.2890 0.0636
165.4534 42.2846 0.0716
165.4769 42.2802 0.0801
165.5004 42.2758 0.0883
165.5239 42.2714 0.0951
165.5474 42.2670 0.1003
165.5709 42.2626 0.1026
165.5944 42.2582 0.1037
165.6179 42.2537 0.1050
165.6414 42.2493 0.1072
165.6649 42.2449 0.1110
165.6884 42.2404 0.1162
165.7119 42.2360 0.1214
165.7353 42.2316 0.1267
165.7588 42.2271 0.1325
165.7823 42.2226 0.1405
165.8058 42.2182 0.1482
165.8292 42.2137 0.1555
164.4212 42.4906 0.6046
164.4449 42.4864 0.5785
164.4685 42.4823 0.5497
164.4922 42.4781 0.5217
164.5158 42.4739 0.4951
164.5395 42.4697 0.4678
164.5631 42.4655 0.4435
164.5868 42.4613 0.4192
164.6104 42.4570 0.3958
164.6340 42.4528 0.3720
164.6577 42.4486 0.3490
164.6813 42.4444 0.3271
164.7049 42.4401 0.3083
164.7286 42.4359 0.2920
164.7522 42.4316 0.2780
164.7758 42.4274 0.2627
164.7994 42.4231 0.2460
164.8230 42.4189 0.2288
164.8466 42.4146 0.2108
164.8702 42.4104 0.1926
164.8938 42.4061 0.1757
164.9174 42.4018 0.1608
164.9410 42.3975 0.1445
164.9646 42.3932 0.1283
164.9882 42.3889 0.1120
165.0118 42.3846 0.1024
165.2239 42.3457 0.0603
165.2475 42.3414 0.0568
165.2710 42.3370 0.0536
165.2946 42.3327 0.0495
165.3181 42.3283 0.0456
165.3416 42.3240 0.0438
165.3652 42.3196 0.0466
165.3887 42.3152 0.0519
165.4122 42.3108 0.0595
165.4358 42.3064 0.0671
165.4593 42.3020 0.0742
165.4828 42.2977 0.0824
165.5063 42.2933 0.0907
165.5299 42.2888 0.0978
165.5534 42.2844 0.1034
165.5769 42.2800 0.1061
165.6004 42.2756 0.1071
165.6239 42.2712 0.1078
165.6474 42.2668 0.1095
165.6709 42.2623 0.1129
165.6944 42.2579 0.1179
165.7178 42.2534 0.1221
165.7413 42.2490 0.1268
165.7648 42.2445 0.1321
165.7883 42.2401 0.1396
165.8118 42.2356 0.1465
165.8352 42.2311 0.1540
164.4269 42.5082 0.6275
164.4505 42.5040 0.6007
164.4742 42.4998 0.5710
164.4979 42.4956 0.5422
164.5215 42.4914 0.5153
164.5452 42.4872 0.4881
164.5688 42.4830 0.4629
164.5925 42.4788 0.4378
164.6161 42.4746 0.4130
164.6398 42.4703 0.3891
164.6634 42.4661 0.3656
164.6870 42.4619 0.3438
164.7107 42.4576 0.3237
164.7343 42.4534 0.3062
164.7579 42.4492 0.2903
164.7815 42.4449 0.2731
164.8052 42.4406 0.2559
164.8288 42.4364 0.2390
164.8524 42.4321 0.2216
164.8760 42.4278 0.2050
164.8996 42.4236 0.1892
164.9232 42.4193 0.1729
164.9468 42.4150 0.1568
164.9704 42.4107 0.1383
164.9940 42.4064 0.1228
165.0176 42.4021 0.1114
165.2298 42.3632 0.0675
165.2533 42.3589 0.0635
165.2769 42.3545 0.0594
165.3004 42.3501 0.0553
165.3240 42.3458 0.0518
165.3475 42.3414 0.0506
165.3711 42.3370 0.0537
165.3946 42.3327 0.0591
165.4182 42.3283 0.0660
165.4417 42.3239 0.0722
165.4652 42.3195 0.0782
165.4887 42.3151 0.0845
165.5123 42.3107 0.0914
165.5358 42.3063 0.0982
165.5593 42.3019 0.1040
165.5828 42.2975 0.1068
165.6063 42.2930 0.1079
165.6298 42.2886 0.1077
165.6533 42.2842 0.1093
165.6768 42.2798 0.1127
165.7003 42.2753 0.1177
165.7238 42.2709 0.1222
165.7473 42.2664 0.1269
165.7708 42.2620 0.1313
165.7943 42.2575 0.1384
165.8178 42.2530 0.1448
165.8412 42.2486 0.1520
164.4325 42.5257 0.6512
164.4562 42.5215 0.6220
164.4799 42.5173 0.5909
164.5035 42.5131 0.5627
164.5272 42.5089 0.5356
164.5509 42.5047 0.5085
164.5745 42.5005 0.4822
164.5982 42.4963 0.4557
164.6218 42.4921 0.4298
164.6455 42.4878 0.4049
164.6691 42.4836 0.3814
164.6928 42.4794 0.3593
164.7164 42.4751 0.3386
164.7400 42.4709 0.3197
164.7637 42.4667 0.3021
164.7873 42.4624 0.2837
164.8109 42.4581 0.2656
164.8345 42.4539 0.2488
164.8582 42.4496 0.2321
164.8818 42.4453 0.2153
164.9054 42.4411 0.1982
164.9290 42.4368 0.1823
164.9526 42.4325 0.1646
164.9762 42.4282 0.1482
164.9998 42.4239 0.1314
165.0234 42.4196 0.1197
165.1413 42.3980 0.0170
165.2356 42.3807 0.0750
165.2592 42.3763 0.0712
165.2828 42.3720 0.0680
165.3063 42.3676 0.0643
165.3299 42.3632 0.0611
165.3534 42.3589 0.0603
165.3770 42.3545 0.0634
165.4005 42.3501 0.0679
165.4241 42.3457 0.0731
165.4476 42.3413 0.0773
165.4711 42.3370 0.0810
165.4947 42.3326 0.0847
165.5182 42.3282 0.0902
165.5417 42.3237 0.0959
165.5653 42.3193 0.1016
165.5888 42.3149 0.1046
165.6123 42.3105 0.1056
165.6358 42.3061 0.1055
165.6593 42.3016 0.1072
165.6828 42.2972 0.1110
165.7063 42.2927 0.1164
165.7298 42.2883 0.1215
165.7533 42.2839 0.1263
165.7768 42.2794 0.1303
165.8003 42.2749 0.1368
165.8238 42.2705 0.1431
165.8473 42.2660 0.1505
164.4382 42.5432 0.6738
164.4619 42.5390 0.6441
164.4855 42.5348 0.6122
164.5092 42.5306 0.5836
164.5329 42.5264 0.5557
164.5566 42.5222 0.5279
164.5802 42.5180 0.5013
164.6039 42.5138 0.4736
164.6275 42.5096 0.4464
164.6512 42.5054 0.4203
164.6748 42.5011 0.3969
164.6985 42.4969 0.3752
164.7221 42.4927 0.3541
164.7458 42.4884 0.3340
164.7694 42.4842 0.3151
164.7930 42.4799 0.2958
164.8167 42.4756 0.2772
164.8403 42.4714 0.2596
164.8639 42.4671 0.2423
164.8876 42.4628 0.2251
164.9112 42.4586 0.2070
164.9348 42.4543 0.1908
164.9584 42.4500 0.1733
164.9820 42.4457 0.1568
165.0056 42.4414 0.1437
165.0292 42.4371 0.1319
165.2415 42.3981 0.0847
165.2651 42.3938 0.0822
165.2886 42.3894 0.0797
165.3122 42.3851 0.0780
165.3358 42.3807 0.0747
165.3593 42.3763 0.0734
165.3829 42.3720 0.0744
165.4064 42.3676 0.0765
165.4300 42.3632 0.0791
165.4535 42.3588 0.0806
165.4771 42.3544 0.0823
165.5006 42.3500 0.0844
165.5241 42.3456 0.0887
165.5477 42.3412 0.0934
165.5712 42.3368 0.0982
165.5947 42.3324 0.1009
165.6182 42.3279 0.1019
165.6418 42.3235 0.1020
165.6653 42.3191 0.1041
165.6888 42.3146 0.1083
165.7123 42.3102 0.1145
165.7358 42.3057 0.1203
165.7593 42.3013 0.1260
165.7828 42.2968 0.1301
165.8063 42.2924 0.1359
165.8298 42.2879 0.1414
165.8533 42.2834 0.1482
164.4439 42.5607 0.6933
164.4675 42.5565 0.6646
164.4912 42.5524 0.6332
164.5149 42.5482 0.6036
164.5386 42.5440 0.5754
164.5623 42.5397 0.5462
164.5859 42.5355 0.5181
164.6096 42.5313 0.4894
164.6333 42.5271 0.4619
164.6569 42.5229 0.4355
164.6806 42.5186 0.4121
164.7042 42.5144 0.3902
164.7279 42.5102 0.3688
164.7515 42.5059 0.3482
164.7752 42.5017 0.3287
164.7988 42.4974 0.3087
164.8224 42.4931 0.2890
164.8461 42.4889 0.2704
164.8697 42.4846 0.2521
164.8933 42.4803 0.2342
164.9170 42.4761 0.2159
164.9406 42.4718 0.1996
164.9642 42.4675 0.1828
164.9878 42.4632 0.1691
165.0114 42.4589 0.1580
165.0350 42.4546 0.1465
165.2474 42.4156 0.0997
165.2710 42.4113 0.0943
165.2945 42.4069 0.0927
165.3181 42.4025 0.0904
165.3417 42.3982 0.0878
165.3652 42.3938 0.0847
165.3888 42.3894 0.0833
165.4123 42.3850 0.0834
165.4359 42.3806 0.0831
165.4595 42.3763 0.0821
165.4830 42.3719 0.0824
165.5065 42.3675 0.0835
165.5301 42.3630 0.0873
165.5536 42.3586 0.0912
165.5772 42.3542 0.0948
165.6007 42.3498 0.0969
165.6242 42.3454 0.0977
165.6477 42.3409 0.0982
165.6713 42.3365 0.1009
165.6948 42.3321 0.1054
165.7183 42.3276 0.1122
165.7418 42.3232 0.1182
165.7653 42.3187 0.1244
165.7888 42.3143 0.1286
165.8123 42.3098 0.1344
165.8358 42.3053 0.1397
165.8593 42.3008 0.1455
164.4495 42.5783 0.7086
164.4732 42.5741 0.6805
164.4969 42.5699 0.6501
164.5206 42.5657 0.6219
164.5443 42.5615 0.5922
164.5680 42.5573 0.5615
164.5916 42.5531 0.5330
164.6153 42.5488 0.5045
164.6390 42.5446 0.4774
164.6626 42.5404 0.4519
164.6863 42.5361 0.4283
164.7100 42.5319 0.4066
164.7336 42.5277 0.3852
164.7573 42.5234 0.3642
164.7809 42.5192 0.3439
164.8046 42.5149 0.3232
164.8282 42.5106 0.3022
164.8519 42.5064 0.2819
164.8755 42.5021 0.2620
164.8991 42.4978 0.2430
164.9228 42.4935 0.2252
164.9464 42.4893 0.2096
164.9700 42.4850 0.1949
164.9936 42.4807 0.1835
165.0173 42.4764 0.1739
165.0409 42.4721 0.1640
165.2533 42.4331 0.1128
165.2768 42.4287 0.1070
165.3004 42.4244 0.1036
165.3240 42.4200 0.1007
165.3476 42.4156 0.0970
165.3711 42.4113 0.0927
165.3947 42.4069 0.0900
165.4183 42.4025 0.0876
165.4418 42.3981 0.0849
165.4654 42.3937 0.0829
165.4889 42.3893 0.0827
165.5125 42.3849 0.0836
165.5360 42.3805 0.0865
165.5596 42.3761 0.0893
165.5831 42.3717 0.0918
165.6067 42.3672 0.0928
165.6302 42.3628 0.0936
165.6537 42.3584 0.0949
165.6772 42.3539 0.0982
165.7008 42.3495 0.1034
165.7243 42.3450 0.1099
165.7478 42.3406 0.1159
165.7713 42.3361 0.1216
165.7948 42.3317 0.1261
165.8183 42.3272 0.1315
165.8418 42.3227 0.1371
165.8653 42.3183 0.1438
164.4552 42.5958 0.7202
164.4789 42.5916 0.6935
164.5026 42.5874 0.6655
164.5263 42.5832 0.6367
164.5500 42.5790 0.6070
164.5737 42.5748 0.5764
164.5973 42.5706 0.5473
164.6210 42.5663 0.5191
164.6447 42.5621 0.4932
164.6684 42.5579 0.4689
164.6920 42.5537 0.4461
164.7157 42.5494 0.4239
164.7394 42.5452 0.4018
164.7630 42.5409 0.3800
164.7867 42.5367 0.3589
164.8103 42.5324 0.3378
164.8340 42.5281 0.3163
164.8576 42.5239 0.2952
164.8813 42.5196 0.2744
164.9049 42.5153 0.2546
164.9286 42.5110 0.2361
164.9522 42.5067 0.2214
164.9758 42.5025 0.2089
164.9994 42.4982 0.1992
165.0231 42.4938 0.1901
165.0467 42.4895 0.1802
165.1647 42.4679 0.0520
165.2591 42.4505 0.1198
165.2827 42.4462 0.1142
165.3063 42.4418 0.1105
165.3299 42.4375 0.1055
165.3535 42.4331 0.1011
165.3770 42.4287 0.0956
165.4006 42.4243 0.0908
165.4242 42.4199 0.0876
165.4478 42.4156 0.0852
165.4713 42.4112 0.0833
165.4949 42.4068 0.0827
165.5184 42.4023 0.0834
165.5420 42.3979 0.0854
165.5655 42.3935 0.0879
165.5891 42.3891 0.0893
165.6126 42.3847 0.0897
165.6362 42.3802 0.0904
165.6597 42.3758 0.0923
165.6832 42.3714 0.0965
165.7068 42.3669 0.1023
165.7303 42.3625 0.1087
165.7538 42.3580 0.1143
165.7773 42.3536 0.1192
165.8008 42.3491 0.1237
165.8244 42.3446 0.1295
165.8479 42.3402 0.1362
165.8714 42.3357 0.1440
164.4609 42.6133 0.7291
164.4846 42.6091 0.7046
164.5083 42.6049 0.6772
164.5320 42.6007 0.6492
164.5557 42.5965 0.6196
164.5794 42.5923 0.5898
164.6031 42.5881 0.5614
164.6267 42.5839 0.5337
164.6504 42.5796 0.5088
164.6741 42.5754 0.4855
164.6978 42.5712 0.4629
164.7214 42.5669 0.4403
164.7451 42.5627 0.4175
164.7688 42.5584 0.3952
164.7924 42.5542 0.3744
164.8161 42.5499 0.3533
164.8398 42.5456 0.3320
164.8634 42.5414 0.3105
164.8871 42.5371 0.2890
164.9107 42.5328 0.2687
164.9344 42.5285 0.2504
164.9580 42.5242 0.2362
164.9816 42.5199 0.2246
165.0053 42.5156 0.2144
165.0289 42.5113 0.2059
165.0525 42.5070 0.1959
165.2650 42.4680 0.1246
165.2886 42.4637 0.1183
165.3122 42.4593 0.1143
165.3358 42.4549 0.1089
165.3594 42.4505 0.1023
165.3830 42.4462 0.0940
165.4065 42.4418 0.0886
165.4301 42.4374 0.0852
165.4537 42.4330 0.0838
165.4773 42.4286 0.0826
165.5008 42.4242 0.0819
165.5244 42.4198 0.0818
165.5479 42.4154 0.0833
165.5715 42.4110 0.0843
165.5950 42.4065 0.0853
165.6186 42.4021 0.0860
165.6421 42.3977 0.0878
165.6657 42.3933 0.0909
165.6892 42.3888 0.0958
165.7128 42.3844 0.1016
165.7363 42.3799 0.1078
165.7598 42.3755 0.1128
165.7833 42.3710 0.1174
165.8069 42.3665 0.1223
165.8304 42.3621 0.1289
165.8539 42.3576 0.1361
165.8774 42.3531 0.1446
164.4666 42.6308 0.7366
164.4903 42.6266 0.7127
164.5140 42.6224 0.6874
164.5377 42.6182 0.6612
164.5614 42.6140 0.6340
164.5851 42.6098 0.6052
164.6088 42.6056 0.5781
164.6325 42.6014 0.5512
164.6562 42.5971 0.5267
164.6798 42.5929 0.5031
164.7035 42.5887 0.4799
164.7272 42.5844 0.4565
164.7509 42.5802 0.4336
164.7745 42.5759 0.4115
164.7982 42.5717 0.3905
164.8219 42.5674 0.3694
164.8455 42.5631 0.3479
164.8692 42.5589 0.3272
164.8929 42.5546 0.3057
164.9165 42.5503 0.2854
164.9402 42.5460 0.2674
164.9638 42.5417 0.2531
164.9874 42.5374 0.2413
165.0111 42.5331 0.2309
165.0347 42.5288 0.2215
165.0584 42.5245 0.2121
165.2709 42.4855 0.1276
165.2945 42.4811 0.1198
165.3181 42.4768 0.1149
165.3417 42.4724 0.1079
165.3653 42.4680 0.0988
165.3889 42.4636 0.0909
165.4125 42.4592 0.0853
165.4360 42.4549 0.0824
165.4596 42.4505 0.0815
165.4832 42.4461 0.0809
165.5068 42.4417 0.0801
165.5303 42.4372 0.0791
165.5539 42.4328 0.0793
165.5775 42.4284 0.0795
165.6010 42.4240 0.0812
165.6246 42.4196 0.0831
165.6481 42.4151 0.0863
165.6717 42.4107 0.0905
165.6952 42.4062 0.0958
165.7188 42.4018 0.1019
165.7423 42.3973 0.1082
165.7658 42.3929 0.1130
165.7894 42.3884 0.1169
165.8129 42.3840 0.1221
165.8364 42.3795 0.1288
165.8599 42.3750 0.1367
165.8835 42.3705 0.1458
164.4722 42.6484 0.7442
164.4960 42.6442 0.7208
164.5197 42.6400 0.6971
164.5434 42.6358 0.6736
164.5671 42.6315 0.6482
164.5908 42.6273 0.6215
164.6145 42.6231 0.5957
164.6382 42.6189 0.5698
164.6619 42.6147 0.5454
164.6856 42.6104 0.5210
164.7093 42.6062 0.4969
164.7330 42.6019 0.4733
164.7566 42.5977 0.4507
164.7803 42.5934 0.4289
164.8040 42.5892 0.4076
164.8277 42.5849 0.3862
164.8513 42.5806 0.3656
164.8750 42.5764 0.3454
164.8987 42.5721 0.3246
164.9223 42.5678 0.3044
164.9460 42.5635 0.2862
164.9696 42.5592 0.2712
164.9933 42.5549 0.2582
165.0169 42.5506 0.2466
165.0406 42.5463 0.2378
165.0642 42.5420 0.2288
165.1823 42.5203 0.0930
165.2768 42.5029 0.1304
165.3004 42.4986 0.1225
165.3240 42.4942 0.1150
165.3476 42.4898 0.1054
165.3712 42.4855 0.0961
165.3948 42.4811 0.0884
165.4184 42.4767 0.0829
165.4420 42.4723 0.0803
165.4656 42.4679 0.0794
165.4891 42.4635 0.0782
165.5127 42.4591 0.0777
165.5363 42.4547 0.0763
165.5599 42.4503 0.0758
165.5834 42.4459 0.0759
165.6070 42.4414 0.0775
165.6306 42.4370 0.0802
165.6541 42.4326 0.0844
165.6777 42.4281 0.0894
165.7012 42.4237 0.0960
165.7248 42.4192 0.1027
165.7483 42.4148 0.1098
165.7718 42.4103 0.1148
165.7954 42.4059 0.1193
165.8189 42.4014 0.1243
165.8424 42.3969 0.1305
165.8660 42.3924 0.1386
165.8895 42.3879 0.1465
164.4779 42.6659 0.7529
164.5017 42.6617 0.7310
164.5254 42.6575 0.7089
164.5491 42.6533 0.6878
164.5728 42.6491 0.6649
164.5965 42.6448 0.6401
164.6202 42.6406 0.6158
164.6439 42.6364 0.5905
164.6676 42.6322 0.5662
164.6913 42.6279 0.5412
164.7150 42.6237 0.5165
164.7387 42.6194 0.4926
164.7624 42.6152 0.4696
164.7861 42.6109 0.4476
164.8098 42.6067 0.4263
164.8334 42.6024 0.4051
164.8571 42.5981 0.3843
164.8808 42.5939 0.3649
164.9045 42.5896 0.3447
164.9281 42.5853 0.3244
164.9518 42.5810 0.3052
164.9754 42.5767 0.2888
164.9991 42.5724 0.2744
165.0227 42.5681 0.2617
165.0464 42.5638 0.2512
165.0700 42.5595 0.2422
165.2827 42.5204 0.1333
165.3063 42.5160 0.1249
165.3299 42.5117 0.1150
165.3535 42.5073 0.1045
165.3771 42.5029 0.0956
165.4007 42.4985 0.0884
165.4243 42.4942 0.0835
165.4479 42.4898 0.0807
165.4715 42.4854 0.0793
165.4951 42.4810 0.0780
165.5187 42.4766 0.0771
165.5423 42.4721 0.0754
165.5658 42.4677 0.0746
165.5894 42.4633 0.0744
165.6130 42.4589 0.0762
165.6365 42.4544 0.0792
165.6601 42.4500 0.0840
165.6837 42.4456 0.0896
165.7072 42.4411 0.0973
165.7308 42.4367 0.1055
165.7543 42.4322 0.1122
165.7779 42.4277 0.1181
165.8014 42.4233 0.1224
165.8249 42.4188 0.1275
165.8485 42.4143 0.1337
165.8720 42.4099 0.1396
165.8955 42.4054 0.1471
164.4836 42.6834 0.7644
164.5074 42.6792 0.7437
164.5311 42.6750 0.7232
164.5548 42.6708 0.7046
164.5785 42.6666 0.6834
164.6022 42.6624 0.6606
164.6260 42.6581 0.6377
164.6497 42.6539 0.6137
164.6734 42.6497 0.5893
164.6971 42.6454 0.5646
164.7208 42.6412 0.5399
164.7445 42.6369 0.5159
164.7682 42.6327 0.4918
164.7919 42.6284 0.4688
164.8155 42.6242 0.4465
164.8392 42.6199 0.4252
164.8629 42.6156 0.4050
164.8866 42.6114 0.3856
164.9103 42.6071 0.3656
164.9339 42.6028 0.3454
164.9576 42.5985 0.3251
164.9813 42.5942 0.3077
165.0049 42.5899 0.2916
165.0286 42.5856 0.2772
165.0522 42.5813 0.2655
165.0759 42.5769 0.2556
165.2886 42.5379 0.1393
165.3122 42.5335 0.1288
165.3358 42.5291 0.1189
165.3594 42.5248 0.1076
165.3831 42.5204 0.0985
165.4067 42.5160 0.0921
165.4303 42.5116 0.0875
165.4539 42.5072 0.0840
165.4775 42.5028 0.0823
165.5010 42.4984 0.0813
165.5246 42.4940 0.0802
165.5482 42.4896 0.0785
165.5718 42.4852 0.0777
165.5954 42.4807 0.0779
165.6190 42.4763 0.0794
165.6425 42.4719 0.0822
165.6661 42.4674 0.0868
165.6897 42.4630 0.0933
165.7132 42.4585 0.1014
165.7368 42.4541 0.1098
165.7603 42.4496 0.1172
165.7839 42.4452 0.1232
165.8074 42.4407 0.1281
165.8310 42.4362 0.1329
165.8545 42.4318 0.1381
165.8781 42.4273 0.1432
165.9016 42.4228 0.1490
164.4893 42.7009 0.7725
164.5131 42.6967 0.7550
164.5368 42.6925 0.7371
164.5605 42.6883 0.7199
164.5842 42.6841 0.7015
164.6080 42.6799 0.6809
164.6317 42.6756 0.6598
164.6554 42.6714 0.6370
164.6791 42.6672 0.6132
164.7028 42.6629 0.5894
164.7265 42.6587 0.5652
164.7502 42.6544 0.5411
164.7739 42.6502 0.5159
164.7976 42.6459 0.4914
164.8213 42.6417 0.4679
164.8450 42.6374 0.4454
164.8687 42.6331 0.4245
164.8924 42.6288 0.4045
164.9161 42.6246 0.3847
164.9397 42.6203 0.3647
164.9634 42.6160 0.3447
164.9871 42.6117 0.3267
165.0108 42.6074 0.3094
165.0344 42.6031 0.2937
165.0581 42.5987 0.2799
165.0817 42.5944 0.2680
165.2945 42.5553 0.1442
165.3181 42.5510 0.1338
165.3417 42.5466 0.1260
165.3654 42.5422 0.1151
165.3890 42.5378 0.1057
165.4126 42.5335 0.0986
165.4362 42.5291 0.0940
165.4598 42.5247 0.0906
165.4834 42.5203 0.0885
165.5070 42.5159 0.0872
165.5306 42.5114 0.0865
165.5542 42.5070 0.0852
165.5778 42.5026 0.0850
165.6014 42.4982 0.0847
165.6249 42.4938 0.0857
165.6485 42.4893 0.0884
165.6721 42.4849 0.0928
165.6957 42.4804 0.0990
165.7192 42.4760 0.1067
165.7428 42.4715 0.1149
165.7664 42.4671 0.1228
165.7899 42.4626 0.1288
165.8135 42.4581 0.1338
165.8370 42.4537 0.1384
165.8606 42.4492 0.1441
165.8841 42.4447 0.1481
165.9077 42.4402 0.1538
164.4950 42.7185 0.7795
164.5188 42.7142 0.7650
164.5425 42.7100 0.7495
164.5662 42.7058 0.7344
164.5900 42.7016 0.7175
164.6137 42.6974 0.6996
164.6374 42.6932 0.6809
164.6611 42.6889 0.6595
164.6849 42.6847 0.6380
164.7086 42.6805 0.6151
164.7323 42.6762 0.5917
164.7560 42.6720 0.5678
164.7797 42.6677 0.5421
164.8034 42.6634 0.5163
164.8271 42.6592 0.4908
164.8508 42.6549 0.4669
164.8745 42.6506 0.4443
164.8982 42.6463 0.4232
164.9219 42.6421 0.4032
164.9456 42.6378 0.3836
164.9692 42.6335 0.3647
164.9929 42.6292 0.3467
165.0166 42.6249 0.3284
165.0403 42.6205 0.3116
165.0639 42.6162 0.2968
165.0876 42.6119 0.2836
165.2059 42.5902 0.1610
165.3004 42.5728 0.1527
165.3240 42.5684 0.1423
165.3477 42.5641 0.1340
165.3713 42.5597 0.1272
165.3949 42.5553 0.1162
165.4185 42.5509 0.1086
165.4421 42.5465 0.1043
165.4658 42.5421 0.1003
165.4894 42.5377 0.0980
165.5130 42.5333 0.0966
165.5366 42.5289 0.0965
165.5602 42.5245 0.0952
165.5838 42.5201 0.0946
165.6073 42.5156 0.0943
165.6309 42.5112 0.0950
165.6545 42.5068 0.0973
165.6781 42.5023 0.1011
165.7017 42.4979 0.1062
165.7252 42.4934 0.1122
165.7488 42.4890 0.1193
165.7724 42.4845 0.1256
165.7960 42.4800 0.1313
165.8195 42.4756 0.1365
165.8431 42.4711 0.1419
165.8666 42.4666 0.1476
165.8902 42.4621 0.1503
165.9137 42.4576 0.1534
164.5007 42.7360 0.7831
164.5245 42.7318 0.7713
164.5482 42.7276 0.7585
164.5720 42.7233 0.7455
164.5957 42.7191 0.7314
164.6194 42.7149 0.7153
164.6432 42.7107 0.6988
164.6669 42.7064 0.6800
164.6906 42.7022 0.6602
164.7143 42.6980 0.6381
164.7381 42.6937 0.6156
164.7618 42.6895 0.5918
164.7855 42.6852 0.5665
164.8092 42.6809 0.5402
164.8329 42.6767 0.5133
164.8566 42.6724 0.4875
164.8803 42.6681 0.4631
164.9040 42.6638 0.4403
164.9277 42.6595 0.4195
164.9514 42.6553 0.3997
164.9751 42.6510 0.3817
164.9987 42.6467 0.3645
165.0224 42.6423 0.3469
165.0461 42.6380 0.3299
165.0698 42.6337 0.3147
165.0934 42.6294 0.3008
165.3063 42.5903 0.1642
165.3300 42.5859 0.1525
165.3536 42.5815 0.1462
165.3772 42.5771 0.1380
165.4008 42.5728 0.1300
165.4245 42.5684 0.1217
165.4481 42.5640 0.1159
165.4717 42.5596 0.1121
165.4953 42.5552 0.1093
165.5189 42.5508 0.1078
165.5425 42.5463 0.1074
165.5661 42.5419 0.1053
165.5897 42.5375 0.1045
165.6133 42.5331 0.1041
165.6369 42.5286 0.1049
165.6605 42.5242 0.1062
165.6841 42.5197 0.1087
165.7077 42.5153 0.1120
165.7313 42.5108 0.1162
165.7548 42.5064 0.1208
165.7784 42.5019 0.1260
165.8020 42.4975 0.1311
165.8256 42.4930 0.1374
165.8491 42.4885 0.1435
165.8727 42.4840 0.1489
165.8962 42.4795 0.1514
165.9198 42.4750 0.1529
164.5064 42.7535 0.7838
164.5302 42.7493 0.7742
164.5539 42.7451 0.7636
164.5777 42.7409 0.7530
164.6014 42.7366 0.7409
164.6252 42.7324 0.7273
164.6489 42.7282 0.7129
164.6727 42.7240 0.6963
164.6964 42.7197 0.6781
164.7201 42.7155 0.6576
164.7438 42.7112 0.6351
164.7676 42.7070 0.6120
164.7913 42.7027 0.5870
164.8150 42.6984 0.5610
164.8387 42.6942 0.5341
164.8624 42.6899 0.5073
164.8861 42.6856 0.4809
164.9098 42.6813 0.4565
164.9335 42.6770 0.4341
164.9572 42.6727 0.4139
164.9809 42.6684 0.3958
165.0046 42.6641 0.3791
165.0283 42.6598 0.3621
165.0520 42.6555 0.3457
165.0756 42.6512 0.3303
165.0993 42.6469 0.3158
165.3122 42.6077 0.1780
165.3359 42.6034 0.1667
165.3595 42.5990 0.1587
165.3832 42.5946 0.1514
165.4068 42.5902 0.1424
165.4304 42.5858 0.1349
165.4540 42.5814 0.1284
165.4777 42.5770 0.1251
165.5013 42.5726 0.1221
165.5249 42.5682 0.1209
165.5485 42.5638 0.1193
165.5721 42.5594 0.1169
165.5957 42.5549 0.1155
165.6193 42.5505 0.1145
165.6429 42.5461 0.1141
165.6665 42.5416 0.1136
165.6901 42.5372 0.1143
165.7137 42.5327 0.1155
165.7373 42.5283 0.1180
165.7609 42.5238 0.1205
165.7845 42.5194 0.1236
165.8080 42.5149 0.1274
165.8316 42.5104 0.1342
165.8552 42.5059 0.1401
165.8787 42.5014 0.1456
165.9023 42.4969 0.1490
165.9259 42.4925 0.1513
164.5122 42.7710 0.7802
164.5359 42.7668 0.7727
164.5597 42.7626 0.7644
164.5834 42.7584 0.7556
164.6072 42.7542 0.7466
164.6309 42.7499 0.7346
164.6547 42.7457 0.7229
164.6784 42.7415 0.7076
164.7021 42.7372 0.6911
164.7259 42.7330 0.6716
164.7496 42.7287 0.6501
164.7733 42.7245 0.6270
164.7971 42.7202 0.6035
164.8208 42.7159 0.5785
164.8445 42.7117 0.5529
164.8682 42.7074 0.5257
164.8919 42.7031 0.4980
164.9156 42.6988 0.4719
164.9393 42.6945 0.4483
164.9630 42.6902 0.4271
164.9867 42.6859 0.4089
165.0104 42.6816 0.3923
165.0341 42.6773 0.3758
165.0578 42.6730 0.3602
165.0815 42.6687 0.3451
165.1052 42.6643 0.3300
165.2235 42.6426 0.2090
165.3182 42.6252 0.1948
165.3418 42.6208 0.1828
165.3655 42.6164 0.1734
165.3891 42.6121 0.1639
165.4127 42.6077 0.1546
165.4364 42.6033 0.1461
165.4600 42.5989 0.1405
165.4836 42.5945 0.1377
165.5073 42.5901 0.1364
165.5309 42.5856 0.1333
165.5545 42.5812 0.1301
165.5781 42.5768 0.1269
165.6017 42.5724 0.1246
165.6253 42.5679 0.1222
165.6489 42.5635 0.1206
165.6725 42.5591 0.1191
165.6961 42.5546 0.1178
165.7197 42.5502 0.1174
165.7433 42.5457 0.1184
165.7669 42.5412 0.1193
165.7905 42.5368 0.1216
165.8141 42.5323 0.1248
165.8377 42.5278 0.1300
165.8612 42.5233 0.1360
165.8848 42.5189 0.1422
165.9084 42.5144 0.1463
165.9319 42.5099 0.1503
164.5179 42.7885 0.7764
164.5416 42.7843 0.7705
164.5654 42.7801 0.7636
164.5892 42.7759 0.7567
164.6129 42.7717 0.7498
164.6367 42.7674 0.7402
164.6604 42.7632 0.7297
164.6842 42.7590 0.7164
164.7079 42.7547 0.7010
164.7317 42.7505 0.6829
164.7554 42.7462 0.6619
164.7791 42.7420 0.6398
164.8029 42.7377 0.6175
164.8266 42.7334 0.5944
164.8503 42.7292 0.5690
164.8740 42.7249 0.5422
164.8977 42.7206 0.5139
164.9215 42.7163 0.4867
164.9452 42.7120 0.4617
164.9689 42.7077 0.4400
164.9926 42.7034 0.4215
165.0163 42.6991 0.4050
165.0400 42.6948 0.3885
165.0637 42.6905 0.3728
165.0874 42.6862 0.3586
165.1110 42.6818 0.3432
165.3241 42.6427 0.2137
165.3477 42.6383 0.2021
165.3714 42.6339 0.1914
165.3950 42.6295 0.1793
165.4187 42.6251 0.1675
165.4423 42.6207 0.1582
165.4660 42.6163 0.1528
165.4896 42.6119 0.1506
165.5132 42.6075 0.1484
165.5369 42.6031 0.1449
165.5605 42.5987 0.1403
165.5841 42.5943 0.1356
165.6077 42.5898 0.1331
165.6313 42.5854 0.1293
165.6549 42.5809 0.1271
165.6785 42.5765 0.1246
165.7022 42.5721 0.1217
165.7258 42.5676 0.1194
165.7494 42.5631 0.1187
165.7729 42.5587 0.1185
165.7965 42.5542 0.1202
165.8201 42.5497 0.1227
165.8437 42.5453 0.1274
165.8673 42.5408 0.1328
165.8909 42.5363 0.1391
165.9144 42.5318 0.1451
165.9380 42.5273 0.1515
164.5236 42.8061 0.7690
164.5474 42.8018 0.7652
164.5711 42.7976 0.7608
164.5949 42.7934 0.7561
164.6187 42.7892 0.7512
164.6424 42.7850 0.7431
164.6662 42.7807 0.7340
164.6899 42.7765 0.7221
164.7137 42.7722 0.7083
164.7374 42.7680 0.6915
164.7612 42.7637 0.6723
164.7849 42.7595 0.6519
164.8086 42.7552 0.6309
164.8324 42.7509 0.6084
164.8561 42.7467 0.5842
164.8798 42.7424 0.5576
164.9036 42.7381 0.5292
164.9273 42.7338 0.5013
164.9510 42.7295 0.4759
164.9747 42.7252 0.4537
164.9984 42.7209 0.4344
165.0221 42.7166 0.4175
165.0458 42.7123 0.4013
165.0695 42.7080 0.3860
165.0932 42.7036 0.3719
165.1169 42.6993 0.3564
165.3300 42.6601 0.2336
165.3537 42.6557 0.2206
165.3773 42.6514 0.2081
165.4010 42.6470 0.1940
165.4246 42.6426 0.1803
165.4483 42.6382 0.1707
165.4719 42.6338 0.1657
165.4956 42.6294 0.1625
165.5192 42.6250 0.1587
165.5428 42.6205 0.1536
165.5665 42.6161 0.1479
165.5901 42.6117 0.1430
165.6137 42.6073 0.1395
165.6373 42.6028 0.1358
165.6610 42.5984 0.1325
165.6846 42.5939 0.1291
165.7082 42.5895 0.1250
165.7318 42.5850 0.1214
165.7554 42.5806 0.1189
165.7790 42.5761 0.1179
165.8026 42.5716 0.1189
165.8262 42.5672 0.1213
165.8498 42.5627 0.1260
165.8734 42.5582 0.1318
165.8969 42.5537 0.1376
165.9205 42.5492 0.1442
165.9441 42.5447 0.1519
164.5293 42.8236 0.7598
164.5531 42.8194 0.7593
164.5769 42.8151 0.7577
164.6006 42.8109 0.7553
164.6244 42.8067 0.7517
164.6482 42.8025 0.7453
164.6719 42.7982 0.7371
164.6957 42.7940 0.7271
164.7195 42.7897 0.7143
164.7432 42.7855 0.6998
164.7670 42.7812 0.6822
164.7907 42.7770 0.6640
164.8144 42.7727 0.6449
164.8382 42.7684 0.6238
164.8619 42.7642 0.6001
164.8857 42.7599 0.5744
164.9094 42.7556 0.5463
164.9331 42.7513 0.5182
164.9568 42.7470 0.4921
164.9805 42.7427 0.4692
165.0043 42.7384 0.4497
165.0280 42.7341 0.4320
165.0517 42.7298 0.4157
165.0754 42.7254 0.4004
165.0991 42.7211 0.3861
165.1228 42.7168 0.3702
165.3359 42.6776 0.2514
165.3596 42.6732 0.2378
165.3833 42.6688 0.2240
165.4069 42.6644 0.2084
165.4306 42.6600 0.1933
165.4542 42.6556 0.1835
165.4779 42.6512 0.1765
165.5015 42.6468 0.1715
165.5252 42.6424 0.1657
165.5488 42.6380 0.1587
165.5725 42.6336 0.1522
165.5961 42.6291 0.1471
165.6197 42.6247 0.1439
165.6433 42.6203 0.1404
165.6670 42.6158 0.1369
165.6906 42.6114 0.1333
165.7142 42.6069 0.1292
165.7378 42.6025 0.1252
165.7614 42.5980 0.1210
165.7850 42.5935 0.1191
165.8086 42.5891 0.1196
165.8322 42.5846 0.1217
165.8558 42.5801 0.1265
165.8794 42.5756 0.1326
165.9030 42.5711 0.1385
165.9266 42.5666 0.1449
165.9502 42.5621 0.1517
164.5351 42.8411 0.7474
164.5588 42.8369 0.7502
164.5826 42.8327 0.7513
164.6064 42.8284 0.7503
164.6302 42.8242 0.7490
164.6539 42.8200 0.7443
164.6777 42.8157 0.7385
164.7015 42.8115 0.7301
164.7252 42.8072 0.7195
164.7490 42.8030 0.7071
164.7727 42.7987 0.6921
164.7965 42.7945 0.6762
164.8202 42.7902 0.6588
164.8440 42.7859 0.6389
164.8677 42.7816 0.6170
164.8915 42.7774 0.5922
164.9152 42.7731 0.5649
164.9389 42.7688 0.5372
164.9627 42.7645 0.5109
164.9864 42.7602 0.4875
165.0101 42.7559 0.4672
165.0338 42.7516 0.4492
165.0575 42.7472 0.4325
165.0813 42.7429 0.4172
165.1050 42.7386 0.4025
165.1287 42.7343 0.3861
165.2472 42.7125 0.2960
165.3419 42.6950 0.2672
165.3656 42.6907 0.2526
165.3892 42.6863 0.2374
165.4129 42.6819 0.2207
165.4365 42.6775 0.2048
165.4602 42.6731 0.1930
165.4839 42.6687 0.1847
165.5075 42.6643 0.1773
165.5312 42.6599 0.1703
165.5548 42.6554 0.1618
165.5785 42.6510 0.1545
165.6021 42.6466 0.1492
165.6257 42.6421 0.1461
165.6494 42.6377 0.1441
165.6730 42.6333 0.1420
165.6966 42.6288 0.1383
165.7202 42.6243 0.1354
165.7439 42.6199 0.1296
165.7675 42.6154 0.1238
165.7911 42.6110 0.1205
165.8147 42.6065 0.1202
165.8383 42.6020 0.1221
165.8619 42.5975 0.1274
165.8855 42.5930 0.1329
165.9091 42.5885 0.1394
165.9327 42.5840 0.1458
165.9563 42.5795 0.1517
164.5408 42.8586 0.7330
164.5646 42.8544 0.7381
164.5884 42.8502 0.7414
164.6121 42.8460 0.7434
164.6359 42.8417 0.7435
164.6597 42.8375 0.7416
164.6835 42.8332 0.7382
164.7072 42.8290 0.7320
164.7310 42.8247 0.7234
164.7548 42.8205 0.7136
164.7785 42.8162 0.7014
164.8023 42.8120 0.6879
164.8261 42.8077 0.6735
164.8498 42.8034 0.6560
164.8736 42.7991 0.6360
164.8973 42.7949 0.6130
164.9210 42.7906 0.5860
164.9448 42.7863 0.5589
164.9685 42.7820 0.5325
164.9922 42.7777 0.5091
165.0160 42.7734 0.4885
165.0397 42.7690 0.4700
165.0634 42.7647 0.4529
165.0871 42.7604 0.4371
165.1109 42.7561 0.4221
165.1346 42.7517 0.4050
165.3478 42.7125 0.2821
165.3715 42.7081 0.2661
165.3952 42.7037 0.2499
165.4188 42.6993 0.2321
165.4425 42.6949 0.2146
165.4662 42.6905 0.2011
165.4898 42.6861 0.1906
165.5135 42.6817 0.1821
165.5372 42.6773 0.1741
165.5608 42.6729 0.1646
165.5845 42.6684 0.1571
165.6081 42.6640 0.1516
165.6317 42.6596 0.1498
165.6554 42.6551 0.1476
165.6790 42.6507 0.1453
165.7026 42.6462 0.1424
165.7263 42.6418 0.1386
165.7499 42.6373 0.1329
165.7735 42.6329 0.1273
165.7971 42.6284 0.1222
165.8208 42.6239 0.1211
165.8444 42.6194 0.1234
165.8680 42.6149 0.1290
165.8916 42.6104 0.1346
165.9152 42.6060 0.1408
165.9388 42.6015 0.1471
165.9624 42.5969 0.1521
164.5465 42.8761 0.7149
164.5703 42.8719 0.7217
164.5941 42.8677 0.7284
164.6179 42.8635 0.7330
164.6417 42.8592 0.7361
164.6655 42.8550 0.7364
164.6893 42.8508 0.7356
164.7130 42.8465 0.7320
164.7368 42.8423 0.7263
164.7606 42.8380 0.7181
164.7843 42.8337 0.7092
164.8081 42.8295 0.6992
164.8319 42.8252 0.6874
164.8556 42.8209 0.6725
164.8794 42.8166 0.6554
164.9031 42.8123 0.6341
164.9269 42.8081 0.6085
164.9506 42.8038 0.5816
164.9744 42.7995 0.5558
164.9981 42.7952 0.5329
165.0218 42.7908 0.5121
165.0456 42.7865 0.4933
165.0693 42.7822 0.4757
165.0930 42.7779 0.4587
165.1167 42.7735 0.4430
165.1405 42.7692 0.4256
165.3538 42.7300 0.2977
165.3774 42.7256 0.2788
165.4011 42.7212 0.2609
165.4248 42.7168 0.2421
165.4485 42.7124 0.2244
165.4722 42.7080 0.2094
165.4958 42.7036 0.1975
165.5195 42.6992 0.1878
165.5431 42.6947 0.1791
165.5668 42.6903 0.1693
165.5905 42.6859 0.1613
165.6141 42.6815 0.1572
165.6378 42.6770 0.1551
165.6614 42.6726 0.1531
165.6850 42.6681 0.1510
165.7087 42.6637 0.1468
165.7323 42.6592 0.1424
165.7559 42.6547 0.1371
165.7796 42.6503 0.1311
165.8032 42.6458 0.1254
165.8268 42.6413 0.1240
165.8504 42.6368 0.1263
165.8740 42.6324 0.1311
165.8977 42.6279 0.1366
165.9213 42.6234 0.1425
165.9449 42.6189 0.1479
165.9685 42.6144 0.1512
164.5523 42.8937 0.6952
164.5761 42.8894 0.7043
164.5999 42.8852 0.7126
164.6237 42.8810 0.7205
164.6475 42.8767 0.7261
164.6712 42.8725 0.7286
164.6950 42.8683 0.7295
164.7188 42.8640 0.7284
164.7426 42.8598 0.7251
164.7664 42.8555 0.7198
164.7901 42.8512 0.7132
164.8139 42.8470 0.7070
164.8377 42.8427 0.6990
164.8614 42.8384 0.6877
164.8852 42.8341 0.6730
164.9090 42.8298 0.6536
164.9327 42.8255 0.6296
164.9565 42.8212 0.6047
164.9802 42.8169 0.5800
165.0040 42.8126 0.5578
165.0277 42.8083 0.5370
165.0514 42.8040 0.5179
165.0752 42.7997 0.4991
165.0989 42.7954 0.4805
165.1226 42.7910 0.4634
165.1463 42.7867 0.4461
165.2649 42.7649 0.3630
165.3597 42.7474 0.3124
165.3834 42.7430 0.2920
165.4071 42.7386 0.2729
165.4308 42.7342 0.2534
165.4545 42.7298 0.2351
165.4781 42.7254 0.2194
165.5018 42.7210 0.2067
165.5255 42.7166 0.1969
165.5491 42.7122 0.1878
165.5728 42.7078 0.1782
165.5965 42.7033 0.1708
165.6201 42.6989 0.1663
165.6438 42.6945 0.1633
165.6674 42.6900 0.1606
165.6911 42.6856 0.1573
165.7147 42.6811 0.1526
165.7384 42.6766 0.1471
165.7620 42.6722 0.1414
165.7856 42.6677 0.1352
165.8093 42.6632 0.1304
165.8329 42.6588 0.1283
165.8565 42.6543 0.1300
165.8801 42.6498 0.1342
165.9037 42.6453 0.1390
165.9274 42.6408 0.1445
165.9510 42.6363 0.1491
165.9746 42.6318 0.1506
164.5580 42.9112 0.6716
164.5818 42.9069 0.6840
164.6056 42.9027 0.6960
164.6294 42.8985 0.7058
164.6532 42.8943 0.7135
164.6770 42.8900 0.7185
164.7008 42.8858 0.7216
164.7246 42.8815 0.7219
164.7484 42.8773 0.7207
164.7722 42.8730 0.7184
164.7959 42.8687 0.7156
164.8197 42.8645 0.7124
164.8435 42.8602 0.7088
164.8673 42.8559 0.7001
164.8910 42.8516 0.6871
164.9148 42.8473 0.6683
164.9386 42.8430 0.6461
164.9623 42.8387 0.6235
164.9861 42.8344 0.6009
165.0098 42.8301 0.5798
165.0336 42.8258 0.5596
165.0573 42.8215 0.5401
165.0810 42.8172 0.5207
165.1048 42.8128 0.5016
165.1285 42.8085 0.4833
165.1522 42.8042 0.4653
165.3657 42.7649 0.3285
165.3894 42.7605 0.3077
165.4131 42.7561 0.2871
165.4367 42.7517 0.2670
165.4604 42.7473 0.2486
165.4841 42.7429 0.2329
165.5078 42.7385 0.2204
165.5315 42.7341 0.2103
165.5551 42.7296 0.2013
165.5788 42.7252 0.1922
165.6025 42.7208 0.1843
165.6261 42.7163 0.1786
165.6498 42.7119 0.1746
165.6735 42.7074 0.1708
165.6971 42.7030 0.1658
165.7208 42.6985 0.1599
165.7444 42.6941 0.1540
165.7681 42.6896 0.1469
165.7917 42.6851 0.1407
165.8153 42.6807 0.1354
165.8390 42.6762 0.1338
165.8626 42.6717 0.1345
165.8862 42.6672 0.1380
165.9098 42.6627 0.1423
165.9335 42.6582 0.1468
165.9571 42.6537 0.1502
165.9807 42.6492 0.1510
164.5638 42.9287 0.6469
164.5876 42.9245 0.6620
164.6114 42.9202 0.6763
164.6352 42.9160 0.6892
164.6590 42.9118 0.6986
164.6828 42.9075 0.7057
164.7066 42.9033 0.7113
164.7304 42.8990 0.7137
164.7542 42.8948 0.7147
164.7780 42.8905 0.7154
164.8018 42.8862 0.7165
164.8255 42.8820 0.7176
164.8493 42.8777 0.7163
164.8731 42.8734 0.7090
164.8969 42.8691 0.6963
164.9206 42.8648 0.6790
164.9444 42.8605 0.6588
164.9682 42.8562 0.6390
164.9919 42.8519 0.6192
165.0157 42.8476 0.6001
165.0394 42.8433 0.5803
165.0632 42.8390 0.5610
165.0869 42.8346 0.5408
165.1107 42.8303 0.5218
165.1344 42.8260 0.5038
165.1581 42.8216 0.4856
165.3716 42.7823 0.3479
165.3953 42.7779 0.3265
165.4190 42.7736 0.3052
165.4427 42.7692 0.2850
165.4664 42.7647 0.2668
165.4901 42.7603 0.2508
165.5138 42.7559 0.2383
165.5375 42.7515 0.2285
165.5611 42.7471 0.2191
165.5848 42.7426 0.2097
165.6085 42.7382 0.2018
165.6322 42.7338 0.1952
165.6558 42.7293 0.1904
165.6795 42.7249 0.1857
165.7032 42.7204 0.1805
165.7268 42.7160 0.1735
165.7505 42.7115 0.1660
165.7741 42.7070 0.1571
165.7978 42.7026 0.1497
165.8214 42.6981 0.1442
165.8450 42.6936 0.1417
165.8687 42.6891 0.1411
165.8923 42.6846 0.1436
165.9159 42.6801 0.1468
165.9396 42.6756 0.1507
165.9632 42.6711 0.1540
165.9868 42.6666 0.1554
164.5695 42.9462 0.6210
164.5933 42.9420 0.6380
164.6171 42.9377 0.6543
164.6410 42.9335 0.6694
164.6648 42.9293 0.6811
164.6886 42.9250 0.6905
164.7124 42.9208 0.6981
164.7362 42.9165 0.7036
164.7600 42.9123 0.7085
164.7838 42.9080 0.7123
164.8076 42.9037 0.7164
164.8314 42.8995 0.7204
164.8551 42.8952 0.7206
164.8789 42.8909 0.7137
164.9027 42.8866 0.7013
164.9265 42.8823 0.6847
164.9503 42.8780 0.6674
164.9740 42.8737 0.6504
164.9978 42.8694 0.6336
165.0216 42.8651 0.6159
165.0453 42.8608 0.5971
165.0691 42.8564 0.5775
165.0928 42.8521 0.5575
165.1166 42.8478 0.5390
165.1403 42.8434 0.5228
165.1641 42.8391 0.5051
165.3776 42.7998 0.3681
165.4013 42.7954 0.3459
165.4250 42.7910 0.3245
165.4487 42.7866 0.3045
165.4724 42.7822 0.2869
165.4961 42.7778 0.2711
165.5198 42.7734 0.2579
165.5435 42.7689 0.2472
165.5672 42.7645 0.2371
165.5908 42.7601 0.2282
165.6145 42.7557 0.2198
165.6382 42.7512 0.2133
165.6619 42.7468 0.2080
165.6855 42.7423 0.2027
165.7092 42.7379 0.1961
165.7329 42.7334 0.1877
165.7565 42.7289 0.1787
165.7802 42.7245 0.1687
165.8038 42.7200 0.1605
165.8275 42.7155 0.1541
165.8511 42.7110 0.1493
165.8748 42.7065 0.1477
165.8984 42.7020 0.1481
165.9220 42.6975 0.1506
165.9457 42.6930 0.1542
165.9693 42.6885 0.1572
165.9929 42.6840 0.1593
164.5753 42.9637 0.5961
164.5991 42.9595 0.6141
164.6229 42.9553 0.6316
164.6467 42.9510 0.6483
164.6706 42.9468 0.6627
164.6944 42.9425 0.6745
164.7182 42.9383 0.6848
164.7420 42.9340 0.6936
164.7658 42.9298 0.7020
164.7896 42.9255 0.7089
164.8134 42.9212 0.7145
164.8372 42.9170 0.7196
164.8610 42.9127 0.7204
164.8848 42.9084 0.7142
164.9086 42.9041 0.7026
164.9323 42.8998 0.6881
164.9561 42.8955 0.6733
164.9799 42.8912 0.6587
165.0037 42.8869 0.6437
165.0274 42.8826 0.6277
165.0512 42.8783 0.6102
165.0750 42.8739 0.5911
165.0987 42.8696 0.5712
165.1225 42.8653 0.5541
165.1462 42.8609 0.5382
165.1700 42.8566 0.5219
165.2887 42.8348 0.4040
165.3835 42.8173 0.3864
165.4073 42.8129 0.3648
165.4310 42.8085 0.3444
165.4547 42.8041 0.3256
165.4784 42.7996 0.3087
165.5021 42.7952 0.2932
165.5258 42.7908 0.2789
165.5495 42.7864 0.2665
165.5732 42.7820 0.2560
165.5969 42.7775 0.2470
165.6205 42.7731 0.2389
165.6442 42.7687 0.2318
165.6679 42.7642 0.2258
165.6916 42.7597 0.2199
165.7152 42.7553 0.2127
165.7389 42.7508 0.2039
165.7626 42.7464 0.1941
165.7862 42.7419 0.1832
165.8099 42.7374 0.1736
165.8336 42.7329 0.1645
165.8572 42.7284 0.1584
165.8809 42.7239 0.1545
165.9045 42.7195 0.1536
165.9281 42.7150 0.1546
165.9518 42.7104 0.1570
165.9754 42.7059 0.1607
165.9990 42.7014 0.1641
164.5810 42.9812 0.5700
164.6049 42.9770 0.5877
164.6287 42.9728 0.6067
164.6525 42.9685 0.6259
164.6763 42.9643 0.6431
164.7002 42.9600 0.6576
164.7240 42.9558 0.6709
164.7478 42.9515 0.6830
164.7716 42.9473 0.6942
164.7954 42.9430 0.7036
164.8192 42.9387 0.7108
164.8430 42.9345 0.7164
164.8668 42.9302 0.7181
164.8906 42.9259 0.7130
164.9144 42.9216 0.7040
164.9382 42.9173 0.6921
164.9620 42.9130 0.6790
164.9858 42.9087 0.6654
165.0095 42.9044 0.6522
165.0333 42.9001 0.6378
165.0571 42.8957 0.6215
165.0808 42.8914 0.6033
165.1046 42.8871 0.5850
165.1284 42.8827 0.5686
165.1521 42.8784 0.5542
165.1759 42.8741 0.5395
165.3895 42.8347 0.4044
165.4132 42.8303 0.3832
165.4370 42.8259 0.3637
165.4607 42.8215 0.3462
165.4844 42.8171 0.3296
165.5081 42.8127 0.3141
165.5318 42.8083 0.2988
165.5555 42.8038 0.2852
165.5792 42.7994 0.2734
165.6029 42.7950 0.2637
165.6266 42.7905 0.2556
165.6503 42.7861 0.2483
165.6739 42.7816 0.2410
165.6976 42.7772 0.2342
165.7213 42.7727 0.2266
165.7450 42.7683 0.2180
165.7686 42.7638 0.2077
165.7923 42.7593 0.1964
165.8160 42.7548 0.1857
165.8396 42.7504 0.1754
165.8633 42.7459 0.1664
165.8869 42.7414 0.1609
165.9106 42.7369 0.1582
165.9342 42.7324 0.1579
165.9579 42.7279 0.1591
165.9815 42.7233 0.1626
166.0052 42.7188 0.1666
164.5868 42.9987 0.5417
164.6106 42.9945 0.5601
164.6345 42.9903 0.5805
164.6583 42.9860 0.6012
164.6821 42.9818 0.6211
164.7060 42.9776 0.6389
164.7298 42.9733 0.6562
164.7536 42.9690 0.6713
164.7774 42.9648 0.6853
164.8012 42.9605 0.6962
164.8250 42.9562 0.7047
164.8488 42.9520 0.7113
164.8727 42.9477 0.7147
164.8965 42.9434 0.7123
164.9202 42.9391 0.7055
164.9440 42.9348 0.6958
164.9678 42.9305 0.6839
164.9916 42.9262 0.6715
165.0154 42.9219 0.6592
165.0392 42.9175 0.6462
165.0630 42.9132 0.6314
165.0867 42.9089 0.6154
165.1105 42.9046 0.5988
165.1343 42.9002 0.5845
165.1580 42.8959 0.5714
165.1818 42.8915 0.5578
165.3955 42.8522 0.4221
165.4192 42.8478 0.4020
165.4429 42.8434 0.3826
165.4667 42.8390 0.3653
165.4904 42.8345 0.3485
165.5141 42.8301 0.3323
165.5378 42.8257 0.3165
165.5615 42.8213 0.3022
165.5852 42.8168 0.2896
165.6089 42.8124 0.2791
165.6326 42.8080 0.2705
165.6563 42.8035 0.2622
165.6800 42.7991 0.2540
165.7037 42.7946 0.2461
165.7274 42.7902 0.2374
165.7510 42.7857 0.2282
165.7747 42.7812 0.2172
165.7984 42.7767 0.2057
165.8221 42.7723 0.1949
165.8457 42.7678 0.1837
165.8694 42.7633 0.1739
165.8930 42.7588 0.1662
165.9167 42.7543 0.1623
165.9404 42.7498 0.1604
165.9640 42.7453 0.1609
165.9876 42.7408 0.1634
166.0113 42.7362 0.1672
164.5926 43.0163 0.5109
164.6164 43.0120 0.5309
164.6402 43.0078 0.5530
164.6641 43.0036 0.5757
164.6879 42.9993 0.5976
164.7118 42.9951 0.6185
164.7356 42.9908 0.6387
164.7594 42.9865 0.6570
164.7832 42.9823 0.6731
164.8071 42.9780 0.6863
164.8309 42.9737 0.6964
164.8547 42.9694 0.7052
164.8785 42.9652 0.7106
164.9023 42.9609 0.7104
164.9261 42.9566 0.7064
164.9499 42.9523 0.6996
164.9737 42.9480 0.6893
164.9975 42.9437 0.6778
165.0213 42.9393 0.6663
165.0451 42.9350 0.6545
165.0689 42.9307 0.6418
165.0926 42.9264 0.6285
165.1164 42.9220 0.6147
165.1402 42.9177 0.6025
165.1640 42.9133 0.5913
165.1877 42.9090 0.5796
165.3065 42.8872 0.4810
165.4015 42.8696 0.4411
165.4252 42.8652 0.4216
165.4489 42.8608 0.4023
165.4727 42.8564 0.3841
165.4964 42.8520 0.3664
165.5201 42.8476 0.3489
165.5438 42.8432 0.3324
165.5675 42.8387 0.3173
165.5912 42.8343 0.3046
165.6149 42.8299 0.2929
165.6386 42.8254 0.2829
165.6623 42.8210 0.2738
165.6860 42.8165 0.2650
165.7097 42.8120 0.2560
165.7334 42.8076 0.2455
165.7571 42.8031 0.2352
165.7808 42.7986 0.2242
165.8045 42.7942 0.2129
165.8281 42.7897 0.2020
165.8518 42.7852 0.1907
165.8755 42.7807 0.1813
165.8991 42.7762 0.1730
165.9228 42.7717 0.1677
165.9465 42.7672 0.1645
165.9701 42.7627 0.1627
165.9938 42.7582 0.1636
166.0174 42.7536 0.1647
164.5983 43.0338 0.4775
164.6222 43.0295 0.4992
164.6460 43.0253 0.5233
164.6699 43.0211 0.5481
164.6937 43.0168 0.5722
164.7176 43.0126 0.5952
164.7414 43.0083 0.6183
164.7652 43.0040 0.6392
164.7891 42.9998 0.6581
164.8129 42.9955 0.6739
164.8367 42.9912 0.6865
164.8605 42.9869 0.6971
164.8843 42.9827 0.7048
164.9082 42.9784 0.7074
164.9320 42.9741 0.7065
164.9558 42.9698 0.7024
164.9796 42.9655 0.6941
165.0034 42.9611 0.6845
165.0272 42.9568 0.6739
165.0510 42.9525 0.6634
165.0747 42.9482 0.6530
165.0985 42.9438 0.6422
165.1223 42.9395 0.6314
165.1461 42.9352 0.6212
165.1699 42.9308 0.6115
165.1936 42.9265 0.6007
165.4074 42.8871 0.4592
165.4312 42.8827 0.4407
165.4549 42.8783 0.4218
165.4787 42.8739 0.4025
165.5024 42.8694 0.3833
165.5261 42.8650 0.3646
165.5498 42.8606 0.3470
165.5736 42.8562 0.3321
165.5973 42.8517 0.3184
165.6210 42.8473 0.3060
165.6447 42.8428 0.2951
165.6684 42.8384 0.2841
165.6921 42.8339 0.2735
165.7158 42.8295 0.2632
165.7395 42.8250 0.2516
165.7632 42.8205 0.2401
165.7869 42.8161 0.2287
165.8106 42.8116 0.2172
165.8342 42.8071 0.2064
165.8579 42.8026 0.1954
165.8816 42.7981 0.1866
165.9053 42.7936 0.1792
165.9289 42.7891 0.1734
165.9526 42.7846 0.1681
165.9762 42.7801 0.1637
165.9999 42.7756 0.1629
166.0236 42.7711 0.1617
164.6041 43.0513 0.4420
164.6280 43.0471 0.4650
164.6518 43.0428 0.4908
164.6757 43.0386 0.5173
164.6995 43.0343 0.5433
164.7234 43.0301 0.5683
164.7472 43.0258 0.5935
164.7710 43.0215 0.6167
164.7949 43.0173 0.6382
164.8187 43.0130 0.6568
164.8425 43.0087 0.6719
164.8664 43.0044 0.6845
164.8902 43.0001 0.6946
164.9140 42.9959 0.7001
164.9378 42.9916 0.7029
164.9616 42.9873 0.7020
164.9854 42.9829 0.6965
165.0093 42.9786 0.6891
165.0331 42.9743 0.6804
165.0569 42.9700 0.6718
165.0806 42.9657 0.6636
165.1044 42.9613 0.6554
165.1282 42.9570 0.6478
165.1520 42.9526 0.6403
165.1758 42.9483 0.6318
165.1996 42.9439 0.6221
165.4134 42.9045 0.4778
165.4372 42.9001 0.4601
165.4609 42.8957 0.4414
165.4847 42.8913 0.4218
165.5084 42.8869 0.4010
165.5321 42.8825 0.3810
165.5559 42.8780 0.3622
165.5796 42.8736 0.3462
165.6033 42.8692 0.3322
165.6270 42.8647 0.3188
165.6507 42.8603 0.3061
165.6744 42.8558 0.2935
165.6982 42.8514 0.2807
165.7219 42.8469 0.2685
165.7456 42.8424 0.2563
165.7693 42.8380 0.2449
165.7929 42.8335 0.2341
165.8166 42.8290 0.2226
165.8403 42.8245 0.2115
165.8640 42.8200 0.2010
165.8877 42.8155 0.1925
165.9114 42.8110 0.1852
165.9350 42.8065 0.1788
165.9587 42.8020 0.1728
165.9824 42.7975 0.1674
166.0060 42.7930 0.1640
166.0297 42.7885 0.1609
164.6099 43.0688 0.4061
164.6338 43.0646 0.4301
164.6576 43.0603 0.4565
164.6815 43.0561 0.4838
164.7053 43.0518 0.5111
164.7292 43.0476 0.5379
164.7530 43.0433 0.5644
164.7769 43.0390 0.5893
164.8007 43.0348 0.6127
164.8246 43.0305 0.6344
164.8484 43.0262 0.6521
164.8722 43.0219 0.6673
164.8960 43.0176 0.6799
164.9199 43.0133 0.6886
164.9437 43.0090 0.6949
164.9675 43.0047 0.6980
164.9913 43.0004 0.6963
165.0151 42.9961 0.6914
165.0389 42.9918 0.6855
165.0628 42.9875 0.6793
165.0866 42.9831 0.6733
165.1104 42.9788 0.6675
165.1341 42.9745 0.6629
165.1579 42.9701 0.6583
165.1817 42.9658 0.6524
165.2055 42.9614 0.6432
165.4194 42.9220 0.4976
165.4432 42.9176 0.4807
165.4669 42.9132 0.4621
165.4907 42.9088 0.4420
165.5144 42.9043 0.4205
165.5381 42.8999 0.3991
165.5619 42.8955 0.3791
165.5856 42.8911 0.3626
165.6093 42.8866 0.3475
165.6331 42.8822 0.3329
165.6568 42.8777 0.3189
165.6805 42.8733 0.3039
165.7042 42.8688 0.2890
165.7279 42.8643 0.2756
165.7516 42.8599 0.2638
165.7753 42.8554 0.2530
165.7990 42.8509 0.2423
165.8227 42.8464 0.2311
165.8464 42.8419 0.2201
165.8701 42.8375 0.2101
165.8938 42.8330 0.2011
165.9175 42.8285 0.1938
165.9412 42.8239 0.1869
165.9648 42.8194 0.1807
165.9885 42.8149 0.1746
166.0122 42.8104 0.1697
166.0359 42.8059 0.1652
164.6157 43.0863 0.3702
164.6395 43.0821 0.3950
164.6634 43.0778 0.4224
164.6873 43.0736 0.4502
164.7111 43.0693 0.4781
164.7350 43.0651 0.5056
164.7588 43.0608 0.5330
164.7827 43.0565 0.5593
164.8065 43.0523 0.5842
164.8304 43.0480 0.6077
164.8542 43.0437 0.6278
164.8781 43.0394 0.6455
164.9019 43.0351 0.6608
164.9257 43.0308 0.6727
164.9496 43.0265 0.6825
164.9734 43.0222 0.6893
164.9972 43.0179 0.6914
165.0210 43.0136 0.6899
165.0448 43.0093 0.6868
165.0687 43.0049 0.6834
165.0925 43.0006 0.6802
165.1163 42.9963 0.6774
165.1401 42.9919 0.6753
165.1639 42.9876 0.6729
165.1877 42.9832 0.6698
165.2115 42.9789 0.6627
165.3304 42.9570 0.5560
165.4254 42.9394 0.5175
165.4492 42.9350 0.5014
165.4729 42.9306 0.4827
165.4967 42.9262 0.4624
165.5204 42.9218 0.4402
165.5442 42.9174 0.4184
165.5679 42.9129 0.3984
165.5916 42.9085 0.3806
165.6154 42.9041 0.3640
165.6391 42.8996 0.3479
165.6628 42.8952 0.3316
165.6866 42.8907 0.3149
165.7103 42.8862 0.2988
165.7340 42.8818 0.2848
165.7577 42.8773 0.2730
165.7814 42.8728 0.2626
165.8051 42.8683 0.2524
165.8288 42.8639 0.2417
165.8525 42.8594 0.2308
165.8762 42.8549 0.2205
165.8999 42.8504 0.2112
165.9236 42.8459 0.2033
165.9473 42.8414 0.1966
165.9710 42.8368 0.1893
165.9947 42.8323 0.1833
166.0183 42.8278 0.1774
166.0420 42.8233 0.1720
164.6215 43.1038 0.3365
164.6453 43.0996 0.3615
164.6692 43.0953 0.3892
164.6931 43.0911 0.4172
164.7169 43.0868 0.4456
164.7408 43.0826 0.4731
164.7647 43.0783 0.5006
164.7885 43.0740 0.5276
164.8124 43.0698 0.5534
164.8362 43.0655 0.5783
164.8601 43.0612 0.6008
164.8839 43.0569 0.6209
164.9078 43.0526 0.6388
164.9316 43.0483 0.6538
164.9554 43.0440 0.6669
164.9793 43.0397 0.6767
165.0031 43.0354 0.6823
165.0269 43.0311 0.6848
165.0507 43.0268 0.6850
165.0746 43.0224 0.6851
165.0984 43.0181 0.6848
165.1222 43.0138 0.6849
165.1460 43.0094 0.6851
165.1698 43.0051 0.6844
165.1936 43.0007 0.6829
165.2174 42.9963 0.6775
165.4314 42.9569 0.5374
165.4552 42.9525 0.5217
165.4789 42.9481 0.5028
165.5027 42.9437 0.4825
165.5265 42.9392 0.4604
165.5502 42.9348 0.4384
165.5739 42.9304 0.4181
165.5977 42.9259 0.3996
165.6214 42.9215 0.3817
165.6452 42.9170 0.3632
165.6689 42.9126 0.3454
165.6926 42.9081 0.3277
165.7164 42.9037 0.3112
165.7401 42.8992 0.2971
165.7638 42.8947 0.2854
165.7875 42.8903 0.2748
165.8112 42.8858 0.2644
165.8349 42.8813 0.2536
165.8586 42.8768 0.2440
165.8823 42.8723 0.2343
165.9060 42.8678 0.2245
165.9297 42.8633 0.2157
165.9534 42.8588 0.2083
165.9771 42.8543 0.2009
166.0008 42.8497 0.1941
166.0245 42.8452 0.1883
166.0482 42.8407 0.1828
164.6273 43.1213 0.3043
164.6511 43.1171 0.3292
164.6750 43.1129 0.3570
164.6989 43.1086 0.3856
164.7228 43.1043 0.4137
164.7466 43.1001 0.4410
164.7705 43.0958 0.4691
164.7944 43.0915 0.4960
164.8182 43.0873 0.5223
164.8421 43.0830 0.5486
164.8659 43.0787 0.5721
164.8898 43.0744 0.5946
164.9136 43.0701 0.6150
164.9375 43.0658 0.6327
164.9613 43.0615 0.6481
164.9852 43.0572 0.6612
165.0090 43.0529 0.6704
165.0328 43.0486 0.6766
165.0566 43.0442 0.6806
165.0805 43.0399 0.6841
165.1043 43.0356 0.6872
165.1281 43.0312 0.6893
165.1519 43.0269 0.6917
165.1757 43.0225 0.6921
165.1995 43.0182 0.6908
165.2233 43.0138 0.6855
165.4374 42.9743 0.5586
165.4612 42.9699 0.5416
165.4850 42.9655 0.5220
165.5087 42.9611 0.5019
165.5325 42.9567 0.4802
165.5562 42.9522 0.4588
165.5800 42.9478 0.4384
165.6037 42.9434 0.4189
165.6275 42.9389 0.3995
165.6512 42.9345 0.3796
165.6750 42.9300 0.3608
165.6987 42.9256 0.3422
165.7224 42.9211 0.3259
165.7462 42.9166 0.3115
165.7699 42.9122 0.2985
165.7936 42.9077 0.2872
165.8173 42.9032 0.2751
165.8410 42.8987 0.2650
165.8647 42.8942 0.2572
165.8885 42.8897 0.2483
165.9122 42.8852 0.2389
165.9359 42.8807 0.2299
165.9596 42.8762 0.2222
165.9833 42.8717 0.2147
166.0069 42.8671 0.2072
166.0306 42.8626 0.2008
166.0543 42.8581 0.1948
164.6330 43.1389 0.2760
164.6569 43.1346 0.3010
164.6808 43.1304 0.3281
164.7047 43.1261 0.3556
164.7286 43.1219 0.3831
164.7525 43.1176 0.4108
164.7763 43.1133 0.4381
164.8002 43.1090 0.4651
164.8241 43.1048 0.4919
164.8479 43.1005 0.5188
164.8718 43.0962 0.5435
164.8957 43.0919 0.5673
164.9195 43.0876 0.5895
164.9434 43.0833 0.6098
164.9672 43.0790 0.6277
164.9910 43.0747 0.6433
165.0149 43.0704 0.6561
165.0387 43.0660 0.6659
165.0626 43.0617 0.6730
165.0864 43.0574 0.6799
165.1102 43.0530 0.6857
165.1340 43.0487 0.6900
165.1579 43.0444 0.6933
165.1817 43.0400 0.6951
165.2055 43.0356 0.6938
165.2293 43.0313 0.6881
165.3483 43.0094 0.5930
165.4434 42.9918 0.5790
165.4672 42.9874 0.5611
165.4910 42.9830 0.5407
165.5147 42.9785 0.5204
165.5385 42.9741 0.4990
165.5623 42.9697 0.4778
165.5860 42.9653 0.4572
165.6098 42.9608 0.4372
165.6335 42.9564 0.4171
165.6573 42.9519 0.3966
165.6810 42.9475 0.3775
165.7048 42.9430 0.3586
165.7285 42.9385 0.3419
165.7522 42.9341 0.3270
165.7760 42.9296 0.3133
165.7997 42.9251 0.3024
165.8234 42.9206 0.2916
165.8471 42.9161 0.2805
165.8709 42.9116 0.2722
165.8946 42.9071 0.2632
165.9183 42.9026 0.2539
165.9420 42.8981 0.2450
165.9657 42.8936 0.2367
165.9894 42.8891 0.2286
166.0131 42.8846 0.2207
166.0368 42.8800 0.2134
166.0605 42.8755 0.2078
164.6388 43.1564 0.2485
164.6627 43.1521 0.2733
164.6866 43.1479 0.2988
164.7105 43.1436 0.3254
164.7344 43.1394 0.3520
164.7583 43.1351 0.3793
164.7822 43.1308 0.4069
164.8061 43.1265 0.4344
164.8299 43.1223 0.4613
164.8538 43.1180 0.4886
164.8777 43.1137 0.5143
164.9015 43.1094 0.5389
164.9254 43.1051 0.5627
164.9492 43.1008 0.5850
164.9731 43.0965 0.6052
164.9969 43.0922 0.6237
165.0208 43.0878 0.6394
165.0446 43.0835 0.6524
165.0685 43.0792 0.6630
165.0923 43.0749 0.6726
165.1161 43.0705 0.6808
165.1400 43.0662 0.6867
165.1638 43.0618 0.6915
165.1876 43.0575 0.6949
165.2114 43.0531 0.6948
165.2352 43.0488 0.6899
165.4494 43.0093 0.5970
165.4732 43.0048 0.5802
165.4970 43.0004 0.5597
165.5208 42.9960 0.5393
165.5445 42.9916 0.5180
165.5683 42.9871 0.4972
165.5921 42.9827 0.4764
165.6158 42.9783 0.4556
165.6396 42.9738 0.4344
165.6633 42.9694 0.4139
165.6871 42.9649 0.3953
165.7108 42.9604 0.3769
165.7346 42.9560 0.3598
165.7583 42.9515 0.3442
165.7821 42.9470 0.3302
165.8058 42.9425 0.3190
165.8295 42.9380 0.3086
165.8533 42.9335 0.2982
165.8770 42.9291 0.2887
165.9007 42.9245 0.2788
165.9244 42.9200 0.2695
165.9481 42.9155 0.2599
165.9718 42.9110 0.2505
165.9955 42.9065 0.2416
166.0193 42.9020 0.2338
166.0430 42.8974 0.2263
166.0666 42.8929 0.2187
164.6447 43.1739 0.2223
164.6686 43.1696 0.2458
164.6925 43.1654 0.2696
164.7164 43.1611 0.2952
164.7402 43.1569 0.3214
164.7641 43.1526 0.3487
164.7880 43.1483 0.3769
164.8119 43.1440 0.4045
164.8358 43.1398 0.4321
164.8597 43.1355 0.4591
164.8835 43.1312 0.4851
164.9074 43.1269 0.5109
164.9313 43.1226 0.5360
164.9551 43.1183 0.5598
164.9790 43.1140 0.5827
165.0028 43.1097 0.6040
165.0267 43.1053 0.6219
165.0505 43.1010 0.6373
165.0744 43.0967 0.6505
165.0982 43.0923 0.6623
165.1221 43.0880 0.6719
165.1459 43.0837 0.6795
165.1697 43.0793 0.6861
165.1936 43.0749 0.6908
165.2174 43.0706 0.6932
165.2412 43.0662 0.6908
165.4555 43.0267 0.6126
165.4792 43.0223 0.5970
165.5030 43.0179 0.5774
165.5268 43.0134 0.5575
165.5506 43.0090 0.5372
165.5744 43.0046 0.5160
165.5981 43.0001 0.4952
165.6219 42.9957 0.4747
165.6457 42.9912 0.4534
165.6694 42.9868 0.4333
165.6932 42.9823 0.4149
165.7169 42.9779 0.3959
165.7407 42.9734 0.3779
165.7644 42.9689 0.3615
165.7882 42.9644 0.3471
165.8119 42.9600 0.3351
165.8356 42.9555 0.3247
165.8594 42.9510 0.3148
165.8831 42.9465 0.3046
165.9068 42.9420 0.2943
165.9306 42.9375 0.2843
165.9543 42.9329 0.2739
165.9780 42.9284 0.2641
166.0017 42.9239 0.2545
166.0254 42.9194 0.2458
166.0491 42.9148 0.2383
166.0728 42.9103 0.2306
164.6505 43.1914 0.1938
164.6744 43.1871 0.2166
164.6983 43.1829 0.2400
164.7222 43.1786 0.2644
164.7461 43.1744 0.2903
164.7700 43.1701 0.3175
164.7939 43.1658 0.3455
164.8177 43.1615 0.3743
164.8416 43.1573 0.4020
164.8655 43.1530 0.4293
164.8894 43.1487 0.4557
164.9133 43.1444 0.4823
164.9371 43.1401 0.5090
164.9610 43.1358 0.5350
164.9849 43.1315 0.5600
165.0087 43.1271 0.5831
165.0326 43.1228 0.6035
165.0565 43.1185 0.6218
165.0803 43.1142 0.6368
165.1042 43.1098 0.6503
165.1280 43.1055 0.6617
165.1518 43.1011 0.6708
165.1757 43.0968 0.6789
165.1995 43.0924 0.6858
165.2233 43.0881 0.6900
165.2472 43.0837 0.6903
165.4615 43.0442 0.6272
165.4853 43.0397 0.6121
165.5091 43.0353 0.5941
165.5328 43.0309 0.5762
165.5566 43.0265 0.5565
165.5804 43.0220 0.5363
165.6042 43.0176 0.5153
165.6280 43.0131 0.4948
165.6517 43.0087 0.4743
165.6755 43.0042 0.4546
165.6993 42.9998 0.4357
165.7230 42.9953 0.4162
165.7468 42.9908 0.3972
165.7705 42.9863 0.3793
165.7943 42.9819 0.3634
165.8180 42.9774 0.3511
165.8418 42.9729 0.3396
165.8655 42.9684 0.3294
165.8892 42.9639 0.3197
165.9130 42.9594 0.3095
165.9367 42.9549 0.2988
165.9604 42.9504 0.2876
165.9841 42.9458 0.2767
166.0079 42.9413 0.2664
166.0316 42.9368 0.2567
166.0553 42.9322 0.2478
166.0790 42.9277 0.2392
164.6563 43.2089 0.1625
164.6802 43.2046 0.1856
164.7041 43.2004 0.2081
164.7280 43.1961 0.2326
164.7519 43.1919 0.2576
164.7758 43.1876 0.2846
164.7997 43.1833 0.3137
164.8236 43.1790 0.3427
164.8475 43.1748 0.3709
164.8714 43.1705 0.3990
164.8953 43.1662 0.4262
164.9192 43.1619 0.4535
164.9430 43.1576 0.4817
164.9669 43.1533 0.5096
164.9908 43.1489 0.5363
165.0146 43.1446 0.5612
165.0385 43.1403 0.5837
165.0624 43.1360 0.6044
165.0862 43.1316 0.6223
165.1101 43.1273 0.6375
165.1339 43.1229 0.6509
165.1578 43.1186 0.6615
165.1816 43.1142 0.6711
165.2055 43.1099 0.6802
165.2293 43.1055 0.6865
165.2531 43.1012 0.6890
165.3723 43.0792 0.6290
165.4675 43.0616 0.6403
165.4913 43.0572 0.6275
165.5151 43.0528 0.6111
165.5389 43.0483 0.5943
165.5627 43.0439 0.5765
165.5865 43.0395 0.5563
165.6102 43.0350 0.5361
165.6340 43.0306 0.5162
165.6578 43.0261 0.4968
165.6816 43.0217 0.4777
165.7053 43.0172 0.4591
165.7291 43.0127 0.4383
165.7529 43.0082 0.4180
165.7766 43.0038 0.3987
165.8004 42.9993 0.3815
165.8241 42.9948 0.3680
165.8479 42.9903 0.3558
165.8716 42.9858 0.3448
165.8954 42.9813 0.3348
165.9191 42.9768 0.3240
165.9428 42.9723 0.3129
165.9666 42.9678 0.3017
165.9903 42.9632 0.2906
166.0140 42.9587 0.2793
166.0377 42.9542 0.2683
166.0615 42.9496 0.2582
166.0852 42.9451 0.2485
164.6621 43.2264 0.1362
164.6860 43.2221 0.1544
164.7099 43.2179 0.1750
164.7338 43.2136 0.2003
164.7578 43.2094 0.2254
164.7817 43.2051 0.2529
164.8056 43.2008 0.2817
164.8295 43.1965 0.3108
164.8534 43.1923 0.3394
164.8773 43.1880 0.3686
164.9011 43.1837 0.3967
164.9250 43.1794 0.4246
164.9489 43.1751 0.4536
164.9728 43.1707 0.4828
164.9967 43.1664 0.5108
165.0206 43.1621 0.5378
165.0444 43.1578 0.5623
165.0683 43.1534 0.5853
165.0922 43.1491 0.6056
165.1160 43.1448 0.6233
165.1399 43.1404 0.6385
165.1637 43.1361 0.6512
165.1876 43.1317 0.6625
165.2114 43.1274 0.6730
165.2353 43.1230 0.6817
165.2591 43.1186 0.6870
165.4735 43.0791 0.6524
165.4973 43.0746 0.6419
165.5211 43.0702 0.6279
165.5449 43.0658 0.6133
165.5687 43.0613 0.5962
165.5925 43.0569 0.5771
165.6163 43.0525 0.5573
165.6401 43.0480 0.5383
165.6639 43.0435 0.5198
165.6877 43.0391 0.5018
165.7114 43.0346 0.4825
165.7352 43.0302 0.4613
165.7590 43.0257 0.4397
165.7827 43.0212 0.4194
165.8065 43.0167 0.4013
165.8303 43.0122 0.3866
165.8540 43.0077 0.3735
165.8778 43.0032 0.3617
165.9015 42.9987 0.3504
165.9252 42.9942 0.3387
165.9490 42.9897 0.3271
165.9727 42.9852 0.3155
165.9965 42.9807 0.3041
166.0202 42.9761 0.2919
166.0439 42.9716 0.2801
166.0676 42.9671 0.2689
166.0914 42.9625 0.2579
164.6679 43.2439 0.1082
164.6918 43.2397 0.1250
164.7158 43.2354 0.1457
164.7397 43.2311 0.1657
164.7636 43.2269 0.1915
164.7875 43.2226 0.2217
164.8114 43.2183 0.2506
164.8353 43.2140 0.2796
164.8592 43.2097 0.3093
164.8831 43.2055 0.3387
164.9070 43.2012 0.3676
164.9309 43.1968 0.3966
164.9548 43.1925 0.4255
164.9787 43.1882 0.4551
165.0026 43.1839 0.4846
165.0265 43.1796 0.5128
165.0503 43.1753 0.5398
165.0742 43.1709 0.5649
165.0981 43.1666 0.5875
165.1220 43.1622 0.6075
165.1458 43.1579 0.6251
165.1697 43.1535 0.6395
165.1935 43.1492 0.6529
165.2174 43.1448 0.6656
165.2412 43.1405 0.6763
165.2651 43.1361 0.6834
165.4795 43.0965 0.6633
165.5034 43.0921 0.6551
165.5272 43.0877 0.6433
165.5510 43.0832 0.6308
165.5748 43.0788 0.6155
165.5986 43.0743 0.5970
165.6224 43.0699 0.5780
165.6462 43.0654 0.5604
165.6700 43.0610 0.5432
165.6937 43.0565 0.5258
165.7175 43.0521 0.5071
165.7413 43.0476 0.4854
165.7651 43.0431 0.4636
165.7888 43.0386 0.4425
165.8126 43.0341 0.4238
165.8364 43.0296 0.4084
165.8601 43.0251 0.3945
165.8839 43.0206 0.3812
165.9076 43.0161 0.3682
165.9314 43.0116 0.3550
165.9551 43.0071 0.3418
165.9789 43.0026 0.3291
166.0026 42.9981 0.3172
166.0264 42.9935 0.3049
166.0501 42.9890 0.2925
166.0738 42.9845 0.2811
166.0976 42.9799 0.2693
164.6737 43.2614 0.0803
164.6977 43.2572 0.0979
164.7216 43.2529 0.1166
164.7455 43.2486 0.1385
164.7694 43.2444 0.1605
164.7934 43.2401 0.1895
164.8173 43.2358 0.2206
164.8412 43.2315 0.2493
164.8651 43.2272 0.2782
164.8890 43.2229 0.3077
164.9129 43.2186 0.3376
164.9368 43.2143 0.3673
164.9607 43.2100 0.3968
164.9846 43.2057 0.4271
165.0085 43.2014 0.4572
165.0324 43.1971 0.4870
165.0563 43.1927 0.5155
165.0801 43.1884 0.5430
165.1040 43.1841 0.5678
165.1279 43.1797 0.5899
165.1518 43.1754 0.6094
165.1756 43.1710 0.6261
165.1995 43.1667 0.6414
165.2234 43.1623 0.6560
165.2472 43.1579 0.6683
165.2711 43.1535 0.6768
165.4856 43.1140 0.6760
165.5094 43.1095 0.6683
165.5332 43.1051 0.6586
165.5570 43.1007 0.6485
165.5808 43.0962 0.6340
165.6046 43.0918 0.6167
165.6284 43.0873 0.5990
165.6522 43.0829 0.5825
165.6760 43.0784 0.5666
165.6998 43.0740 0.5501
165.7236 43.0695 0.5315
165.7474 43.0650 0.5107
165.7712 43.0605 0.4889
165.7950 43.0560 0.4679
165.8187 43.0516 0.4489
165.8425 43.0471 0.4327
165.8663 43.0426 0.4176
165.8900 43.0381 0.4029
165.9138 43.0336 0.3880
165.9375 43.0290 0.3726
165.9613 43.0245 0.3577
165.9850 43.0200 0.3435
166.0088 43.0155 0.3308
166.0325 43.0109 0.3181
166.0563 43.0064 0.3053
166.0800 43.0019 0.2930
166.1037 42.9973 0.2805
164.6796 43.2789 0.0576
164.7035 43.2747 0.0732
164.7274 43.2704 0.0918
164.7514 43.2661 0.1120
164.7753 43.2619 0.1338
164.7992 43.2576 0.1587
164.8232 43.2533 0.1890
164.8471 43.2490 0.2184
164.8710 43.2447 0.2466
164.8949 43.2404 0.2759
164.9188 43.2361 0.3061
164.9427 43.2318 0.3362
164.9666 43.2275 0.3661
164.9905 43.2232 0.3971
165.0144 43.2189 0.4284
165.0383 43.2146 0.4595
165.0622 43.2102 0.4896
165.0861 43.2059 0.5190
165.1100 43.2015 0.5458
165.1338 43.1972 0.5700
165.1577 43.1928 0.5912
165.1816 43.1885 0.6097
165.2055 43.1841 0.6271
165.2293 43.1798 0.6432
165.2532 43.1754 0.6573
165.2770 43.1710 0.6679
165.3963 43.1491 0.6420
165.4916 43.1314 0.6885
165.5154 43.1270 0.6810
165.5393 43.1225 0.6720
165.5631 43.1181 0.6631
165.5869 43.1137 0.6500
165.6107 43.1092 0.6340
165.6345 43.1048 0.6176
165.6583 43.1003 0.6028
165.6821 43.0959 0.5882
165.7059 43.0914 0.5723
165.7297 43.0869 0.5550
165.7535 43.0824 0.5350
165.7773 43.0780 0.5143
165.8011 43.0735 0.4940
165.8249 43.0690 0.4750
165.8486 43.0645 0.4581
165.8724 43.0600 0.4422
165.8962 43.0555 0.4258
165.9199 43.0510 0.4091
165.9437 43.0465 0.3914
165.9675 43.0419 0.3748
165.9912 43.0374 0.3595
166.0150 43.0329 0.3453
166.0387 43.0283 0.3320
166.0625 43.0238 0.3191
166.0862 43.0193 0.3063
166.1099 43.0147 0.2938
164.6854 43.2964 0.0377
164.7093 43.2922 0.0513
164.7333 43.2879 0.0681
164.7572 43.2836 0.0877
164.7812 43.2794 0.1085
164.8051 43.2751 0.1331
164.8290 43.2708 0.1603
164.8529 43.2665 0.1877
164.8769 43.2622 0.2165
164.9008 43.2579 0.2451
164.9247 43.2536 0.2735
164.9486 43.2493 0.3030
164.9725 43.2450 0.3331
164.9964 43.2407 0.3650
165.0203 43.2364 0.3977
165.0442 43.2320 0.4305
165.0681 43.2277 0.4625
165.0920 43.2234 0.4936
165.1159 43.2190 0.5224
165.1398 43.2147 0.5486
165.1637 43.2103 0.5719
165.1876 43.2060 0.5921
165.2114 43.2016 0.6114
165.2353 43.1972 0.6293
165.2592 43.1929 0.6453
165.2830 43.1885 0.6584
165.4977 43.1488 0.7009
165.5215 43.1444 0.6940
165.5453 43.1400 0.6854
165.5692 43.1355 0.6766
165.5930 43.1311 0.6647
165.6168 43.1267 0.6505
165.6406 43.1222 0.6369
165.6644 43.1177 0.6235
165.6882 43.1133 0.6091
165.7120 43.1088 0.5943
165.7358 43.1043 0.5774
165.7596 43.0999 0.5587
165.7834 43.0954 0.5396
165.8072 43.0909 0.5206
165.8310 43.0864 0.5016
165.8548 43.0819 0.4840
165.8785 43.0774 0.4663
165.9023 43.0729 0.4485
165.9261 43.0684 0.4301
165.9499 43.0639 0.4112
165.9736 43.0593 0.3934
165.9974 43.0548 0.3772
166.0211 43.0503 0.3623
166.0449 43.0458 0.3481
166.0687 43.0412 0.3346
166.0924 43.0367 0.3215
166.1161 43.0321 0.3081
164.6912 43.3139 0.0188
164.7152 43.3097 0.0318
164.7391 43.3054 0.0476
164.7631 43.3011 0.0655
164.7870 43.2969 0.0857
164.8110 43.2926 0.1089
164.8349 43.2883 0.1335
164.8588 43.2840 0.1585
164.8828 43.2797 0.1864
164.9067 43.2754 0.2142
164.9306 43.2711 0.2411
164.9545 43.2668 0.2692
164.9784 43.2625 0.2990
165.0024 43.2582 0.3316
165.0263 43.2538 0.3656
165.0502 43.2495 0.4001
165.0741 43.2452 0.4343
165.0980 43.2408 0.4671
165.1219 43.2365 0.4974
165.1458 43.2321 0.5249
165.1696 43.2278 0.5498
165.1935 43.2234 0.5716
165.2174 43.2191 0.5926
165.2413 43.2147 0.6123
165.2652 43.2103 0.6293
165.2890 43.2059 0.6439
165.5037 43.1663 0.7086
165.5276 43.1619 0.7040
165.5514 43.1574 0.6966
165.5752 43.1530 0.6879
165.5990 43.1485 0.6777
165.6229 43.1441 0.6657
165.6467 43.1396 0.6538
165.6705 43.1352 0.6416
165.6943 43.1307 0.6280
165.7181 43.1262 0.6135
165.7419 43.1218 0.5975
165.7657 43.1173 0.5804
165.7895 43.1128 0.5628
165.8133 43.1083 0.5448
165.8371 43.1038 0.5267
165.8609 43.0993 0.5084
165.8847 43.0948 0.4899
165.9085 43.0903 0.4712
165.9323 43.0858 0.4523
165.9560 43.0813 0.4326
165.9798 43.0768 0.4141
166.0036 43.0722 0.3968
166.0273 43.0677 0.3810
166.0511 43.0632 0.3660
166.0748 43.0586 0.3519
166.0986 43.0541 0.3386
166.1224 43.0495 0.3250
164.6971 43.3314 0.0031
164.7210 43.3272 0.0141
164.7450 43.3229 0.0284
164.7689 43.3186 0.0447
164.7929 43.3144 0.0629
164.8168 43.3101 0.0841
164.8408 43.3058 0.1065
164.8647 43.3015 0.1302
164.8886 43.2972 0.1552
164.9126 43.2929 0.1806
164.9365 43.2886 0.2074
164.9604 43.2843 0.2351
164.9844 43.2800 0.2647
165.0083 43.2757 0.2975
165.0322 43.2713 0.3325
165.0561 43.2670 0.3685
165.0800 43.2627 0.4051
165.1039 43.2583 0.4402
165.1278 43.2540 0.4716
165.1517 43.2496 0.5004
165.1756 43.2453 0.5266
165.1995 43.2409 0.5499
165.2234 43.2365 0.5720
165.2473 43.2322 0.5931
165.2711 43.2278 0.6118
165.2950 43.2234 0.6281
165.4144 43.2014 0.6310
165.5098 43.1837 0.7147
165.5336 43.1793 0.7122
165.5575 43.1749 0.7066
165.5813 43.1704 0.6998
165.6051 43.1660 0.6910
165.6289 43.1615 0.6816
165.6528 43.1571 0.6710
165.6766 43.1526 0.6596
165.7004 43.1482 0.6462
165.7242 43.1437 0.6318
165.7480 43.1392 0.6165
165.7719 43.1347 0.6005
165.7957 43.1302 0.5838
165.8195 43.1257 0.5666
165.8433 43.1212 0.5484
165.8671 43.1167 0.5305
165.8908 43.1122 0.5113
165.9146 43.1077 0.4927
165.9384 43.1032 0.4741
165.9622 43.0987 0.4545
165.9860 43.0942 0.4357
166.0097 43.0896 0.4178
166.0335 43.0851 0.4003
166.0573 43.0806 0.3844
166.0810 43.0760 0.3695
166.1048 43.0715 0.3561
166.1286 43.0669 0.3426
164.7029 43.3490 -0.0104
164.7269 43.3447 -0.0011
164.7508 43.3404 0.0101
164.7748 43.3361 0.0248
164.7988 43.3319 0.0413
164.8227 43.3276 0.0593
164.8467 43.3233 0.0804
164.8706 43.3190 0.1022
164.8945 43.3147 0.1243
164.9185 43.3104 0.1485
164.9424 43.3061 0.1710
164.9663 43.3018 0.1981
164.9903 43.2975 0.2290
165.0142 43.2931 0.2607
165.0381 43.2888 0.2983
165.0620 43.2845 0.3357
165.0860 43.2801 0.3739
165.1099 43.2758 0.4113
165.1338 43.2714 0.4445
165.1577 43.2671 0.4740
165.1816 43.2627 0.5014
165.2055 43.2584 0.5261
165.2294 43.2540 0.5493
165.2533 43.2496 0.5719
165.2771 43.2452 0.5925
165.3010 43.2409 0.6098
165.5158 43.2012 0.7210
165.5397 43.1968 0.7204
165.5635 43.1923 0.7164
165.5874 43.1879 0.7120
165.6112 43.1834 0.7063
165.6350 43.1790 0.6985
165.6589 43.1745 0.6895
165.6827 43.1700 0.6788
165.7065 43.1656 0.6656
165.7303 43.1611 0.6510
165.7542 43.1566 0.6359
165.7780 43.1521 0.6200
165.8018 43.1477 0.6034
165.8256 43.1432 0.5863
165.8494 43.1387 0.5683
165.8732 43.1342 0.5502
165.8970 43.1297 0.5318
165.9208 43.1251 0.5138
165.9446 43.1206 0.4959
165.9684 43.1161 0.4768
165.9922 43.1116 0.4582
166.0159 43.1070 0.4393
166.0397 43.1025 0.4208
166.0635 43.0980 0.4039
166.0872 43.0934 0.3887
166.1110 43.0889 0.3754
166.1348 43.0843 0.3625
164.7088 43.3665 -0.0221
164.7327 43.3622 -0.0156
164.7567 43.3579 -0.0065
164.7807 43.3536 0.0053
164.8046 43.3494 0.0198
164.8286 43.3451 0.0361
164.8525 43.3408 0.0547
164.8765 43.3365 0.0741
164.9004 43.3322 0.0952
164.9244 43.3279 0.1158
164.9483 43.3236 0.1375
164.9723 43.3193 0.1623
164.9962 43.3149 0.1923
165.0201 43.3106 0.2256
165.0441 43.3063 0.2637
165.0680 43.3020 0.3027
165.0919 43.2976 0.3421
165.1158 43.2933 0.3809
165.1397 43.2889 0.4160
165.1636 43.2846 0.4467
165.1875 43.2802 0.4754
165.2115 43.2758 0.5015
165.2354 43.2715 0.5263
165.2592 43.2671 0.5507
165.2831 43.2627 0.5722
165.3070 43.2583 0.5908
165.5219 43.2186 0.7288
165.5457 43.2142 0.7290
165.5696 43.2098 0.7271
165.5934 43.2053 0.7249
165.6173 43.2009 0.7204
165.6411 43.1964 0.7150
165.6650 43.1919 0.7079
165.6888 43.1875 0.6984
165.7126 43.1830 0.6859
165.7365 43.1785 0.6714
165.7603 43.1741 0.6563
165.7841 43.1696 0.6400
165.8079 43.1651 0.6226
165.8317 43.1606 0.6050
165.8555 43.1561 0.5865
165.8794 43.1516 0.5683
165.9032 43.1471 0.5505
165.9270 43.1426 0.5337
165.9508 43.1380 0.5163
165.9745 43.1335 0.4979
165.9983 43.1290 0.4790
166.0221 43.1245 0.4596
166.0459 43.1199 0.4400
166.0697 43.1154 0.4226
166.0935 43.1108 0.4074
166.1172 43.1063 0.3939
166.1410 43.1017 0.3818
164.7146 43.3840 -0.0304
164.7386 43.3797 -0.0273
164.7626 43.3754 -0.0209
164.7865 43.3711 -0.0115
164.8105 43.3669 0.0005
164.8345 43.3626 0.0153
164.8584 43.3583 0.0323
164.8824 43.3540 0.0499
164.9063 43.3497 0.0692
164.9303 43.3454 0.0887
164.9542 43.3411 0.1076
164.9782 43.3368 0.1304
165.0021 43.3324 0.1601
165.0261 43.3281 0.1925
165.0500 43.3238 0.2288
165.0739 43.3194 0.2690
165.0979 43.3151 0.3107
165.1218 43.3107 0.3502
165.1457 43.3064 0.3868
165.1696 43.3020 0.4183
165.1935 43.2977 0.4485
165.2174 43.2933 0.4756
165.2413 43.2889 0.5024
165.2652 43.2846 0.5282
165.2891 43.2802 0.5502
165.3130 43.2758 0.5702
165.5280 43.2361 0.7342
165.5518 43.2316 0.7380
165.5757 43.2272 0.7379
165.5995 43.2228 0.7370
165.6234 43.2183 0.7343
165.6472 43.2138 0.7305
165.6711 43.2094 0.7253
165.6949 43.2049 0.7168
165.7187 43.2004 0.7056
165.7426 43.1960 0.6922
165.7664 43.1915 0.6774
165.7902 43.1870 0.6605
165.8141 43.1825 0.6427
165.8379 43.1780 0.6243
165.8617 43.1735 0.6053
165.8855 43.1690 0.5871
165.9093 43.1645 0.5692
165.9331 43.1600 0.5520
165.9569 43.1555 0.5353
165.9807 43.1509 0.5170
166.0045 43.1464 0.4980
166.0283 43.1419 0.4779
166.0521 43.1373 0.4583
166.0759 43.1328 0.4410
166.0997 43.1282 0.4260
166.1234 43.1237 0.4131
166.1472 43.1191 0.4019
164.7205 43.4015 -0.0324
164.7445 43.3972 -0.0336
164.7684 43.3929 -0.0301
164.7924 43.3886 -0.0234
164.8164 43.3844 -0.0141
164.8404 43.3801 -0.0019
164.8643 43.3758 0.0129
164.8883 43.3715 0.0290
164.9122 43.3672 0.0464
164.9362 43.3629 0.0634
164.9602 43.3586 0.0809
164.9841 43.3542 0.1026
165.0081 43.3499 0.1282
165.0320 43.3456 0.1614
165.0559 43.3412 0.1961
165.0799 43.3369 0.2370
165.1038 43.3326 0.2793
165.1277 43.3282 0.3185
165.1517 43.3239 0.3556
165.1756 43.3195 0.3887
165.1995 43.3151 0.4198
165.2234 43.3108 0.4485
165.2473 43.3064 0.4759
165.2712 43.3020 0.5027
165.2952 43.2976 0.5264
165.3191 43.2932 0.5461
165.4385 43.2712 0.6330
165.5340 43.2535 0.7355
165.5579 43.2491 0.7427
165.5818 43.2446 0.7450
165.6056 43.2402 0.7460
165.6295 43.2357 0.7451
165.6533 43.2313 0.7434
165.6772 43.2268 0.7397
165.7010 43.2223 0.7328
165.7249 43.2179 0.7231
165.7487 43.2134 0.7112
165.7725 43.2089 0.6973
165.7964 43.2044 0.6810
165.8202 43.1999 0.6635
165.8440 43.1954 0.6448
165.8679 43.1909 0.6255
165.8917 43.1864 0.6070
165.9155 43.1819 0.5885
165.9393 43.1774 0.5713
165.9631 43.1729 0.5535
165.9869 43.1683 0.5348
166.0107 43.1638 0.5152
166.0345 43.1593 0.4952
166.0583 43.1547 0.4762
166.0821 43.1502 0.4595
166.1059 43.1456 0.4453
166.1297 43.1411 0.4321
166.1534 43.1365 0.4192
164.7263 43.4190 -0.0311
164.7503 43.4147 -0.0351
164.7743 43.4104 -0.0343
164.7983 43.4061 -0.0308
164.8223 43.4019 -0.0241
164.8462 43.3976 -0.0150
164.8702 43.3933 -0.0031
164.8942 43.3890 0.0110
164.9182 43.3847 0.0263
164.9421 43.3804 0.0414
164.9661 43.3760 0.0576
164.9900 43.3717 0.0770
165.0140 43.3674 0.1017
165.0379 43.3631 0.1312
165.0619 43.3587 0.1659
165.0858 43.3544 0.2021
165.1098 43.3500 0.2450
165.1337 43.3457 0.2850
165.1576 43.3413 0.3229
165.1816 43.3370 0.3574
165.2055 43.3326 0.3896
165.2294 43.3282 0.4204
165.2533 43.3239 0.4487
165.2773 43.3195 0.4780
165.3012 43.3151 0.5028
165.3251 43.3107 0.5224
165.5401 43.2710 0.7321
165.5640 43.2665 0.7426
165.5878 43.2621 0.7476
165.6117 43.2576 0.7508
165.6356 43.2532 0.7528
165.6594 43.2487 0.7526
165.6833 43.2442 0.7504
165.7071 43.2398 0.7450
165.7310 43.2353 0.7373
165.7548 43.2308 0.7275
165.7787 43.2263 0.7154
165.8025 43.2218 0.7015
165.8263 43.2174 0.6848
165.8502 43.2129 0.6665
165.8740 43.2083 0.6476
165.8978 43.2038 0.6286
165.9217 43.1993 0.6100
165.9455 43.1948 0.5918
165.9693 43.1903 0.5734
165.9931 43.1857 0.5535
166.0169 43.1812 0.5335
166.0407 43.1767 0.5138
166.0645 43.1721 0.4952
166.0883 43.1676 0.4790
166.1121 43.1630 0.4648
166.1359 43.1585 0.4509
166.1597 43.1539 0.4367
164.7322 43.4365 -0.0253
164.7562 43.4322 -0.0315
164.7802 43.4279 -0.0334
164.8042 43.4236 -0.0333
164.8282 43.4194 -0.0300
164.8521 43.4151 -0.0245
164.8761 43.4108 -0.0157
164.9001 43.4065 -0.0043
164.9241 43.4022 0.0089
164.9480 43.3978 0.0224
164.9720 43.3935 0.0372
164.9960 43.3892 0.0546
165.0199 43.3849 0.0764
165.0439 43.3805 0.1047
165.0678 43.3762 0.1368
165.0918 43.3719 0.1729
165.1157 43.3675 0.2123
165.1397 43.3632 0.2524
165.1636 43.3588 0.2891
165.1876 43.3544 0.3236
165.2115 43.3501 0.3572
165.2354 43.3457 0.3901
165.2593 43.3413 0.4190
165.2833 43.3369 0.4491
165.3072 43.3326 0.4755
165.3311 43.3282 0.4997
165.5462 43.2884 0.7263
165.5701 43.2840 0.7374
165.5939 43.2795 0.7459
165.6178 43.2751 0.7524
165.6417 43.2706 0.7566
165.6655 43.2661 0.7587
165.6894 43.2617 0.7578
165.7133 43.2572 0.7538
165.7371 43.2527 0.7481
165.7610 43.2482 0.7415
165.7848 43.2438 0.7324
165.8087 43.2393 0.7205
165.8325 43.2348 0.7055
165.8563 43.2303 0.6887
165.8802 43.2258 0.6703
165.9040 43.2213 0.6517
165.9278 43.2167 0.6329
165.9517 43.2122 0.6136
165.9755 43.2077 0.5943
165.9993 43.2032 0.5734
166.0231 43.1986 0.5530
166.0469 43.1941 0.5336
166.0707 43.1895 0.5158
166.0945 43.1850 0.5003
166.1183 43.1804 0.4868
166.1421 43.1759 0.4721
166.1659 43.1713 0.4550
164.7381 43.4540 -0.0144
164.7621 43.4497 -0.0240
164.7861 43.4454 -0.0293
164.8101 43.4411 -0.0328
164.8341 43.4369 -0.0331
164.8580 43.4326 -0.0309
164.8820 43.4283 -0.0258
164.9060 43.4240 -0.0175
164.9300 43.4196 -0.0067
164.9540 43.4153 0.0052
164.9779 43.4110 0.0185
165.0019 43.4067 0.0348
165.0259 43.4024 0.0549
165.0498 43.3980 0.0805
165.0738 43.3937 0.1107
165.0978 43.3893 0.1459
165.1217 43.3850 0.1810
165.1457 43.3806 0.2184
165.1696 43.3763 0.2543
165.1935 43.3719 0.2894
165.2175 43.3675 0.3239
165.2414 43.3632 0.3580
165.2653 43.3588 0.3873
165.2893 43.3544 0.4177
165.3132 43.3500 0.4465
165.4567 43.3236 0.5710
165.5523 43.3059 0.7177
165.5761 43.3014 0.7299
165.6000 43.2970 0.7417
165.6239 43.2925 0.7520
165.6478 43.2880 0.7584
165.6716 43.2836 0.7613
165.6955 43.2791 0.7617
165.7194 43.2746 0.7590
165.7432 43.2702 0.7557
165.7671 43.2657 0.7515
165.7910 43.2612 0.7453
165.8148 43.2567 0.7367
165.8387 43.2522 0.7236
165.8625 43.2477 0.7082
165.8863 43.2432 0.6910
165.9102 43.2387 0.6728
165.9340 43.2341 0.6546
165.9578 43.2296 0.6356
165.9817 43.2251 0.6159
166.0055 43.2206 0.5952
166.0293 43.2160 0.5751
166.0531 43.2115 0.5560
166.0769 43.2069 0.5389
166.1008 43.2024 0.5239
166.1246 43.1978 0.5094
166.1484 43.1933 0.4937
166.1722 43.1887 0.4750
164.7439 43.4715 -0.0001
164.7679 43.4672 -0.0133
164.7920 43.4629 -0.0225
164.8160 43.4586 -0.0304
164.8400 43.4543 -0.0345
164.8640 43.4501 -0.0358
164.8879 43.4458 -0.0343
164.9119 43.4414 -0.0291
164.9359 43.4371 -0.0208
164.9599 43.4328 -0.0111
164.9839 43.4285 0.0005
165.0079 43.4242 0.0154
165.0318 43.4198 0.0344
165.0558 43.4155 0.0569
165.0798 43.4112 0.0849
165.1037 43.4068 0.1176
165.1277 43.4025 0.1511
165.1516 43.3981 0.1837
165.1756 43.3938 0.2206
165.1995 43.3894 0.2560
165.2235 43.3850 0.2904
165.2474 43.3806 0.3251
165.2714 43.3763 0.3558
165.2953 43.3719 0.3855
165.3192 43.3675 0.4133
165.5583 43.3233 0.7037
165.5822 43.3188 0.7185
165.6061 43.3144 0.7343
165.6300 43.3099 0.7485
165.6539 43.3055 0.7573
165.6778 43.3010 0.7615
165.7016 43.2965 0.7630
165.7255 43.2921 0.7630
165.7494 43.2876 0.7618
165.7732 43.2831 0.7600
165.7971 43.2786 0.7560
165.8210 43.2741 0.7493
165.8448 43.2696 0.7378
165.8687 43.2651 0.7240
165.8925 43.2606 0.7083
165.9164 43.2561 0.6914
165.9402 43.2516 0.6739
165.9640 43.2470 0.6559
165.9879 43.2425 0.6369
166.0117 43.2380 0.6169
166.0355 43.2334 0.5972
166.0593 43.2289 0.5789
166.0832 43.2243 0.5623
166.1070 43.2198 0.5469
166.1308 43.2152 0.5316
166.1546 43.2107 0.5149
166.1784 43.2061 0.4950
164.7498 43.4890 0.0144
164.7738 43.4847 -0.0012
164.7978 43.4804 -0.0132
164.8219 43.4761 -0.0249
164.8459 43.4718 -0.0326
164.8699 43.4675 -0.0372
164.8939 43.4632 -0.0388
164.9179 43.4589 -0.0368
164.9418 43.4546 -0.0319
164.9658 43.4503 -0.0257
164.9898 43.4460 -0.0163
165.0138 43.4417 -0.0032
165.0378 43.4373 0.0138
165.0618 43.4330 0.0343
165.0857 43.4286 0.0594
165.1097 43.4243 0.0889
165.1337 43.4199 0.1187
165.1576 43.4156 0.1508
165.1816 43.4112 0.1846
165.2055 43.4069 0.2201
165.2295 43.4025 0.2543
165.2534 43.3981 0.2893
165.2774 43.3937 0.3213
165.3013 43.3893 0.3495
165.3252 43.3849 0.3757
165.5644 43.3407 0.6858
165.5883 43.3363 0.7064
165.6122 43.3318 0.7259
165.6361 43.3274 0.7418
165.6600 43.3229 0.7532
165.6839 43.3184 0.7593
165.7078 43.3140 0.7631
165.7316 43.3095 0.7655
165.7555 43.3050 0.7676
165.7794 43.3005 0.7679
165.8033 43.2960 0.7653
165.8271 43.2915 0.7601
165.8510 43.2870 0.7499
165.8748 43.2825 0.7379
165.8987 43.2780 0.7231
165.9225 43.2735 0.7080
165.9464 43.2690 0.6923
165.9702 43.2644 0.6752
165.9941 43.2599 0.6577
166.0179 43.2554 0.6389
166.0417 43.2508 0.6201
166.0656 43.2463 0.6025
166.0894 43.2417 0.5864
166.1132 43.2372 0.5704
166.1370 43.2326 0.5552
166.1608 43.2280 0.5382
166.1847 43.2235 0.5181
164.7557 43.5065 0.0308
164.7797 43.5022 0.0134
164.8037 43.4979 -0.0016
164.8278 43.4936 -0.0167
164.8518 43.4893 -0.0277
164.8758 43.4850 -0.0355
164.8998 43.4807 -0.0400
164.9238 43.4764 -0.0415
164.9478 43.4721 -0.0409
164.9718 43.4678 -0.0383
164.9958 43.4635 -0.0325
165.0197 43.4591 -0.0222
165.0437 43.4548 -0.0079
165.0677 43.4505 0.0111
165.0917 43.4461 0.0329
165.1157 43.4418 0.0584
165.1396 43.4374 0.0871
165.1636 43.4331 0.1163
165.1876 43.4287 0.1490
165.2115 43.4243 0.1834
165.2355 43.4199 0.2185
165.2594 43.4156 0.2541
165.2834 43.4112 0.2849
165.3073 43.4068 0.3149
165.3313 43.4024 0.3405
165.5705 43.3582 0.6745
165.5944 43.3537 0.6948
165.6183 43.3493 0.7135
165.6422 43.3448 0.7326
165.6661 43.3404 0.7463
165.6900 43.3359 0.7555
165.7139 43.3314 0.7624
165.7378 43.3269 0.7676
165.7617 43.3224 0.7717
165.7855 43.3180 0.7740
165.8094 43.3135 0.7726
165.8333 43.3090 0.7692
165.8571 43.3045 0.7602
165.8810 43.2999 0.7492
165.9049 43.2954 0.7363
165.9287 43.2909 0.7225
165.9526 43.2864 0.7083
165.9764 43.2819 0.6932
166.0003 43.2773 0.6764
166.0241 43.2728 0.6592
166.0480 43.2682 0.6415
166.0718 43.2637 0.6248
166.0956 43.2591 0.6085
166.1194 43.2546 0.5926
166.1433 43.2500 0.5770
166.1671 43.2454 0.5604
166.1909 43.2409 0.5403
164.7616 43.5240 0.0484
164.7856 43.5197 0.0290
164.8096 43.5154 0.0122
164.8337 43.5111 -0.0059
164.8577 43.5068 -0.0198
164.8817 43.5025 -0.0308
164.9057 43.4982 -0.0390
164.9297 43.4939 -0.0438
164.9537 43.4896 -0.0466
164.9777 43.4853 -0.0474
165.0017 43.4810 -0.0449
165.0257 43.4766 -0.0380
165.0497 43.4723 -0.0268
165.0737 43.4679 -0.0109
165.0977 43.4636 0.0082
165.1216 43.4592 0.0307
165.1456 43.4549 0.0568
165.1696 43.4505 0.0843
165.1936 43.4462 0.1154
165.2175 43.4418 0.1489
165.2415 43.4374 0.1829
165.2655 43.4330 0.2186
165.2894 43.4286 0.2515
165.3134 43.4243 0.2783
165.3373 43.4199 0.3056
165.4809 43.3934 0.4770
165.5766 43.3756 0.6662
165.6005 43.3712 0.6851
165.6244 43.3667 0.7015
165.6483 43.3623 0.7216
165.6722 43.3578 0.7383
165.6961 43.3533 0.7507
165.7200 43.3488 0.7607
165.7439 43.3444 0.7691
165.7678 43.3399 0.7750
165.7917 43.3354 0.7787
165.8156 43.3309 0.7787
165.8394 43.3264 0.7755
165.8633 43.3219 0.7679
165.8872 43.3174 0.7579
165.9111 43.3128 0.7468
165.9349 43.3083 0.7344
165.9588 43.3038 0.7214
165.9826 43.2993 0.7073
166.0065 43.2947 0.6922
166.0303 43.2902 0.6763
166.0542 43.2856 0.6601
166.0780 43.2811 0.6440
166.1019 43.2765 0.6285
166.1257 43.2720 0.6131
166.1495 43.2674 0.5974
166.1733 43.2628 0.5810
166.1972 43.2583 0.5630
164.7675 43.5415 0.0673
164.7915 43.5372 0.0456
164.8155 43.5329 0.0278
164.8396 43.5286 0.0072
164.8636 43.5243 -0.0096
164.8876 43.5200 -0.0243
164.9116 43.5157 -0.0361
164.9356 43.5114 -0.0447
164.9597 43.5071 -0.0504
164.9837 43.5028 -0.0541
165.0077 43.4984 -0.0542
165.0317 43.4941 -0.0512
165.0557 43.4898 -0.0438
165.0797 43.4854 -0.0318
165.1036 43.4811 -0.0160
165.1276 43.4767 0.0037
165.1516 43.4724 0.0267
165.1756 43.4680 0.0521
165.1996 43.4636 0.0821
165.2235 43.4593 0.1145
165.2475 43.4549 0.1487
165.2715 43.4505 0.1844
165.2954 43.4461 0.2181
165.3194 43.4417 0.2470
165.3434 43.4373 0.2745
165.6066 43.3886 0.6726
165.6306 43.3841 0.6876
165.6545 43.3797 0.7094
165.6784 43.3752 0.7292
165.7023 43.3707 0.7440
165.7262 43.3663 0.7570
165.7501 43.3618 0.7679
165.7740 43.3573 0.7757
165.7979 43.3528 0.7818
165.8217 43.3483 0.7833
165.8456 43.3438 0.7814
165.8695 43.3393 0.7753
165.8934 43.3348 0.7667
165.9172 43.3303 0.7574
165.9411 43.3257 0.7460
165.9650 43.3212 0.7338
165.9888 43.3167 0.7210
166.0127 43.3121 0.7063
166.0366 43.3076 0.6919
166.0604 43.3030 0.6767
166.0842 43.2985 0.6615
166.1081 43.2939 0.6465
166.1319 43.2894 0.6311
166.1558 43.2848 0.6156
166.1796 43.2802 0.5992
166.2034 43.2757 0.5812
164.7734 43.5590 0.0859
164.7974 43.5547 0.0626
164.8214 43.5504 0.0437
164.8455 43.5461 0.0212
164.8695 43.5418 0.0015
164.8935 43.5375 -0.0168
164.9176 43.5332 -0.0311
164.9416 43.5289 -0.0427
164.9656 43.5246 -0.0510
164.9896 43.5202 -0.0570
165.0136 43.5159 -0.0600
165.0376 43.5116 -0.0596
165.0616 43.5072 -0.0557
165.0856 43.5029 -0.0471
165.1096 43.4985 -0.0348
165.1336 43.4942 -0.0181
165.1576 43.4898 0.0027
165.1816 43.4855 0.0261
165.2056 43.4811 0.0537
165.2296 43.4767 0.0851
165.2535 43.4723 0.1188
165.2775 43.4680 0.1534
165.3015 43.4636 0.1852
165.3254 43.4592 0.2152
165.3494 43.4548 0.2459
165.6128 43.4060 0.6560
165.6367 43.4016 0.6762
165.6606 43.3971 0.6966
165.6845 43.3927 0.7185
165.7084 43.3882 0.7369
165.7323 43.3837 0.7522
165.7562 43.3792 0.7658
165.7801 43.3747 0.7760
165.8040 43.3702 0.7837
165.8279 43.3657 0.7873
165.8518 43.3612 0.7869
165.8757 43.3567 0.7821
165.8996 43.3522 0.7750
165.9234 43.3477 0.7668
165.9473 43.3431 0.7571
165.9712 43.3386 0.7462
165.9951 43.3341 0.7337
166.0189 43.3295 0.7202
166.0428 43.3250 0.7068
166.0666 43.3204 0.6924
166.0905 43.3159 0.6782
166.1143 43.3113 0.6637
166.1382 43.3068 0.6478
166.1620 43.3022 0.6330
166.1859 43.2976 0.6169
166.2097 43.2930 0.6004
164.7793 43.5765 0.1036
164.8033 43.5722 0.0807
164.8274 43.5679 0.0606
164.8514 43.5636 0.0358
164.8754 43.5593 0.0143
164.8995 43.5550 -0.0064
164.9235 43.5507 -0.0232
164.9475 43.5464 -0.0373
164.9715 43.5421 -0.0481
164.9956 43.5377 -0.0561
165.0196 43.5334 -0.0615
165.0436 43.5291 -0.0640
165.0676 43.5247 -0.0627
165.0916 43.5204 -0.0570
165.1156 43.5160 -0.0479
165.1396 43.5117 -0.0341
165.1636 43.5073 -0.0165
165.1876 43.5029 0.0049
165.2116 43.4986 0.0300
165.2356 43.4942 0.0589
165.2596 43.4898 0.0914
165.2835 43.4854 0.1243
165.3075 43.4810 0.1560
165.3315 43.4766 0.1865
165.3555 43.4722 0.2197
165.4992 43.4457 0.3520
165.6189 43.4235 0.6438
165.6428 43.4190 0.6622
165.6667 43.4146 0.6834
165.6906 43.4101 0.7073
165.7146 43.4056 0.7283
165.7385 43.4011 0.7465
165.7624 43.3966 0.7623
165.7863 43.3921 0.7752
165.8102 43.3876 0.7852
165.8341 43.3831 0.7907
165.8580 43.3786 0.7918
165.8819 43.3741 0.7891
165.9058 43.3696 0.7836
165.9296 43.3651 0.7773
165.9535 43.3606 0.7686
165.9774 43.3560 0.7586
166.0013 43.3515 0.7474
166.0251 43.3469 0.7350
166.0490 43.3424 0.7220
166.0729 43.3379 0.7090
166.0967 43.3333 0.6955
166.1206 43.3287 0.6812
166.1444 43.3242 0.6655
166.1683 43.3196 0.6515
166.1921 43.3150 0.6362
166.2160 43.3104 0.6187
164.7852 43.5940 0.1186
164.8092 43.5897 0.0962
164.8333 43.5854 0.0755
164.8573 43.5811 0.0511
164.8814 43.5768 0.0284
164.9054 43.5725 0.0061
164.9294 43.5682 -0.0124
164.9535 43.5639 -0.0285
164.9775 43.5595 -0.0409
165.0015 43.5552 -0.0512
165.0255 43.5509 -0.0592
165.0496 43.5465 -0.0641
165.0736 43.5422 -0.0651
165.0976 43.5379 -0.0616
165.1216 43.5335 -0.0547
165.1456 43.5291 -0.0434
165.1696 43.5248 -0.0291
165.1936 43.5204 -0.0103
165.2176 43.5160 0.0127
165.2416 43.5117 0.0391
165.2656 43.5073 0.0692
165.2896 43.5029 0.1008
165.3136 43.4985 0.1310
165.3375 43.4941 0.1593
165.3615 43.4897 0.1940
165.6250 43.4409 0.6208
165.6489 43.4365 0.6447
165.6729 43.4320 0.6689
165.6968 43.4275 0.6947
165.7207 43.4230 0.7183
165.7446 43.4186 0.7393
165.7685 43.4141 0.7576
165.7924 43.4096 0.7719
165.8164 43.4051 0.7840
165.8403 43.4006 0.7918
165.8642 43.3961 0.7947
165.8881 43.3915 0.7940
165.9119 43.3870 0.7907
165.9358 43.3825 0.7865
165.9597 43.3780 0.7798
165.9836 43.3734 0.7715
166.0075 43.3689 0.7619
166.0314 43.3644 0.7505
166.0552 43.3598 0.7381
166.0791 43.3553 0.7259
166.1030 43.3507 0.7130
166.1268 43.3461 0.6990
166.1507 43.3416 0.6839
166.1745 43.3370 0.6691
166.1984 43.3324 0.6540
166.2222 43.3278 0.6362
164.7911 43.6115 0.1304
164.8151 43.6072 0.1087
164.8392 43.6029 0.0888
164.8632 43.5986 0.0648
164.8873 43.5943 0.0425
164.9113 43.5900 0.0199
164.9354 43.5857 0.0006
164.9594 43.5814 -0.0170
164.9835 43.5770 -0.0312
165.0075 43.5727 -0.0440
165.0315 43.5684 -0.0542
165.0555 43.5640 -0.0613
165.0796 43.5597 -0.0644
165.1036 43.5553 -0.0627
165.1276 43.5510 -0.0575
165.1516 43.5466 -0.0491
165.1756 43.5422 -0.0375
165.1996 43.5379 -0.0224
165.2236 43.5335 -0.0025
165.2476 43.5291 0.0210
165.2716 43.5247 0.0484
165.2956 43.5203 0.0785
165.3196 43.5160 0.1087
165.3436 43.5116 0.1372
165.3676 43.5071 0.1660
165.6311 43.4584 0.5962
165.6551 43.4539 0.6239
165.6790 43.4494 0.6512
165.7029 43.4449 0.6796
165.7269 43.4405 0.7052
165.7508 43.4360 0.7284
165.7747 43.4315 0.7489
165.7986 43.4270 0.7656
165.8225 43.4225 0.7798
165.8464 43.4180 0.7899
165.8703 43.4135 0.7958
165.8943 43.4090 0.7970
165.9182 43.4044 0.7964
165.9420 43.3999 0.7947
165.9659 43.3954 0.7900
165.9898 43.3908 0.7836
166.0137 43.3863 0.7758
166.0376 43.3818 0.7659
166.0615 43.3772 0.7550
166.0854 43.3727 0.7436
166.1092 43.3681 0.7316
166.1331 43.3635 0.7185
166.1570 43.3590 0.7035
166.1808 43.3544 0.6884
166.2047 43.3498 0.6726
166.2285 43.3452 0.6536
164.7970 43.6290 0.1416
164.8210 43.6247 0.1222
164.8451 43.6204 0.1032
164.8692 43.6161 0.0801
164.8932 43.6118 0.0580
164.9173 43.6075 0.0346
164.9413 43.6032 0.0147
164.9654 43.5988 -0.0042
164.9894 43.5945 -0.0200
165.0135 43.5902 -0.0343
165.0375 43.5858 -0.0465
165.0615 43.5815 -0.0555
165.0855 43.5772 -0.0603
165.1096 43.5728 -0.0606
165.1336 43.5684 -0.0582
165.1576 43.5641 -0.0526
165.1816 43.5597 -0.0441
165.2056 43.5553 -0.0324
165.2296 43.5510 -0.0160
165.2537 43.5466 0.0048
165.2777 43.5422 0.0301
165.3017 43.5378 0.0577
165.3256 43.5334 0.0866
165.3496 43.5290 0.1137
165.3736 43.5246 0.1416
165.6372 43.4758 0.5710
165.6612 43.4713 0.6016
165.6851 43.4669 0.6313
165.7091 43.4624 0.6620
165.7330 43.4579 0.6900
165.7569 43.4534 0.7149
165.7809 43.4489 0.7373
165.8048 43.4444 0.7558
165.8287 43.4399 0.7726
165.8526 43.4354 0.7854
165.8765 43.4309 0.7942
165.9005 43.4264 0.7988
165.9244 43.4219 0.8010
165.9483 43.4173 0.8018
165.9722 43.4128 0.7995
165.9961 43.4083 0.7948
166.0199 43.4037 0.7887
166.0438 43.3992 0.7805
166.0677 43.3946 0.7709
166.0916 43.3901 0.7613
166.1155 43.3855 0.7506
166.1393 43.3809 0.7386
166.1632 43.3764 0.7243
166.1871 43.3718 0.7094
166.2109 43.3672 0.6934
166.2348 43.3626 0.6741
164.8029 43.6465 0.1504
164.8270 43.6422 0.1345
164.8510 43.6379 0.1164
164.8751 43.6336 0.0939
164.8992 43.6293 0.0721
164.9232 43.6250 0.0495
164.9473 43.6206 0.0293
164.9713 43.6163 0.0086
164.9954 43.6120 -0.0091
165.0194 43.6077 -0.0245
165.0435 43.6033 -0.0378
165.0675 43.5990 -0.0481
165.0915 43.5946 -0.0551
165.1156 43.5903 -0.0578
165.1396 43.5859 -0.0579
165.1636 43.5816 -0.0548
165.1876 43.5772 -0.0493
165.2117 43.5728 -0.0405
165.2357 43.5684 -0.0272
165.2597 43.5641 -0.0095
165.2837 43.5597 0.0124
165.3077 43.5553 0.0375
165.3317 43.5509 0.0639
165.3557 43.5465 0.0913
165.3797 43.5421 0.1165
165.4037 43.5376 0.1360
165.5236 43.5155 0.2890
165.6434 43.4932 0.5438
165.6673 43.4888 0.5754
165.6913 43.4843 0.6080
165.7152 43.4798 0.6413
165.7392 43.4753 0.6716
165.7631 43.4708 0.6983
165.7870 43.4663 0.7220
165.8110 43.4618 0.7433
165.8349 43.4573 0.7619
165.8588 43.4528 0.7776
165.8827 43.4483 0.7898
165.9067 43.4438 0.7980
165.9306 43.4393 0.8031
165.9545 43.4347 0.8065
165.9784 43.4302 0.8064
166.0023 43.4257 0.8039
166.0262 43.4211 0.7998
166.0501 43.4166 0.7938
166.0740 43.4120 0.7866
166.0979 43.4075 0.7786
166.1217 43.4029 0.7697
166.1456 43.3983 0.7593
166.1695 43.3937 0.7465
166.1934 43.3892 0.7323
166.2172 43.3846 0.7151
166.2411 43.3800 0.6952
164.8088 43.6640 0.1589
164.8329 43.6597 0.1462
164.8570 43.6554 0.1287
164.8810 43.6511 0.1077
164.9051 43.6468 0.0872
164.9292 43.6425 0.0654
164.9532 43.6381 0.0441
164.9773 43.6338 0.0219
165.0013 43.6295 0.0027
165.0254 43.6251 -0.0143
165.0494 43.6208 -0.0282
165.0735 43.6165 -0.0401
165.0975 43.6121 -0.0486
165.1216 43.6078 -0.0533
165.1456 43.6034 -0.0557
165.1696 43.5990 -0.0551
165.1937 43.5947 -0.0519
165.2177 43.5903 -0.0457
165.2417 43.5859 -0.0358
165.2657 43.5815 -0.0210
165.2897 43.5771 -0.0025
165.3137 43.5727 0.0201
165.3378 43.5683 0.0450
165.3618 43.5639 0.0696
165.3858 43.5595 0.0948
165.4098 43.5551 0.1176
165.6495 43.5107 0.5150
165.6735 43.5062 0.5494
165.6974 43.5017 0.5839
165.7214 43.4972 0.6191
165.7453 43.4927 0.6512
165.7693 43.4883 0.6798
165.7932 43.4838 0.7058
165.8172 43.4793 0.7286
165.8411 43.4748 0.7495
165.8650 43.4702 0.7677
165.8889 43.4657 0.7833
165.9129 43.4612 0.7946
165.9368 43.4567 0.8029
165.9607 43.4521 0.8084
165.9846 43.4476 0.8103
166.0085 43.4431 0.8102
166.0324 43.4385 0.8078
166.0563 43.4340 0.8043
166.0802 43.4294 0.8001
166.1041 43.4249 0.7946
166.1280 43.4203 0.7876
166.1519 43.4157 0.7790
166.1758 43.4111 0.7674
166.1996 43.4066 0.7538
166.2235 43.4020 0.7367
166.2474 43.3974 0.7173
164.8147 43.6815 0.1676
164.8388 43.6772 0.1555
164.8629 43.6729 0.1418
164.8870 43.6686 0.1221
164.9111 43.6643 0.1033
164.9351 43.6599 0.0809
164.9592 43.6556 0.0593
164.9833 43.6513 0.0353
165.0073 43.6470 0.0153
165.0314 43.6426 -0.0032
165.0554 43.6383 -0.0184
165.0795 43.6339 -0.0317
165.1035 43.6296 -0.0421
165.1276 43.6252 -0.0490
165.1516 43.6209 -0.0533
165.1757 43.6165 -0.0549
165.1997 43.6121 -0.0535
165.2237 43.6077 -0.0497
165.2477 43.6034 -0.0428
165.2718 43.5990 -0.0311
165.2958 43.5946 -0.0158
165.3198 43.5902 0.0039
165.3438 43.5858 0.0265
165.3678 43.5814 0.0506
165.3918 43.5770 0.0743
165.4158 43.5725 0.0982
165.6557 43.5281 0.4867
165.6796 43.5236 0.5228
165.7036 43.5191 0.5585
165.7275 43.5147 0.5948
165.7515 43.5102 0.6286
165.7755 43.5057 0.6590
165.7994 43.5012 0.6866
165.8233 43.4967 0.7114
165.8473 43.4922 0.7343
165.8712 43.4877 0.7551
165.8951 43.4831 0.7732
165.9191 43.4786 0.7879
165.9430 43.4741 0.7985
165.9669 43.4696 0.8067
165.9908 43.4650 0.8109
166.0147 43.4605 0.8129
166.0387 43.4559 0.8139
166.0626 43.4514 0.8134
166.0865 43.4468 0.8121
166.1104 43.4423 0.8087
166.1343 43.4377 0.8033
166.1582 43.4331 0.7960
166.1820 43.4285 0.7849
166.2059 43.4240 0.7726
166.2298 43.4194 0.7572
166.2537 43.4148 0.7375
164.8207 43.6990 0.1752
164.8447 43.6947 0.1660
164.8688 43.6904 0.1523
164.8929 43.6861 0.1362
164.9170 43.6817 0.1179
164.9411 43.6774 0.0963
164.9652 43.6731 0.0742
164.9892 43.6688 0.0503
165.0133 43.6644 0.0293
165.0374 43.6601 0.0096
165.0614 43.6558 -0.0070
165.0855 43.6514 -0.0219
165.1095 43.6471 -0.0336
165.1336 43.6427 -0.0422
165.1576 43.6383 -0.0490
165.1817 43.6340 -0.0530
165.2057 43.6296 -0.0540
165.2298 43.6252 -0.0530
165.2538 43.6208 -0.0486
165.2778 43.6164 -0.0400
165.3018 43.6120 -0.0282
165.3259 43.6076 -0.0110
165.3499 43.6032 0.0098
165.3739 43.5988 0.0327
165.3979 43.5944 0.0558
165.4219 43.5900 0.0784
165.5419 43.5678 0.2020
165.6618 43.5455 0.4591
165.6858 43.5411 0.4959
165.7098 43.5366 0.5317
165.7337 43.5321 0.5693
165.7577 43.5276 0.6042
165.7816 43.5231 0.6363
165.8056 43.5186 0.6652
165.8295 43.5141 0.6917
165.8535 43.5096 0.7172
165.8774 43.5051 0.7400
165.9014 43.5006 0.7613
165.9253 43.4960 0.7786
165.9492 43.4915 0.7922
165.9731 43.4870 0.8028
165.9971 43.4824 0.8092
166.0210 43.4779 0.8143
166.0449 43.4733 0.8183
166.0688 43.4688 0.8209
166.0927 43.4642 0.8224
166.1166 43.4597 0.8214
166.1405 43.4551 0.8179
166.1644 43.4505 0.8115
166.1883 43.4459 0.8015
166.2122 43.4413 0.7907
166.2361 43.4368 0.7761
166.2600 43.4322 0.7569
164.8266 43.7165 0.1817
164.8507 43.7122 0.1734
164.8748 43.7079 0.1626
164.8989 43.7035 0.1483
164.9230 43.6992 0.1318
164.9470 43.6949 0.1113
164.9711 43.6906 0.0897
164.9952 43.6863 0.0665
165.0193 43.6819 0.0460
165.0433 43.6776 0.0255
165.0674 43.6732 0.0076
165.0915 43.6689 -0.0090
165.1155 43.6645 -0.0226
165.1396 43.6602 -0.0334
165.1637 43.6558 -0.0422
165.1877 43.6514 -0.0489
165.2117 43.6471 -0.0526
165.2358 43.6427 -0.0542
165.2598 43.6383 -0.0527
165.2839 43.6339 -0.0474
165.3079 43.6295 -0.0388
165.3319 43.6251 -0.0243
165.3560 43.6207 -0.0062
165.3800 43.6163 0.0151
165.4040 43.6119 0.0371
165.4280 43.6075 0.0579
165.6680 43.5630 0.4318
165.6919 43.5585 0.4683
165.7159 43.5540 0.5045
165.7399 43.5495 0.5425
165.7638 43.5450 0.5781
165.7878 43.5405 0.6109
165.8118 43.5360 0.6415
165.8357 43.5315 0.6704
165.8597 43.5270 0.6975
165.8836 43.5225 0.7228
165.9076 43.5180 0.7460
165.9315 43.5134 0.7672
165.9554 43.5089 0.7837
165.9794 43.5044 0.7971
166.0033 43.4998 0.8065
166.0272 43.4953 0.8149
166.0512 43.4907 0.8215
166.0751 43.4862 0.8271
166.0990 43.4816 0.8307
166.1229 43.4771 0.8318
166.1468 43.4725 0.8300
166.1707 43.4679 0.8254
166.1946 43.4633 0.8168
166.2185 43.4587 0.8063
166.2424 43.4541 0.7923
166.2663 43.4495 0.7736
164.8325 43.7340 0.1861
164.8566 43.7297 0.1797
164.8807 43.7254 0.1703
164.9048 43.7210 0.1567
164.9289 43.7167 0.1423
164.9530 43.7124 0.1235
164.9771 43.7081 0.1032
165.0012 43.7037 0.0825
165.0253 43.6994 0.0631
165.0493 43.6951 0.0423
165.0734 43.6907 0.0236
165.0975 43.6864 0.0054
165.1216 43.6820 -0.0093
165.1456 43.6776 -0.0227
165.1697 43.6733 -0.0334
165.1937 43.6689 -0.0427
165.2178 43.6645 -0.0492
165.2418 43.6601 -0.0530
165.2659 43.6558 -0.0541
165.2899 43.6514 -0.0514
165.3140 43.6470 -0.0459
165.3380 43.6426 -0.0345
165.3620 43.6382 -0.0188
165.3861 43.6337 0.0000
165.4101 43.6293 0.0205
165.4341 43.6249 0.0388
165.6741 43.5804 0.4042
165.6981 43.5759 0.4409
165.7221 43.5714 0.4770
165.7461 43.5669 0.5145
165.7700 43.5625 0.5507
165.7940 43.5580 0.5842
165.8180 43.5535 0.6165
165.8419 43.5489 0.6470
165.8659 43.5444 0.6756
165.8898 43.5399 0.7027
165.9138 43.5354 0.7287
165.9377 43.5309 0.7526
165.9617 43.5263 0.7729
165.9856 43.5218 0.7894
166.0096 43.5172 0.8021
166.0335 43.5127 0.8130
166.0574 43.5081 0.8224
166.0813 43.5036 0.8300
166.1053 43.4990 0.8356
166.1292 43.4944 0.8384
166.1531 43.4899 0.8385
166.1770 43.4853 0.8356
166.2009 43.4807 0.8287
166.2248 43.4761 0.8198
166.2487 43.4715 0.8067
166.2726 43.4669 0.7899
164.8385 43.7515 0.1869
164.8626 43.7471 0.1822
164.8867 43.7428 0.1737
164.9108 43.7385 0.1614
164.9349 43.7342 0.1497
164.9590 43.7299 0.1339
164.9831 43.7256 0.1166
165.0072 43.7212 0.0977
165.0313 43.7169 0.0797
165.0553 43.7125 0.0599
165.0794 43.7082 0.0412
165.1035 43.7038 0.0223
165.1276 43.6995 0.0060
165.1516 43.6951 -0.0099
165.1757 43.6907 -0.0228
165.1998 43.6864 -0.0342
165.2238 43.6820 -0.0429
165.2479 43.6776 -0.0492
165.2719 43.6732 -0.0523
165.2960 43.6688 -0.0525
165.3200 43.6644 -0.0495
165.3441 43.6600 -0.0413
165.3681 43.6556 -0.0293
165.3921 43.6512 -0.0136
165.4162 43.6468 0.0042
165.4402 43.6424 0.0208
165.6803 43.5978 0.3759
165.7043 43.5934 0.4125
165.7283 43.5889 0.4486
165.7522 43.5844 0.4860
165.7762 43.5799 0.5225
165.8002 43.5754 0.5570
165.8242 43.5709 0.5900
165.8481 43.5664 0.6223
165.8721 43.5618 0.6525
165.8961 43.5573 0.6819
165.9200 43.5528 0.7101
165.9440 43.5483 0.7368
165.9679 43.5437 0.7601
165.9919 43.5392 0.7800
166.0158 43.5346 0.7958
166.0397 43.5301 0.8095
166.0637 43.5255 0.8208
166.0876 43.5210 0.8308
166.1115 43.5164 0.8381
166.1355 43.5118 0.8422
166.1594 43.5073 0.8443
166.1833 43.5027 0.8428
166.2072 43.4981 0.8379
166.2311 43.4935 0.8312
166.2550 43.4889 0.8206
166.2789 43.4843 0.8059
164.8444 43.7689 0.1873
164.8685 43.7646 0.1841
164.8926 43.7603 0.1774
164.9167 43.7560 0.1663
164.9409 43.7517 0.1556
164.9650 43.7474 0.1433
164.9891 43.7430 0.1293
165.0132 43.7387 0.1139
165.0372 43.7344 0.0977
165.0613 43.7300 0.0792
165.0854 43.7257 0.0607
165.1095 43.7213 0.0407
165.1336 43.7170 0.0236
165.1577 43.7126 0.0057
165.1817 43.7082 -0.0092
165.2058 43.7038 -0.0228
165.2299 43.6995 -0.0333
165.2539 43.6951 -0.0416
165.2780 43.6907 -0.0471
165.3020 43.6863 -0.0496
165.3261 43.6819 -0.0490
165.3501 43.6775 -0.0437
165.3742 43.6731 -0.0351
165.3982 43.6687 -0.0229
165.4223 43.6642 -0.0080
165.4463 43.6598 0.0062
165.5664 43.6376 0.1130
165.6864 43.6153 0.3486
165.7104 43.6108 0.3844
165.7344 43.6063 0.4203
165.7584 43.6018 0.4576
165.7824 43.5973 0.4942
165.8064 43.5928 0.5291
165.8304 43.5883 0.5635
165.8543 43.5838 0.5972
165.8783 43.5793 0.6293
165.9023 43.5747 0.6602
165.9262 43.5702 0.6902
165.9502 43.5657 0.7195
165.9742 43.5611 0.7455
165.9981 43.5566 0.7677
166.0221 43.5521 0.7865
166.0460 43.5475 0.8031
166.0699 43.5429 0.8171
166.0939 43.5384 0.8286
166.1178 43.5338 0.8384
166.1417 43.5292 0.8441
166.1657 43.5247 0.8473
166.1896 43.5201 0.8485
166.2135 43.5155 0.8450
166.2374 43.5109 0.8398
166.2613 43.5063 0.8325
166.2852 43.5017 0.8209
164.8503 43.7864 0.1852
164.8745 43.7821 0.1845
164.8986 43.7778 0.1792
164.9227 43.7735 0.1702
164.9468 43.7692 0.1611
164.9709 43.7649 0.1503
164.9950 43.7605 0.1401
165.0191 43.7562 0.1287
165.0432 43.7518 0.1157
165.0673 43.7475 0.0982
165.0914 43.7431 0.0805
165.1155 43.7388 0.0611
165.1396 43.7344 0.0429
165.1637 43.7301 0.0240
165.1878 43.7257 0.0073
165.2118 43.7213 -0.0081
165.2359 43.7169 -0.0209
165.2600 43.7125 -0.0310
165.2841 43.7081 -0.0382
165.3081 43.7037 -0.0432
165.3322 43.6993 -0.0453
165.3562 43.6949 -0.0430
165.3803 43.6905 -0.0379
165.4043 43.6861 -0.0286
165.4284 43.6817 -0.0179
165.4524 43.6773 -0.0068
165.6926 43.6327 0.3208
165.7166 43.6282 0.3563
165.7406 43.6237 0.3916
165.7646 43.6192 0.4288
165.7886 43.6147 0.4657
165.8126 43.6102 0.5017
165.8366 43.6057 0.5372
165.8606 43.6012 0.5725
165.8845 43.5967 0.6060
165.9085 43.5922 0.6384
165.9325 43.5876 0.6697
165.9564 43.5831 0.7011
165.9804 43.5786 0.7287
166.0044 43.5740 0.7534
166.0283 43.5695 0.7749
166.0523 43.5649 0.7942
166.0762 43.5603 0.8109
166.1002 43.5558 0.8248
166.1241 43.5512 0.8362
166.1480 43.5466 0.8439
166.1720 43.5421 0.8483
166.1959 43.5375 0.8510
166.2198 43.5329 0.8498
166.2437 43.5283 0.8466
166.2677 43.5237 0.8411
166.2916 43.5191 0.8318
164.8563 43.8039 0.1823
164.8804 43.7996 0.1827
164.9046 43.7953 0.1796
164.9287 43.7910 0.1728
164.9528 43.7867 0.1655
164.9769 43.7823 0.1573
165.0010 43.7780 0.1495
165.0251 43.7737 0.1415
165.0492 43.7693 0.1308
165.0734 43.7650 0.1159
165.0974 43.7606 0.0996
165.1215 43.7563 0.0814
165.1456 43.7519 0.0629
165.1697 43.7475 0.0442
165.1938 43.7432 0.0267
165.2179 43.7388 0.0097
165.2420 43.7344 -0.0050
165.2660 43.7300 -0.0170
165.2901 43.7256 -0.0263
165.3142 43.7212 -0.0337
165.3383 43.7168 -0.0386
165.3623 43.7124 -0.0395
165.3864 43.7080 -0.0375
165.4104 43.7036 -0.0311
165.4345 43.6991 -0.0237
165.4585 43.6947 -0.0148
165.6988 43.6501 0.2940
165.7228 43.6456 0.3293
165.7468 43.6411 0.3641
165.7708 43.6367 0.4005
165.7948 43.6322 0.4385
165.8188 43.6276 0.4758
165.8428 43.6231 0.5124
165.8668 43.6186 0.5490
165.8908 43.6141 0.5839
165.9147 43.6096 0.6176
165.9387 43.6050 0.6510
165.9627 43.6005 0.6831
165.9866 43.5960 0.7120
166.0106 43.5914 0.7386
166.0346 43.5869 0.7621
166.0585 43.5823 0.7833
166.0825 43.5777 0.8027
166.1064 43.5732 0.8188
166.1304 43.5686 0.8319
166.1543 43.5640 0.8412
166.1783 43.5595 0.8473
166.2022 43.5549 0.8506
166.2261 43.5503 0.8511
166.2501 43.5457 0.8499
166.2740 43.5411 0.8448
166.2979 43.5365 0.8374
164.8623 43.8214 0.1750
164.8864 43.8171 0.1770
164.9105 43.8128 0.1760
164.9347 43.8085 0.1720
164.9588 43.8042 0.1674
164.9829 43.7998 0.1623
165.0070 43.7955 0.1581
165.0311 43.7912 0.1525
165.0553 43.7868 0.1451
165.0794 43.7825 0.1328
165.1035 43.7781 0.1174
165.1276 43.7737 0.1003
165.1517 43.7694 0.0827
165.1758 43.7650 0.0643
165.1999 43.7606 0.0470
165.2239 43.7562 0.0291
165.2480 43.7519 0.0131
165.2721 43.7475 -0.0014
165.2962 43.7431 -0.0132
165.3203 43.7387 -0.0234
165.3443 43.7343 -0.0306
165.3684 43.7298 -0.0346
165.3925 43.7254 -0.0352
165.4165 43.7210 -0.0320
165.4406 43.7166 -0.0273
165.4646 43.7122 -0.0212
165.5848 43.6899 0.0310
165.7050 43.6676 0.2661
165.7290 43.6631 0.3018
165.7530 43.6586 0.3350
165.7770 43.6541 0.3723
165.8010 43.6496 0.4104
165.8250 43.6451 0.4494
165.8490 43.6406 0.4872
165.8730 43.6360 0.5250
165.8970 43.6315 0.5612
165.9210 43.6270 0.5966
165.9449 43.6225 0.6309
165.9689 43.6179 0.6641
165.9929 43.6134 0.6942
166.0169 43.6088 0.7224
166.0408 43.6043 0.7473
166.0648 43.5997 0.7709
166.0888 43.5951 0.7921
166.1127 43.5906 0.8103
166.1367 43.5860 0.8250
166.1606 43.5814 0.8363
166.1846 43.5768 0.8434
166.2085 43.5723 0.8489
166.2324 43.5677 0.8508
166.2564 43.5631 0.8512
166.2803 43.5585 0.8480
166.3042 43.5539 0.8414
164.8682 43.8389 0.1627
164.8924 43.8346 0.1680
164.9165 43.8303 0.1698
164.9406 43.8260 0.1688
164.9648 43.8216 0.1674
164.9889 43.8173 0.1654
165.0130 43.8130 0.1646
165.0371 43.8086 0.1630
165.0613 43.8043 0.1579
165.0854 43.7999 0.1474
165.1095 43.7956 0.1336
165.1336 43.7912 0.1177
165.1577 43.7868 0.1011
165.1818 43.7825 0.0828
165.2059 43.7781 0.0664
165.2300 43.7737 0.0486
165.2541 43.7693 0.0325
165.2782 43.7649 0.0163
165.3023 43.7605 0.0025
165.3263 43.7561 -0.0102
165.3504 43.7517 -0.0197
165.3745 43.7473 -0.0261
165.3986 43.7429 -0.0296
165.4226 43.7385 -0.0300
165.4467 43.7340 -0.0286
165.4708 43.7296 -0.0250
165.7112 43.6850 0.2384
165.7352 43.6805 0.2733
165.7592 43.6760 0.3071
165.7832 43.6715 0.3437
165.8072 43.6670 0.3822
165.8312 43.6625 0.4221
165.8552 43.6580 0.4613
165.8792 43.6535 0.5000
165.9032 43.6489 0.5373
165.9272 43.6444 0.5735
165.9512 43.6399 0.6089
165.9752 43.6353 0.6434
165.9992 43.6308 0.6750
166.0231 43.6262 0.7046
166.0471 43.6217 0.7316
166.0711 43.6171 0.7567
166.0950 43.6125 0.7799
166.1190 43.6080 0.7995
166.1430 43.6034 0.8159
166.1669 43.5988 0.8280
166.1909 43.5942 0.8371
166.2148 43.5896 0.8443
166.2388 43.5851 0.8489
166.2627 43.5805 0.8516
166.2866 43.5758 0.8501
166.3106 43.5712 0.8463
164.8742 43.8564 0.1481
164.8983 43.8521 0.1561
164.9225 43.8478 0.1614
164.9466 43.8435 0.1644
164.9708 43.8391 0.1656
164.9949 43.8348 0.1666
165.0190 43.8305 0.1692
165.0432 43.8261 0.1705
165.0673 43.8218 0.1675
165.0914 43.8174 0.1592
165.1155 43.8130 0.1475
165.1396 43.8087 0.1339
165.1637 43.8043 0.1184
165.1879 43.7999 0.1006
165.2120 43.7956 0.0851
165.2361 43.7912 0.0682
165.2602 43.7868 0.0519
165.2843 43.7824 0.0345
165.3083 43.7780 0.0192
165.3324 43.7736 0.0050
165.3565 43.7692 -0.0067
165.3806 43.7648 -0.0152
165.4047 43.7603 -0.0215
165.4287 43.7559 -0.0255
165.4528 43.7515 -0.0282
165.4769 43.7470 -0.0272
165.7173 43.7024 0.2125
165.7414 43.6979 0.2459
165.7654 43.6934 0.2781
165.7894 43.6889 0.3142
165.8134 43.6844 0.3528
165.8374 43.6799 0.3936
165.8614 43.6754 0.4337
165.8854 43.6709 0.4734
165.9094 43.6663 0.5114
165.9334 43.6618 0.5484
165.9574 43.6573 0.5847
165.9814 43.6527 0.6202
166.0054 43.6482 0.6533
166.0294 43.6436 0.6849
166.0534 43.6391 0.7142
166.0774 43.6345 0.7415
166.1013 43.6299 0.7659
166.1253 43.6254 0.7877
166.1493 43.6208 0.8052
166.1732 43.6162 0.8189
166.1972 43.6116 0.8293
166.2211 43.6070 0.8397
166.2451 43.6024 0.8467
166.2690 43.5978 0.8526
166.2930 43.5932 0.8534
166.3169 43.5886 0.8505
164.8801 43.8739 0.1293
164.9043 43.8696 0.1385
164.9285 43.8653 0.1482
164.9526 43.8609 0.1550
164.9767 43.8566 0.1605
165.0009 43.8523 0.1649
165.0250 43.8479 0.1703
165.0492 43.8436 0.1734
165.0733 43.8392 0.1737
165.0974 43.8349 0.1681
165.1216 43.8305 0.1588
165.1457 43.8262 0.1465
165.1698 43.8218 0.1327
165.1939 43.8174 0.1172
165.2180 43.8130 0.1018
165.2421 43.8086 0.0859
165.2662 43.8042 0.0694
165.2903 43.7999 0.0518
165.3144 43.7955 0.0358
165.3385 43.7910 0.0207
165.3626 43.7866 0.0083
165.3867 43.7822 -0.0023
165.4108 43.7778 -0.0108
165.4349 43.7734 -0.0180
165.4589 43.7689 -0.0238
165.4830 43.7645 -0.0255
165.7235 43.7198 0.1893
165.7476 43.7153 0.2207
165.7716 43.7109 0.2525
165.7956 43.7063 0.2876
165.8196 43.7018 0.3255
165.8437 43.6973 0.3659
165.8677 43.6928 0.4062
165.8917 43.6883 0.4467
165.9157 43.6838 0.4852
165.9397 43.6792 0.5229
165.9637 43.6747 0.5601
165.9877 43.6701 0.5960
166.0117 43.6656 0.6306
166.0357 43.6610 0.6639
166.0597 43.6565 0.6945
166.0836 43.6519 0.7234
166.1076 43.6473 0.7497
166.1316 43.6428 0.7726
166.1556 43.6382 0.7919
166.1795 43.6336 0.8069
166.2035 43.6290 0.8202
166.2275 43.6244 0.8330
166.2514 43.6198 0.8425
166.2754 43.6152 0.8498
166.2993 43.6106 0.8531
166.3233 43.6060 0.8523
164.8861 43.8914 0.1043
164.9103 43.8871 0.1178
164.9344 43.8828 0.1301
164.9586 43.8784 0.1414
164.9827 43.8741 0.1502
165.0069 43.8698 0.1583
165.0310 43.8654 0.1670
165.0552 43.8611 0.1733
165.0793 43.8567 0.1755
165.1035 43.8524 0.1735
165.1276 43.8480 0.1662
165.1517 43.8436 0.1562
165.1758 43.8393 0.1448
165.2000 43.8349 0.1307
165.2241 43.8305 0.1172
165.2482 43.8261 0.1012
165.2723 43.8217 0.0853
165.2964 43.8173 0.0681
165.3205 43.8129 0.0526
165.3446 43.8085 0.0371
165.3687 43.8041 0.0236
165.3928 43.7997 0.0112
165.4169 43.7952 0.0009
165.4410 43.7908 -0.0092
165.4651 43.7864 -0.0175
165.4891 43.7819 -0.0217
165.6095 43.7597 -0.0030
165.7297 43.7373 0.1690
165.7538 43.7328 0.1980
165.7778 43.7283 0.2294
165.8018 43.7238 0.2626
165.8259 43.7193 0.2989
165.8499 43.7147 0.3385
165.8739 43.7102 0.3786
165.8979 43.7057 0.4196
165.9219 43.7012 0.4589
165.9459 43.6966 0.4972
165.9700 43.6921 0.5349
165.9940 43.6875 0.5715
166.0180 43.6830 0.6068
166.0420 43.6784 0.6409
166.0659 43.6739 0.6735
166.0899 43.6693 0.7044
166.1139 43.6647 0.7318
166.1379 43.6602 0.7561
166.1619 43.6556 0.7767
166.1858 43.6510 0.7942
166.2098 43.6464 0.8095
166.2338 43.6418 0.8238
166.2577 43.6372 0.8351
166.2817 43.6326 0.8434
166.3057 43.6280 0.8491
166.3296 43.6234 0.8517
164.8921 43.9089 0.0779
164.9163 43.9046 0.0940
164.9404 43.9002 0.1090
164.9646 43.8959 0.1225
164.9887 43.8916 0.1353
165.0129 43.8872 0.1460
165.0371 43.8829 0.1573
165.0612 43.8785 0.1671
165.0853 43.8742 0.1722
165.1095 43.8698 0.1732
165.1336 43.8655 0.1700
165.1578 43.8611 0.1627
165.1819 43.8567 0.1532
165.2060 43.8523 0.1418
165.2301 43.8480 0.1302
165.2543 43.8436 0.1165
165.2784 43.8392 0.1008
165.3025 43.8348 0.0839
165.3266 43.8304 0.0680
165.3507 43.8260 0.0525
165.3748 43.8215 0.0385
165.3989 43.8171 0.0253
165.4230 43.8127 0.0122
165.4471 43.8083 0.0000
165.4712 43.8038 -0.0098
165.4953 43.7994 -0.0155
165.7359 43.7547 0.1480
165.7600 43.7502 0.1763
165.7840 43.7457 0.2056
165.8080 43.7412 0.2386
165.8321 43.7367 0.2740
165.8561 43.7322 0.3123
165.8801 43.7276 0.3522
165.9042 43.7231 0.3930
165.9282 43.7186 0.4325
165.9522 43.7140 0.4710
165.9762 43.7095 0.5085
166.0002 43.7050 0.5455
166.0242 43.7004 0.5811
166.0482 43.6958 0.6161
166.0722 43.6913 0.6496
166.0962 43.6867 0.6817
166.1202 43.6821 0.7107
166.1442 43.6776 0.7361
166.1682 43.6730 0.7587
166.1922 43.6684 0.7783
166.2161 43.6638 0.7961
166.2401 43.6592 0.8126
166.2641 43.6546 0.8260
166.2881 43.6500 0.8352
166.3120 43.6454 0.8423
166.3360 43.6408 0.8478
164.8981 43.9264 0.0533
164.9222 43.9221 0.0707
164.9464 43.9177 0.0865
164.9706 43.9134 0.1018
164.9948 43.9091 0.1171
165.0189 43.9047 0.1309
165.0431 43.9004 0.1442
165.0672 43.8960 0.1565
165.0914 43.8917 0.1656
165.1155 43.8873 0.1696
165.1397 43.8829 0.1696
165.1638 43.8786 0.1654
165.1880 43.8742 0.1588
165.2121 43.8698 0.1494
165.2362 43.8654 0.1404
165.2603 43.8610 0.1293
165.2845 43.8566 0.1157
165.3086 43.8522 0.0988
165.3327 43.8478 0.0826
165.3568 43.8434 0.0671
165.3809 43.8390 0.0530
165.4050 43.8346 0.0388
165.4291 43.8301 0.0250
165.4532 43.8257 0.0112
165.4773 43.8213 -0.0003
165.5014 43.8168 -0.0060
165.7421 43.7721 0.1295
165.7662 43.7676 0.1543
165.7902 43.7631 0.1829
165.8143 43.7586 0.2165
165.8383 43.7541 0.2501
165.8623 43.7496 0.2870
165.8864 43.7451 0.3253
165.9104 43.7405 0.3660
165.9344 43.7360 0.4053
165.9585 43.7315 0.4439
165.9825 43.7269 0.4818
166.0065 43.7224 0.5191
166.0305 43.7178 0.5553
166.0545 43.7132 0.5907
166.0785 43.7087 0.6244
166.1025 43.7041 0.6575
166.1265 43.6995 0.6881
166.1505 43.6950 0.7152
166.1745 43.6904 0.7399
166.1985 43.6858 0.7626
166.2225 43.6812 0.7833
166.2465 43.6766 0.8022
166.2704 43.6720 0.8173
166.2944 43.6674 0.8298
166.3184 43.6628 0.8377
166.3423 43.6581 0.8457
164.9041 43.9439 0.0308
164.9282 43.9395 0.0481
164.9524 43.9352 0.0643
164.9766 43.9309 0.0817
165.0008 43.9265 0.0979
165.0249 43.9222 0.1141
165.0491 43.9179 0.1301
165.0733 43.9135 0.1447
165.0974 43.9091 0.1567
165.1216 43.9048 0.1640
165.1457 43.9004 0.1672
165.1699 43.8960 0.1664
165.1940 43.8917 0.1626
165.2182 43.8873 0.1560
165.2423 43.8829 0.1490
165.2664 43.8785 0.1401
165.2906 43.8741 0.1277
165.3147 43.8697 0.1132
165.3388 43.8653 0.0972
165.3629 43.8609 0.0822
165.3870 43.8564 0.0680
165.4111 43.8520 0.0530
165.4353 43.8476 0.0382
165.4594 43.8432 0.0240
165.4835 43.8387 0.0118
165.5076 43.8343 0.0059
165.6280 43.8120 0.0150
165.7483 43.7896 0.1110
165.7724 43.7850 0.1344
165.7964 43.7805 0.1624
165.8205 43.7760 0.1942
165.8445 43.7715 0.2275
165.8686 43.7670 0.2629
165.8926 43.7625 0.2997
165.9167 43.7579 0.3392
165.9407 43.7534 0.3789
165.9647 43.7489 0.4180
165.9888 43.7443 0.4560
166.0128 43.7398 0.4935
166.0368 43.7352 0.5296
166.0608 43.7306 0.5654
166.0848 43.7261 0.6002
166.1088 43.7215 0.6335
166.1328 43.7169 0.6652
166.1568 43.7124 0.6943
166.1808 43.7078 0.7206
166.2048 43.7032 0.7450
166.2288 43.6986 0.7683
166.2528 43.6940 0.7895
166.2768 43.6894 0.8072
166.3008 43.6848 0.8228
166.3247 43.6801 0.8338
166.3487 43.6755 0.8434
164.9100 43.9614 0.0080
164.9342 43.9570 0.0248
164.9584 43.9527 0.0420
164.9826 43.9484 0.0611
165.0068 43.9440 0.0795
165.0310 43.9397 0.0978
165.0551 43.9353 0.1162
165.0793 43.9310 0.1322
165.1035 43.9266 0.1467
165.1276 43.9223 0.1578
165.1518 43.9179 0.1631
165.1759 43.9135 0.1655
165.2001 43.9091 0.1650
165.2242 43.9047 0.1612
165.2484 43.9004 0.1561
165.2725 43.8960 0.1487
165.2966 43.8916 0.1395
165.3208 43.8872 0.1271
165.3449 43.8827 0.1131
165.3690 43.8783 0.0969
165.3932 43.8739 0.0827
165.4173 43.8695 0.0680
165.4414 43.8650 0.0533
165.4655 43.8606 0.0388
165.4896 43.8562 0.0266
165.5137 43.8517 0.0194
165.7305 43.8115 0.0803
165.7545 43.8070 0.0946
165.7786 43.8025 0.1171
165.8027 43.7980 0.1416
165.8267 43.7935 0.1723
165.8508 43.7889 0.2060
165.8748 43.7844 0.2399
165.8989 43.7799 0.2746
165.9229 43.7754 0.3124
165.9470 43.7708 0.3511
165.9710 43.7663 0.3908
165.9950 43.7617 0.4293
166.0191 43.7572 0.4678
166.0431 43.7526 0.5040
166.0671 43.7480 0.5405
166.0911 43.7435 0.5759
166.1151 43.7389 0.6102
166.1391 43.7343 0.6426
166.1631 43.7297 0.6727
166.1872 43.7252 0.7004
166.2112 43.7206 0.7271
166.2351 43.7160 0.7512
166.2591 43.7114 0.7747
166.2831 43.7068 0.7955
166.3071 43.7021 0.8142
166.3311 43.6975 0.8289
166.3551 43.6929 0.8399
164.9160 43.9788 -0.0108
164.9402 43.9745 0.0050
164.9644 43.9702 0.0223
164.9886 43.9659 0.0419
165.0128 43.9615 0.0619
165.0370 43.9572 0.0822
165.0612 43.9528 0.1026
165.0853 43.9485 0.1211
165.1095 43.9441 0.1376
165.1337 43.9397 0.1509
165.1578 43.9354 0.1590
165.1820 43.9310 0.1635
165.2061 43.9266 0.1655
165.2303 43.9222 0.1642
165.2545 43.9178 0.1612
165.2786 43.9134 0.1556
165.3027 43.9090 0.1483
165.3269 43.9046 0.1381
165.3510 43.9002 0.1256
165.3751 43.8958 0.1118
165.3993 43.8914 0.0978
165.4234 43.8869 0.0835
165.4475 43.8825 0.0695
165.4716 43.8781 0.0553
165.4958 43.8736 0.0428
165.5199 43.8692 0.0340
165.7367 43.8289 0.0696
165.7608 43.8244 0.0838
165.7848 43.8199 0.1019
165.8089 43.8154 0.1251
165.8330 43.8109 0.1536
165.8570 43.8064 0.1842
165.8811 43.8018 0.2187
165.9051 43.7973 0.2520
165.9292 43.7928 0.2876
165.9532 43.7882 0.3251
165.9773 43.7837 0.3646
166.0013 43.7791 0.4035
166.0253 43.7746 0.4424
166.0494 43.7700 0.4793
166.0734 43.7655 0.5160
166.0974 43.7609 0.5522
166.1214 43.7563 0.5876
166.1455 43.7517 0.6209
166.1695 43.7471 0.6517
166.1935 43.7426 0.6809
166.2175 43.7380 0.7091
166.2415 43.7334 0.7355
166.2655 43.7287 0.7615
166.2895 43.7241 0.7847
166.3135 43.7195 0.8083
166.3375 43.7149 0.8229
166.3614 43.7103 0.8338
164.9220 43.9963 -0.0279
164.9462 43.9920 -0.0140
164.9704 43.9877 0.0029
164.9946 43.9833 0.0230
165.0188 43.9790 0.0441
165.0430 43.9746 0.0661
165.0672 43.9703 0.0875
165.0914 43.9659 0.1083
165.1156 43.9616 0.1266
165.1397 43.9572 0.1415
165.1639 43.9528 0.1515
165.1881 43.9484 0.1595
165.2122 43.9441 0.1634
165.2364 43.9397 0.1646
165.2605 43.9353 0.1641
165.2847 43.9309 0.1609
165.3088 43.9265 0.1559
165.3330 43.9221 0.1472
165.3571 43.9177 0.1379
165.3813 43.9132 0.1256
165.4054 43.9088 0.1140
165.4295 43.9044 0.1003
165.4537 43.8999 0.0874
165.4778 43.8955 0.0739
165.5019 43.8911 0.0604
165.5260 43.8866 0.0494
165.7429 43.8463 0.0623
165.7670 43.8418 0.0750
165.7911 43.8373 0.0903
165.8151 43.8328 0.1118
165.8392 43.8283 0.1364
165.8633 43.8238 0.1653
165.8873 43.8192 0.1986
165.9114 43.8147 0.2315
165.9355 43.8102 0.2654
165.9595 43.8056 0.3008
165.9836 43.8011 0.3391
166.0076 43.7965 0.3773
166.0316 43.7920 0.4164
166.0557 43.7874 0.4537
166.0797 43.7829 0.4909
166.1037 43.7783 0.5280
166.1278 43.7737 0.5638
166.1518 43.7691 0.5980
166.1758 43.7645 0.6302
166.1998 43.7599 0.6603
166.2238 43.7553 0.6906
166.2478 43.7507 0.7187
166.2718 43.7461 0.7476
166.2958 43.7415 0.7712
166.3198 43.7369 0.7981
166.3438 43.7323 0.8152
166.3678 43.7277 0.8358
164.9280 44.0138 -0.0425
164.9522 44.0095 -0.0296
164.9764 44.0052 -0.0138
165.0006 44.0008 0.0059
165.0248 43.9965 0.0273
165.0490 43.9921 0.0499
165.0732 43.9878 0.0723
165.0974 43.9834 0.0940
165.1216 43.9790 0.1136
165.1458 43.9747 0.1296
165.1700 43.9703 0.1426
165.1941 43.9659 0.1521
165.2183 43.9615 0.1593
165.2425 43.9571 0.1625
165.2666 43.9527 0.1640
165.2908 43.9483 0.1642
165.3149 43.9439 0.1612
165.3391 43.9395 0.1554
165.3632 43.9351 0.1477
165.3874 43.9307 0.1383
165.4115 43.9263 0.1282
165.4357 43.9218 0.1168
165.4598 43.9174 0.1049
165.4839 43.9130 0.0918
165.5081 43.9085 0.0773
165.5322 43.9041 0.0653
165.6527 43.8817 -0.0080
165.7491 43.8638 0.0579
165.7732 43.8593 0.0694
165.7973 43.8547 0.0834
165.8214 43.8502 0.1016
165.8455 43.8457 0.1231
165.8695 43.8412 0.1467
165.8936 43.8367 0.1772
165.9177 43.8321 0.2109
165.9417 43.8276 0.2445
165.9658 43.8230 0.2782
165.9898 43.8185 0.3150
166.0139 43.8139 0.3529
166.0379 43.8094 0.3911
166.0620 43.8048 0.4284
166.0860 43.8003 0.4664
166.1100 43.7957 0.5037
166.1341 43.7911 0.5397
166.1581 43.7865 0.5750
166.1821 43.7819 0.6081
166.2062 43.7773 0.6405
166.2302 43.7727 0.6722
166.2542 43.7681 0.7023
166.2782 43.7635 0.7333
166.3022 43.7589 0.7571
166.3262 43.7543 0.7883
166.3502 43.7497 0.8105
164.9340 44.0313 -0.0546
164.9583 44.0270 -0.0440
164.9825 44.0226 -0.0292
165.0067 44.0183 -0.0102
165.0309 44.0140 0.0104
165.0551 44.0096 0.0328
165.0793 44.0052 0.0556
165.1035 44.0009 0.0785
165.1277 43.9965 0.0984
165.1518 43.9921 0.1159
165.1760 43.9878 0.1309
165.2002 43.9834 0.1428
165.2244 43.9790 0.1513
165.2486 43.9746 0.1575
165.2727 43.9702 0.1618
165.2969 43.9658 0.1644
165.3211 43.9614 0.1644
165.3452 43.9570 0.1614
165.3694 43.9526 0.1567
165.3935 43.9481 0.1493
165.4177 43.9437 0.1410
165.4418 43.9393 0.1311
165.4659 43.9348 0.1200
165.4901 43.9304 0.1067
165.5142 43.9259 0.0921
165.5383 43.9215 0.0787
165.7554 43.8812 0.0536
165.7794 43.8767 0.0641
165.8035 43.8722 0.0770
165.8276 43.8676 0.0930
165.8517 43.8631 0.1115
165.8758 43.8586 0.1336
165.8999 43.8541 0.1613
165.9239 43.8495 0.1916
165.9480 43.8450 0.2242
165.9721 43.8405 0.2571
165.9961 43.8359 0.2922
166.0202 43.8313 0.3287
166.0442 43.8268 0.3663
166.0683 43.8222 0.4031
166.0923 43.8177 0.4405
166.1164 43.8131 0.4773
166.1404 43.8085 0.5141
166.1644 43.8039 0.5496
166.1885 43.7993 0.5848
166.2125 43.7947 0.6187
166.2365 43.7901 0.6521
166.2605 43.7855 0.6851
166.2846 43.7809 0.7161
166.3086 43.7763 0.7409
166.3326 43.7717 0.7697
166.3566 43.7670 0.7844
164.9400 44.0488 -0.0654
164.9643 44.0445 -0.0566
164.9885 44.0401 -0.0433
165.0127 44.0358 -0.0259
165.0369 44.0314 -0.0066
165.0611 44.0271 0.0147
165.0853 44.0227 0.0376
165.1095 44.0184 0.0604
165.1337 44.0140 0.0813
165.1579 44.0096 0.0994
165.1821 44.0052 0.1159
165.2063 44.0008 0.1299
165.2305 43.9965 0.1413
165.2547 43.9921 0.1502
165.2788 43.9877 0.1572
165.3030 43.9833 0.1627
165.3272 43.9789 0.1655
165.3513 43.9744 0.1654
165.3755 43.9700 0.1629
165.3997 43.9656 0.1582
165.4238 43.9612 0.1513
165.4480 43.9567 0.1426
165.4721 43.9523 0.1324
165.4962 43.9478 0.1182
165.5204 43.9434 0.1041
165.5445 43.9389 0.0906
165.7616 43.8986 0.0502
165.7857 43.8941 0.0585
165.8098 43.8896 0.0703
165.8339 43.8851 0.0852
165.8580 43.8805 0.1012
165.8820 43.8760 0.1217
165.9061 43.8715 0.1453
165.9302 43.8670 0.1724
165.9543 43.8624 0.2047
165.9783 43.8579 0.2369
166.0024 43.8533 0.2705
166.0265 43.8488 0.3049
166.0505 43.8442 0.3413
166.0746 43.8396 0.3771
166.0986 43.8351 0.4130
166.1227 43.8305 0.4491
166.1467 43.8259 0.4857
166.1708 43.8213 0.5222
166.1948 43.8167 0.5581
166.2188 43.8121 0.5932
166.2429 43.8075 0.6278
166.2669 43.8029 0.6627
166.2909 43.7983 0.6941
166.3149 43.7937 0.7203
166.3390 43.7890 0.7540
166.3630 43.7844 0.7764
166.3870 43.7798 0.8001
164.9461 44.0663 -0.0738
164.9703 44.0619 -0.0670
164.9945 44.0576 -0.0559
165.0187 44.0533 -0.0402
165.0430 44.0489 -0.0227
165.0672 44.0446 -0.0023
165.0914 44.0402 0.0194
165.1156 44.0358 0.0420
165.1398 44.0315 0.0632
165.1640 44.0271 0.0830
165.1882 44.0227 0.1002
165.2124 44.0183 0.1153
165.2366 44.0139 0.1294
165.2608 44.0095 0.1407
165.2849 44.0051 0.1513
165.3091 44.0007 0.1609
165.3333 43.9963 0.1661
165.3575 43.9919 0.1682
165.3816 43.9875 0.1684
165.4058 43.9830 0.1659
165.4299 43.9786 0.1611
165.4541 43.9742 0.1528
165.4783 43.9697 0.1435
165.5024 43.9653 0.1306
165.5266 43.9608 0.1169
165.5507 43.9564 0.1028
165.6714 43.9340 0.0320
165.7678 43.9160 0.0492
165.7919 43.9115 0.0548
165.8160 43.9070 0.0644
165.8401 43.9025 0.0773
165.8642 43.8980 0.0921
165.8883 43.8934 0.1093
165.9124 43.8889 0.1311
165.9365 43.8844 0.1572
165.9606 43.8798 0.1866
165.9846 43.8753 0.2181
166.0087 43.8707 0.2495
166.0328 43.8662 0.2818
166.0568 43.8616 0.3160
166.0809 43.8570 0.3500
166.1050 43.8524 0.3850
166.1290 43.8479 0.4201
166.1531 43.8433 0.4563
166.1771 43.8387 0.4925
166.2012 43.8341 0.5289
166.2252 43.8295 0.5645
166.2492 43.8249 0.6004
166.2733 43.8203 0.6354
166.2973 43.8157 0.6685
166.3213 43.8111 0.6965
166.3453 43.8064 0.7313
166.3694 43.8018 0.7610
166.3934 43.7972 0.7471
164.9521 44.0838 -0.0810
164.9763 44.0794 -0.0762
165.0005 44.0751 -0.0676
165.0248 44.0707 -0.0545
165.0490 44.0664 -0.0385
165.0732 44.0620 -0.0193
165.0974 44.0577 0.0022
165.1216 44.0533 0.0239
165.1459 44.0489 0.0454
165.1701 44.0446 0.0656
165.1943 44.0402 0.0832
165.2185 44.0358 0.0994
165.2427 44.0314 0.1144
165.2669 44.0270 0.1286
165.2910 44.0226 0.1419
165.3152 44.0182 0.1543
165.3394 44.0138 0.1633
165.3636 44.0093 0.1675
165.3878 44.0049 0.1698
165.4119 44.0005 0.1700
165.4361 43.9961 0.1668
165.4603 43.9916 0.1589
165.4844 43.9872 0.1511
165.5086 43.9827 0.1404
165.5327 43.9783 0.1292
165.5569 43.9738 0.1162
165.7740 43.9335 0.0510
165.7982 43.9289 0.0541
165.8223 43.9244 0.0602
165.8464 43.9199 0.0704
165.8705 43.9154 0.0829
165.8946 43.9109 0.0981
165.9187 43.9063 0.1181
165.9428 43.9018 0.1416
165.9668 43.8972 0.1681
165.9909 43.8927 0.1985
166.0150 43.8881 0.2293
166.0391 43.8836 0.2600
166.0632 43.8790 0.2915
166.0872 43.8744 0.3238
166.1113 43.8698 0.3576
166.1354 43.8653 0.3916
166.1594 43.8607 0.4269
166.1835 43.8561 0.4617
166.2075 43.8515 0.4980
166.2316 43.8469 0.5344
166.2556 43.8423 0.5701
166.2796 43.8377 0.6058
166.3037 43.8331 0.6409
166.3277 43.8284 0.6680
166.3517 43.8238 0.7110
166.3758 43.8192 0.7427
164.9581 44.1012 -0.0868
164.9823 44.0969 -0.0837
165.0066 44.0926 -0.0777
165.0308 44.0882 -0.0674
165.0550 44.0839 -0.0535
165.0793 44.0795 -0.0357
165.1035 44.0751 -0.0152
165.1277 44.0708 0.0058
165.1519 44.0664 0.0270
165.1761 44.0620 0.0471
165.2004 44.0576 0.0649
165.2246 44.0532 0.0822
165.2488 44.0489 0.0981
165.2730 44.0445 0.1144
165.2972 44.0400 0.1305
165.3213 44.0356 0.1446
165.3455 44.0312 0.1558
165.3697 44.0268 0.1631
165.3939 44.0224 0.1678
165.4181 44.0179 0.1699
165.4422 44.0135 0.1689
165.4664 44.0091 0.1628
165.4906 44.0046 0.1576
165.5147 44.0002 0.1502
165.5389 43.9957 0.1400
165.5631 43.9913 0.1286
165.7803 43.9509 0.0558
165.8044 43.9464 0.0553
165.8285 43.9418 0.0584
165.8526 43.9373 0.0657
165.8767 43.9328 0.0753
165.9008 43.9283 0.0886
165.9249 43.9237 0.1059
165.9490 43.9192 0.1276
165.9731 43.9146 0.1505
165.9972 43.9101 0.1797
166.0213 43.9055 0.2092
166.0454 43.9010 0.2378
166.0695 43.8964 0.2674
166.0935 43.8918 0.2979
166.1176 43.8872 0.3302
166.1417 43.8827 0.3628
166.1658 43.8781 0.3963
166.1898 43.8735 0.4301
166.2139 43.8689 0.4663
166.2379 43.8643 0.5024
166.2620 43.8597 0.5384
166.2860 43.8551 0.5743
166.3101 43.8504 0.6090
166.3341 43.8458 0.6401
166.3581 43.8412 0.6827
166.3822 43.8365 0.7210
166.4062 43.8319 0.7241
164.9641 44.1187 -0.0904
164.9884 44.1144 -0.0898
165.0126 44.1100 -0.0864
165.0369 44.1057 -0.0787
165.0611 44.1013 -0.0670
165.0853 44.0970 -0.0510
165.1096 44.0926 -0.0319
165.1338 44.0882 -0.0120
165.1580 44.0839 0.0088
165.1822 44.0795 0.0281
165.2064 44.0751 0.0464
165.2307 44.0707 0.0637
165.2549 44.0663 0.0806
165.2791 44.0619 0.0975
165.3033 44.0575 0.1153
165.3275 44.0531 0.1313
165.3517 44.0487 0.1457
165.3759 44.0443 0.1568
165.4000 44.0398 0.1651
165.4242 44.0354 0.1688
165.4484 44.0310 0.1708
165.4726 44.0265 0.1664
165.4968 44.0221 0.1631
165.5209 44.0176 0.1583
165.5451 44.0132 0.1502
165.5692 44.0087 0.1395
165.7865 43.9683 0.0613
165.8107 43.9638 0.0585
165.8348 43.9593 0.0589
165.8589 43.9547 0.0630
165.8830 43.9502 0.0699
165.9071 43.9457 0.0815
165.9312 43.9411 0.0964
165.9553 43.9366 0.1152
165.9794 43.9320 0.1369
166.0035 43.9275 0.1615
166.0276 43.9229 0.1885
166.0517 43.9184 0.2163
166.0758 43.9138 0.2447
166.0999 43.9092 0.2737
166.1240 43.9046 0.3044
166.1480 43.9001 0.3351
166.1721 43.8955 0.3667
166.1962 43.8909 0.3996
166.2202 43.8863 0.4346
166.2443 43.8817 0.4700
166.2683 43.8771 0.5065
166.2924 43.8724 0.5426
166.3164 43.8678 0.5795
166.3405 43.8632 0.6127
166.3645 43.8586 0.6513
166.3886 43.8539 0.6955
164.9702 44.1362 -0.0911
164.9944 44.1319 -0.0933
165.0187 44.1275 -0.0920
165.0429 44.1232 -0.0874
165.0672 44.1188 -0.0782
165.0914 44.1145 -0.0645
165.1156 44.1101 -0.0478
165.1399 44.1057 -0.0294
165.1641 44.1013 -0.0101
165.1883 44.0970 0.0090
165.2125 44.0926 0.0267
165.2368 44.0882 0.0447
165.2610 44.0838 0.0619
165.2852 44.0794 0.0801
165.3094 44.0750 0.0979
165.3336 44.0706 0.1149
165.3578 44.0661 0.1336
165.3820 44.0617 0.1473
165.4062 44.0573 0.1586
165.4304 44.0528 0.1661
165.4546 44.0484 0.1695
165.4787 44.0440 0.1689
165.5029 44.0395 0.1682
165.5271 44.0351 0.1661
165.5513 44.0306 0.1595
165.5754 44.0261 0.1500
165.6962 44.0037 0.0600
165.7928 43.9857 0.0690
165.8169 43.9812 0.0642
165.8410 43.9767 0.0622
165.8652 43.9722 0.0635
165.8893 43.9676 0.0679
165.9134 43.9631 0.0771
165.9375 43.9586 0.0889
165.9616 43.9540 0.1046
165.9857 43.9495 0.1241
166.0098 43.9449 0.1453
166.0339 43.9403 0.1700
166.0580 43.9358 0.1966
166.0821 43.9312 0.2238
166.1062 43.9266 0.2510
166.1303 43.9220 0.2803
166.1544 43.9174 0.3090
166.1785 43.9129 0.3395
166.2025 43.9083 0.3704
166.2266 43.9037 0.4048
166.2507 43.8990 0.4400
166.2747 43.8944 0.4766
166.2988 43.8898 0.5136
166.3228 43.8852 0.5514
166.3469 43.8806 0.5852
166.3709 43.8759 0.6245
166.3950 43.8713 0.6599
164.9762 44.1537 -0.0894
165.0005 44.1494 -0.0937
165.0247 44.1450 -0.0941
165.0490 44.1407 -0.0918
165.0732 44.1363 -0.0848
165.0975 44.1319 -0.0736
165.1217 44.1276 -0.0596
165.1459 44.1232 -0.0441
165.1702 44.1188 -0.0270
165.1944 44.1144 -0.0089
165.2186 44.1100 0.0090
165.2429 44.1056 0.0270
165.2671 44.1012 0.0450
165.2913 44.0968 0.0632
165.3155 44.0924 0.0813
165.3397 44.0880 0.1000
165.3639 44.0836 0.1206
165.3881 44.0792 0.1366
165.4123 44.0747 0.1511
165.4365 44.0703 0.1612
165.4607 44.0659 0.1679
165.4849 44.0614 0.1688
165.5091 44.0570 0.1708
165.5333 44.0525 0.1704
165.5575 44.0480 0.1659
165.5816 44.0436 0.1581
165.7990 44.0031 0.0774
165.8232 43.9986 0.0705
165.8473 43.9941 0.0664
165.8714 43.9896 0.0653
165.8956 43.9850 0.0673
165.9197 43.9805 0.0725
165.9438 43.9760 0.0821
165.9679 43.9714 0.0947
165.9920 43.9669 0.1111
166.0162 43.9623 0.1303
166.0403 43.9577 0.1531
166.0644 43.9532 0.1769
166.0885 43.9486 0.2037
166.1125 43.9440 0.2302
166.1366 43.9394 0.2571
166.1607 43.9348 0.2850
166.1848 43.9302 0.3144
166.2089 43.9256 0.3449
166.2330 43.9210 0.3785
166.2570 43.9164 0.4139
166.2811 43.9118 0.4508
166.3052 43.9072 0.4892
166.3292 43.9026 0.5287
166.3533 43.8979 0.5657
166.3773 43.8933 0.6013
166.4014 43.8887 0.6329
164.9822 44.1712 -0.0850
165.0065 44.1668 -0.0912
165.0308 44.1625 -0.0937
165.0550 44.1581 -0.0927
165.0793 44.1538 -0.0880
165.1035 44.1494 -0.0799
165.1278 44.1450 -0.0686
165.1520 44.1407 -0.0558
165.1763 44.1363 -0.0416
165.2005 44.1319 -0.0251
165.2247 44.1275 -0.0080
165.2490 44.1231 0.0101
165.2732 44.1187 0.0280
165.2974 44.1143 0.0469
165.3217 44.1099 0.0655
165.3459 44.1055 0.0855
165.3701 44.1010 0.1060
165.3943 44.0966 0.1255
165.4185 44.0922 0.1413
165.4427 44.0877 0.1549
165.4669 44.0833 0.1649
165.4911 44.0789 0.1680
165.5153 44.0744 0.1713
165.5395 44.0699 0.1723
165.5637 44.0655 0.1696
165.5878 44.0610 0.1629
165.8053 44.0206 0.0851
165.8294 44.0160 0.0762
165.8536 44.0115 0.0705
165.8777 44.0070 0.0675
165.9019 44.0025 0.0661
165.9260 43.9979 0.0683
165.9501 43.9934 0.0742
165.9742 43.9888 0.0841
165.9984 43.9843 0.0971
166.0225 43.9797 0.1153
166.0466 43.9751 0.1357
166.0707 43.9706 0.1582
166.0948 43.9660 0.1825
166.1189 43.9614 0.2082
166.1430 43.9568 0.2340
166.1671 43.9522 0.2606
166.1912 43.9476 0.2900
166.2153 43.9430 0.3208
166.2393 43.9384 0.3547
166.2634 43.9338 0.3893
166.2875 43.9292 0.4267
166.3116 43.9246 0.4659
166.3356 43.9200 0.5069
166.3597 43.9153 0.5471
166.3837 43.9107 0.5846
166.4078 43.9060 0.6189
164.9883 44.1887 -0.0794
165.0126 44.1843 -0.0861
165.0368 44.1800 -0.0896
165.0611 44.1756 -0.0906
165.0854 44.1712 -0.0882
165.1096 44.1669 -0.0831
165.1339 44.1625 -0.0750
165.1581 44.1581 -0.0652
165.1824 44.1537 -0.0532
165.2066 44.1494 -0.0393
165.2309 44.1450 -0.0235
165.2551 44.1406 -0.0063
165.2793 44.1362 0.0117
165.3036 44.1318 0.0304
165.3278 44.1273 0.0497
165.3520 44.1229 0.0696
165.3762 44.1185 0.0899
165.4004 44.1141 0.1102
165.4247 44.1096 0.1297
165.4489 44.1052 0.1455
165.4731 44.1007 0.1584
165.4973 44.0963 0.1644
165.5215 44.0918 0.1695
165.5457 44.0874 0.1723
165.5699 44.0829 0.1718
165.5940 44.0784 0.1659
165.7149 44.0560 0.1280
165.8116 44.0380 0.0927
165.8357 44.0335 0.0825
165.8599 44.0289 0.0759
165.8840 44.0244 0.0706
165.9081 44.0199 0.0664
165.9323 44.0153 0.0653
165.9564 44.0108 0.0674
165.9805 44.0062 0.0743
166.0047 44.0017 0.0854
166.0288 43.9971 0.1007
166.0529 43.9925 0.1196
166.0770 43.9880 0.1402
166.1011 43.9834 0.1621
166.1252 43.9788 0.1866
166.1493 43.9742 0.2122
166.1734 43.9696 0.2386
166.1975 43.9650 0.2677
166.2216 43.9604 0.2986
166.2457 43.9558 0.3323
166.2698 43.9512 0.3664
166.2939 43.9466 0.4026
166.3180 43.9420 0.4418
166.3420 43.9373 0.4828
166.3661 43.9327 0.5271
166.3902 43.9281 0.5666
166.4142 43.9234 0.5990
164.9943 44.2062 -0.0720
165.0186 44.2018 -0.0795
165.0429 44.1974 -0.0838
165.0672 44.1931 -0.0872
165.0914 44.1887 -0.0874
165.1157 44.1844 -0.0851
165.1400 44.1800 -0.0803
165.1642 44.1756 -0.0730
165.1885 44.1712 -0.0631
165.2127 44.1668 -0.0512
165.2370 44.1624 -0.0377
165.2612 44.1580 -0.0222
165.2855 44.1536 -0.0051
165.3097 44.1492 0.0137
165.3339 44.1448 0.0319
165.3582 44.1404 0.0519
165.3824 44.1360 0.0722
165.4066 44.1315 0.0932
165.4308 44.1271 0.1146
165.4550 44.1226 0.1335
165.4793 44.1182 0.1484
165.5035 44.1137 0.1573
165.5277 44.1093 0.1649
165.5519 44.1048 0.1700
165.5761 44.1004 0.1707
165.6003 44.0959 0.1662
165.8178 44.0554 0.1006
165.8420 44.0509 0.0897
165.8661 44.0464 0.0812
165.8903 44.0418 0.0740
165.9144 44.0373 0.0679
165.9386 44.0327 0.0638
165.9627 44.0282 0.0627
165.9869 44.0236 0.0664
166.0110 44.0191 0.0758
166.0351 44.0145 0.0881
166.0592 44.0099 0.1037
166.0834 44.0054 0.1223
166.1075 44.0008 0.1439
166.1316 43.9962 0.1662
166.1557 43.9916 0.1914
166.1798 43.9870 0.2175
166.2039 43.9824 0.2468
166.2280 43.9778 0.2769
166.2521 43.9732 0.3100
166.2762 43.9686 0.3433
166.3003 43.9640 0.3791
166.3244 43.9593 0.4172
166.3484 43.9547 0.4562
166.3725 43.9501 0.5011
166.3966 43.9454 0.5436
166.4206 43.9408 0.5751
165.0004 44.2236 -0.0630
165.0247 44.2193 -0.0726
165.0489 44.2149 -0.0789
165.0732 44.2106 -0.0845
165.0975 44.2062 -0.0876
165.1218 44.2018 -0.0879
165.1460 44.1975 -0.0852
165.1703 44.1931 -0.0798
165.1946 44.1887 -0.0714
165.2188 44.1843 -0.0611
165.2431 44.1799 -0.0492
165.2673 44.1755 -0.0358
165.2916 44.1711 -0.0203
165.3158 44.1667 -0.0029
165.3401 44.1623 0.0154
165.3643 44.1578 0.0346
165.3885 44.1534 0.0555
165.4128 44.1490 0.0770
165.4370 44.1445 0.0993
165.4612 44.1401 0.1194
165.4854 44.1356 0.1366
165.5096 44.1312 0.1486
165.5339 44.1267 0.1584
165.5581 44.1223 0.1654
165.5823 44.1178 0.1674
165.6065 44.1133 0.1640
165.8241 44.0728 0.1069
165.8483 44.0683 0.0955
165.8724 44.0638 0.0862
165.8966 44.0592 0.0780
165.9207 44.0547 0.0699
165.9449 44.0501 0.0638
165.9690 44.0456 0.0607
165.9932 44.0410 0.0620
166.0173 44.0365 0.0691
166.0414 44.0319 0.0793
166.0656 44.0273 0.0917
166.0897 44.0228 0.1084
166.1138 44.0182 0.1275
166.1379 44.0136 0.1482
166.1621 44.0090 0.1708
166.1862 44.0044 0.1983
166.2103 43.9998 0.2270
166.2344 43.9952 0.2571
166.2585 43.9906 0.2893
166.2826 43.9860 0.3227
166.3067 43.9814 0.3580
166.3308 43.9767 0.3940
166.3548 43.9721 0.4297
166.3789 43.9675 0.4739
166.4030 43.9628 0.5153
165.0064 44.2411 -0.0534
165.0307 44.2368 -0.0648
165.0550 44.2324 -0.0741
165.0793 44.2280 -0.0825
165.1036 44.2237 -0.0880
165.1279 44.2193 -0.0908
165.1521 44.2149 -0.0903
165.1764 44.2105 -0.0863
165.2007 44.2062 -0.0796
165.2249 44.2018 -0.0709
165.2492 44.1974 -0.0609
165.2735 44.1930 -0.0491
165.2977 44.1885 -0.0356
165.3220 44.1841 -0.0192
165.3462 44.1797 -0.0018
165.3705 44.1753 0.0177
165.3947 44.1709 0.0384
165.4189 44.1664 0.0607
165.4432 44.1620 0.0830
165.4674 44.1575 0.1044
165.4916 44.1531 0.1234
165.5158 44.1486 0.1386
165.5401 44.1442 0.1503
165.5643 44.1397 0.1578
165.5885 44.1352 0.1613
165.6127 44.1308 0.1600
165.8304 44.0902 0.1145
165.8546 44.0857 0.1030
165.8787 44.0812 0.0930
165.9029 44.0766 0.0837
165.9270 44.0721 0.0742
165.9512 44.0676 0.0667
165.9753 44.0630 0.0617
165.9995 44.0584 0.0617
166.0236 44.0539 0.0669
166.0478 44.0493 0.0749
166.0719 44.0447 0.0855
166.0960 44.0402 0.0997
166.1202 44.0356 0.1165
166.1443 44.0310 0.1348
166.1684 44.0264 0.1562
166.1925 44.0218 0.1813
166.2167 44.0172 0.2092
166.2408 44.0126 0.2388
166.2649 44.0080 0.2704
166.2890 44.0034 0.3036
166.3131 43.9987 0.3386
166.3372 43.9941 0.3730
166.3613 43.9895 0.4067
166.3854 43.9848 0.4502
166.4094 43.9802 0.4955
166.4335 43.9755 0.5279
165.0125 44.2586 -0.0419
165.0368 44.2542 -0.0560
165.0611 44.2499 -0.0671
165.0854 44.2455 -0.0788
165.1097 44.2411 -0.0858
165.1340 44.2368 -0.0908
165.1582 44.2324 -0.0919
165.1825 44.2280 -0.0897
165.2068 44.2236 -0.0852
165.2311 44.2192 -0.0789
165.2553 44.2148 -0.0709
165.2796 44.2104 -0.0610
165.3039 44.2060 -0.0489
165.3281 44.2016 -0.0341
165.3524 44.1972 -0.0172
165.3766 44.1927 0.0017
165.4009 44.1883 0.0225
165.4251 44.1839 0.0443
165.4493 44.1794 0.0671
165.4736 44.1750 0.0889
165.4978 44.1705 0.1095
165.5220 44.1661 0.1260
165.5463 44.1616 0.1408
165.5705 44.1571 0.1491
165.5947 44.1527 0.1553
165.6189 44.1482 0.1556
165.7399 44.1257 0.1210
165.8367 44.1077 0.1216
165.8608 44.1031 0.1105
165.8850 44.0986 0.1007
165.9092 44.0941 0.0904
165.9333 44.0895 0.0799
165.9575 44.0850 0.0718
165.9817 44.0804 0.0662
166.0058 44.0759 0.0655
166.0300 44.0713 0.0687
166.0541 44.0667 0.0744
166.0783 44.0621 0.0837
166.1024 44.0576 0.0956
166.1265 44.0530 0.1092
166.1507 44.0484 0.1253
166.1748 44.0438 0.1438
166.1989 44.0392 0.1660
166.2230 44.0346 0.1937
166.2472 44.0300 0.2224
166.2713 44.0254 0.2528
166.2954 44.0207 0.2846
166.3195 44.0161 0.3189
166.3436 44.0115 0.3523
166.3677 44.0068 0.3870
166.3918 44.0022 0.4269
166.4159 43.9976 0.4706
166.4400 43.9929 0.4990
165.0186 44.2761 -0.0282
165.0429 44.2717 -0.0447
165.0672 44.2674 -0.0580
165.0915 44.2630 -0.0714
165.1158 44.2586 -0.0807
165.1401 44.2542 -0.0873
165.1643 44.2499 -0.0901
165.1886 44.2455 -0.0903
165.2129 44.2411 -0.0881
165.2372 44.2367 -0.0849
165.2615 44.2323 -0.0794
165.2857 44.2279 -0.0717
165.3100 44.2235 -0.0615
165.3343 44.2190 -0.0475
165.3585 44.2146 -0.0318
165.3828 44.2102 -0.0134
165.4070 44.2058 0.0067
165.4313 44.2013 0.0286
165.4555 44.1969 0.0502
165.4798 44.1924 0.0723
165.5040 44.1880 0.0935
165.5282 44.1835 0.1121
165.5525 44.1791 0.1287
165.5767 44.1746 0.1399
165.6009 44.1701 0.1484
165.6251 44.1656 0.1527
165.8430 44.1251 0.1310
165.8671 44.1206 0.1218
165.8913 44.1160 0.1113
165.9155 44.1115 0.1010
165.9397 44.1069 0.0905
165.9638 44.1024 0.0813
165.9880 44.0978 0.0752
166.0122 44.0933 0.0733
166.0363 44.0887 0.0748
166.0605 44.0841 0.0789
166.0846 44.0795 0.0860
166.1088 44.0750 0.0959
166.1329 44.0704 0.1073
166.1570 44.0658 0.1199
166.1812 44.0612 0.1356
166.2053 44.0566 0.1547
166.2294 44.0520 0.1793
166.2536 44.0474 0.2059
166.2777 44.0427 0.2347
166.3018 44.0381 0.2650
166.3259 44.0335 0.2978
166.3500 44.0289 0.3307
166.3741 44.0242 0.3638
166.3982 44.0196 0.4052
166.4223 44.0149 0.4479
165.0246 44.2936 -0.0139
165.0489 44.2892 -0.0319
165.0733 44.2848 -0.0470
165.0976 44.2805 -0.0619
165.1219 44.2761 -0.0725
165.1462 44.2717 -0.0813
165.1705 44.2673 -0.0864
165.1947 44.2629 -0.0891
165.2190 44.2585 -0.0896
165.2433 44.2541 -0.0887
165.2676 44.2497 -0.0859
165.2919 44.2453 -0.0805
165.3162 44.2409 -0.0721
165.3404 44.2365 -0.0597
165.3647 44.2321 -0.0448
165.3889 44.2276 -0.0278
165.4132 44.2232 -0.0084
165.4375 44.2188 0.0128
165.4617 44.2143 0.0341
165.4860 44.2099 0.0562
165.5102 44.2054 0.0782
165.5344 44.2010 0.0981
165.5587 44.1965 0.1166
165.5829 44.1920 0.1305
165.6071 44.1875 0.1410
165.6314 44.1831 0.1477
165.8492 44.1425 0.1411
165.8734 44.1380 0.1334
165.8976 44.1334 0.1236
165.9218 44.1289 0.1144
165.9460 44.1243 0.1038
165.9702 44.1198 0.0942
165.9943 44.1152 0.0876
166.0185 44.1107 0.0845
166.0427 44.1061 0.0836
166.0668 44.1015 0.0859
166.0910 44.0969 0.0911
166.1151 44.0924 0.0980
166.1393 44.0878 0.1069
166.1634 44.0832 0.1167
166.1876 44.0786 0.1289
166.2117 44.0740 0.1439
166.2358 44.0694 0.1645
166.2600 44.0647 0.1895
166.2841 44.0601 0.2170
166.3082 44.0555 0.2456
166.3323 44.0509 0.2769
166.3564 44.0462 0.3083
166.3805 44.0416 0.3425
166.4047 44.0370 0.3808
166.4288 44.0323 0.4193
166.4529 44.0276 0.4494
165.0307 44.3110 0.0002
165.0550 44.3067 -0.0181
165.0793 44.3023 -0.0336
165.1037 44.2979 -0.0487
165.1280 44.2936 -0.0611
165.1523 44.2892 -0.0718
165.1766 44.2848 -0.0801
165.2009 44.2804 -0.0856
165.2252 44.2760 -0.0891
165.2495 44.2716 -0.0904
165.2737 44.2672 -0.0898
165.2980 44.2628 -0.0867
165.3223 44.2584 -0.0809
165.3466 44.2540 -0.0709
165.3709 44.2495 -0.0580
165.3951 44.2451 -0.0423
165.4194 44.2407 -0.0246
165.4436 44.2362 -0.0041
165.4679 44.2318 0.0167
165.4922 44.2273 0.0396
165.5164 44.2229 0.0617
165.5407 44.2184 0.0836
165.5649 44.2139 0.1032
165.5891 44.2095 0.1194
165.6134 44.2050 0.1323
165.6376 44.2005 0.1409
165.7587 44.1780 0.1420
165.8555 44.1599 0.1508
165.8797 44.1554 0.1450
165.9039 44.1508 0.1365
165.9281 44.1463 0.1274
165.9523 44.1417 0.1180
165.9765 44.1372 0.1090
166.0007 44.1326 0.1013
166.0248 44.1281 0.0973
166.0490 44.1235 0.0943
166.0732 44.1189 0.0943
166.0973 44.1143 0.0964
166.1215 44.1098 0.1003
166.1456 44.1052 0.1063
166.1698 44.1006 0.1137
166.1939 44.0960 0.1218
166.2181 44.0914 0.1338
166.2422 44.0867 0.1510
166.2664 44.0821 0.1729
166.2905 44.0775 0.2006
166.3146 44.0729 0.2281
166.3387 44.0683 0.2581
166.3629 44.0636 0.2889
166.3870 44.0590 0.3227
166.4111 44.0543 0.3585
166.4352 44.0497 0.3921
166.4593 44.0450 0.4244
165.0368 44.3285 0.0130
165.0611 44.3242 -0.0048
165.0854 44.3198 -0.0195
165.1097 44.3154 -0.0355
165.1341 44.3110 -0.0482
165.1584 44.3067 -0.0608
165.1827 44.3023 -0.0713
165.2070 44.2979 -0.0803
165.2313 44.2935 -0.0865
165.2556 44.2891 -0.0901
165.2799 44.2847 -0.0917
165.3042 44.2803 -0.0906
165.3285 44.2758 -0.0867
165.3527 44.2714 -0.0796
165.3770 44.2670 -0.0695
165.4013 44.2625 -0.0563
165.4256 44.2581 -0.0406
165.4498 44.2537 -0.0222
165.4741 44.2492 -0.0019
165.4984 44.2448 0.0204
165.5226 44.2403 0.0430
165.5469 44.2358 0.0652
165.5711 44.2314 0.0863
165.5954 44.2269 0.1047
165.6196 44.2224 0.1208
165.6439 44.2179 0.1329
165.8618 44.1773 0.1577
165.8860 44.1728 0.1544
165.9102 44.1683 0.1479
165.9344 44.1637 0.1404
165.9586 44.1592 0.1311
165.9828 44.1546 0.1228
166.0070 44.1500 0.1154
166.0312 44.1455 0.1098
166.0553 44.1409 0.1050
166.0795 44.1363 0.1024
166.1037 44.1317 0.1017
166.1279 44.1271 0.1024
166.1520 44.1226 0.1049
166.1762 44.1180 0.1098
166.2003 44.1134 0.1156
166.2245 44.1087 0.1250
166.2486 44.1041 0.1399
166.2728 44.0995 0.1592
166.2969 44.0949 0.1850
166.3210 44.0903 0.2129
166.3452 44.0856 0.2411
166.3693 44.0810 0.2712
166.3934 44.0763 0.3026
166.4175 44.0717 0.3371
166.4417 44.0670 0.3688
166.4658 44.0624 0.3995
165.0429 44.3460 0.0244
165.0672 44.3416 0.0081
165.0915 44.3373 -0.0059
165.1159 44.3329 -0.0202
165.1402 44.3285 -0.0329
165.1645 44.3241 -0.0467
165.1888 44.3197 -0.0589
165.2131 44.3153 -0.0713
165.2374 44.3109 -0.0804
165.2617 44.3065 -0.0867
165.2860 44.3021 -0.0906
165.3103 44.2977 -0.0919
165.3346 44.2933 -0.0903
165.3589 44.2889 -0.0858
165.3832 44.2844 -0.0788
165.4075 44.2800 -0.0685
165.4318 44.2756 -0.0554
165.4560 44.2711 -0.0389
165.4803 44.2667 -0.0206
165.5046 44.2622 0.0004
165.5288 44.2577 0.0224
165.5531 44.2533 0.0456
165.5774 44.2488 0.0667
165.6016 44.2443 0.0868
165.6259 44.2398 0.1049
165.6501 44.2354 0.1192
165.8681 44.1947 0.1608
165.8923 44.1902 0.1602
165.9166 44.1857 0.1556
165.9408 44.1811 0.1494
165.9650 44.1766 0.1411
165.9891 44.1720 0.1335
166.0133 44.1674 0.1271
166.0375 44.1629 0.1208
166.0617 44.1583 0.1142
166.0859 44.1537 0.1094
166.1101 44.1491 0.1056
166.1342 44.1445 0.1033
166.1584 44.1399 0.1031
166.1826 44.1353 0.1055
166.2067 44.1307 0.1097
166.2309 44.1261 0.1175
166.2550 44.1215 0.1309
166.2792 44.1169 0.1495
166.3033 44.1123 0.1731
166.3275 44.1076 0.1997
166.3516 44.1030 0.2264
166.3757 44.0984 0.2537
166.3999 44.0937 0.2829
166.4240 44.0891 0.3124
166.4481 44.0844 0.3450
166.4722 44.0798 0.3723
166.4963 44.0751 0.3901
165.0490 44.3635 0.0343
165.0733 44.3591 0.0202
165.0976 44.3547 0.0076
165.1220 44.3504 -0.0057
165.1463 44.3460 -0.0185
165.1706 44.3416 -0.0327
165.1949 44.3372 -0.0466
165.2193 44.3328 -0.0608
165.2436 44.3284 -0.0728
165.2679 44.3240 -0.0822
165.2922 44.3196 -0.0885
165.3165 44.3152 -0.0919
165.3408 44.3107 -0.0929
165.3651 44.3063 -0.0912
165.3894 44.3019 -0.0868
165.4137 44.2975 -0.0797
165.4379 44.2930 -0.0691
165.4622 44.2886 -0.0549
165.4865 44.2841 -0.0379
165.5108 44.2797 -0.0185
165.5351 44.2752 0.0031
165.5593 44.2707 0.0257
165.5836 44.2662 0.0475
165.6078 44.2618 0.0688
165.6321 44.2573 0.0879
165.6563 44.2528 0.1043
165.8744 44.2122 0.1610
165.8987 44.2076 0.1619
165.9229 44.2031 0.1593
165.9471 44.1985 0.1552
165.9713 44.1940 0.1482
165.9955 44.1894 0.1428
166.0197 44.1848 0.1362
166.0439 44.1803 0.1296
166.0681 44.1757 0.1221
166.0922 44.1711 0.1152
166.1164 44.1665 0.1091
166.1406 44.1619 0.1043
166.1648 44.1573 0.1017
166.1890 44.1527 0.1015
166.2131 44.1481 0.1040
166.2373 44.1435 0.1112
166.2614 44.1389 0.1237
166.2856 44.1343 0.1401
166.3097 44.1297 0.1613
166.3339 44.1250 0.1859
166.3580 44.1204 0.2110
166.3822 44.1157 0.2355
166.4063 44.1111 0.2619
166.4304 44.1064 0.2884
166.4546 44.1018 0.3186
166.4787 44.0971 0.3456
166.5028 44.0925 0.3666
165.0550 44.3809 0.0405
165.0794 44.3766 0.0288
165.1037 44.3722 0.0182
165.1281 44.3678 0.0056
165.1524 44.3634 -0.0062
165.1767 44.3591 -0.0199
165.2011 44.3547 -0.0340
165.2254 44.3503 -0.0495
165.2497 44.3459 -0.0631
165.2740 44.3415 -0.0752
165.2983 44.3370 -0.0842
165.3227 44.3326 -0.0906
165.3470 44.3282 -0.0944
165.3713 44.3238 -0.0958
165.3956 44.3193 -0.0942
165.4199 44.3149 -0.0894
165.4441 44.3105 -0.0812
165.4684 44.3060 -0.0693
165.4927 44.3016 -0.0545
165.5170 44.2971 -0.0367
165.5413 44.2926 -0.0165
165.5655 44.2882 0.0059
165.5898 44.2837 0.0276
165.6141 44.2792 0.0504
165.6383 44.2747 0.0703
165.6626 44.2702 0.0896
165.7838 44.2477 0.1120
165.8808 44.2296 0.1595
165.9050 44.2250 0.1611
165.9292 44.2205 0.1606
165.9534 44.2159 0.1580
165.9776 44.2114 0.1527
166.0018 44.2068 0.1486
166.0260 44.2022 0.1428
166.0502 44.1977 0.1354
166.0744 44.1931 0.1272
166.0986 44.1885 0.1190
166.1228 44.1839 0.1111
166.1470 44.1793 0.1047
166.1712 44.1747 0.0998
166.1953 44.1701 0.0980
166.2195 44.1655 0.0988
166.2437 44.1609 0.1054
166.2679 44.1563 0.1153
166.2920 44.1517 0.1301
166.3162 44.1470 0.1500
166.3403 44.1424 0.1716
166.3645 44.1378 0.1946
166.3886 44.1331 0.2169
166.4128 44.1285 0.2404
166.4369 44.1238 0.2651
166.4610 44.1192 0.2936
166.4852 44.1145 0.3188
165.0611 44.3984 0.0409
165.0855 44.3941 0.0321
165.1098 44.3897 0.0234
165.1342 44.3853 0.0126
165.1585 44.3809 0.0021
165.1829 44.3765 -0.0105
165.2072 44.3721 -0.0238
165.2315 44.3677 -0.0389
165.2559 44.3633 -0.0535
165.2802 44.3589 -0.0671
165.3045 44.3545 -0.0782
165.3288 44.3501 -0.0869
165.3531 44.3457 -0.0934
165.3774 44.3412 -0.0976
165.4017 44.3368 -0.0987
165.4260 44.3324 -0.0964
165.4503 44.3279 -0.0900
165.4746 44.3235 -0.0805
165.4989 44.3190 -0.0683
165.5232 44.3145 -0.0531
165.5475 44.3101 -0.0343
165.5718 44.3056 -0.0132
165.5961 44.3011 0.0091
165.6203 44.2966 0.0317
165.6446 44.2922 0.0523
165.6689 44.2877 0.0713
165.8871 44.2470 0.1571
165.9113 44.2424 0.1598
165.9355 44.2379 0.1603
165.9598 44.2333 0.1591
165.9840 44.2288 0.1542
166.0082 44.2242 0.1508
166.0324 44.2197 0.1453
166.0566 44.2151 0.1387
166.0808 44.2105 0.1296
166.1050 44.2059 0.1210
166.1292 44.2013 0.1130
166.1534 44.1967 0.1048
166.1776 44.1921 0.0984
166.2017 44.1875 0.0954
166.2259 44.1829 0.0945
166.2501 44.1783 0.0992
166.2743 44.1737 0.1074
166.2984 44.1690 0.1192
166.3226 44.1644 0.1373
166.3468 44.1598 0.1564
166.3709 44.1551 0.1767
166.3951 44.1505 0.1969
166.4192 44.1458 0.2191
166.4434 44.1412 0.2412
166.4675 44.1365 0.2713
166.4916 44.1319 0.2931
165.0672 44.4159 0.0384
165.0916 44.4115 0.0312
165.1160 44.4072 0.0248
165.1403 44.4028 0.0156
165.1647 44.3984 0.0077
165.1890 44.3940 -0.0034
165.2133 44.3896 -0.0152
165.2377 44.3852 -0.0292
165.2620 44.3808 -0.0427
165.2863 44.3764 -0.0571
165.3107 44.3720 -0.0692
165.3350 44.3675 -0.0798
165.3593 44.3631 -0.0886
165.3836 44.3587 -0.0957
165.4079 44.3542 -0.0989
165.4322 44.3498 -0.0990
165.4565 44.3454 -0.0949
165.4809 44.3409 -0.0878
165.5051 44.3364 -0.0787
165.5294 44.3320 -0.0666
165.5537 44.3275 -0.0506
165.5780 44.3230 -0.0304
165.6023 44.3186 -0.0096
165.6266 44.3141 0.0131
165.6509 44.3096 0.0329
165.6751 44.3051 0.0527
165.8934 44.2644 0.1533
165.9176 44.2599 0.1574
165.9419 44.2553 0.1582
165.9661 44.2508 0.1575
165.9903 44.2462 0.1534
166.0145 44.2416 0.1512
166.0388 44.2371 0.1470
166.0630 44.2325 0.1410
166.0872 44.2279 0.1319
166.1114 44.2233 0.1232
166.1356 44.2187 0.1142
166.1598 44.2141 0.1063
166.1840 44.2095 0.0995
166.2082 44.2049 0.0948
166.2323 44.2003 0.0921
166.2565 44.1957 0.0949
166.2807 44.1911 0.1014
166.3049 44.1864 0.1111
166.3290 44.1818 0.1270
166.3532 44.1772 0.1429
166.3774 44.1725 0.1616
166.4015 44.1679 0.1793
166.4257 44.1632 0.1992
166.4498 44.1585 0.2228
166.4740 44.1539 0.2483
166.4981 44.1492 0.2778
166.5223 44.1445 0.2979
165.0733 44.4334 0.0340
165.0977 44.4290 0.0287
165.1221 44.4246 0.0235
165.1464 44.4202 0.0173
165.1708 44.4159 0.0106
165.1951 44.4115 0.0018
165.2195 44.4071 -0.0089
165.2438 44.4027 -0.0210
165.2682 44.3983 -0.0330
165.2925 44.3938 -0.0469
165.3168 44.3894 -0.0594
165.3412 44.3850 -0.0711
165.3655 44.3806 -0.0817
165.3898 44.3761 -0.0910
165.4141 44.3717 -0.0962
165.4384 44.3672 -0.0979
165.4628 44.3628 -0.0963
165.4871 44.3583 -0.0914
165.5114 44.3539 -0.0849
165.5357 44.3494 -0.0758
165.5600 44.3449 -0.0625
165.5843 44.3405 -0.0447
165.6085 44.3360 -0.0253
165.6328 44.3315 -0.0044
165.6571 44.3270 0.0147
165.6814 44.3225 0.0330
165.8027 44.3000 0.0670
165.8997 44.2818 0.1461
165.9240 44.2773 0.1511
165.9482 44.2727 0.1520
165.9724 44.2682 0.1512
165.9967 44.2636 0.1488
166.0209 44.2590 0.1473
166.0451 44.2545 0.1439
166.0693 44.2499 0.1386
166.0935 44.2453 0.1311
166.1178 44.2407 0.1229
166.1420 44.2361 0.1150
166.1662 44.2315 0.1067
166.1904 44.2269 0.0995
166.2146 44.2223 0.0940
166.2388 44.2177 0.0904
166.2629 44.2131 0.0916
166.2871 44.2084 0.0962
166.3113 44.2038 0.1047
166.3355 44.1992 0.1178
166.3597 44.1945 0.1319
166.3838 44.1899 0.1477
166.4080 44.1852 0.1618
166.4322 44.1806 0.1813
166.4563 44.1759 0.2017
166.4805 44.1713 0.2269
166.5046 44.1666 0.2632
165.0794 44.4508 0.0298
165.1038 44.4465 0.0258
165.1282 44.4421 0.0236
165.1526 44.4377 0.0186
165.1769 44.4333 0.0136
165.2013 44.4289 0.0057
165.2256 44.4245 -0.0037
165.2500 44.4201 -0.0143
165.2743 44.4157 -0.0254
165.2987 44.4113 -0.0374
165.3230 44.4069 -0.0495
165.3473 44.4025 -0.0622
165.3717 44.3980 -0.0737
165.3960 44.3936 -0.0840
165.4203 44.3891 -0.0913
165.4447 44.3847 -0.0954
165.4690 44.3802 -0.0958
165.4933 44.3758 -0.0934
165.5176 44.3713 -0.0894
165.5419 44.3669 -0.0825
165.5662 44.3624 -0.0717
165.5905 44.3579 -0.0566
165.6148 44.3534 -0.0398
165.6391 44.3489 -0.0203
165.6634 44.3444 -0.0032
165.6877 44.3399 0.0151
165.9061 44.2992 0.1358
165.9303 44.2947 0.1412
165.9546 44.2901 0.1430
165.9788 44.2856 0.1434
166.0030 44.2810 0.1418
166.0273 44.2764 0.1411
166.0515 44.2719 0.1389
166.0757 44.2673 0.1350
166.0999 44.2627 0.1275
166.1241 44.2581 0.1206
166.1484 44.2535 0.1134
166.1726 44.2489 0.1059
166.1968 44.2443 0.0987
166.2210 44.2397 0.0929
166.2452 44.2351 0.0889
166.2694 44.2304 0.0897
166.2936 44.2258 0.0930
166.3177 44.2212 0.1008
166.3419 44.2165 0.1115
166.3661 44.2119 0.1237
166.3903 44.2073 0.1355
166.4145 44.2026 0.1486
166.4386 44.1979 0.1662
166.4628 44.1933 0.1866
166.4870 44.1886 0.2117
166.5111 44.1839 0.2383
165.0856 44.4683 0.0257
165.1099 44.4639 0.0241
165.1343 44.4596 0.0233
165.1587 44.4552 0.0207
165.1831 44.4508 0.0164
165.2074 44.4464 0.0092
165.2318 44.4420 0.0011
165.2561 44.4376 -0.0081
165.2805 44.4332 -0.0180
165.3048 44.4288 -0.0288
165.3292 44.4243 -0.0407
165.3535 44.4199 -0.0538
165.3779 44.4155 -0.0660
165.4022 44.4110 -0.0772
165.4265 44.4066 -0.0854
165.4509 44.4021 -0.0905
165.4752 44.3977 -0.0931
165.4995 44.3932 -0.0931
165.5238 44.3888 -0.0911
165.5481 44.3843 -0.0860
165.5725 44.3798 -0.0779
165.5968 44.3753 -0.0657
165.6211 44.3709 -0.0515
165.6454 44.3664 -0.0347
165.6697 44.3619 -0.0195
165.6939 44.3574 -0.0022
165.9124 44.3166 0.1215
165.9366 44.3121 0.1273
165.9609 44.3075 0.1291
165.9851 44.3030 0.1319
166.0094 44.2984 0.1326
166.0336 44.2938 0.1335
166.0579 44.2893 0.1325
166.0821 44.2847 0.1292
166.1063 44.2801 0.1234
166.1305 44.2755 0.1177
166.1548 44.2709 0.1116
166.1790 44.2663 0.1054
166.2032 44.2617 0.0987
166.2274 44.2571 0.0934
166.2516 44.2525 0.0898
166.2758 44.2478 0.0903
166.3000 44.2432 0.0930
166.3242 44.2386 0.0993
166.3484 44.2339 0.1084
166.3726 44.2293 0.1176
166.3968 44.2246 0.1275
166.4209 44.2200 0.1395
166.4451 44.2153 0.1544
166.4693 44.2107 0.1740
166.4934 44.2060 0.1961
166.5176 44.2013 0.2199
166.5418 44.1966 0.2370
165.0917 44.4858 0.0189
165.1161 44.4814 0.0192
165.1404 44.4770 0.0216
165.1648 44.4727 0.0211
165.1892 44.4683 0.0191
165.2136 44.4639 0.0127
165.2379 44.4595 0.0059
165.2623 44.4550 -0.0019
165.2867 44.4506 -0.0098
165.3110 44.4462 -0.0201
165.3354 44.4418 -0.0317
165.3597 44.4374 -0.0452
165.3841 44.4329 -0.0574
165.4084 44.4285 -0.0690
165.4327 44.4240 -0.0778
165.4571 44.4196 -0.0842
165.4814 44.4151 -0.0882
165.5057 44.4107 -0.0904
165.5301 44.4062 -0.0904
165.5544 44.4017 -0.0879
165.5787 44.3973 -0.0825
165.6030 44.3928 -0.0735
165.6273 44.3883 -0.0628
165.6516 44.3838 -0.0486
165.6759 44.3793 -0.0355
165.7002 44.3748 -0.0192
165.9187 44.3341 0.1048
165.9430 44.3295 0.1115
165.9673 44.3249 0.1155
165.9915 44.3204 0.1200
166.0158 44.3158 0.1226
166.0400 44.3112 0.1248
166.0642 44.3067 0.1253
166.0885 44.3021 0.1231
166.1127 44.2975 0.1191
166.1369 44.2929 0.1151
166.1612 44.2883 0.1102
166.1854 44.2837 0.1050
166.2096 44.2791 0.0996
166.2338 44.2745 0.0951
166.2580 44.2698 0.0922
166.2822 44.2652 0.0930
166.3064 44.2606 0.0950
166.3306 44.2559 0.1000
166.3548 44.2513 0.1069
166.3790 44.2467 0.1143
166.4032 44.2420 0.1229
166.4274 44.2374 0.1321
166.4516 44.2327 0.1455
166.4758 44.2280 0.1630
166.4999 44.2234 0.1845
166.5241 44.2187 0.2041
166.5483 44.2140 0.2221
165.0978 44.5033 0.0083
165.1222 44.4989 0.0138
165.1466 44.4945 0.0187
165.1710 44.4901 0.0213
165.1953 44.4857 0.0205
165.2197 44.4813 0.0165
165.2441 44.4769 0.0111
165.2685 44.4725 0.0050
165.2928 44.4681 -0.0022
165.3172 44.4637 -0.0118
165.3416 44.4592 -0.0235
165.3659 44.4548 -0.0365
165.3903 44.4504 -0.0488
165.4146 44.4459 -0.0606
165.4390 44.4415 -0.0697
165.4633 44.4370 -0.0772
165.4876 44.4326 -0.0827
165.5120 44.4281 -0.0868
165.5363 44.4237 -0.0889
165.5606 44.4192 -0.0888
165.5850 44.4147 -0.0865
165.6093 44.4102 -0.0806
165.6336 44.4057 -0.0724
165.6579 44.4012 -0.0613
165.6822 44.3967 -0.0503
165.7065 44.3922 -0.0356
165.9251 44.3515 0.0870
165.9493 44.3469 0.0954
165.9736 44.3424 0.1016
165.9979 44.3378 0.1074
166.0221 44.3332 0.1123
166.0464 44.3286 0.1161
166.0706 44.3241 0.1178
166.0949 44.3195 0.1175
166.1191 44.3149 0.1151
166.1433 44.3103 0.1127
166.1676 44.3057 0.1092
166.1918 44.3011 0.1047
166.2160 44.2965 0.1002
166.2403 44.2918 0.0971
166.2645 44.2872 0.0949
166.2887 44.2826 0.0954
166.3129 44.2780 0.0972
166.3371 44.2733 0.1011
166.3613 44.2687 0.1065
166.3855 44.2640 0.1132
166.4097 44.2594 0.1198
166.4339 44.2547 0.1286
166.4581 44.2501 0.1405
166.4823 44.2454 0.1569
166.5064 44.2407 0.1747
166.5306 44.2360 0.1933
166.5548 44.2314 0.2103
165.1039 44.5207 -0.0030
165.1283 44.5164 0.0056
165.1527 44.5120 0.0135
165.1771 44.5076 0.0187
165.2015 44.5032 0.0204
165.2259 44.4988 0.0189
165.2503 44.4944 0.0158
165.2746 44.4900 0.0112
165.2990 44.4856 0.0052
165.3234 44.4811 -0.0039
165.3478 44.4767 -0.0150
165.3721 44.4723 -0.0281
165.3965 44.4678 -0.0401
165.4208 44.4634 -0.0518
165.4452 44.4589 -0.0611
165.4695 44.4545 -0.0700
165.4939 44.4500 -0.0770
165.5182 44.4456 -0.0833
165.5426 44.4411 -0.0877
165.5669 44.4366 -0.0901
165.5912 44.4321 -0.0904
165.6155 44.4277 -0.0874
165.6399 44.4232 -0.0822
165.6642 44.4187 -0.0734
165.6885 44.4142 -0.0647
165.7128 44.4097 -0.0517
165.9314 44.3689 0.0673
165.9557 44.3643 0.0786
165.9800 44.3598 0.0867
166.0042 44.3552 0.0946
166.0285 44.3506 0.1017
166.0528 44.3460 0.1062
166.0770 44.3415 0.1102
166.1013 44.3369 0.1121
166.1255 44.3323 0.1119
166.1498 44.3277 0.1109
166.1740 44.3231 0.1085
166.1982 44.3185 0.1048
166.2225 44.3138 0.1014
166.2467 44.3092 0.0986
166.2709 44.3046 0.0967
166.2951 44.3000 0.0973
166.3193 44.2953 0.0988
166.3436 44.2907 0.1019
166.3678 44.2861 0.1064
166.3920 44.2814 0.1126
166.4162 44.2768 0.1182
166.4404 44.2721 0.1256
166.4646 44.2674 0.1361
166.4888 44.2628 0.1497
166.5129 44.2581 0.1657
166.5371 44.2534 0.1841
166.5613 44.2487 0.2003
165.1101 44.5382 -0.0147
165.1345 44.5338 -0.0047
165.1589 44.5294 0.0047
165.1833 44.5251 0.0124
165.2077 44.5207 0.0162
165.2320 44.5163 0.0177
165.2564 44.5118 0.0174
165.2808 44.5074 0.0153
165.3052 44.5030 0.0106
165.3296 44.4986 0.0030
165.3539 44.4942 -0.0072
165.3783 44.4897 -0.0191
165.4027 44.4853 -0.0305
165.4270 44.4808 -0.0421
165.4514 44.4764 -0.0523
165.4758 44.4719 -0.0627
165.5001 44.4675 -0.0721
165.5245 44.4630 -0.0804
165.5488 44.4585 -0.0872
165.5731 44.4541 -0.0918
165.5975 44.4496 -0.0946
165.6218 44.4451 -0.0939
165.6461 44.4406 -0.0909
165.6705 44.4361 -0.0846
165.6948 44.4316 -0.0779
165.7191 44.4271 -0.0673
165.9378 44.3863 0.0455
165.9621 44.3817 0.0590
165.9863 44.3772 0.0698
166.0106 44.3726 0.0801
166.0349 44.3680 0.0891
166.0591 44.3634 0.0961
166.0834 44.3589 0.1025
166.1077 44.3543 0.1068
166.1319 44.3497 0.1086
166.1562 44.3451 0.1090
166.1804 44.3405 0.1073
166.2047 44.3359 0.1042
166.2289 44.3312 0.1011
166.2531 44.3266 0.0992
166.2774 44.3220 0.0978
166.3016 44.3174 0.0985
166.3258 44.3127 0.0995
166.3500 44.3081 0.1026
166.3742 44.3034 0.1068
166.3984 44.2988 0.1126
166.4227 44.2941 0.1180
166.4469 44.2895 0.1246
166.4711 44.2848 0.1337
166.4953 44.2801 0.1448
166.5194 44.2754 0.1578
166.5436 44.2708 0.1746
166.5678 44.2661 0.1911
165.1162 44.5557 -0.0296
165.1406 44.5513 -0.0190
165.1650 44.5469 -0.0080
165.1894 44.5425 0.0018
165.2138 44.5381 0.0089
165.2382 44.5337 0.0139
165.2626 44.5293 0.0168
165.2870 44.5249 0.0173
165.3114 44.5205 0.0150
165.3358 44.5160 0.0089
165.3602 44.5116 0.0008
165.3845 44.5072 -0.0095
165.4089 44.5027 -0.0193
165.4333 44.4983 -0.0308
165.4576 44.4938 -0.0418
165.4820 44.4894 -0.0542
165.5063 44.4849 -0.0656
165.5307 44.4804 -0.0770
165.5551 44.4760 -0.0860
165.5794 44.4715 -0.0930
165.6037 44.4670 -0.0975
165.6281 44.4625 -0.0991
165.6524 44.4580 -0.0985
165.6767 44.4535 -0.0954
165.7011 44.4490 -0.0915
165.7254 44.4445 -0.0833
165.9441 44.4037 0.0249
165.9684 44.3991 0.0389
165.9927 44.3946 0.0514
166.0170 44.3900 0.0639
166.0413 44.3854 0.0754
166.0655 44.3808 0.0849
166.0898 44.3763 0.0936
166.1141 44.3717 0.1003
166.1383 44.3671 0.1042
166.1626 44.3625 0.1056
166.1868 44.3579 0.1046
166.2111 44.3532 0.1024
166.2353 44.3486 0.1004
166.2596 44.3440 0.0991
166.2838 44.3394 0.0981
166.3080 44.3347 0.0992
166.3323 44.3301 0.1003
166.3565 44.3255 0.1033
166.3807 44.3208 0.1072
166.4049 44.3162 0.1122
166.4291 44.3115 0.1172
166.4534 44.3068 0.1229
166.4776 44.3022 0.1302
166.5018 44.2975 0.1397
166.5260 44.2928 0.1506
166.5502 44.2881 0.1639
166.5743 44.2834 0.1791
165.1223 44.5732 -0.0461
165.1467 44.5688 -0.0347
165.1712 44.5644 -0.0229
165.1956 44.5600 -0.0109
165.2200 44.5556 -0.0011
165.2444 44.5512 0.0078
165.2688 44.5468 0.0141
165.2932 44.5423 0.0176
165.3176 44.5379 0.0171
165.3420 44.5335 0.0132
165.3664 44.5291 0.0069
165.3907 44.5246 -0.0008
165.4151 44.5202 -0.0093
165.4395 44.5157 -0.0203
165.4639 44.5113 -0.0320
165.4882 44.5068 -0.0461
165.5126 44.5024 -0.0595
165.5370 44.4979 -0.0731
165.5613 44.4934 -0.0844
165.5857 44.4889 -0.0932
165.6100 44.4844 -0.0999
165.6344 44.4800 -0.1039
165.6587 44.4755 -0.1060
165.6830 44.4710 -0.1061
165.7074 44.4665 -0.1048
165.7317 44.4619 -0.0985
165.8533 44.4393 -0.0550
165.9505 44.4211 0.0053
165.9748 44.4165 0.0199
165.9991 44.4120 0.0334
166.0234 44.4074 0.0476
166.0477 44.4028 0.0608
166.0719 44.3982 0.0729
166.0962 44.3936 0.0832
166.1205 44.3891 0.0924
166.1447 44.3845 0.0975
166.1690 44.3799 0.1002
166.1933 44.3752 0.1005
166.2175 44.3706 0.0996
166.2418 44.3660 0.0982
166.2660 44.3614 0.0976
166.2903 44.3568 0.0980
166.3145 44.3521 0.0997
166.3387 44.3475 0.1012
166.3630 44.3428 0.1042
166.3872 44.3382 0.1080
166.4114 44.3335 0.1124
166.4356 44.3289 0.1167
166.4599 44.3242 0.1218
166.4841 44.3195 0.1279
166.5083 44.3148 0.1353
166.5325 44.3102 0.1441
166.5567 44.3055 0.1559
166.5809 44.3008 0.1701
165.1285 44.5906 -0.0642
165.1529 44.5862 -0.0522
165.1773 44.5819 -0.0388
165.2017 44.5775 -0.0246
165.2262 44.5730 -0.0112
165.2506 44.5686 0.0004
165.2750 44.5642 0.0094
165.2994 44.5598 0.0149
165.3238 44.5554 0.0160
165.3482 44.5510 0.0147
165.3726 44.5465 0.0113
165.3970 44.5421 0.0062
165.4213 44.5376 -0.0007
165.4457 44.5332 -0.0113
165.4701 44.5287 -0.0235
165.4945 44.5243 -0.0386
165.5188 44.5198 -0.0535
165.5432 44.5153 -0.0684
165.5676 44.5108 -0.0811
165.5919 44.5064 -0.0920
165.6163 44.5019 -0.1008
165.6406 44.4974 -0.1076
165.6650 44.4929 -0.1128
165.6893 44.4884 -0.1165
165.7137 44.4839 -0.1182
165.7380 44.4794 -0.1149
165.9569 44.4385 -0.0158
165.9812 44.4339 0.0001
166.0055 44.4294 0.0150
166.0298 44.4248 0.0305
166.0540 44.4202 0.0458
166.0783 44.4156 0.0595
166.1026 44.4110 0.0718
166.1269 44.4064 0.0822
166.1512 44.4018 0.0893
166.1754 44.3972 0.0934
166.1997 44.3926 0.0957
166.2240 44.3880 0.0962
166.2482 44.3834 0.0964
166.2725 44.3788 0.0970
166.2967 44.3741 0.0981
166.3210 44.3695 0.1002
166.3452 44.3649 0.1026
166.3694 44.3602 0.1058
166.3937 44.3556 0.1095
166.4179 44.3509 0.1133
166.4421 44.3462 0.1165
166.4664 44.3416 0.1209
166.4906 44.3369 0.1253
166.5148 44.3322 0.1308
166.5390 44.3275 0.1383
166.5632 44.3228 0.1480
166.5874 44.3181 0.1597
165.1346 44.6081 -0.0811
165.1591 44.6037 -0.0675
165.1835 44.5993 -0.0530
165.2079 44.5949 -0.0366
165.2323 44.5905 -0.0213
165.2567 44.5861 -0.0072
165.2812 44.5817 0.0037
165.3056 44.5773 0.0110
165.3300 44.5728 0.0138
165.3544 44.5684 0.0144
165.3788 44.5640 0.0130
165.4032 44.5595 0.0098
165.4276 44.5551 0.0035
165.4520 44.5506 -0.0064
165.4763 44.5462 -0.0186
165.5007 44.5417 -0.0329
165.5251 44.5372 -0.0477
165.5495 44.5328 -0.0628
165.5738 44.5283 -0.0763
165.5982 44.5238 -0.0886
165.6226 44.5193 -0.0993
165.6469 44.5148 -0.1094
165.6713 44.5103 -0.1173
165.6956 44.5058 -0.1235
165.7200 44.5013 -0.1280
165.7443 44.4968 -0.1285
165.9632 44.4559 -0.0355
165.9875 44.4514 -0.0184
166.0119 44.4468 -0.0021
166.0361 44.4422 0.0151
166.0604 44.4376 0.0316
166.0847 44.4330 0.0468
166.1090 44.4284 0.0601
166.1333 44.4238 0.0719
166.1576 44.4192 0.0806
166.1819 44.4146 0.0867
166.2061 44.4100 0.0910
166.2304 44.4054 0.0929
166.2547 44.4008 0.0944
166.2789 44.3961 0.0955
166.3032 44.3915 0.0974
166.3274 44.3869 0.0998
166.3517 44.3822 0.1030
166.3759 44.3776 0.1067
166.4002 44.3729 0.1099
166.4244 44.3683 0.1126
166.4486 44.3636 0.1148
166.4729 44.3589 0.1177
166.4971 44.3543 0.1214
166.5213 44.3496 0.1259
166.5455 44.3449 0.1320
166.5697 44.3402 0.1381
166.5940 44.3355 0.1496
165.1408 44.6256 -0.0950
165.1652 44.6212 -0.0814
165.1896 44.6168 -0.0660
165.2141 44.6124 -0.0485
165.2385 44.6080 -0.0320
165.2629 44.6036 -0.0164
165.2874 44.5991 -0.0042
165.3118 44.5947 0.0046
165.3362 44.5903 0.0091
165.3606 44.5859 0.0107
165.3850 44.5814 0.0104
165.4094 44.5770 0.0084
165.4338 44.5725 0.0035
165.4582 44.5681 -0.0058
165.4826 44.5636 -0.0164
165.5070 44.5591 -0.0295
165.5314 44.5547 -0.0423
165.5557 44.5502 -0.0569
165.5801 44.5457 -0.0700
165.6045 44.5412 -0.0830
165.6289 44.5367 -0.0948
165.6532 44.5322 -0.1068
165.6776 44.5277 -0.1177
165.7019 44.5232 -0.1274
165.7263 44.5187 -0.1349
165.7506 44.5142 -0.1388
165.8723 44.4916 -0.1350
165.9696 44.4733 -0.0545
165.9939 44.4688 -0.0376
166.0182 44.4642 -0.0205
166.0425 44.4596 -0.0026
166.0668 44.4550 0.0150
166.0911 44.4504 0.0305
166.1154 44.4458 0.0454
166.1397 44.4412 0.0584
166.1640 44.4366 0.0696
166.1883 44.4320 0.0775
166.2126 44.4274 0.0838
166.2368 44.4228 0.0878
166.2611 44.4182 0.0912
166.2854 44.4135 0.0933
166.3096 44.4089 0.0963
166.3339 44.4043 0.0997
166.3582 44.3996 0.1037
166.3824 44.3950 0.1076
166.4067 44.3903 0.1103
166.4309 44.3856 0.1122
166.4551 44.3810 0.1135
166.4794 44.3763 0.1155
166.5036 44.3716 0.1180
166.5278 44.3669 0.1218
166.5521 44.3623 0.1264
166.5763 44.3576 0.1326
166.6005 44.3529 0.1390
165.1469 44.6430 -0.1081
165.1714 44.6386 -0.0941
165.1958 44.6343 -0.0785
165.2203 44.6298 -0.0609
165.2447 44.6254 -0.0433
165.2691 44.6210 -0.0266
165.2935 44.6166 -0.0130
165.3180 44.6122 -0.0025
165.3424 44.6077 0.0031
165.3668 44.6033 0.0063
165.3912 44.5989 0.0066
165.4156 44.5944 0.0056
165.4400 44.5900 0.0003
165.4644 44.5855 -0.0079
165.4888 44.5811 -0.0176
165.5132 44.5766 -0.0277
165.5376 44.5721 -0.0389
165.5620 44.5676 -0.0517
165.5864 44.5632 -0.0637
165.6108 44.5587 -0.0765
165.6351 44.5542 -0.0896
165.6595 44.5497 -0.1036
165.6839 44.5452 -0.1157
165.7082 44.5407 -0.1277
165.7326 44.5362 -0.1381
165.7570 44.5316 -0.1448
165.9760 44.4907 -0.0702
166.0003 44.4862 -0.0545
166.0246 44.4816 -0.0385
166.0489 44.4770 -0.0201
166.0733 44.4724 -0.0022
166.0976 44.4678 0.0143
166.1219 44.4632 0.0295
166.1462 44.4586 0.0443
166.1704 44.4540 0.0564
166.1947 44.4494 0.0665
166.2190 44.4448 0.0745
166.2433 44.4402 0.0811
166.2676 44.4355 0.0854
166.2918 44.4309 0.0895
166.3161 44.4263 0.0936
166.3404 44.4216 0.0984
166.3646 44.4170 0.1027
166.3889 44.4123 0.1068
166.4132 44.4077 0.1096
166.4374 44.4030 0.1110
166.4616 44.3983 0.1117
166.4859 44.3937 0.1125
166.5101 44.3890 0.1146
166.5344 44.3843 0.1178
166.5586 44.3796 0.1223
166.5828 44.3749 0.1261
166.6070 44.3702 0.1306
165.1531 44.6605 -0.1204
165.1775 44.6561 -0.1077
165.2020 44.6517 -0.0928
165.2264 44.6473 -0.0752
165.2509 44.6429 -0.0576
165.2753 44.6385 -0.0394
165.2997 44.6341 -0.0243
165.3242 44.6296 -0.0118
165.3486 44.6252 -0.0043
165.3730 44.6208 0.0004
165.3974 44.6163 0.0019
165.4219 44.6119 0.0009
165.4463 44.6074 -0.0041
165.4707 44.6030 -0.0119
165.4951 44.5985 -0.0194
165.5195 44.5940 -0.0277
165.5439 44.5896 -0.0365
165.5683 44.5851 -0.0475
165.5927 44.5806 -0.0583
165.6171 44.5761 -0.0711
165.6414 44.5716 -0.0840
165.6658 44.5671 -0.0985
165.6902 44.5626 -0.1116
165.7146 44.5581 -0.1255
165.7389 44.5536 -0.1385
165.7633 44.5491 -0.1481
165.9824 44.5081 -0.0844
166.0067 44.5036 -0.0707
166.0310 44.4990 -0.0560
166.0554 44.4944 -0.0388
166.0797 44.4898 -0.0208
166.1040 44.4852 -0.0044
166.1283 44.4806 0.0119
166.1526 44.4760 0.0269
166.1769 44.4714 0.0409
166.2012 44.4668 0.0524
166.2255 44.4622 0.0629
166.2498 44.4576 0.0707
166.2740 44.4529 0.0774
166.2983 44.4483 0.0828
166.3226 44.4437 0.0889
166.3469 44.4390 0.0945
166.3711 44.4344 0.0998
166.3954 44.4297 0.1042
166.4197 44.4250 0.1071
166.4439 44.4204 0.1087
166.4682 44.4157 0.1090
166.4924 44.4110 0.1100
166.5167 44.4063 0.1116
166.5409 44.4017 0.1144
166.5651 44.3970 0.1177
166.5894 44.3923 0.1208
166.6136 44.3876 0.1243
165.1593 44.6780 -0.1310
165.1837 44.6736 -0.1206
165.2082 44.6692 -0.1075
165.2326 44.6648 -0.0912
165.2571 44.6604 -0.0743
165.2815 44.6559 -0.0567
165.3060 44.6515 -0.0405
165.3304 44.6471 -0.0265
165.3548 44.6427 -0.0166
165.3793 44.6382 -0.0093
165.4037 44.6338 -0.0065
165.4281 44.6293 -0.0058
165.4525 44.6249 -0.0093
165.4769 44.6204 -0.0148
165.5013 44.6159 -0.0208
165.5258 44.6115 -0.0273
165.5502 44.6070 -0.0349
165.5746 44.6025 -0.0440
165.5990 44.5980 -0.0535
165.6233 44.5935 -0.0652
165.6477 44.5890 -0.0779
165.6721 44.5845 -0.0926
165.6965 44.5800 -0.1070
165.7209 44.5755 -0.1218
165.7453 44.5710 -0.1367
165.7696 44.5665 -0.1482
165.9888 44.5255 -0.0979
166.0131 44.5210 -0.0862
166.0374 44.5164 -0.0724
166.0618 44.5118 -0.0567
166.0861 44.5072 -0.0400
166.1104 44.5026 -0.0238
166.1347 44.4980 -0.0079
166.1590 44.4934 0.0074
166.1833 44.4888 0.0219
166.2076 44.4842 0.0354
166.2319 44.4796 0.0476
166.2562 44.4749 0.0575
166.2805 44.4703 0.0663
166.3048 44.4657 0.0738
166.3291 44.4610 0.0813
166.3534 44.4564 0.0884
166.3776 44.4517 0.0948
166.4019 44.4471 0.0998
166.4262 44.4424 0.1033
166.4504 44.4377 0.1047
166.4747 44.4331 0.1050
166.4989 44.4284 0.1064
166.5232 44.4237 0.1080
166.5474 44.4190 0.1103
166.5717 44.4143 0.1132
166.5959 44.4096 0.1161
166.6202 44.4049 0.1199
165.1654 44.6954 -0.1407
165.1899 44.6910 -0.1322
165.2144 44.6866 -0.1219
165.2388 44.6822 -0.1075
165.2633 44.6778 -0.0926
165.2877 44.6734 -0.0755
165.3122 44.6690 -0.0594
165.3366 44.6645 -0.0437
165.3610 44.6601 -0.0315
165.3855 44.6557 -0.0218
165.4099 44.6512 -0.0162
165.4343 44.6468 -0.0133
165.4588 44.6423 -0.0142
165.4832 44.6379 -0.0175
165.5076 44.6334 -0.0219
165.5320 44.6289 -0.0268
165.5564 44.6244 -0.0326
165.5808 44.6200 -0.0406
165.6052 44.6155 -0.0489
165.6296 44.6110 -0.0595
165.6540 44.6065 -0.0712
165.6784 44.6020 -0.0857
165.7028 44.5975 -0.1004
165.7272 44.5929 -0.1168
165.7516 44.5884 -0.1329
165.7760 44.5839 -0.1457
165.8978 44.5612 -0.1420
165.9952 44.5429 -0.1118
166.0195 44.5384 -0.1011
166.0438 44.5338 -0.0886
166.0682 44.5292 -0.0742
166.0925 44.5246 -0.0587
166.1168 44.5200 -0.0439
166.1411 44.5154 -0.0283
166.1655 44.5108 -0.0132
166.1898 44.5062 0.0022
166.2141 44.5016 0.0162
166.2384 44.4970 0.0300
166.2627 44.4923 0.0423
166.2870 44.4877 0.0533
166.3113 44.4831 0.0627
166.3356 44.4784 0.0720
166.3598 44.4738 0.0806
166.3841 44.4691 0.0884
166.4084 44.4644 0.0946
166.4327 44.4598 0.0988
166.4569 44.4551 0.1010
166.4812 44.4504 0.1014
166.5055 44.4458 0.1027
166.5297 44.4411 0.1048
166.5540 44.4364 0.1071
166.5782 44.4317 0.1096
166.6025 44.4270 0.1125
166.6267 44.4223 0.1159
165.1716 44.7129 -0.1462
165.1961 44.7085 -0.1400
165.2205 44.7041 -0.1323
165.2450 44.6997 -0.1213
165.2695 44.6953 -0.1087
165.2939 44.6909 -0.0934
165.3184 44.6864 -0.0773
165.3428 44.6820 -0.0613
165.3673 44.6776 -0.0474
165.3917 44.6731 -0.0358
165.4162 44.6687 -0.0274
165.4406 44.6642 -0.0216
165.4650 44.6598 -0.0197
165.4895 44.6553 -0.0201
165.5139 44.6508 -0.0228
165.5383 44.6464 -0.0260
165.5627 44.6419 -0.0311
165.5871 44.6374 -0.0384
165.6115 44.6329 -0.0454
165.6359 44.6284 -0.0545
165.6603 44.6239 -0.0657
165.6847 44.6194 -0.0803
165.7091 44.6149 -0.0950
165.7335 44.6104 -0.1111
165.7579 44.6059 -0.1279
165.7823 44.6013 -0.1412
166.0016 44.5604 -0.1248
166.0259 44.5558 -0.1155
166.0503 44.5512 -0.1044
166.0746 44.5466 -0.0909
166.0989 44.5420 -0.0770
166.1233 44.5374 -0.0631
166.1476 44.5328 -0.0491
166.1719 44.5282 -0.0340
166.1962 44.5236 -0.0184
166.2205 44.5190 -0.0033
166.2448 44.5143 0.0116
166.2692 44.5097 0.0260
166.2935 44.5051 0.0384
166.3178 44.5004 0.0499
166.3421 44.4958 0.0603
166.3663 44.4911 0.0704
166.3906 44.4865 0.0792
166.4149 44.4818 0.0869
166.4392 44.4772 0.0927
166.4635 44.4725 0.0954
166.4877 44.4678 0.0966
166.5120 44.4631 0.0980
166.5363 44.4584 0.1008
166.5605 44.4537 0.1037
166.5848 44.4490 0.1063
166.6090 44.4443 0.1098
166.6333 44.4396 0.1126
165.1778 44.7304 -0.1492
165.2023 44.7260 -0.1460
165.2267 44.7216 -0.1417
165.2512 44.7172 -0.1345
165.2757 44.7127 -0.1248
165.3001 44.7083 -0.1110
165.3246 44.7039 -0.0959
165.3491 44.6995 -0.0792
165.3735 44.6950 -0.0651
165.3980 44.6906 -0.0517
165.4224 44.6861 -0.0414
165.4468 44.6817 -0.0328
165.4713 44.6772 -0.0279
165.4957 44.6727 -0.0255
165.5202 44.6683 -0.0257
165.5446 44.6638 -0.0280
165.5690 44.6593 -0.0320
165.5934 44.6548 -0.0377
165.6178 44.6503 -0.0435
165.6422 44.6458 -0.0510
165.6667 44.6413 -0.0610
165.6911 44.6368 -0.0751
165.7155 44.6323 -0.0895
165.7399 44.6278 -0.1056
165.7643 44.6233 -0.1220
165.7886 44.6187 -0.1350
166.0080 44.5778 -0.1400
166.0323 44.5732 -0.1307
166.0567 44.5686 -0.1204
166.0810 44.5640 -0.1083
166.1054 44.5594 -0.0953
166.1297 44.5548 -0.0829
166.1540 44.5502 -0.0697
166.1784 44.5456 -0.0555
166.2027 44.5410 -0.0398
166.2270 44.5363 -0.0239
166.2513 44.5317 -0.0076
166.2756 44.5271 0.0074
166.2999 44.5225 0.0219
166.3242 44.5178 0.0347
166.3485 44.5132 0.0468
166.3728 44.5085 0.0582
166.3971 44.5039 0.0687
166.4214 44.4992 0.0778
166.4457 44.4945 0.0845
166.4700 44.4898 0.0880
166.4943 44.4852 0.0894
166.5185 44.4805 0.0920
166.5428 44.4758 0.0954
166.5671 44.4711 0.0987
166.5913 44.4664 0.1016
166.6156 44.4617 0.1051
166.6399 44.4570 0.1087
165.1840 44.7479 -0.1487
165.2084 44.7434 -0.1488
165.2329 44.7390 -0.1480
165.2574 44.7346 -0.1441
165.2819 44.7302 -0.1368
165.3064 44.7258 -0.1250
165.3308 44.7213 -0.1111
165.3553 44.7169 -0.0955
165.3797 44.7125 -0.0814
165.4042 44.7080 -0.0676
165.4287 44.7036 -0.0556
165.4531 44.6991 -0.0453
165.4775 44.6947 -0.0382
165.5020 44.6902 -0.0334
165.5264 44.6857 -0.0322
165.5509 44.6812 -0.0326
165.5753 44.6767 -0.0359
165.5997 44.6723 -0.0396
165.6241 44.6678 -0.0441
165.6486 44.6633 -0.0500
165.6730 44.6588 -0.0590
165.6974 44.6543 -0.0717
165.7218 44.6497 -0.0854
165.7462 44.6452 -0.1007
165.7706 44.6407 -0.1167
165.7950 44.6362 -0.1301
165.9169 44.6134 -0.1520
166.0144 44.5952 -0.1538
166.0387 44.5906 -0.1457
166.0631 44.5860 -0.1361
166.0874 44.5814 -0.1251
166.1118 44.5768 -0.1135
166.1361 44.5722 -0.1023
166.1605 44.5676 -0.0900
166.1848 44.5630 -0.0758
166.2091 44.5584 -0.0600
166.2335 44.5537 -0.0433
166.2578 44.5491 -0.0264
166.2821 44.5445 -0.0105
166.3064 44.5398 0.0045
166.3307 44.5352 0.0182
166.3550 44.5305 0.0316
166.3793 44.5259 0.0445
166.4036 44.5212 0.0568
166.4279 44.5166 0.0666
166.4522 44.5119 0.0742
166.4765 44.5072 0.0782
166.5008 44.5025 0.0808
166.5251 44.4978 0.0840
166.5494 44.4932 0.0883
166.5736 44.4885 0.0919
166.5979 44.4838 0.0959
166.6222 44.4791 0.0994
166.6464 44.4743 0.1023
165.1901 44.7653 -0.1449
165.2146 44.7609 -0.1498
165.2391 44.7565 -0.1526
165.2636 44.7521 -0.1519
165.2881 44.7477 -0.1471
165.3126 44.7432 -0.1377
165.3370 44.7388 -0.1261
165.3615 44.7344 -0.1118
165.3860 44.7299 -0.0982
165.4104 44.7255 -0.0841
165.4349 44.7210 -0.0713
165.4594 44.7166 -0.0591
165.4838 44.7121 -0.0500
165.5083 44.7076 -0.0430
165.5327 44.7032 -0.0402
165.5571 44.6987 -0.0395
165.5816 44.6942 -0.0407
165.6060 44.6897 -0.0427
165.6304 44.6852 -0.0454
165.6549 44.6807 -0.0497
165.6793 44.6762 -0.0567
165.7037 44.6717 -0.0685
165.7281 44.6672 -0.0807
165.7525 44.6626 -0.0950
165.7769 44.6581 -0.1117
165.8013 44.6536 -0.1254
166.0208 44.6126 -0.1655
166.0452 44.6080 -0.1600
166.0695 44.6034 -0.1524
166.0939 44.5988 -0.1431
166.1182 44.5942 -0.1330
166.1426 44.5896 -0.1232
166.1669 44.5850 -0.1115
166.1913 44.5804 -0.0980
166.2156 44.5757 -0.0816
166.2399 44.5711 -0.0649
166.2643 44.5665 -0.0470
166.2886 44.5619 -0.0304
166.3129 44.5572 -0.0144
166.3372 44.5526 0.0003
166.3615 44.5479 0.0154
166.3859 44.5433 0.0297
166.4102 44.5386 0.0435
166.4345 44.5339 0.0546
166.4588 44.5293 0.0628
166.4831 44.5246 0.0685
166.5074 44.5199 0.0726
166.5316 44.5152 0.0759
166.5559 44.5105 0.0801
166.5802 44.5058 0.0844
166.6045 44.5011 0.0892
166.6288 44.4964 0.0939
166.6530 44.4917 0.0978
165.1963 44.7828 -0.1414
165.2208 44.7784 -0.1500
165.2453 44.7740 -0.1562
165.2698 44.7695 -0.1587
165.2943 44.7651 -0.1561
165.3188 44.7607 -0.1486
165.3433 44.7563 -0.1388
165.3678 44.7518 -0.1264
165.3922 44.7474 -0.1138
165.4167 44.7429 -0.1001
165.4412 44.7385 -0.0866
165.4656 44.7340 -0.0731
165.4901 44.7295 -0.0627
165.5145 44.7251 -0.0538
165.5390 44.7206 -0.0498
165.5634 44.7161 -0.0474
165.5879 44.7116 -0.0473
165.6123 44.7071 -0.0474
165.6368 44.7026 -0.0483
165.6612 44.6981 -0.0505
165.6856 44.6936 -0.0557
165.7100 44.6891 -0.0655
165.7345 44.6846 -0.0765
165.7589 44.6801 -0.0901
165.7833 44.6755 -0.1066
165.8077 44.6710 -0.1211
166.0272 44.6300 -0.1765
166.0516 44.6254 -0.1735
166.0760 44.6208 -0.1678
166.1003 44.6162 -0.1603
166.1247 44.6116 -0.1523
166.1490 44.6070 -0.1431
166.1734 44.6024 -0.1325
166.1977 44.5978 -0.1188
166.2221 44.5931 -0.1032
166.2464 44.5885 -0.0855
166.2708 44.5839 -0.0675
166.2951 44.5792 -0.0498
166.3194 44.5746 -0.0329
166.3437 44.5699 -0.0169
166.3681 44.5653 -0.0005
166.3924 44.5606 0.0152
166.4167 44.5560 0.0298
166.4410 44.5513 0.0423
166.4653 44.5466 0.0523
166.4896 44.5419 0.0598
166.5139 44.5373 0.0649
166.5382 44.5326 0.0686
166.5625 44.5279 0.0725
166.5868 44.5232 0.0770
166.6111 44.5185 0.0818
166.6353 44.5138 0.0876
166.6596 44.5090 0.0924
165.2025 44.8002 -0.1355
165.2270 44.7958 -0.1486
165.2515 44.7914 -0.1575
165.2760 44.7870 -0.1640
165.3005 44.7826 -0.1647
165.3250 44.7781 -0.1607
165.3495 44.7737 -0.1535
165.3740 44.7693 -0.1427
165.3985 44.7648 -0.1309
165.4230 44.7604 -0.1170
165.4474 44.7559 -0.1026
165.4719 44.7514 -0.0880
165.4964 44.7470 -0.0761
165.5208 44.7425 -0.0662
165.5453 44.7380 -0.0600
165.5697 44.7335 -0.0562
165.5942 44.7291 -0.0542
165.6186 44.7246 -0.0517
165.6431 44.7201 -0.0505
165.6675 44.7156 -0.0515
165.6919 44.7111 -0.0549
165.7164 44.7065 -0.0623
165.7408 44.7020 -0.0716
165.7652 44.6975 -0.0839
165.7897 44.6930 -0.1000
165.8141 44.6884 -0.1157
166.0336 44.6474 -0.1856
166.0580 44.6428 -0.1853
166.0824 44.6382 -0.1829
166.1068 44.6336 -0.1774
166.1311 44.6290 -0.1712
166.1555 44.6244 -0.1636
166.1798 44.6198 -0.1535
166.2042 44.6151 -0.1404
166.2286 44.6105 -0.1238
166.2529 44.6059 -0.1064
166.2772 44.6013 -0.0879
166.3016 44.5966 -0.0695
166.3259 44.5920 -0.0513
166.3502 44.5873 -0.0337
166.3746 44.5827 -0.0160
166.3989 44.5780 0.0007
166.4232 44.5733 0.0164
166.4475 44.5687 0.0299
166.4718 44.5640 0.0418
166.4962 44.5593 0.0505
166.5205 44.5546 0.0569
166.5448 44.5499 0.0611
166.5691 44.5452 0.0651
166.5933 44.5405 0.0697
166.6176 44.5358 0.0751
166.6419 44.5311 0.0807
166.6662 44.5264 0.0847
165.2087 44.8177 -0.1275
165.2332 44.8133 -0.1436
165.2578 44.8089 -0.1558
165.2823 44.8045 -0.1658
165.3068 44.8000 -0.1703
165.3313 44.7956 -0.1707
165.3558 44.7912 -0.1666
165.3802 44.7867 -0.1583
165.4047 44.7823 -0.1474
165.4292 44.7778 -0.1336
165.4537 44.7734 -0.1186
165.4782 44.7689 -0.1032
165.5026 44.7644 -0.0897
165.5271 44.7599 -0.0782
165.5516 44.7555 -0.0703
165.5760 44.7510 -0.0645
165.6005 44.7465 -0.0603
165.6249 44.7420 -0.0555
165.6494 44.7375 -0.0524
165.6738 44.7330 -0.0512
165.6983 44.7285 -0.0531
165.7227 44.7240 -0.0585
165.7472 44.7194 -0.0664
165.7716 44.7149 -0.0780
165.7960 44.7104 -0.0942
165.8204 44.7058 -0.1092
165.9425 44.6831 -0.1570
166.0401 44.6648 -0.1942
166.0644 44.6602 -0.1961
166.0888 44.6556 -0.1953
166.1132 44.6510 -0.1916
166.1376 44.6464 -0.1873
166.1619 44.6418 -0.1815
166.1863 44.6372 -0.1734
166.2107 44.6325 -0.1608
166.2350 44.6279 -0.1444
166.2594 44.6233 -0.1265
166.2837 44.6186 -0.1076
166.3081 44.6140 -0.0883
166.3324 44.6093 -0.0692
166.3568 44.6047 -0.0496
166.3811 44.6000 -0.0307
166.4054 44.5954 -0.0126
166.4297 44.5907 0.0037
166.4541 44.5860 0.0180
166.4784 44.5814 0.0307
166.5027 44.5767 0.0399
166.5270 44.5720 0.0471
166.5513 44.5673 0.0517
166.5756 44.5626 0.0561
166.5999 44.5579 0.0607
166.6242 44.5532 0.0670
166.6485 44.5485 0.0724
166.6728 44.5437 0.0777
165.2149 44.8352 -0.1167
165.2395 44.8308 -0.1347
165.2640 44.8263 -0.1495
165.2885 44.8219 -0.1636
165.3130 44.8175 -0.1725
165.3375 44.8131 -0.1770
165.3620 44.8086 -0.1763
165.3865 44.8042 -0.1704
165.4110 44.7997 -0.1609
165.4355 44.7953 -0.1479
165.4600 44.7908 -0.1331
165.4845 44.7863 -0.1171
165.5089 44.7819 -0.1029
165.5334 44.7774 -0.0898
165.5579 44.7729 -0.0808
165.5823 44.7684 -0.0731
165.6068 44.7639 -0.0668
165.6313 44.7594 -0.0600
165.6557 44.7549 -0.0543
165.6802 44.7504 -0.0510
165.7046 44.7459 -0.0508
165.7291 44.7414 -0.0550
165.7535 44.7369 -0.0613
165.7779 44.7323 -0.0719
165.8024 44.7278 -0.0868
165.8268 44.7233 -0.1021
166.0465 44.6822 -0.1995
166.0709 44.6776 -0.2026
166.0953 44.6730 -0.2030
166.1197 44.6684 -0.2009
166.1440 44.6638 -0.1988
166.1684 44.6592 -0.1957
166.1928 44.6545 -0.1905
166.2172 44.6499 -0.1795
166.2415 44.6453 -0.1631
166.2659 44.6407 -0.1450
166.2902 44.6360 -0.1263
166.3146 44.6314 -0.1070
166.3389 44.6267 -0.0874
166.3633 44.6221 -0.0671
166.3876 44.6174 -0.0467
166.4120 44.6127 -0.0275
166.4363 44.6081 -0.0103
166.4606 44.6034 0.0043
166.4849 44.5987 0.0176
166.5093 44.5940 0.0276
166.5336 44.5893 0.0350
166.5579 44.5846 0.0405
166.5822 44.5799 0.0458
166.6065 44.5752 0.0510
166.6308 44.5705 0.0575
166.6551 44.5658 0.0639
166.6794 44.5611 0.0709
165.2212 44.8526 -0.1041
165.2457 44.8482 -0.1229
165.2702 44.8438 -0.1401
165.2947 44.8394 -0.1578
165.3192 44.8349 -0.1705
165.3437 44.8305 -0.1787
165.3683 44.8261 -0.1813
165.3928 44.8216 -0.1782
165.4173 44.8172 -0.1710
165.4418 44.8127 -0.1592
165.4662 44.8082 -0.1449
165.4907 44.8038 -0.1293
165.5152 44.7993 -0.1148
165.5397 44.7948 -0.1004
165.5642 44.7903 -0.0908
165.5887 44.7859 -0.0815
165.6131 44.7814 -0.0735
165.6376 44.7769 -0.0649
165.6621 44.7724 -0.0573
165.6865 44.7678 -0.0512
165.7110 44.7633 -0.0499
165.7354 44.7588 -0.0524
165.7599 44.7543 -0.0576
165.7843 44.7498 -0.0671
165.8087 44.7452 -0.0808
165.8332 44.7407 -0.0951
166.0529 44.6996 -0.2012
166.0773 44.6950 -0.2059
166.1017 44.6904 -0.2079
166.1261 44.6858 -0.2074
166.1505 44.6812 -0.2071
166.1749 44.6765 -0.2068
166.1993 44.6719 -0.2045
166.2236 44.6673 -0.1964
166.2480 44.6627 -0.1811
166.2724 44.6580 -0.1639
166.2967 44.6534 -0.1456
166.3211 44.6488 -0.1267
166.3454 44.6441 -0.1069
166.3698 44.6394 -0.0860
166.3941 44.6348 -0.0651
166.4185 44.6301 -0.0444
166.4428 44.6254 -0.0264
166.4672 44.6208 -0.0111
166.4915 44.6161 0.0024
166.5158 44.6114 0.0124
166.5401 44.6067 0.0209
166.5645 44.6020 0.0270
166.5888 44.5973 0.0338
166.6131 44.5926 0.0401
166.6374 44.5879 0.0473
166.6617 44.5832 0.0547
166.6860 44.5784 0.0625
165.2274 44.8701 -0.0907
165.2519 44.8657 -0.1104
165.2764 44.8613 -0.1286
165.3010 44.8568 -0.1484
165.3255 44.8524 -0.1647
165.3500 44.8480 -0.1773
165.3745 44.8435 -0.1837
165.3990 44.8391 -0.1837
165.4235 44.8346 -0.1785
165.4480 44.8302 -0.1692
165.4725 44.8257 -0.1564
165.4970 44.8212 -0.1418
165.5215 44.8167 -0.1274
165.5460 44.8123 -0.1128
165.5705 44.8078 -0.1025
165.5950 44.8033 -0.0929
165.6194 44.7988 -0.0835
165.6439 44.7943 -0.0724
165.6684 44.7898 -0.0626
165.6929 44.7853 -0.0546
165.7173 44.7808 -0.0511
165.7418 44.7762 -0.0515
165.7662 44.7717 -0.0553
165.7907 44.7672 -0.0633
165.8151 44.7626 -0.0752
165.8396 44.7581 -0.0891
165.9617 44.7353 -0.1550
166.0594 44.7170 -0.1955
166.0838 44.7124 -0.2036
166.1082 44.7078 -0.2091
166.1326 44.7032 -0.2113
166.1570 44.6986 -0.2131
166.1814 44.6939 -0.2159
166.2057 44.6893 -0.2164
166.2301 44.6847 -0.2108
166.2545 44.6801 -0.1987
166.2789 44.6754 -0.1829
166.3032 44.6708 -0.1654
166.3276 44.6661 -0.1467
166.3520 44.6615 -0.1267
166.3763 44.6568 -0.1059
166.4007 44.6522 -0.0845
166.4250 44.6475 -0.0635
166.4494 44.6428 -0.0442
166.4737 44.6381 -0.0278
166.4981 44.6334 -0.0134
166.5224 44.6288 -0.0030
166.5467 44.6241 0.0058
166.5710 44.6194 0.0133
166.5954 44.6147 0.0213
166.6197 44.6099 0.0291
166.6440 44.6052 0.0374
166.6683 44.6005 0.0459
166.6926 44.5958 0.0560
165.2336 44.8876 -0.0755
165.2581 44.8831 -0.0954
165.2827 44.8787 -0.1143
165.3072 44.8743 -0.1363
165.3317 44.8699 -0.1548
165.3562 44.8654 -0.1703
165.3808 44.8610 -0.1796
165.4053 44.8565 -0.1825
165.4298 44.8521 -0.1802
165.4543 44.8476 -0.1735
165.4788 44.8431 -0.1635
165.5033 44.8387 -0.1516
165.5278 44.8342 -0.1396
165.5523 44.8297 -0.1267
165.5768 44.8252 -0.1170
165.6013 44.8207 -0.1068
165.6258 44.8162 -0.0969
165.6503 44.8117 -0.0839
165.6747 44.8072 -0.0725
165.6992 44.8027 -0.0625
165.7237 44.7982 -0.0568
165.7481 44.7937 -0.0548
165.7726 44.7891 -0.0572
165.7971 44.7846 -0.0626
165.8215 44.7801 -0.0726
165.8460 44.7755 -0.0836
166.0658 44.7344 -0.1857
166.0902 44.7298 -0.1971
166.1146 44.7252 -0.2054
166.1390 44.7206 -0.2108
166.1634 44.7159 -0.2153
166.1878 44.7113 -0.2195
166.2122 44.7067 -0.2218
166.2366 44.7021 -0.2179
166.2610 44.6974 -0.2094
166.2854 44.6928 -0.1972
166.3098 44.6882 -0.1819
166.3341 44.6835 -0.1654
166.3585 44.6789 -0.1466
166.3829 44.6742 -0.1267
166.4072 44.6695 -0.1053
166.4316 44.6649 -0.0838
166.4559 44.6602 -0.0636
166.4803 44.6555 -0.0457
166.5046 44.6508 -0.0301
166.5290 44.6461 -0.0193
166.5533 44.6414 -0.0098
166.5776 44.6367 -0.0014
166.6020 44.6320 0.0085
166.6263 44.6273 0.0178
166.6506 44.6226 0.0275
166.6749 44.6179 0.0369
166.6992 44.6131 0.0484
165.2398 44.9050 -0.0593
165.2644 44.9006 -0.0787
165.2889 44.8962 -0.0985
165.3134 44.8917 -0.1210
165.3380 44.8873 -0.1411
165.3625 44.8829 -0.1589
165.3870 44.8784 -0.1709
165.4116 44.8740 -0.1770
165.4361 44.8695 -0.1776
165.4606 44.8650 -0.1744
165.4851 44.8606 -0.1683
165.5096 44.8561 -0.1604
165.5341 44.8516 -0.1517
165.5586 44.8471 -0.1407
165.5831 44.8427 -0.1323
165.6076 44.8382 -0.1216
165.6321 44.8337 -0.1104
165.6566 44.8292 -0.0972
165.6811 44.8246 -0.0848
165.7056 44.8201 -0.0732
165.7300 44.8156 -0.0656
165.7545 44.8111 -0.0620
165.7790 44.8066 -0.0616
165.8034 44.8020 -0.0649
165.8279 44.7975 -0.0718
165.8523 44.7929 -0.0798
166.0723 44.7518 -0.1734
166.0967 44.7472 -0.1876
166.1211 44.7426 -0.1999
166.1455 44.7379 -0.2089
166.1699 44.7333 -0.2148
166.1943 44.7287 -0.2196
166.2187 44.7241 -0.2218
166.2431 44.7195 -0.2198
166.2675 44.7148 -0.2149
166.2919 44.7102 -0.2069
166.3163 44.7055 -0.1965
166.3406 44.7009 -0.1838
166.3650 44.6962 -0.1672
166.3894 44.6916 -0.1485
166.4138 44.6869 -0.1277
166.4381 44.6822 -0.1057
166.4625 44.6775 -0.0841
166.4868 44.6729 -0.0648
166.5112 44.6682 -0.0481
166.5355 44.6635 -0.0358
166.5599 44.6588 -0.0255
166.5842 44.6541 -0.0159
166.6085 44.6494 -0.0045
166.6329 44.6447 0.0069
166.6572 44.6399 0.0180
166.6815 44.6352 0.0287
166.7058 44.6305 0.0399
165.2460 44.9225 -0.0432
165.2706 44.9181 -0.0616
165.2951 44.9136 -0.0813
165.3197 44.9092 -0.1044
165.3442 44.9048 -0.1257
165.3688 44.9003 -0.1448
165.3933 44.8959 -0.1586
165.4178 44.8914 -0.1672
165.4424 44.8870 -0.1718
165.4669 44.8825 -0.1725
165.4914 44.8780 -0.1707
165.5159 44.8735 -0.1668
165.5404 44.8691 -0.1609
165.5649 44.8646 -0.1521
165.5894 44.8601 -0.1445
165.6139 44.8556 -0.1346
165.6384 44.8511 -0.1240
165.6629 44.8466 -0.1108
165.6874 44.8421 -0.0979
165.7119 44.8376 -0.0848
165.7364 44.8330 -0.0756
165.7609 44.8285 -0.0697
165.7853 44.8240 -0.0671
165.8098 44.8194 -0.0676
165.8343 44.8149 -0.0728
165.8587 44.8103 -0.0788
166.0787 44.7692 -0.1626
166.1031 44.7646 -0.1788
166.1276 44.7600 -0.1931
166.1520 44.7553 -0.2048
166.1764 44.7507 -0.2124
166.2008 44.7461 -0.2164
166.2252 44.7415 -0.2180
166.2496 44.7368 -0.2181
166.2740 44.7322 -0.2165
166.2984 44.7276 -0.2128
166.3228 44.7229 -0.2072
166.3472 44.7183 -0.1990
166.3716 44.7136 -0.1855
166.3959 44.7089 -0.1687
166.4203 44.7043 -0.1486
166.4447 44.6996 -0.1268
166.4690 44.6949 -0.1045
166.4934 44.6902 -0.0840
166.5178 44.6855 -0.0659
166.5421 44.6808 -0.0519
166.5665 44.6761 -0.0401
166.5908 44.6714 -0.0294
166.6151 44.6667 -0.0166
166.6395 44.6620 -0.0040
166.6638 44.6573 0.0083
166.6881 44.6526 0.0195
166.7125 44.6478 0.0317
165.2523 44.9400 -0.0302
165.2768 44.9355 -0.0473
165.3014 44.9311 -0.0655
165.3259 44.9267 -0.0878
165.3505 44.9222 -0.1092
165.3750 44.9178 -0.1291
165.3996 44.9133 -0.1445
165.4241 44.9089 -0.1566
165.4486 44.9044 -0.1647
165.4732 44.8999 -0.1700
165.4977 44.8955 -0.1732
165.5222 44.8910 -0.1731
165.5467 44.8865 -0.1705
165.5713 44.8820 -0.1635
165.5958 44.8775 -0.1566
165.6203 44.8730 -0.1475
165.6448 44.8685 -0.1378
165.6693 44.8640 -0.1249
165.6938 44.8595 -0.1116
165.7183 44.8550 -0.0978
165.7428 44.8505 -0.0869
165.7672 44.8459 -0.0786
165.7917 44.8414 -0.0737
165.8162 44.8368 -0.0717
165.8407 44.8323 -0.0744
165.8651 44.8278 -0.0783
165.9874 44.8049 -0.1060
166.0852 44.7866 -0.1525
166.1096 44.7820 -0.1690
166.1340 44.7773 -0.1851
166.1585 44.7727 -0.1984
166.1829 44.7681 -0.2074
166.2073 44.7635 -0.2126
166.2317 44.7589 -0.2157
166.2561 44.7542 -0.2171
166.2805 44.7496 -0.2185
166.3049 44.7449 -0.2192
166.3293 44.7403 -0.2177
166.3537 44.7356 -0.2128
166.3781 44.7310 -0.2023
166.4025 44.7263 -0.1873
166.4269 44.7216 -0.1683
166.4512 44.7170 -0.1471
166.4756 44.7123 -0.1244
166.5000 44.7076 -0.1035
166.5243 44.7029 -0.0841
166.5487 44.6982 -0.0689
166.5731 44.6935 -0.0552
166.5974 44.6888 -0.0430
166.6218 44.6841 -0.0292
166.6461 44.6794 -0.0156
166.6704 44.6746 -0.0020
166.6948 44.6699 0.0103
166.7191 44.6652 0.0221
165.2585 44.9574 -0.0198
165.2831 44.9530 -0.0361
165.3076 44.9486 -0.0535
165.3322 44.9441 -0.0747
165.3567 44.9397 -0.0950
165.3813 44.9352 -0.1147
165.4058 44.9308 -0.1314
165.4304 44.9263 -0.1455
165.4549 44.9219 -0.1574
165.4795 44.9174 -0.1668
165.5040 44.9129 -0.1736
165.5285 44.9084 -0.1771
165.5531 44.9039 -0.1773
165.5776 44.8995 -0.1728
165.6021 44.8950 -0.1671
165.6266 44.8905 -0.1591
165.6511 44.8860 -0.1504
165.6756 44.8814 -0.1386
165.7001 44.8769 -0.1257
165.7246 44.8724 -0.1117
165.7491 44.8679 -0.0998
165.7736 44.8633 -0.0890
165.7981 44.8588 -0.0822
165.8226 44.8543 -0.0773
165.8471 44.8497 -0.0774
165.8715 44.8452 -0.0789
166.0916 44.8040 -0.1428
166.1161 44.7993 -0.1590
166.1405 44.7947 -0.1753
166.1649 44.7901 -0.1899
166.1894 44.7855 -0.2007
166.2138 44.7809 -0.2080
166.2382 44.7762 -0.2136
166.2626 44.7716 -0.2179
166.2870 44.7670 -0.2219
166.3114 44.7623 -0.2251
166.3358 44.7577 -0.2264
166.3602 44.7530 -0.2237
166.3846 44.7483 -0.2158
166.4090 44.7437 -0.2028
166.4334 44.7390 -0.1850
166.4578 44.7343 -0.1649
166.4822 44.7296 -0.1437
166.5065 44.7250 -0.1226
166.5309 44.7203 -0.1028
166.5553 44.7156 -0.0863
166.5796 44.7109 -0.0711
166.6040 44.7061 -0.0569
166.6284 44.7014 -0.0421
166.6527 44.6967 -0.0276
166.6771 44.6920 -0.0126
166.7014 44.6873 -0.0002
166.7257 44.6825 0.0128
165.2647 44.9749 -0.0110
165.2893 44.9704 -0.0267
165.3139 44.9660 -0.0427
165.3385 44.9616 -0.0625
165.3630 44.9571 -0.0813
165.3876 44.9527 -0.1007
165.4121 44.9482 -0.1178
165.4367 44.9438 -0.1344
165.4612 44.9393 -0.1489
165.4858 44.9348 -0.1618
165.5103 44.9303 -0.1719
165.5349 44.9259 -0.1785
165.5594 44.9214 -0.1814
165.5839 44.9169 -0.1794
165.6084 44.9124 -0.1758
165.6330 44.9079 -0.1693
165.6575 44.9034 -0.1615
165.6820 44.8989 -0.1507
165.7065 44.8944 -0.1388
165.7310 44.8898 -0.1254
165.7555 44.8853 -0.1131
165.7800 44.8808 -0.1015
165.8045 44.8762 -0.0930
165.8290 44.8717 -0.0858
165.8535 44.8671 -0.0832
165.8780 44.8626 -0.0812
166.0981 44.8214 -0.1319
166.1226 44.8167 -0.1469
166.1470 44.8121 -0.1633
166.1714 44.8075 -0.1790
166.1959 44.8029 -0.1923
166.2203 44.7983 -0.2024
166.2447 44.7936 -0.2114
166.2691 44.7890 -0.2185
166.2936 44.7843 -0.2245
166.3180 44.7797 -0.2288
166.3424 44.7750 -0.2320
166.3668 44.7704 -0.2317
166.3912 44.7657 -0.2262
166.4156 44.7610 -0.2156
166.4400 44.7564 -0.1997
166.4644 44.7517 -0.1814
166.4887 44.7470 -0.1617
166.5131 44.7423 -0.1419
166.5375 44.7376 -0.1224
166.5619 44.7329 -0.1047
166.5862 44.7282 -0.0884
166.6106 44.7235 -0.0730
166.6350 44.7188 -0.0569
166.6593 44.7141 -0.0414
166.6837 44.7093 -0.0257
166.7080 44.7046 -0.0130
166.7324 44.6999 0.0008
165.2710 44.9923 -0.0030
165.2956 44.9879 -0.0176
165.3201 44.9835 -0.0331
165.3447 44.9790 -0.0512
165.3693 44.9746 -0.0685
165.3939 44.9701 -0.0871
165.4184 44.9657 -0.1040
165.4430 44.9612 -0.1216
165.4675 44.9567 -0.1388
165.4921 44.9523 -0.1546
165.5166 44.9478 -0.1672
165.5412 44.9433 -0.1760
165.5657 44.9388 -0.1820
165.5902 44.9343 -0.1823
165.6148 44.9298 -0.1806
165.6393 44.9253 -0.1759
165.6638 44.9208 -0.1691
165.6883 44.9163 -0.1598
165.7129 44.9118 -0.1493
165.7374 44.9073 -0.1373
165.7619 44.9027 -0.1258
165.7864 44.8982 -0.1145
165.8109 44.8936 -0.1055
165.8354 44.8891 -0.0961
165.8599 44.8845 -0.0908
165.8844 44.8800 -0.0865
166.0068 44.8571 -0.0790
166.1046 44.8387 -0.1211
166.1290 44.8341 -0.1355
166.1535 44.8295 -0.1508
166.1779 44.8249 -0.1671
166.2024 44.8203 -0.1825
166.2268 44.8156 -0.1956
166.2512 44.8110 -0.2071
166.2757 44.8064 -0.2170
166.3001 44.8017 -0.2253
166.3245 44.7971 -0.2317
166.3489 44.7924 -0.2363
166.3733 44.7878 -0.2388
166.3977 44.7831 -0.2350
166.4221 44.7784 -0.2269
166.4465 44.7737 -0.2130
166.4709 44.7691 -0.1963
166.4953 44.7644 -0.1775
166.5197 44.7597 -0.1590
166.5441 44.7550 -0.1404
166.5685 44.7503 -0.1220
166.5929 44.7456 -0.1044
166.6172 44.7409 -0.0880
166.6416 44.7361 -0.0715
166.6660 44.7314 -0.0559
166.6903 44.7267 -0.0405
166.7147 44.7219 -0.0277
166.7390 44.7172 -0.0148
165.2772 45.0098 0.0061
165.3018 45.0054 -0.0073
165.3264 45.0009 -0.0217
165.3510 44.9965 -0.0386
165.3756 44.9920 -0.0547
165.4001 44.9876 -0.0720
165.4247 44.9831 -0.0888
165.4493 44.9787 -0.1077
165.4738 44.9742 -0.1260
165.4984 44.9697 -0.1443
165.5229 44.9652 -0.1598
165.5475 44.9607 -0.1724
165.5720 44.9563 -0.1813
165.5966 44.9518 -0.1850
165.6211 44.9473 -0.1854
165.6457 44.9428 -0.1818
165.6702 44.9382 -0.1763
165.6947 44.9337 -0.1686
165.7192 44.9292 -0.1600
165.7438 44.9247 -0.1495
165.7683 44.9201 -0.1396
165.7928 44.9156 -0.1287
165.8173 44.9111 -0.1188
165.8418 44.9065 -0.1079
165.8663 44.9020 -0.1000
165.8908 44.8974 -0.0923
166.1111 44.8561 -0.1109
166.1355 44.8515 -0.1243
166.1600 44.8469 -0.1395
166.1844 44.8423 -0.1557
166.2089 44.8377 -0.1725
166.2333 44.8330 -0.1876
166.2578 44.8284 -0.2021
166.2822 44.8238 -0.2145
166.3066 44.8191 -0.2254
166.3310 44.8145 -0.2345
166.3555 44.8098 -0.2423
166.3799 44.8051 -0.2464
166.4043 44.8005 -0.2455
166.4287 44.7958 -0.2383
166.4531 44.7911 -0.2254
166.4775 44.7864 -0.2096
166.5019 44.7817 -0.1920
166.5263 44.7770 -0.1745
166.5507 44.7723 -0.1564
166.5751 44.7676 -0.1384
166.5995 44.7629 -0.1199
166.6238 44.7582 -0.1031
166.6482 44.7535 -0.0865
166.6726 44.7488 -0.0712
166.6970 44.7440 -0.0555
166.7213 44.7393 -0.0433
166.7457 44.7346 -0.0314
165.2835 45.0272 0.0143
165.3081 45.0228 0.0031
165.3327 45.0184 -0.0102
165.3573 45.0139 -0.0258
165.3818 45.0095 -0.0408
165.4064 45.0050 -0.0572
165.4310 45.0006 -0.0734
165.4556 44.9961 -0.0929
165.4801 44.9916 -0.1130
165.5047 44.9872 -0.1337
165.5293 44.9827 -0.1524
165.5538 44.9782 -0.1683
165.5784 44.9737 -0.1803
165.6029 44.9692 -0.1867
165.6275 44.9647 -0.1892
165.6520 44.9602 -0.1875
165.6765 44.9557 -0.1834
165.7011 44.9512 -0.1774
165.7256 44.9466 -0.1705
165.7501 44.9421 -0.1620
165.7747 44.9376 -0.1539
165.7992 44.9330 -0.1438
165.8237 44.9285 -0.1336
165.8482 44.9239 -0.1215
165.8727 44.9194 -0.1110
165.8972 44.9148 -0.1002
166.1176 44.8735 -0.1012
166.1420 44.8689 -0.1142
166.1665 44.8643 -0.1291
166.1909 44.8597 -0.1456
166.2154 44.8550 -0.1636
166.2398 44.8504 -0.1799
166.2643 44.8458 -0.1960
166.2887 44.8411 -0.2107
166.3132 44.8365 -0.2241
166.3376 44.8318 -0.2363
166.3620 44.8272 -0.2463
166.3864 44.8225 -0.2526
166.4109 44.8178 -0.2537
166.4353 44.8132 -0.2479
166.4597 44.8085 -0.2360
166.4841 44.8038 -0.2213
166.5085 44.7991 -0.2053
166.5329 44.7944 -0.1890
166.5573 44.7897 -0.1717
166.5817 44.7850 -0.1547
166.6061 44.7803 -0.1367
166.6305 44.7756 -0.1203
166.6548 44.7708 -0.1038
166.6792 44.7661 -0.0888
166.7036 44.7614 -0.0731
166.7280 44.7566 -0.0611
166.7523 44.7519 -0.0495
165.2898 45.0447 0.0199
165.3144 45.0403 0.0120
165.3390 45.0358 0.0013
165.3635 45.0314 -0.0125
165.3881 45.0269 -0.0261
165.4127 45.0225 -0.0419
165.4373 45.0180 -0.0578
165.4619 45.0135 -0.0778
165.4865 45.0091 -0.0993
165.5110 45.0046 -0.1226
165.5356 45.0001 -0.1442
165.5602 44.9956 -0.1634
165.5847 44.9911 -0.1786
165.6093 44.9866 -0.1878
165.6338 44.9821 -0.1929
165.6584 44.9776 -0.1933
165.6829 44.9731 -0.1910
165.7075 44.9686 -0.1867
165.7320 44.9641 -0.1811
165.7565 44.9595 -0.1750
165.7811 44.9550 -0.1682
165.8056 44.9504 -0.1588
165.8301 44.9459 -0.1486
165.8546 44.9413 -0.1349
165.8791 44.9368 -0.1220
165.9036 44.9322 -0.1086
166.1240 44.8909 -0.0923
166.1485 44.8863 -0.1040
166.1730 44.8817 -0.1186
166.1974 44.8771 -0.1348
166.2219 44.8724 -0.1532
166.2464 44.8678 -0.1702
166.2708 44.8632 -0.1880
166.2953 44.8585 -0.2045
166.3197 44.8539 -0.2203
166.3441 44.8492 -0.2351
166.3686 44.8445 -0.2472
166.3930 44.8399 -0.2557
166.4174 44.8352 -0.2582
166.4418 44.8305 -0.2539
166.4663 44.8258 -0.2444
166.4907 44.8212 -0.2322
166.5151 44.8165 -0.2181
166.5395 44.8118 -0.2041
166.5639 44.8071 -0.1886
166.5883 44.8023 -0.1724
166.6127 44.7976 -0.1548
166.6371 44.7929 -0.1385
166.6615 44.7882 -0.1224
166.6859 44.7835 -0.1073
166.7102 44.7787 -0.0910
166.7346 44.7740 -0.0783
166.7590 44.7692 -0.0646
165.2960 45.0622 0.0225
165.3206 45.0577 0.0190
165.3452 45.0533 0.0115
165.3698 45.0488 0.0008
165.3944 45.0444 -0.0114
165.4190 45.0399 -0.0263
165.4436 45.0355 -0.0424
165.4682 45.0310 -0.0630
165.4928 45.0265 -0.0856
165.5174 45.0220 -0.1116
165.5419 45.0175 -0.1356
165.5665 45.0131 -0.1575
165.5911 45.0086 -0.1745
165.6156 45.0041 -0.1862
165.6402 44.9996 -0.1927
165.6647 44.9950 -0.1954
165.6893 44.9905 -0.1947
165.7138 44.9860 -0.1921
165.7384 44.9815 -0.1883
165.7629 44.9769 -0.1837
165.7875 44.9724 -0.1784
165.8120 44.9679 -0.1702
165.8365 44.9633 -0.1605
165.8610 44.9588 -0.1464
165.8856 44.9542 -0.1325
165.9101 44.9496 -0.1183
166.0326 44.9267 -0.0690
166.1305 44.9083 -0.0833
166.1550 44.9037 -0.0946
166.1795 44.8991 -0.1087
166.2040 44.8945 -0.1249
166.2284 44.8898 -0.1429
166.2529 44.8852 -0.1603
166.2773 44.8805 -0.1789
166.3018 44.8759 -0.1970
166.3262 44.8712 -0.2146
166.3507 44.8666 -0.2306
166.3751 44.8619 -0.2437
166.3996 44.8572 -0.2536
166.4240 44.8526 -0.2578
166.4484 44.8479 -0.2560
166.4729 44.8432 -0.2497
166.4973 44.8385 -0.2409
166.5217 44.8338 -0.2295
166.5461 44.8291 -0.2182
166.5705 44.8244 -0.2048
166.5949 44.8197 -0.1902
166.6193 44.8150 -0.1731
166.6437 44.8103 -0.1567
166.6681 44.8055 -0.1405
166.6925 44.8008 -0.1247
166.7169 44.7961 -0.1079
166.7413 44.7913 -0.0940
166.7656 44.7866 -0.0776
165.3023 45.0796 0.0207
165.3269 45.0752 0.0217
165.3515 45.0707 0.0191
165.3761 45.0663 0.0116
165.4007 45.0618 0.0020
165.4253 45.0574 -0.0123
165.4499 45.0529 -0.0280
165.4745 45.0484 -0.0496
165.4991 45.0440 -0.0730
165.5237 45.0395 -0.1001
165.5483 45.0350 -0.1262
165.5728 45.0305 -0.1492
165.5974 45.0260 -0.1679
165.6220 45.0215 -0.1806
165.6465 45.0170 -0.1893
165.6711 45.0125 -0.1941
165.6957 45.0080 -0.1958
165.7202 45.0034 -0.1948
165.7448 44.9989 -0.1928
165.7693 44.9944 -0.1899
165.7939 44.9898 -0.1863
165.8184 44.9853 -0.1797
165.8429 44.9807 -0.1704
165.8675 44.9762 -0.1567
165.8920 44.9716 -0.1421
165.9165 44.9670 -0.1269
166.1370 44.9257 -0.0759
166.1615 44.9211 -0.0858
166.1860 44.9165 -0.0992
166.2105 44.9118 -0.1146
166.2349 44.9072 -0.1326
166.2594 44.9026 -0.1502
166.2839 44.8979 -0.1695
166.3083 44.8933 -0.1882
166.3328 44.8886 -0.2067
166.3572 44.8840 -0.2232
166.3817 44.8793 -0.2373
166.4061 44.8746 -0.2481
166.4306 44.8699 -0.2549
166.4550 44.8653 -0.2566
166.4794 44.8606 -0.2543
166.5039 44.8559 -0.2489
166.5283 44.8512 -0.2405
166.5527 44.8465 -0.2313
166.5771 44.8418 -0.2202
166.6015 44.8371 -0.2073
166.6260 44.8323 -0.1907
166.6504 44.8276 -0.1743
166.6748 44.8229 -0.1572
166.6992 44.8182 -0.1400
166.7235 44.8134 -0.1225
166.7479 44.8087 -0.1048
166.7723 44.8039 -0.0900
165.3086 45.0971 0.0145
165.3332 45.0926 0.0206
165.3578 45.0882 0.0217
165.3824 45.0837 0.0186
165.4070 45.0793 0.0118
165.4316 45.0748 -0.0006
165.4562 45.0703 -0.0156
165.4808 45.0659 -0.0369
165.5054 45.0614 -0.0608
165.5300 45.0569 -0.0881
165.5546 45.0524 -0.1141
165.5792 45.0479 -0.1375
165.6038 45.0434 -0.1565
165.6283 45.0389 -0.1707
165.6529 45.0344 -0.1813
165.6775 45.0299 -0.1886
165.7020 45.0254 -0.1921
165.7266 45.0209 -0.1933
165.7512 45.0163 -0.1936
165.7757 45.0118 -0.1929
165.8003 45.0072 -0.1914
165.8248 45.0027 -0.1865
165.8493 44.9981 -0.1779
165.8739 44.9936 -0.1648
165.8984 44.9890 -0.1502
165.9229 44.9845 -0.1353
166.1435 44.9431 -0.0694
166.1680 44.9385 -0.0786
166.1925 44.9339 -0.0909
166.2170 44.9292 -0.1055
166.2415 44.9246 -0.1227
166.2659 44.9199 -0.1407
166.2904 44.9153 -0.1600
166.3149 44.9106 -0.1792
166.3393 44.9060 -0.1984
166.3638 44.9013 -0.2154
166.3883 44.8967 -0.2300
166.4127 44.8920 -0.2424
166.4372 44.8873 -0.2513
166.4616 44.8826 -0.2566
166.4860 44.8779 -0.2580
166.5105 44.8732 -0.2566
166.5349 44.8685 -0.2510
166.5593 44.8638 -0.2434
166.5838 44.8591 -0.2337
166.6082 44.8544 -0.2216
166.6326 44.8497 -0.2061
166.6570 44.8450 -0.1896
166.6814 44.8402 -0.1710
166.7058 44.8355 -0.1534
166.7302 44.8308 -0.1342
166.7546 44.8260 -0.1183
166.7790 44.8213 -0.1002
165.3148 45.1145 0.0052
165.3395 45.1101 0.0145
165.3641 45.1056 0.0202
165.3887 45.1012 0.0221
165.4133 45.0967 0.0202
165.4379 45.0923 0.0106
165.4625 45.0878 -0.0046
165.4872 45.0833 -0.0250
165.5118 45.0788 -0.0472
165.5364 45.0744 -0.0737
165.5609 45.0699 -0.0988
165.5855 45.0654 -0.1218
165.6101 45.0609 -0.1413
165.6347 45.0564 -0.1577
165.6593 45.0518 -0.1705
165.6839 45.0473 -0.1799
165.7084 45.0428 -0.1863
165.7330 45.0383 -0.1903
165.7576 45.0337 -0.1936
165.7821 45.0292 -0.1958
165.8067 45.0247 -0.1964
165.8312 45.0201 -0.1923
165.8558 45.0156 -0.1848
165.8803 45.0110 -0.1721
165.9049 45.0064 -0.1584
165.9294 45.0019 -0.1430
166.0520 44.9789 -0.0610
166.1500 44.9605 -0.0649
166.1745 44.9559 -0.0718
166.1990 44.9512 -0.0828
166.2235 44.9466 -0.0960
166.2480 44.9420 -0.1127
166.2725 44.9373 -0.1305
166.2970 44.9327 -0.1505
166.3214 44.9280 -0.1698
166.3459 44.9234 -0.1896
166.3704 44.9187 -0.2072
166.3948 44.9140 -0.2230
166.4193 44.9094 -0.2369
166.4437 44.9047 -0.2484
166.4682 44.9000 -0.2569
166.4926 44.8953 -0.2626
166.5171 44.8906 -0.2644
166.5415 44.8859 -0.2614
166.5659 44.8812 -0.2560
166.5904 44.8765 -0.2468
166.6148 44.8718 -0.2355
166.6392 44.8670 -0.2207
166.6636 44.8623 -0.2042
166.6881 44.8576 -0.1855
166.7125 44.8528 -0.1668
166.7369 44.8481 -0.1476
166.7613 44.8434 -0.1288
166.7857 44.8386 -0.1122
165.3211 45.1320 -0.0049
165.3458 45.1275 0.0061
165.3704 45.1231 0.0155
165.3950 45.1186 0.0226
165.4196 45.1142 0.0235
165.4443 45.1097 0.0161
165.4689 45.1052 0.0028
165.4935 45.1008 -0.0153
165.5181 45.0963 -0.0350
165.5427 45.0918 -0.0587
165.5673 45.0873 -0.0824
165.5919 45.0828 -0.1049
165.6165 45.0783 -0.1251
165.6411 45.0738 -0.1439
165.6657 45.0693 -0.1586
165.6902 45.0648 -0.1707
165.7148 45.0602 -0.1801
165.7394 45.0557 -0.1873
165.7640 45.0512 -0.1940
165.7885 45.0466 -0.1988
165.8131 45.0421 -0.2008
165.8377 45.0375 -0.1974
165.8622 45.0330 -0.1903
165.8868 45.0284 -0.1786
165.9113 45.0238 -0.1660
165.9358 45.0193 -0.1519
166.1566 44.9779 -0.0624
166.1811 44.9733 -0.0677
166.2056 44.9686 -0.0761
166.2301 44.9640 -0.0878
166.2545 44.9594 -0.1037
166.2790 44.9547 -0.1213
166.3035 44.9501 -0.1406
166.3280 44.9454 -0.1598
166.3525 44.9407 -0.1801
166.3769 44.9361 -0.1981
166.4014 44.9314 -0.2158
166.4259 44.9267 -0.2319
166.4503 44.9220 -0.2460
166.4748 44.9174 -0.2577
166.4992 44.9127 -0.2667
166.5237 44.9080 -0.2713
166.5481 44.9033 -0.2705
166.5726 44.8986 -0.2665
166.5970 44.8938 -0.2585
166.6214 44.8891 -0.2479
166.6459 44.8844 -0.2337
166.6703 44.8797 -0.2175
166.6947 44.8749 -0.1996
166.7191 44.8702 -0.1817
166.7435 44.8654 -0.1598
166.7679 44.8607 -0.1450
165.3274 45.1494 -0.0146
165.3520 45.1450 -0.0017
165.3767 45.1405 0.0107
165.4013 45.1361 0.0208
165.4259 45.1316 0.0237
165.4506 45.1272 0.0188
165.4752 45.1227 0.0079
165.4998 45.1182 -0.0069
165.5244 45.1137 -0.0238
165.5490 45.1092 -0.0442
165.5737 45.1047 -0.0653
165.5983 45.1002 -0.0875
165.6229 45.0957 -0.1083
165.6475 45.0912 -0.1294
165.6720 45.0867 -0.1470
165.6966 45.0822 -0.1622
165.7212 45.0777 -0.1745
165.7458 45.0731 -0.1860
165.7704 45.0686 -0.1965
165.7949 45.0640 -0.2038
165.8195 45.0595 -0.2071
165.8441 45.0549 -0.2041
165.8686 45.0504 -0.1977
165.8932 45.0458 -0.1864
165.9178 45.0413 -0.1748
165.9423 45.0367 -0.1602
166.1631 44.9953 -0.0595
166.1876 44.9906 -0.0627
166.2121 44.9860 -0.0703
166.2366 44.9814 -0.0806
166.2611 44.9767 -0.0958
166.2856 44.9721 -0.1124
166.3101 44.9674 -0.1313
166.3346 44.9628 -0.1497
166.3590 44.9581 -0.1703
166.3835 44.9534 -0.1893
166.4080 44.9488 -0.2092
166.4325 44.9441 -0.2278
166.4569 44.9394 -0.2443
166.4814 44.9347 -0.2584
166.5059 44.9300 -0.2700
166.5303 44.9253 -0.2769
166.5548 44.9206 -0.2783
166.5792 44.9159 -0.2758
166.6036 44.9112 -0.2690
166.6281 44.9065 -0.2595
166.6525 44.9017 -0.2463
166.6769 44.8970 -0.2316
166.7014 44.8923 -0.2146
166.7258 44.8875 -0.1962
166.7502 44.8828 -0.1763
166.7746 44.8780 -0.1584
166.7990 44.8733 -0.1289
165.3337 45.1669 -0.0218
165.3583 45.1624 -0.0081
165.3830 45.1580 0.0059
165.4076 45.1535 0.0182
165.4323 45.1491 0.0221
165.4569 45.1446 0.0200
165.4815 45.1401 0.0117
165.5062 45.1356 0.0000
165.5308 45.1312 -0.0141
165.5554 45.1267 -0.0313
165.5800 45.1222 -0.0501
165.6046 45.1177 -0.0715
165.6292 45.1132 -0.0929
165.6538 45.1086 -0.1156
165.6784 45.1041 -0.1355
165.7030 45.0996 -0.1529
165.7276 45.0951 -0.1686
165.7522 45.0905 -0.1837
165.7768 45.0860 -0.1969
165.8014 45.0815 -0.2067
165.8259 45.0769 -0.2111
165.8505 45.0724 -0.2097
165.8751 45.0678 -0.2046
165.8996 45.0632 -0.1951
165.9242 45.0587 -0.1845
165.9488 45.0541 -0.1714
166.1696 45.0127 -0.0579
166.1941 45.0080 -0.0601
166.2186 45.0034 -0.0663
166.2431 44.9988 -0.0753
166.2676 44.9941 -0.0885
166.2921 44.9895 -0.1038
166.3166 44.9848 -0.1210
166.3411 44.9802 -0.1387
166.3656 44.9755 -0.1599
166.3901 44.9708 -0.1803
166.4146 44.9661 -0.2021
166.4391 44.9615 -0.2231
166.4635 44.9568 -0.2420
166.4880 44.9521 -0.2579
166.5125 44.9474 -0.2712
166.5369 44.9427 -0.2796
166.5614 44.9380 -0.2835
166.5858 44.9333 -0.2832
166.6103 44.9285 -0.2781
166.6347 44.9238 -0.2702
166.6592 44.9191 -0.2591
166.6836 44.9144 -0.2459
166.7080 44.9096 -0.2300
166.7325 44.9049 -0.2127
166.7569 44.9001 -0.1942
166.7813 44.8954 -0.1718
166.8057 44.8906 -0.1478
165.3400 45.1843 -0.0295
165.3646 45.1799 -0.0148
165.3893 45.1754 0.0005
165.4139 45.1710 0.0138
165.4386 45.1665 0.0196
165.4632 45.1620 0.0195
165.4879 45.1576 0.0142
165.5125 45.1531 0.0052
165.5371 45.1486 -0.0055
165.5618 45.1441 -0.0203
165.5864 45.1396 -0.0369
165.6110 45.1351 -0.0572
165.6356 45.1306 -0.0784
165.6602 45.1261 -0.1019
165.6848 45.1216 -0.1228
165.7094 45.1170 -0.1429
165.7340 45.1125 -0.1611
165.7586 45.1080 -0.1788
165.7832 45.1034 -0.1948
165.8078 45.0989 -0.2070
165.8324 45.0943 -0.2137
165.8570 45.0898 -0.2146
165.8815 45.0852 -0.2119
165.9061 45.0806 -0.2050
165.9307 45.0761 -0.1961
165.9552 45.0715 -0.1829
166.0780 45.0485 -0.0720
166.1761 45.0301 -0.0577
166.2006 45.0254 -0.0590
166.2252 45.0208 -0.0640
166.2497 45.0161 -0.0716
166.2742 45.0115 -0.0828
166.2987 45.0068 -0.0961
166.3232 45.0022 -0.1120
166.3477 44.9975 -0.1287
166.3722 44.9929 -0.1500
166.3967 44.9882 -0.1713
166.4212 44.9835 -0.1953
166.4457 44.9788 -0.2181
166.4701 44.9741 -0.2384
166.4946 44.9694 -0.2563
166.5191 44.9647 -0.2712
166.5436 44.9600 -0.2816
166.5680 44.9553 -0.2875
166.5925 44.9506 -0.2895
166.6169 44.9459 -0.2868
166.6414 44.9412 -0.2805
166.6658 44.9364 -0.2709
166.6903 44.9317 -0.2591
166.7147 44.9270 -0.2442
166.7391 44.9222 -0.2273
166.7636 44.9175 -0.2045
166.7880 44.9127 -0.1903
165.3463 45.2018 -0.0387
165.3710 45.1974 -0.0221
165.3956 45.1929 -0.0058
165.4203 45.1884 0.0089
165.4449 45.1840 0.0161
165.4696 45.1795 0.0192
165.4942 45.1750 0.0166
165.5188 45.1705 0.0108
165.5435 45.1660 0.0018
165.5681 45.1615 -0.0104
165.5927 45.1570 -0.0257
165.6174 45.1525 -0.0445
165.6420 45.1480 -0.0647
165.6666 45.1435 -0.0879
165.6912 45.1390 -0.1089
165.7158 45.1345 -0.1297
165.7404 45.1299 -0.1503
165.7650 45.1254 -0.1708
165.7896 45.1208 -0.1887
165.8142 45.1163 -0.2035
165.8388 45.1117 -0.2127
165.8634 45.1072 -0.2166
165.8880 45.1026 -0.2167
165.9126 45.0981 -0.2124
165.9371 45.0935 -0.2055
165.9617 45.0889 -0.1944
166.1826 45.0474 -0.0577
166.2072 45.0428 -0.0568
166.2317 45.0382 -0.0602
166.2562 45.0335 -0.0669
166.2807 45.0289 -0.0763
166.3053 45.0242 -0.0882
166.3298 45.0196 -0.1030
166.3543 45.0149 -0.1199
166.3788 45.0102 -0.1412
166.4033 45.0056 -0.1635
166.4278 45.0009 -0.1880
166.4523 44.9962 -0.2116
166.4767 44.9915 -0.2330
166.5012 44.9868 -0.2520
166.5257 44.9821 -0.2683
166.5502 44.9774 -0.2809
166.5747 44.9727 -0.2891
166.5991 44.9680 -0.2933
166.6236 44.9633 -0.2930
166.6480 44.9585 -0.2887
166.6725 44.9538 -0.2807
166.6969 44.9491 -0.2715
166.7214 44.9443 -0.2582
166.7458 44.9396 -0.2393
166.7703 44.9348 -0.2188
166.7947 44.9301 -0.1984
165.3526 45.2193 -0.0492
165.3773 45.2148 -0.0321
165.4019 45.2103 -0.0150
165.4266 45.2059 0.0015
165.4512 45.2014 0.0115
165.4759 45.1969 0.0174
165.5006 45.1925 0.0184
165.5252 45.1880 0.0150
165.5498 45.1835 0.0083
165.5745 45.1790 -0.0023
165.5991 45.1745 -0.0161
165.6237 45.1700 -0.0337
165.6484 45.1655 -0.0528
165.6730 45.1609 -0.0743
165.6976 45.1564 -0.0944
165.7222 45.1519 -0.1160
165.7468 45.1473 -0.1372
165.7715 45.1428 -0.1595
165.7961 45.1383 -0.1799
165.8207 45.1337 -0.1971
165.8453 45.1292 -0.2094
165.8698 45.1246 -0.2165
165.8944 45.1200 -0.2198
165.9190 45.1155 -0.2185
165.9436 45.1109 -0.2134
165.9682 45.1063 -0.2036
166.1892 45.0648 -0.0590
166.2137 45.0602 -0.0561
166.2383 45.0556 -0.0579
166.2628 45.0509 -0.0627
166.2873 45.0463 -0.0709
166.3118 45.0416 -0.0816
166.3363 45.0369 -0.0957
166.3609 45.0323 -0.1125
166.3854 45.0276 -0.1335
166.4099 45.0229 -0.1556
166.4344 45.0182 -0.1798
166.4589 45.0136 -0.2030
166.4834 45.0089 -0.2248
166.5078 45.0042 -0.2447
166.5323 44.9995 -0.2627
166.5568 44.9948 -0.2773
166.5813 44.9900 -0.2878
166.6058 44.9853 -0.2944
166.6302 44.9806 -0.2968
166.6547 44.9759 -0.2947
166.6792 44.9711 -0.2895
166.7036 44.9664 -0.2818
166.7281 44.9617 -0.2698
166.7525 44.9569 -0.2527
166.7770 44.9521 -0.2306
166.8014 44.9474 -0.2091
165.3589 45.2367 -0.0611
165.3836 45.2323 -0.0442
165.4083 45.2278 -0.0265
165.4329 45.2233 -0.0084
165.4576 45.2189 0.0038
165.4822 45.2144 0.0131
165.5069 45.2099 0.0168
165.5316 45.2054 0.0166
165.5562 45.2009 0.0121
165.5809 45.1964 0.0034
165.6055 45.1919 -0.0089
165.6301 45.1874 -0.0248
165.6548 45.1829 -0.0422
165.6794 45.1784 -0.0614
165.7040 45.1738 -0.0804
165.7286 45.1693 -0.1017
165.7533 45.1648 -0.1236
165.7779 45.1602 -0.1475
165.8025 45.1557 -0.1699
165.8271 45.1511 -0.1890
165.8517 45.1466 -0.2036
165.8763 45.1420 -0.2133
165.9009 45.1374 -0.2189
165.9255 45.1329 -0.2201
165.9501 45.1283 -0.2173
165.9747 45.1237 -0.2102
166.0975 45.1007 -0.1090
166.1957 45.0822 -0.0623
166.2203 45.0776 -0.0576
166.2448 45.0729 -0.0576
166.2693 45.0683 -0.0611
166.2939 45.0636 -0.0675
166.3184 45.0590 -0.0772
166.3429 45.0543 -0.0902
166.3674 45.0497 -0.1060
166.3920 45.0450 -0.1261
166.4165 45.0403 -0.1470
166.4410 45.0356 -0.1699
166.4655 45.0309 -0.1924
166.4900 45.0262 -0.2147
166.5145 45.0215 -0.2352
166.5390 45.0168 -0.2544
166.5635 45.0121 -0.2703
166.5879 45.0074 -0.2820
166.6124 45.0027 -0.2910
166.6369 44.9980 -0.2959
166.6614 44.9932 -0.2967
166.6858 44.9885 -0.2947
166.7103 44.9837 -0.2889
166.7348 44.9790 -0.2777
166.7592 44.9742 -0.2633
166.7837 44.9695 -0.2414
166.8081 44.9647 -0.2238
165.3652 45.2542 -0.0738
165.3899 45.2497 -0.0566
165.4146 45.2452 -0.0386
165.4393 45.2408 -0.0193
165.4639 45.2363 -0.0045
165.4886 45.2318 0.0068
165.5133 45.2273 0.0140
165.5379 45.2228 0.0166
165.5626 45.2183 0.0152
165.5872 45.2138 0.0087
165.6119 45.2093 -0.0015
165.6365 45.2048 -0.0159
165.6612 45.2003 -0.0314
165.6858 45.1958 -0.0493
165.7104 45.1913 -0.0670
165.7351 45.1867 -0.0881
165.7597 45.1822 -0.1103
165.7843 45.1776 -0.1352
165.8089 45.1731 -0.1586
165.8335 45.1685 -0.1794
165.8581 45.1640 -0.1959
165.8828 45.1594 -0.2081
165.9074 45.1549 -0.2159
165.9320 45.1503 -0.2198
165.9565 45.1457 -0.2195
165.9811 45.1411 -0.2134
166.2023 45.0996 -0.0683
166.2268 45.0950 -0.0619
166.2514 45.0903 -0.0603
166.2759 45.0857 -0.0616
166.3004 45.0810 -0.0659
166.3250 45.0764 -0.0731
166.3495 45.0717 -0.0851
166.3740 45.0670 -0.0988
166.3986 45.0623 -0.1179
166.4231 45.0577 -0.1373
166.4476 45.0530 -0.1594
166.4721 45.0483 -0.1815
166.4966 45.0436 -0.2041
166.5211 45.0389 -0.2251
166.5456 45.0342 -0.2444
166.5701 45.0295 -0.2607
166.5946 45.0248 -0.2734
166.6191 45.0200 -0.2841
166.6436 45.0153 -0.2916
166.6680 45.0106 -0.2960
166.6925 45.0058 -0.2967
166.7170 45.0011 -0.2931
166.7414 44.9963 -0.2826
166.7659 44.9916 -0.2691
166.7904 44.9868 -0.2506
166.8148 44.9821 -0.2334
166.8393 44.9773 -0.2168
165.3715 45.2716 -0.0853
165.3962 45.2672 -0.0690
165.4209 45.2627 -0.0519
165.4456 45.2582 -0.0324
165.4703 45.2537 -0.0157
165.4949 45.2493 -0.0015
165.5196 45.2448 0.0085
165.5443 45.2403 0.0153
165.5690 45.2358 0.0167
165.5936 45.2313 0.0130
165.6183 45.2268 0.0042
165.6429 45.2223 -0.0079
165.6676 45.2177 -0.0220
165.6922 45.2132 -0.0385
165.7168 45.2087 -0.0551
165.7415 45.2042 -0.0754
165.7661 45.1996 -0.0973
165.7907 45.1951 -0.1231
165.8154 45.1905 -0.1469
165.8400 45.1860 -0.1690
165.8646 45.1814 -0.1874
165.8892 45.1768 -0.2017
165.9138 45.1723 -0.2121
165.9384 45.1677 -0.2182
165.9630 45.1631 -0.2196
165.9876 45.1585 -0.2144
166.2088 45.1170 -0.0762
166.2334 45.1123 -0.0685
166.2579 45.1077 -0.0649
166.2825 45.1031 -0.0639
166.3070 45.0984 -0.0655
166.3316 45.0937 -0.0708
166.3561 45.0891 -0.0802
166.3806 45.0844 -0.0924
166.4052 45.0797 -0.1097
166.4297 45.0750 -0.1279
166.4542 45.0703 -0.1486
166.4787 45.0657 -0.1707
166.5032 45.0610 -0.1939
166.5277 45.0563 -0.2145
166.5522 45.0515 -0.2338
166.5768 45.0468 -0.2508
166.6012 45.0421 -0.2641
166.6257 45.0374 -0.2759
166.6502 45.0327 -0.2855
166.6747 45.0279 -0.2926
166.6992 45.0232 -0.2949
166.7237 45.0184 -0.2926
166.7481 45.0137 -0.2834
166.7726 45.0089 -0.2722
166.7971 45.0042 -0.2567
166.8215 44.9994 -0.2413
166.8460 44.9946 -0.2286
165.3779 45.2891 -0.0953
165.4026 45.2846 -0.0819
165.4272 45.2801 -0.0660
165.4519 45.2757 -0.0466
165.4766 45.2712 -0.0285
165.5013 45.2667 -0.0116
165.5260 45.2622 0.0024
165.5507 45.2577 0.0120
165.5753 45.2532 0.0169
165.6000 45.2487 0.0158
165.6247 45.2442 0.0101
165.6493 45.2397 -0.0003
165.6740 45.2352 -0.0130
165.6986 45.2306 -0.0287
165.7233 45.2261 -0.0448
165.7479 45.2216 -0.0648
165.7725 45.2170 -0.0860
165.7972 45.2125 -0.1111
165.8218 45.2079 -0.1353
165.8464 45.2034 -0.1587
165.8711 45.1988 -0.1784
165.8957 45.1942 -0.1950
165.9203 45.1897 -0.2076
165.9449 45.1851 -0.2162
165.9695 45.1805 -0.2191
165.9941 45.1759 -0.2150
166.2154 45.1344 -0.0850
166.2399 45.1297 -0.0759
166.2645 45.1251 -0.0701
166.2890 45.1204 -0.0664
166.3136 45.1158 -0.0656
166.3381 45.1111 -0.0681
166.3627 45.1064 -0.0754
166.3872 45.1018 -0.0858
166.4118 45.0971 -0.1021
166.4363 45.0924 -0.1192
166.4608 45.0877 -0.1400
166.4854 45.0830 -0.1615
166.5099 45.0783 -0.1848
166.5344 45.0736 -0.2056
166.5589 45.0689 -0.2250
166.5834 45.0642 -0.2420
166.6079 45.0595 -0.2563
166.6324 45.0547 -0.2687
166.6569 45.0500 -0.2801
166.6814 45.0453 -0.2889
166.7059 45.0405 -0.2931
166.7304 45.0358 -0.2918
166.7548 45.0310 -0.2842
166.7793 45.0263 -0.2741
166.8038 45.0215 -0.2606
166.8283 45.0167 -0.2473
166.8527 45.0120 -0.2390
165.3842 45.3065 -0.1019
165.4089 45.3020 -0.0921
165.4336 45.2976 -0.0782
165.4583 45.2931 -0.0601
165.4830 45.2886 -0.0415
165.5077 45.2841 -0.0227
165.5324 45.2796 -0.0058
165.5570 45.2752 0.0076
165.5817 45.2707 0.0152
165.6064 45.2661 0.0171
165.6311 45.2616 0.0135
165.6557 45.2571 0.0057
165.6804 45.2526 -0.0057
165.7050 45.2481 -0.0202
165.7297 45.2435 -0.0354
165.7543 45.2390 -0.0538
165.7790 45.2345 -0.0741
165.8036 45.2299 -0.0981
165.8283 45.2253 -0.1226
165.8529 45.2208 -0.1469
165.8775 45.2162 -0.1684
165.9022 45.2117 -0.1873
165.9268 45.2071 -0.2019
165.9514 45.2025 -0.2120
165.9760 45.1979 -0.2165
166.0006 45.1933 -0.2148
166.1236 45.1703 -0.1420
166.2219 45.1518 -0.0945
166.2465 45.1471 -0.0838
166.2711 45.1425 -0.0760
166.2956 45.1378 -0.0699
166.3202 45.1332 -0.0662
166.3447 45.1285 -0.0670
166.3693 45.1238 -0.0718
166.3938 45.1191 -0.0806
166.4184 45.1145 -0.0951
166.4429 45.1098 -0.1115
166.4675 45.1051 -0.1314
166.4920 45.1004 -0.1521
166.5165 45.0957 -0.1751
166.5410 45.0910 -0.1961
166.5656 45.0863 -0.2157
166.5901 45.0815 -0.2332
166.6146 45.0768 -0.2488
166.6391 45.0721 -0.2631
166.6636 45.0674 -0.2755
166.6881 45.0626 -0.2855
166.7126 45.0579 -0.2911
166.7371 45.0531 -0.2909
166.7615 45.0484 -0.2842
166.7860 45.0436 -0.2753
166.8105 45.0388 -0.2656
166.8350 45.0341 -0.2556
166.8595 45.0293 -0.2471
165.3905 45.3240 -0.1043
165.4152 45.3195 -0.0984
165.4399 45.3150 -0.0877
165.4646 45.3105 -0.0723
165.4893 45.3061 -0.0544
165.5140 45.3016 -0.0343
165.5387 45.2971 -0.0154
165.5634 45.2926 0.0004
165.5881 45.2881 0.0110
165.6128 45.2836 0.0155
165.6375 45.2791 0.0145
165.6621 45.2745 0.0091
165.6868 45.2700 -0.0003
165.7115 45.2655 -0.0130
165.7361 45.2610 -0.0266
165.7608 45.2564 -0.0433
165.7854 45.2519 -0.0615
165.8101 45.2473 -0.0848
165.8347 45.2428 -0.1094
165.8594 45.2382 -0.1347
165.8840 45.2336 -0.1578
165.9086 45.2291 -0.1785
165.9333 45.2245 -0.1949
165.9579 45.2199 -0.2075
165.9825 45.2153 -0.2142
166.0071 45.2107 -0.2148
166.2285 45.1691 -0.1047
166.2531 45.1645 -0.0927
166.2776 45.1598 -0.0830
166.3022 45.1552 -0.0744
166.3268 45.1505 -0.0687
166.3513 45.1459 -0.0671
166.3759 45.1412 -0.0703
166.4004 45.1365 -0.0774
166.4250 45.1318 -0.0899
166.4495 45.1271 -0.1045
166.4741 45.1224 -0.1228
166.4986 45.1177 -0.1426
166.5232 45.1130 -0.1646
166.5477 45.1083 -0.1852
166.5722 45.1036 -0.2057
166.5967 45.0989 -0.2245
166.6212 45.0942 -0.2410
166.6458 45.0894 -0.2563
166.6703 45.0847 -0.2696
166.6948 45.0800 -0.2809
166.7193 45.0752 -0.2872
166.7438 45.0705 -0.2883
166.7683 45.0657 -0.2843
166.7927 45.0609 -0.2778
166.8172 45.0562 -0.2692
166.8417 45.0514 -0.2613
166.8662 45.0466 -0.2531
165.3969 45.3414 -0.1026
165.4216 45.3369 -0.0996
165.4463 45.3325 -0.0923
165.4710 45.3280 -0.0800
165.4957 45.3235 -0.0635
165.5204 45.3190 -0.0432
165.5451 45.3145 -0.0232
165.5698 45.3100 -0.0063
165.5945 45.3055 0.0057
165.6192 45.3010 0.0130
165.6439 45.2965 0.0139
165.6685 45.2920 0.0109
165.6932 45.2874 0.0035
165.7179 45.2829 -0.0067
165.7426 45.2784 -0.0189
165.7672 45.2738 -0.0335
165.7919 45.2693 -0.0500
165.8165 45.2647 -0.0721
165.8412 45.2602 -0.0960
165.8658 45.2556 -0.1218
165.8905 45.2510 -0.1457
165.9151 45.2465 -0.1680
165.9397 45.2419 -0.1856
165.9644 45.2373 -0.1998
165.9890 45.2327 -0.2088
166.0136 45.2281 -0.2119
166.2351 45.1865 -0.1121
166.2596 45.1819 -0.0996
166.2842 45.1772 -0.0887
166.3088 45.1726 -0.0789
166.3334 45.1679 -0.0713
166.3579 45.1632 -0.0682
166.3825 45.1586 -0.0689
166.4071 45.1539 -0.0744
166.4316 45.1492 -0.0843
166.4562 45.1445 -0.0970
166.4807 45.1398 -0.1134
166.5053 45.1351 -0.1320
166.5298 45.1304 -0.1537
166.5543 45.1257 -0.1742
166.5789 45.1210 -0.1954
166.6034 45.1162 -0.2155
166.6279 45.1115 -0.2334
166.6524 45.1068 -0.2491
166.6770 45.1020 -0.2626
166.7015 45.0973 -0.2749
166.7260 45.0926 -0.2825
166.7505 45.0878 -0.2853
166.7750 45.0830 -0.2836
166.7995 45.0783 -0.2792
166.8240 45.0735 -0.2723
166.8484 45.0687 -0.2647
166.8729 45.0640 -0.2559
165.4032 45.3589 -0.0988
165.4279 45.3544 -0.0997
165.4526 45.3499 -0.0957
165.4774 45.3454 -0.0863
165.5021 45.3409 -0.0719
165.5268 45.3365 -0.0529
165.5515 45.3320 -0.0334
165.5762 45.3275 -0.0154
165.6009 45.3230 -0.0018
165.6256 45.3184 0.0082
165.6503 45.3139 0.0116
165.6750 45.3094 0.0108
165.6996 45.3049 0.0057
165.7243 45.3003 -0.0018
165.7490 45.2958 -0.0117
165.7737 45.2913 -0.0243
165.7983 45.2867 -0.0391
165.8230 45.2822 -0.0596
165.8476 45.2776 -0.0820
165.8723 45.2730 -0.1078
165.8970 45.2685 -0.1322
165.9216 45.2639 -0.1554
165.9462 45.2593 -0.1744
165.9709 45.2547 -0.1911
165.9955 45.2501 -0.2026
166.0201 45.2455 -0.2078
166.1432 45.2225 -0.1740
166.2416 45.2039 -0.1193
166.2662 45.1993 -0.1064
166.2908 45.1946 -0.0948
166.3154 45.1899 -0.0839
166.3400 45.1853 -0.0749
166.3645 45.1806 -0.0702
166.3891 45.1759 -0.0691
166.4137 45.1712 -0.0716
166.4382 45.1666 -0.0789
166.4628 45.1619 -0.0887
166.4874 45.1572 -0.1032
166.5119 45.1525 -0.1200
166.5365 45.1478 -0.1407
166.5610 45.1430 -0.1616
166.5855 45.1383 -0.1836
166.6101 45.1336 -0.2043
166.6346 45.1289 -0.2235
166.6591 45.1241 -0.2395
166.6836 45.1194 -0.2531
166.7082 45.1147 -0.2656
166.7327 45.1099 -0.2753
166.7572 45.1051 -0.2811
166.7817 45.1004 -0.2822
166.8062 45.0956 -0.2799
166.8307 45.0908 -0.2750
166.8552 45.0861 -0.2678
166.8797 45.0813 -0.2589
165.4095 45.3763 -0.0937
165.4343 45.3718 -0.0976
165.4590 45.3674 -0.0968
165.4837 45.3629 -0.0901
165.5084 45.3584 -0.0791
165.5332 45.3539 -0.0628
165.5579 45.3494 -0.0446
165.5826 45.3449 -0.0270
165.6073 45.3404 -0.0123
165.6320 45.3359 -0.0005
165.6567 45.3314 0.0059
165.6814 45.3268 0.0088
165.7061 45.3223 0.0070
165.7308 45.3178 0.0020
165.7554 45.3132 -0.0057
165.7801 45.3087 -0.0163
165.8048 45.3041 -0.0295
165.8295 45.2996 -0.0487
165.8541 45.2950 -0.0695
165.8788 45.2904 -0.0937
165.9034 45.2859 -0.1178
165.9281 45.2813 -0.1413
165.9527 45.2767 -0.1621
165.9774 45.2721 -0.1808
166.0020 45.2675 -0.1940
166.0267 45.2629 -0.2024
166.2482 45.2213 -0.1253
166.2728 45.2166 -0.1129
166.2974 45.2120 -0.1006
166.3220 45.2073 -0.0893
166.3466 45.2027 -0.0788
166.3712 45.1980 -0.0724
166.3957 45.1933 -0.0684
166.4203 45.1886 -0.0682
166.4449 45.1839 -0.0721
166.4694 45.1792 -0.0799
166.4940 45.1745 -0.0921
166.5186 45.1698 -0.1069
166.5431 45.1651 -0.1258
166.5677 45.1604 -0.1460
166.5922 45.1557 -0.1676
166.6167 45.1510 -0.1896
166.6413 45.1462 -0.2094
166.6658 45.1415 -0.2262
166.6903 45.1367 -0.2401
166.7149 45.1320 -0.2542
166.7394 45.1272 -0.2659
166.7639 45.1225 -0.2759
166.7884 45.1177 -0.2808
166.8129 45.1130 -0.2814
166.8374 45.1082 -0.2774
166.8619 45.1034 -0.2719
166.8864 45.0986 -0.2659
165.4159 45.3938 -0.0889
165.4406 45.3893 -0.0953
165.4654 45.3848 -0.0975
165.4901 45.3803 -0.0944
165.5148 45.3758 -0.0874
165.5395 45.3713 -0.0742
165.5643 45.3668 -0.0591
165.5890 45.3623 -0.0420
165.6137 45.3578 -0.0262
165.6384 45.3533 -0.0124
165.6631 45.3488 -0.0027
165.6878 45.3443 0.0036
165.7125 45.3397 0.0060
165.7372 45.3352 0.0038
165.7619 45.3306 -0.0014
165.7866 45.3261 -0.0106
165.8112 45.3215 -0.0220
165.8359 45.3170 -0.0389
165.8606 45.3124 -0.0576
165.8853 45.3079 -0.0801
165.9099 45.3033 -0.1033
165.9346 45.2987 -0.1267
165.9592 45.2941 -0.1482
165.9839 45.2895 -0.1686
166.0085 45.2849 -0.1845
166.0332 45.2803 -0.1954
166.2548 45.2387 -0.1321
166.2794 45.2340 -0.1195
166.3040 45.2294 -0.1068
166.3286 45.2247 -0.0945
166.3532 45.2200 -0.0830
166.3778 45.2154 -0.0743
166.4024 45.2107 -0.0677
166.4269 45.2060 -0.0646
166.4515 45.2013 -0.0657
166.4761 45.1966 -0.0713
166.5007 45.1919 -0.0814
166.5252 45.1872 -0.0938
166.5498 45.1825 -0.1099
166.5743 45.1778 -0.1271
166.5989 45.1730 -0.1472
166.6234 45.1683 -0.1692
166.6480 45.1636 -0.1900
166.6725 45.1588 -0.2076
166.6971 45.1541 -0.2234
166.7216 45.1493 -0.2391
166.7461 45.1446 -0.2546
166.7706 45.1398 -0.2681
166.7952 45.1351 -0.2773
166.8197 45.1303 -0.2810
166.8442 45.1255 -0.2790
166.8687 45.1207 -0.2762
166.8932 45.1159 -0.2719
165.4222 45.4112 -0.0844
165.4470 45.4067 -0.0931
165.4717 45.4022 -0.0973
165.4965 45.3978 -0.0981
165.5212 45.3933 -0.0943
165.5459 45.3888 -0.0850
165.5707 45.3843 -0.0730
165.5954 45.3798 -0.0574
165.6201 45.3753 -0.0413
165.6448 45.3707 -0.0255
165.6695 45.3662 -0.0134
165.6942 45.3617 -0.0033
165.7189 45.3571 0.0022
165.7436 45.3526 0.0036
165.7683 45.3481 0.0006
165.7930 45.3435 -0.0064
165.8177 45.3390 -0.0162
165.8424 45.3344 -0.0306
165.8671 45.3298 -0.0470
165.8917 45.3253 -0.0672
165.9164 45.3207 -0.0895
165.9411 45.3161 -0.1131
165.9657 45.3115 -0.1343
165.9904 45.3069 -0.1555
166.0151 45.3023 -0.1735
166.0397 45.2977 -0.1862
166.2614 45.2561 -0.1376
166.2860 45.2514 -0.1247
166.3106 45.2467 -0.1120
166.3352 45.2421 -0.0987
166.3598 45.2374 -0.0861
166.3844 45.2327 -0.0759
166.4090 45.2280 -0.0666
166.4336 45.2234 -0.0616
166.4582 45.2187 -0.0601
166.4827 45.2140 -0.0637
166.5073 45.2093 -0.0705
166.5319 45.2045 -0.0795
166.5564 45.1998 -0.0918
166.5810 45.1951 -0.1057
166.6056 45.1904 -0.1238
166.6301 45.1857 -0.1453
166.6547 45.1809 -0.1674
166.6792 45.1762 -0.1867
166.7038 45.1714 -0.2047
166.7283 45.1667 -0.2237
166.7528 45.1619 -0.2421
166.7774 45.1572 -0.2583
166.8019 45.1524 -0.2702
166.8264 45.1476 -0.2776
166.8509 45.1428 -0.2798
166.8754 45.1381 -0.2794
166.8999 45.1333 -0.2786
165.4286 45.4286 -0.0771
165.4534 45.4242 -0.0893
165.4781 45.4197 -0.0970
165.5029 45.4152 -0.1013
165.5276 45.4107 -0.1007
165.5523 45.4062 -0.0953
165.5771 45.4017 -0.0861
165.6018 45.3972 -0.0719
165.6265 45.3927 -0.0560
165.6512 45.3882 -0.0392
165.6760 45.3836 -0.0243
165.7007 45.3791 -0.0115
165.7254 45.3746 -0.0029
165.7501 45.3700 0.0013
165.7748 45.3655 0.0009
165.7995 45.3609 -0.0041
165.8242 45.3564 -0.0114
165.8489 45.3518 -0.0239
165.8736 45.3472 -0.0380
165.8982 45.3427 -0.0564
165.9229 45.3381 -0.0770
165.9476 45.3335 -0.1001
165.9723 45.3289 -0.1212
165.9969 45.3243 -0.1426
166.0216 45.3197 -0.1618
166.0462 45.3151 -0.1765
166.1695 45.2920 -0.1630
166.2680 45.2734 -0.1451
166.2926 45.2688 -0.1308
166.3172 45.2641 -0.1182
166.3418 45.2594 -0.1040
166.3664 45.2548 -0.0900
166.3910 45.2501 -0.0780
166.4156 45.2454 -0.0672
166.4402 45.2407 -0.0600
166.4648 45.2360 -0.0565
166.4894 45.2313 -0.0576
166.5140 45.2266 -0.0613
166.5385 45.2219 -0.0663
166.5631 45.2172 -0.0747
166.5877 45.2125 -0.0846
166.6123 45.2077 -0.1002
166.6368 45.2030 -0.1209
166.6614 45.1983 -0.1446
166.6859 45.1935 -0.1664
166.7105 45.1888 -0.1870
166.7350 45.1840 -0.2076
166.7596 45.1793 -0.2285
166.7841 45.1745 -0.2470
166.8086 45.1697 -0.2622
166.8332 45.1650 -0.2725
166.8577 45.1602 -0.2789
166.8822 45.1554 -0.2816
166.9067 45.1506 -0.2824
165.4350 45.4461 -0.0657
165.4597 45.4416 -0.0811
165.4845 45.4371 -0.0920
165.5092 45.4326 -0.1003
165.5340 45.4281 -0.1022
165.5587 45.4236 -0.0997
165.5835 45.4191 -0.0927
165.6082 45.4146 -0.0814
165.6329 45.4101 -0.0669
165.6577 45.4056 -0.0508
165.6824 45.4011 -0.0350
165.7071 45.3965 -0.0201
165.7318 45.3920 -0.0093
165.7565 45.3875 -0.0022
165.7812 45.3829 -0.0008
165.8060 45.3783 -0.0030
165.8307 45.3738 -0.0084
165.8553 45.3692 -0.0181
165.8800 45.3647 -0.0305
165.9047 45.3601 -0.0472
165.9294 45.3555 -0.0663
165.9541 45.3509 -0.0880
165.9788 45.3463 -0.1087
166.0034 45.3417 -0.1299
166.0281 45.3371 -0.1501
166.0528 45.3325 -0.1660
166.2746 45.2908 -0.1520
166.2992 45.2862 -0.1375
166.3238 45.2815 -0.1239
166.3484 45.2768 -0.1097
166.3730 45.2721 -0.0950
166.3977 45.2675 -0.0827
166.4223 45.2628 -0.0704
166.4469 45.2581 -0.0620
166.4715 45.2534 -0.0556
166.4960 45.2487 -0.0536
166.5206 45.2440 -0.0528
166.5452 45.2393 -0.0539
166.5698 45.2345 -0.0585
166.5944 45.2298 -0.0670
166.6189 45.2251 -0.0822
166.6435 45.2204 -0.1028
166.6681 45.2156 -0.1267
166.6926 45.2109 -0.1496
166.7172 45.2061 -0.1716
166.7417 45.2014 -0.1940
166.7663 45.1966 -0.2152
166.7908 45.1918 -0.2351
166.8154 45.1871 -0.2519
166.8399 45.1823 -0.2648
166.8644 45.1775 -0.2746
166.8890 45.1727 -0.2802
166.9135 45.1679 -0.2833
165.4413 45.4635 -0.0500
165.4661 45.4591 -0.0679
165.4909 45.4546 -0.0823
165.5156 45.4501 -0.0942
165.5404 45.4456 -0.0993
165.5651 45.4411 -0.0995
165.5899 45.4366 -0.0953
165.6146 45.4321 -0.0870
165.6394 45.4275 -0.0751
165.6641 45.4230 -0.0603
165.6888 45.4185 -0.0441
165.7136 45.4140 -0.0282
165.7383 45.4094 -0.0156
165.7630 45.4049 -0.0065
165.7877 45.4003 -0.0027
165.8124 45.3958 -0.0029
165.8371 45.3912 -0.0059
165.8618 45.3866 -0.0131
165.8865 45.3821 -0.0234
165.9112 45.3775 -0.0381
165.9359 45.3729 -0.0560
165.9606 45.3683 -0.0768
165.9853 45.3637 -0.0966
166.0100 45.3591 -0.1181
166.0346 45.3545 -0.1390
166.0593 45.3499 -0.1551
166.2812 45.3082 -0.1606
166.3058 45.3035 -0.1462
166.3304 45.2989 -0.1323
166.3551 45.2942 -0.1175
166.3797 45.2895 -0.1035
166.4043 45.2848 -0.0912
166.4289 45.2801 -0.0781
166.4535 45.2755 -0.0677
166.4781 45.2708 -0.0587
166.5027 45.2660 -0.0529
166.5273 45.2613 -0.0477
166.5519 45.2566 -0.0457
166.5765 45.2519 -0.0471
166.6011 45.2472 -0.0556
166.6256 45.2424 -0.0714
166.6502 45.2377 -0.0910
166.6748 45.2330 -0.1143
166.6994 45.2282 -0.1363
166.7239 45.2235 -0.1586
166.7485 45.2187 -0.1811
166.7730 45.2139 -0.2030
166.7976 45.2092 -0.2229
166.8221 45.2044 -0.2418
166.8467 45.1996 -0.2572
166.8712 45.1948 -0.2701
166.8957 45.1901 -0.2784
166.9203 45.1853 -0.2826
165.4477 45.4810 -0.0322
165.4725 45.4765 -0.0519
165.4973 45.4720 -0.0689
165.5220 45.4675 -0.0837
165.5468 45.4630 -0.0917
165.5715 45.4585 -0.0938
165.5963 45.4540 -0.0923
165.6210 45.4495 -0.0864
165.6458 45.4450 -0.0773
165.6705 45.4404 -0.0642
165.6953 45.4359 -0.0487
165.7200 45.4314 -0.0332
165.7447 45.4268 -0.0203
165.7695 45.4223 -0.0101
165.7942 45.4177 -0.0046
165.8189 45.4132 -0.0021
165.8436 45.4086 -0.0034
165.8683 45.4041 -0.0083
165.8930 45.3995 -0.0175
165.9177 45.3949 -0.0307
165.9424 45.3903 -0.0470
165.9671 45.3857 -0.0669
165.9918 45.3811 -0.0858
166.0165 45.3765 -0.1064
166.0412 45.3719 -0.1276
166.0659 45.3673 -0.1440
166.1892 45.3442 -0.1660
166.2878 45.3256 -0.1678
166.3124 45.3209 -0.1538
166.3371 45.3162 -0.1405
166.3617 45.3116 -0.1264
166.3863 45.3069 -0.1129
166.4109 45.3022 -0.1003
166.4356 45.2975 -0.0871
166.4602 45.2928 -0.0748
166.4848 45.2881 -0.0629
166.5094 45.2834 -0.0530
166.5340 45.2787 -0.0444
166.5586 45.2740 -0.0400
166.5832 45.2693 -0.0412
166.6078 45.2645 -0.0499
166.6323 45.2598 -0.0649
166.6569 45.2551 -0.0835
166.6815 45.2503 -0.1046
166.7061 45.2456 -0.1258
166.7306 45.2408 -0.1474
166.7552 45.2360 -0.1695
166.7798 45.2313 -0.1915
166.8043 45.2265 -0.2120
166.8289 45.2217 -0.2317
166.8534 45.2170 -0.2489
166.8780 45.2122 -0.2636
166.9025 45.2074 -0.2744
166.9270 45.2026 -0.2804
165.4541 45.4984 -0.0143
165.4789 45.4939 -0.0352
165.5037 45.4895 -0.0539
165.5284 45.4850 -0.0708
165.5532 45.4805 -0.0812
165.5780 45.4759 -0.0866
165.6027 45.4714 -0.0880
165.6275 45.4669 -0.0848
165.6522 45.4624 -0.0780
165.6770 45.4579 -0.0671
165.7017 45.4533 -0.0526
165.7265 45.4488 -0.0374
165.7512 45.4443 -0.0248
165.7759 45.4397 -0.0134
165.8007 45.4352 -0.0058
165.8254 45.4306 -0.0014
165.8501 45.4260 -0.0007
165.8748 45.4215 -0.0038
165.8995 45.4169 -0.0114
165.9242 45.4123 -0.0236
165.9490 45.4077 -0.0389
165.9737 45.4031 -0.0571
165.9983 45.3985 -0.0751
166.0230 45.3939 -0.0951
166.0477 45.3893 -0.1155
166.0724 45.3847 -0.1324
166.2944 45.3430 -0.1766
166.3190 45.3383 -0.1628
166.3437 45.3336 -0.1501
166.3683 45.3289 -0.1362
166.3930 45.3243 -0.1228
166.4176 45.3196 -0.1103
166.4422 45.3149 -0.0965
166.4668 45.3102 -0.0829
166.4914 45.3055 -0.0687
166.5161 45.3008 -0.0559
166.5407 45.2961 -0.0449
166.5653 45.2913 -0.0387
166.5899 45.2866 -0.0394
166.6145 45.2819 -0.0477
166.6391 45.2771 -0.0617
166.6636 45.2724 -0.0781
166.6882 45.2677 -0.0967
166.7128 45.2629 -0.1158
166.7374 45.2582 -0.1365
166.7619 45.2534 -0.1573
166.7865 45.2486 -0.1796
166.8111 45.2439 -0.2004
166.8356 45.2391 -0.2212
166.8602 45.2343 -0.2392
166.8847 45.2295 -0.2561
166.9093 45.2247 -0.2690
166.9338 45.2199 -0.2798
165.4605 45.5159 0.0019
165.4853 45.5114 -0.0198
165.5101 45.5069 -0.0385
165.5348 45.5024 -0.0568
165.5596 45.4979 -0.0695
165.5844 45.4934 -0.0777
165.6091 45.4889 -0.0822
165.6339 45.4844 -0.0817
165.6587 45.4798 -0.0774
165.6834 45.4753 -0.0682
165.7082 45.4708 -0.0552
165.7329 45.4662 -0.0410
165.7577 45.4617 -0.0289
165.7824 45.4571 -0.0166
165.8071 45.4526 -0.0072
165.8319 45.4480 -0.0003
165.8566 45.4434 0.0019
165.8813 45.4389 0.0003
165.9060 45.4343 -0.0059
165.9308 45.4297 -0.0167
165.9555 45.4251 -0.0307
165.9802 45.4205 -0.0475
166.0049 45.4159 -0.0643
166.0296 45.4113 -0.0834
166.0543 45.4067 -0.1033
166.0790 45.4021 -0.1206
166.3010 45.3603 -0.1847
166.3257 45.3557 -0.1717
166.3503 45.3510 -0.1588
166.3750 45.3463 -0.1449
166.3996 45.3416 -0.1314
166.4242 45.3369 -0.1192
166.4489 45.3322 -0.1053
166.4735 45.3275 -0.0911
166.4981 45.3228 -0.0757
166.5227 45.3181 -0.0609
166.5473 45.3134 -0.0477
166.5720 45.3087 -0.0407
166.5966 45.3040 -0.0403
166.6212 45.2992 -0.0473
166.6458 45.2945 -0.0593
166.6704 45.2898 -0.0731
166.6949 45.2850 -0.0887
166.7195 45.2803 -0.1058
166.7441 45.2755 -0.1247
166.7687 45.2707 -0.1447
166.7933 45.2660 -0.1666
166.8178 45.2612 -0.1874
166.8424 45.2564 -0.2088
166.8670 45.2516 -0.2282
166.8915 45.2468 -0.2473
166.9161 45.2420 -0.2630
166.9406 45.2372 -0.2749
165.4669 45.5333 0.0174
165.4917 45.5288 -0.0047
165.5165 45.5243 -0.0238
165.5412 45.5198 -0.0424
165.5660 45.5153 -0.0568
165.5908 45.5108 -0.0674
165.6156 45.5063 -0.0746
165.6403 45.5018 -0.0772
165.6651 45.4973 -0.0755
165.6899 45.4927 -0.0680
165.7146 45.4882 -0.0572
165.7394 45.4836 -0.0445
165.7641 45.4791 -0.0326
165.7889 45.4745 -0.0199
165.8136 45.4700 -0.0094
165.8384 45.4654 -0.0010
165.8631 45.4609 0.0034
165.8878 45.4563 0.0031
165.9126 45.4517 -0.0017
165.9373 45.4471 -0.0109
165.9620 45.4425 -0.0227
165.9867 45.4379 -0.0381
166.0114 45.4333 -0.0531
166.0361 45.4287 -0.0705
166.0608 45.4241 -0.0898
166.0855 45.4195 -0.1066
166.3076 45.3777 -0.1923
166.3323 45.3730 -0.1804
166.3569 45.3684 -0.1673
166.3816 45.3637 -0.1530
166.4062 45.3590 -0.1397
166.4309 45.3543 -0.1276
166.4555 45.3496 -0.1138
166.4802 45.3449 -0.0992
166.5048 45.3402 -0.0831
166.5294 45.3355 -0.0670
166.5540 45.3308 -0.0525
166.5787 45.3260 -0.0432
166.6033 45.3213 -0.0412
166.6279 45.3166 -0.0460
166.6525 45.3118 -0.0553
166.6771 45.3071 -0.0664
166.7017 45.3023 -0.0796
166.7263 45.2976 -0.0943
166.7509 45.2928 -0.1117
166.7754 45.2881 -0.1302
166.8000 45.2833 -0.1521
166.8246 45.2785 -0.1733
166.8492 45.2737 -0.1953
166.8737 45.2690 -0.2158
166.8983 45.2642 -0.2365
166.9229 45.2594 -0.2540
166.9474 45.2546 -0.2675
165.4733 45.5508 0.0291
165.4981 45.5463 0.0086
165.5229 45.5418 -0.0094
165.5477 45.5373 -0.0283
165.5724 45.5328 -0.0436
165.5972 45.5283 -0.0564
165.6220 45.5237 -0.0664
165.6468 45.5192 -0.0717
165.6716 45.5147 -0.0721
165.6963 45.5102 -0.0669
165.7211 45.5056 -0.0582
165.7459 45.5011 -0.0471
165.7706 45.4965 -0.0355
165.7954 45.4920 -0.0225
165.8201 45.4874 -0.0111
165.8449 45.4828 -0.0010
165.8696 45.4783 0.0046
165.8943 45.4737 0.0062
165.9191 45.4691 0.0026
165.9438 45.4645 -0.0049
165.9685 45.4599 -0.0156
165.9933 45.4553 -0.0289
166.0180 45.4507 -0.0421
166.0427 45.4461 -0.0581
166.0674 45.4415 -0.0762
166.0921 45.4369 -0.0930
166.2156 45.4137 -0.1490
166.3143 45.3951 -0.1985
166.3389 45.3904 -0.1871
166.3636 45.3857 -0.1742
166.3882 45.3811 -0.1603
166.4129 45.3764 -0.1474
166.4375 45.3717 -0.1347
166.4622 45.3670 -0.1212
166.4868 45.3623 -0.1064
166.5115 45.3576 -0.0897
166.5361 45.3528 -0.0725
166.5607 45.3481 -0.0560
166.5854 45.3434 -0.0453
166.6100 45.3387 -0.0408
166.6346 45.3339 -0.0441
166.6592 45.3292 -0.0497
166.6838 45.3244 -0.0588
166.7084 45.3197 -0.0698
166.7330 45.3149 -0.0821
166.7576 45.3102 -0.0973
166.7822 45.3054 -0.1151
166.8068 45.3006 -0.1369
166.8314 45.2959 -0.1581
166.8559 45.2911 -0.1799
166.8805 45.2863 -0.2017
166.9051 45.2815 -0.2229
166.9297 45.2767 -0.2411
166.9542 45.2719 -0.2553
165.4797 45.5682 0.0413
165.5045 45.5637 0.0212
165.5293 45.5592 0.0034
165.5541 45.5547 -0.0149
165.5789 45.5502 -0.0311
165.6037 45.5457 -0.0457
165.6284 45.5412 -0.0580
165.6532 45.5366 -0.0656
165.6780 45.5321 -0.0682
165.7028 45.5276 -0.0655
165.7276 45.5230 -0.0588
165.7523 45.5185 -0.0491
165.7771 45.5139 -0.0379
165.8019 45.5094 -0.0249
165.8266 45.5048 -0.0128
165.8514 45.5003 -0.0018
165.8761 45.4957 0.0049
165.9009 45.4911 0.0075
165.9256 45.4865 0.0061
165.9503 45.4819 -0.0004
165.9751 45.4773 -0.0093
165.9998 45.4727 -0.0209
166.0245 45.4681 -0.0322
166.0492 45.4635 -0.0461
166.0740 45.4589 -0.0630
166.0987 45.4543 -0.0809
166.3209 45.4125 -0.2031
166.3456 45.4078 -0.1930
166.3702 45.4031 -0.1811
166.3949 45.3984 -0.1672
166.4196 45.3937 -0.1551
166.4442 45.3890 -0.1423
166.4689 45.3843 -0.1282
166.4935 45.3796 -0.1130
166.5182 45.3749 -0.0954
166.5428 45.3702 -0.0771
166.5674 45.3655 -0.0590
166.5921 45.3608 -0.0461
166.6167 45.3560 -0.0384
166.6413 45.3513 -0.0380
166.6659 45.3465 -0.0423
166.6905 45.3418 -0.0491
166.7152 45.3370 -0.0589
166.7398 45.3323 -0.0689
166.7644 45.3275 -0.0823
166.7890 45.3227 -0.0986
166.8136 45.3180 -0.1205
166.8381 45.3132 -0.1417
166.8627 45.3084 -0.1649
166.8873 45.3036 -0.1866
166.9119 45.2988 -0.2076
166.9365 45.2940 -0.2259
166.9610 45.2892 -0.2414
165.4861 45.5856 0.0500
165.5109 45.5811 0.0307
165.5357 45.5766 0.0141
165.5605 45.5721 -0.0036
165.5853 45.5676 -0.0198
165.6101 45.5631 -0.0357
165.6349 45.5586 -0.0488
165.6597 45.5541 -0.0583
165.6845 45.5495 -0.0630
165.7093 45.5450 -0.0624
165.7340 45.5405 -0.0573
165.7588 45.5359 -0.0494
165.7836 45.5314 -0.0392
165.8083 45.5268 -0.0272
165.8331 45.5222 -0.0152
165.8579 45.5177 -0.0039
165.8826 45.5131 0.0033
165.9074 45.5085 0.0075
165.9321 45.5039 0.0073
165.9569 45.4993 0.0030
165.9816 45.4947 -0.0040
166.0063 45.4901 -0.0134
166.0311 45.4855 -0.0231
166.0558 45.4809 -0.0354
166.0805 45.4763 -0.0507
166.1052 45.4717 -0.0676
166.3275 45.4298 -0.2037
166.3522 45.4252 -0.1961
166.3769 45.4205 -0.1853
166.4016 45.4158 -0.1727
166.4262 45.4111 -0.1607
166.4509 45.4064 -0.1483
166.4755 45.4017 -0.1341
166.5002 45.3970 -0.1180
166.5248 45.3923 -0.0998
166.5495 45.3876 -0.0807
166.5741 45.3828 -0.0613
166.5988 45.3781 -0.0469
166.6234 45.3734 -0.0365
166.6480 45.3686 -0.0336
166.6727 45.3639 -0.0347
166.6973 45.3591 -0.0396
166.7219 45.3544 -0.0470
166.7465 45.3496 -0.0558
166.7711 45.3449 -0.0673
166.7957 45.3401 -0.0829
166.8203 45.3353 -0.1040
166.8449 45.3305 -0.1254
166.8695 45.3257 -0.1484
166.8941 45.3209 -0.1703
166.9187 45.3161 -0.1911
166.9433 45.3113 -0.2088
166.9678 45.3065 -0.2224
165.4925 45.6031 0.0550
165.5173 45.5986 0.0384
165.5421 45.5941 0.0237
165.5669 45.5896 0.0073
165.5917 45.5851 -0.0085
165.6165 45.5805 -0.0248
165.6413 45.5760 -0.0389
165.6661 45.5715 -0.0496
165.6909 45.5670 -0.0559
165.7157 45.5624 -0.0571
165.7405 45.5579 -0.0542
165.7653 45.5533 -0.0485
165.7901 45.5488 -0.0405
165.8148 45.5442 -0.0295
165.8396 45.5397 -0.0187
165.8644 45.5351 -0.0079
165.8891 45.5305 0.0002
165.9139 45.5259 0.0054
165.9387 45.5213 0.0070
165.9634 45.5167 0.0048
165.9882 45.5121 0.0000
166.0129 45.5075 -0.0077
166.0376 45.5029 -0.0153
166.0624 45.4983 -0.0262
166.0871 45.4937 -0.0392
166.1118 45.4891 -0.0548
166.2354 45.4659 -0.0900
166.3342 45.4472 -0.1979
166.3589 45.4425 -0.1940
166.3835 45.4379 -0.1859
166.4082 45.4332 -0.1753
166.4329 45.4285 -0.1645
166.4576 45.4238 -0.1524
166.4822 45.4191 -0.1385
166.5069 45.4144 -0.1223
166.5315 45.4096 -0.1039
166.5562 45.4049 -0.0849
166.5808 45.4002 -0.0649
166.6055 45.3955 -0.0491
166.6301 45.3907 -0.0363
166.6548 45.3860 -0.0299
166.6794 45.3812 -0.0281
166.7040 45.3765 -0.0304
166.7286 45.3717 -0.0362
166.7533 45.3670 -0.0428
166.7779 45.3622 -0.0528
166.8025 45.3574 -0.0671
166.8271 45.3526 -0.0874
166.8517 45.3479 -0.1083
166.8763 45.3431 -0.1311
166.9009 45.3383 -0.1526
166.9255 45.3335 -0.1731
166.9501 45.3287 -0.1895
166.9747 45.3239 -0.2032
165.4989 45.6205 0.0596
165.5237 45.6160 0.0448
165.5485 45.6115 0.0319
165.5734 45.6070 0.0165
165.5982 45.6025 0.0015
165.6230 45.5980 -0.0146
165.6478 45.5935 -0.0288
165.6726 45.5889 -0.0402
165.6974 45.5844 -0.0480
165.7222 45.5798 -0.0508
165.7470 45.5753 -0.0501
165.7718 45.5707 -0.0461
165.7966 45.5662 -0.0400
165.8213 45.5616 -0.0311
165.8461 45.5571 -0.0216
165.8709 45.5525 -0.0116
165.8957 45.5479 -0.0039
165.9204 45.5433 0.0026
165.9452 45.5387 0.0056
165.9699 45.5341 0.0057
165.9947 45.5295 0.0025
166.0195 45.5249 -0.0028
166.0442 45.5203 -0.0094
166.0689 45.5157 -0.0185
166.0937 45.5111 -0.0294
166.1184 45.5065 -0.0428
166.3408 45.4646 -0.1887
166.3655 45.4599 -0.1877
166.3902 45.4552 -0.1820
166.4149 45.4505 -0.1735
166.4396 45.4458 -0.1645
166.4642 45.4411 -0.1531
166.4889 45.4364 -0.1399
166.5136 45.4317 -0.1245
166.5382 45.4270 -0.1069
166.5629 45.4223 -0.0884
166.5876 45.4175 -0.0690
166.6122 45.4128 -0.0518
166.6369 45.4081 -0.0366
166.6615 45.4033 -0.0276
166.6861 45.3986 -0.0220
166.7108 45.3938 -0.0217
166.7354 45.3891 -0.0249
166.7600 45.3843 -0.0306
166.7846 45.3795 -0.0387
166.8093 45.3748 -0.0519
166.8339 45.3700 -0.0705
166.8585 45.3652 -0.0910
166.8831 45.3604 -0.1133
166.9077 45.3556 -0.1347
166.9323 45.3508 -0.1554
166.9569 45.3460 -0.1722
166.9815 45.3412 -0.1853
165.5053 45.6380 0.0673
165.5301 45.6335 0.0532
165.5550 45.6290 0.0412
165.5798 45.6244 0.0268
165.6046 45.6199 0.0122
165.6294 45.6154 -0.0031
165.6543 45.6109 -0.0172
165.6791 45.6063 -0.0289
165.7039 45.6018 -0.0375
165.7287 45.5973 -0.0426
165.7535 45.5927 -0.0443
165.7783 45.5882 -0.0430
165.8031 45.5836 -0.0387
165.8279 45.5790 -0.0321
165.8526 45.5745 -0.0245
165.8774 45.5699 -0.0162
165.9022 45.5653 -0.0084
165.9270 45.5607 -0.0013
165.9517 45.5561 0.0036
165.9765 45.5515 0.0050
166.0013 45.5469 0.0038
166.0260 45.5423 0.0001
166.0508 45.5377 -0.0048
166.0755 45.5331 -0.0118
166.1003 45.5285 -0.0207
166.1250 45.5239 -0.0314
166.3475 45.4820 -0.1780
166.3722 45.4773 -0.1786
166.3969 45.4726 -0.1759
166.4216 45.4679 -0.1695
166.4462 45.4632 -0.1623
166.4709 45.4585 -0.1527
166.4956 45.4538 -0.1406
166.5203 45.4491 -0.1264
166.5449 45.4444 -0.1101
166.5696 45.4396 -0.0926
166.5943 45.4349 -0.0738
166.6189 45.4302 -0.0555
166.6436 45.4254 -0.0385
166.6682 45.4207 -0.0258
166.6929 45.4159 -0.0175
166.7175 45.4112 -0.0138
166.7422 45.4064 -0.0145
166.7668 45.4016 -0.0180
166.7914 45.3969 -0.0251
166.8160 45.3921 -0.0361
166.8407 45.3873 -0.0537
166.8653 45.3825 -0.0728
166.8899 45.3777 -0.0959
166.9145 45.3729 -0.1175
166.9391 45.3681 -0.1387
166.9637 45.3633 -0.1570
166.9883 45.3585 -0.1714
165.5117 45.6554 0.0759
165.5366 45.6509 0.0631
165.5614 45.6464 0.0512
165.5862 45.6419 0.0373
165.6111 45.6374 0.0239
165.6359 45.6328 0.0093
165.6607 45.6283 -0.0040
165.6855 45.6238 -0.0157
165.7103 45.6192 -0.0250
165.7352 45.6147 -0.0321
165.7600 45.6101 -0.0362
165.7848 45.6056 -0.0376
165.8096 45.6010 -0.0360
165.8344 45.5965 -0.0315
165.8592 45.5919 -0.0259
165.8839 45.5873 -0.0192
165.9087 45.5827 -0.0120
165.9335 45.5781 -0.0044
165.9583 45.5735 0.0009
165.9831 45.5690 0.0038
166.0078 45.5643 0.0040
166.0326 45.5597 0.0014
166.0573 45.5551 -0.0016
166.0821 45.5505 -0.0065
166.1068 45.5459 -0.0132
166.1316 45.5412 -0.0221
166.3541 45.4993 -0.1695
166.3788 45.4946 -0.1704
166.4035 45.4900 -0.1691
166.4282 45.4853 -0.1648
166.4529 45.4806 -0.1594
166.4776 45.4759 -0.1514
166.5023 45.4711 -0.1408
166.5270 45.4664 -0.1281
166.5517 45.4617 -0.1131
166.5763 45.4570 -0.0967
166.6010 45.4523 -0.0781
166.6257 45.4475 -0.0594
166.6503 45.4428 -0.0406
166.6750 45.4380 -0.0258
166.6996 45.4333 -0.0140
166.7243 45.4285 -0.0079
166.7489 45.4237 -0.0049
166.7736 45.4190 -0.0067
166.7982 45.4142 -0.0117
166.8228 45.4094 -0.0214
166.8475 45.4046 -0.0366
166.8721 45.3998 -0.0549
166.8967 45.3951 -0.0779
166.9213 45.3903 -0.1004
166.9459 45.3854 -0.1225
166.9705 45.3806 -0.1430
166.9951 45.3758 -0.1579
165.5181 45.6728 0.0806
165.5430 45.6683 0.0708
165.5678 45.6638 0.0600
165.5927 45.6593 0.0472
165.6175 45.6548 0.0351
165.6424 45.6503 0.0217
165.6672 45.6457 0.0096
165.6920 45.6412 -0.0016
165.7168 45.6367 -0.0113
165.7416 45.6321 -0.0198
165.7665 45.6276 -0.0268
165.7913 45.6230 -0.0316
165.8161 45.6184 -0.0331
165.8409 45.6139 -0.0303
165.8657 45.6093 -0.0263
165.8905 45.6047 -0.0207
165.9153 45.6001 -0.0142
165.9400 45.5955 -0.0071
165.9648 45.5910 -0.0014
165.9896 45.5864 0.0021
166.0144 45.5817 0.0038
166.0392 45.5771 0.0025
166.0639 45.5725 0.0008
166.0887 45.5679 -0.0019
166.1134 45.5633 -0.0065
166.1382 45.5586 -0.0136
166.2619 45.5354 -0.0550
166.3608 45.5167 -0.1596
166.3855 45.5120 -0.1618
166.4102 45.5073 -0.1625
166.4349 45.5026 -0.1596
166.4596 45.4979 -0.1558
166.4843 45.4932 -0.1498
166.5090 45.4885 -0.1407
166.5337 45.4838 -0.1295
166.5584 45.4791 -0.1153
166.5831 45.4743 -0.0999
166.6077 45.4696 -0.0817
166.6324 45.4649 -0.0629
166.6571 45.4601 -0.0433
166.6817 45.4554 -0.0269
166.7064 45.4506 -0.0129
166.7310 45.4459 -0.0037
166.7557 45.4411 0.0019
166.7803 45.4363 0.0025
166.8050 45.4315 -0.0006
166.8296 45.4268 -0.0077
166.8543 45.4220 -0.0208
166.8789 45.4172 -0.0366
166.9035 45.4124 -0.0588
166.9281 45.4076 -0.0815
166.9528 45.4028 -0.1064
166.9774 45.3980 -0.1275
167.0020 45.3931 -0.1438
165.5246 45.6903 0.0832
165.5494 45.6858 0.0752
165.5743 45.6813 0.0660
165.5991 45.6767 0.0553
165.6240 45.6722 0.0443
165.6488 45.6677 0.0323
165.6737 45.6632 0.0216
165.6985 45.6586 0.0117
165.7233 45.6541 0.0014
165.7481 45.6495 -0.0088
165.7730 45.6450 -0.0182
165.7978 45.6404 -0.0258
165.8226 45.6359 -0.0295
165.8474 45.6313 -0.0286
165.8722 45.6267 -0.0255
165.8970 45.6221 -0.0206
165.9218 45.6175 -0.0150
165.9466 45.6130 -0.0082
165.9714 45.6084 -0.0029
165.9962 45.6038 0.0011
166.0210 45.5991 0.0033
166.0457 45.5945 0.0044
166.0705 45.5899 0.0039
166.0953 45.5853 0.0030
166.1200 45.5807 -0.0001
166.1448 45.5760 -0.0058
166.3675 45.5341 -0.1512
166.3922 45.5294 -0.1541
166.4169 45.5247 -0.1554
166.4416 45.5200 -0.1542
166.4663 45.5153 -0.1521
166.4910 45.5106 -0.1474
166.5157 45.5059 -0.1396
166.5404 45.5011 -0.1293
166.5651 45.4964 -0.1162
166.5898 45.4917 -0.1011
166.6145 45.4870 -0.0835
166.6391 45.4822 -0.0648
166.6638 45.4775 -0.0455
166.6885 45.4727 -0.0281
166.7132 45.4680 -0.0120
166.7378 45.4632 -0.0004
166.7625 45.4584 0.0075
166.7871 45.4537 0.0104
166.8118 45.4489 0.0098
166.8364 45.4441 0.0047
166.8611 45.4393 -0.0062
166.8857 45.4345 -0.0205
166.9103 45.4297 -0.0410
166.9350 45.4249 -0.0639
166.9596 45.4201 -0.0896
166.9842 45.4153 -0.1125
167.0088 45.4105 -0.1291
165.5310 45.7077 0.0828
165.5559 45.7032 0.0767
165.5807 45.6987 0.0698
165.6056 45.6942 0.0607
165.6304 45.6897 0.0518
165.6553 45.6851 0.0416
165.6801 45.6806 0.0320
165.7050 45.6760 0.0224
165.7298 45.6715 0.0126
165.7546 45.6670 0.0007
165.7795 45.6624 -0.0111
165.8043 45.6578 -0.0211
165.8291 45.6533 -0.0266
165.8539 45.6487 -0.0268
165.8787 45.6441 -0.0236
165.9035 45.6395 -0.0192
165.9284 45.6350 -0.0139
165.9532 45.6304 -0.0080
165.9779 45.6258 -0.0029
166.0027 45.6212 0.0015
166.0275 45.6165 0.0049
166.0523 45.6119 0.0072
166.0771 45.6073 0.0085
166.1019 45.6027 0.0086
166.1266 45.5981 0.0067
166.1514 45.5934 0.0010
166.3741 45.5514 -0.1407
166.3989 45.5468 -0.1451
166.4236 45.5421 -0.1484
166.4483 45.5374 -0.1487
166.4730 45.5327 -0.1481
166.4977 45.5279 -0.1444
166.5224 45.5232 -0.1376
166.5471 45.5185 -0.1277
166.5718 45.5138 -0.1156
166.5965 45.5090 -0.1013
166.6212 45.5043 -0.0843
166.6459 45.4996 -0.0662
166.6706 45.4948 -0.0464
166.6952 45.4901 -0.0284
166.7199 45.4853 -0.0114
166.7446 45.4805 0.0020
166.7692 45.4758 0.0117
166.7939 45.4710 0.0169
166.8186 45.4662 0.0175
166.8432 45.4614 0.0144
166.8679 45.4566 0.0054
166.8925 45.4518 -0.0065
166.9171 45.4470 -0.0256
166.9418 45.4422 -0.0475
166.9664 45.4374 -0.0733
166.9910 45.4326 -0.0959
167.0157 45.4278 -0.1125
165.5374 45.7251 0.0791
165.5623 45.7206 0.0757
165.5872 45.7161 0.0716
165.6120 45.7116 0.0653
165.6369 45.7071 0.0580
165.6618 45.7026 0.0490
165.6866 45.6980 0.0405
165.7115 45.6935 0.0314
165.7363 45.6889 0.0208
165.7611 45.6844 0.0075
165.7860 45.6798 -0.0055
165.8108 45.6753 -0.0165
165.8356 45.6707 -0.0229
165.8605 45.6661 -0.0238
165.8853 45.6615 -0.0207
165.9101 45.6569 -0.0159
165.9349 45.6524 -0.0111
165.9597 45.6478 -0.0057
165.9845 45.6432 -0.0008
166.0093 45.6386 0.0040
166.0341 45.6339 0.0081
166.0589 45.6293 0.0116
166.0837 45.6247 0.0136
166.1085 45.6201 0.0146
166.1332 45.6154 0.0132
166.1580 45.6108 0.0076
166.2818 45.5875 -0.0130
166.3808 45.5688 -0.1291
166.4055 45.5641 -0.1353
166.4303 45.5594 -0.1406
166.4550 45.5547 -0.1427
166.4797 45.5500 -0.1432
166.5044 45.5453 -0.1404
166.5291 45.5406 -0.1347
166.5538 45.5359 -0.1263
166.5785 45.5311 -0.1150
166.6033 45.5264 -0.1017
166.6279 45.5217 -0.0849
166.6526 45.5169 -0.0670
166.6773 45.5122 -0.0476
166.7020 45.5074 -0.0291
166.7267 45.5026 -0.0117
166.7514 45.4979 0.0029
166.7760 45.4931 0.0142
166.8007 45.4883 0.0203
166.8254 45.4835 0.0224
166.8500 45.4788 0.0206
166.8747 45.4740 0.0138
166.8993 45.4692 0.0038
166.9240 45.4644 -0.0132
166.9486 45.4595 -0.0332
166.9733 45.4547 -0.0562
166.9979 45.4499 -0.0796
167.0225 45.4451 -0.0958
165.5439 45.7426 0.0723
165.5688 45.7381 0.0712
165.5936 45.7336 0.0702
165.6185 45.7290 0.0663
165.6434 45.7245 0.0618
165.6682 45.7200 0.0546
165.6931 45.7154 0.0470
165.7180 45.7109 0.0382
165.7428 45.7063 0.0281
165.7677 45.7018 0.0144
165.7925 45.6972 0.0005
165.8173 45.6927 -0.0109
165.8422 45.6881 -0.0181
165.8670 45.6835 -0.0191
165.8918 45.6789 -0.0163
165.9166 45.6744 -0.0119
165.9415 45.6698 -0.0074
165.9663 45.6652 -0.0026
165.9911 45.6606 0.0020
166.0159 45.6560 0.0067
166.0407 45.6513 0.0112
166.0655 45.6467 0.0152
166.0903 45.6421 0.0182
166.1151 45.6375 0.0196
166.1399 45.6328 0.0194
166.1646 45.6282 0.0148
166.3875 45.5862 -0.1124
166.4122 45.5815 -0.1216
166.4370 45.5768 -0.1305
166.4617 45.5721 -0.1354
166.4864 45.5674 -0.1377
166.5111 45.5627 -0.1364
166.5359 45.5579 -0.1319
166.5606 45.5532 -0.1254
166.5853 45.5485 -0.1153
166.6100 45.5438 -0.1026
166.6347 45.5390 -0.0865
166.6594 45.5343 -0.0683
166.6841 45.5295 -0.0493
166.7088 45.5247 -0.0315
166.7335 45.5200 -0.0136
166.7581 45.5152 0.0016
166.7828 45.5104 0.0138
166.8075 45.5057 0.0213
166.8322 45.5009 0.0248
166.8568 45.4961 0.0246
166.8815 45.4913 0.0197
166.9061 45.4865 0.0119
166.9308 45.4817 -0.0020
166.9555 45.4769 -0.0182
166.9801 45.4721 -0.0399
167.0047 45.4672 -0.0607
167.0294 45.4624 -0.0766
165.5503 45.7600 0.0631
165.5752 45.7555 0.0646
165.6001 45.7510 0.0649
165.6250 45.7465 0.0638
165.6499 45.7419 0.0620
165.6747 45.7374 0.0576
165.6996 45.7329 0.0519
165.7245 45.7283 0.0441
165.7493 45.7238 0.0342
165.7742 45.7192 0.0210
165.7990 45.7147 0.0073
165.8239 45.7101 -0.0044
165.8487 45.7055 -0.0115
165.8735 45.7009 -0.0132
165.8984 45.6964 -0.0103
165.9232 45.6918 -0.0063
165.9480 45.6872 -0.0022
165.9728 45.6826 0.0022
165.9977 45.6780 0.0066
166.0225 45.6734 0.0104
166.0473 45.6687 0.0145
166.0721 45.6641 0.0184
166.0969 45.6595 0.0220
166.1217 45.6549 0.0242
166.1465 45.6502 0.0247
166.1713 45.6456 0.0217
166.3942 45.6036 -0.0946
166.4189 45.5989 -0.1072
166.4437 45.5942 -0.1180
166.4684 45.5895 -0.1265
166.4931 45.5847 -0.1309
166.5179 45.5800 -0.1318
166.5426 45.5753 -0.1291
166.5673 45.5706 -0.1241
166.5920 45.5658 -0.1156
166.6167 45.5611 -0.1036
166.6414 45.5564 -0.0880
166.6662 45.5516 -0.0705
166.6909 45.5469 -0.0521
166.7156 45.5421 -0.0343
166.7402 45.5373 -0.0166
166.7649 45.5326 -0.0004
166.7896 45.5278 0.0123
166.8143 45.5230 0.0206
166.8390 45.5182 0.0259
166.8636 45.5134 0.0267
166.8883 45.5086 0.0237
166.9130 45.5038 0.0179
166.9376 45.4990 0.0075
166.9623 45.4942 -0.0065
166.9869 45.4894 -0.0249
167.0116 45.4846 -0.0437
167.0362 45.4797 -0.0591
165.5568 45.7775 0.0537
165.5817 45.7729 0.0552
165.6066 45.7684 0.0576
165.6315 45.7639 0.0591
165.6563 45.7594 0.0597
165.6812 45.7548 0.0573
165.7061 45.7503 0.0537
165.7310 45.7457 0.0477
165.7558 45.7412 0.0395
165.7807 45.7366 0.0282
165.8055 45.7321 0.0157
165.8304 45.7275 0.0038
165.8552 45.7229 -0.0046
165.8801 45.7183 -0.0071
165.9049 45.7138 -0.0049
165.9298 45.7092 -0.0006
165.9546 45.7046 0.0034
165.9794 45.7000 0.0073
166.0042 45.6954 0.0105
166.0291 45.6908 0.0133
166.0539 45.6861 0.0166
166.0787 45.6815 0.0203
166.1035 45.6769 0.0238
166.1283 45.6723 0.0274
166.1531 45.6676 0.0286
166.1779 45.6630 0.0271
166.4009 45.6209 -0.0761
166.4256 45.6162 -0.0899
166.4504 45.6115 -0.1038
166.4751 45.6068 -0.1148
166.4998 45.6021 -0.1221
166.5246 45.5974 -0.1253
166.5493 45.5927 -0.1256
166.5740 45.5879 -0.1221
166.5988 45.5832 -0.1151
166.6235 45.5785 -0.1037
166.6482 45.5737 -0.0890
166.6729 45.5690 -0.0726
166.6976 45.5642 -0.0552
166.7223 45.5594 -0.0378
166.7470 45.5547 -0.0197
166.7717 45.5499 -0.0035
166.7964 45.5451 0.0102
166.8211 45.5403 0.0198
166.8458 45.5355 0.0259
166.8705 45.5307 0.0285
166.8951 45.5259 0.0273
166.9198 45.5211 0.0234
166.9445 45.5163 0.0161
166.9691 45.5115 0.0057
166.9938 45.5067 -0.0091
167.0185 45.5019 -0.0268
167.0431 45.4970 -0.0417
165.5633 45.7949 0.0459
165.5882 45.7904 0.0467
165.6130 45.7859 0.0495
165.6379 45.7813 0.0527
165.6628 45.7768 0.0553
165.6877 45.7723 0.0552
165.7126 45.7677 0.0539
165.7375 45.7632 0.0502
165.7623 45.7586 0.0441
165.7872 45.7540 0.0349
165.8121 45.7495 0.0236
165.8369 45.7449 0.0115
165.8618 45.7403 0.0022
165.8866 45.7358 -0.0011
165.9115 45.7312 0.0009
165.9363 45.7266 0.0049
165.9612 45.7220 0.0089
165.9860 45.7174 0.0119
166.0108 45.7128 0.0139
166.0357 45.7082 0.0158
166.0605 45.7035 0.0179
166.0853 45.6989 0.0208
166.1101 45.6943 0.0244
166.1349 45.6896 0.0288
166.1597 45.6850 0.0313
166.1845 45.6804 0.0305
166.3085 45.6570 0.0510
166.4076 45.6383 -0.0586
166.4323 45.6336 -0.0733
166.4571 45.6289 -0.0875
166.4818 45.6242 -0.1006
166.5066 45.6195 -0.1102
166.5313 45.6147 -0.1158
166.5561 45.6100 -0.1188
166.5808 45.6053 -0.1178
166.6055 45.6005 -0.1120
166.6302 45.5958 -0.1019
166.6550 45.5911 -0.0884
166.6797 45.5863 -0.0733
166.7044 45.5815 -0.0570
166.7291 45.5768 -0.0400
166.7538 45.5720 -0.0220
166.7785 45.5672 -0.0059
166.8032 45.5625 0.0079
166.8279 45.5577 0.0181
166.8526 45.5529 0.0261
166.8773 45.5481 0.0303
166.9020 45.5433 0.0314
166.9266 45.5385 0.0295
166.9513 45.5337 0.0254
166.9760 45.5288 0.0172
167.0007 45.5240 0.0048
167.0253 45.5192 -0.0120
167.0500 45.5144 -0.0263
165.5697 45.8123 0.0401
165.5946 45.8078 0.0397
165.6195 45.8033 0.0427
165.6444 45.7988 0.0466
165.6693 45.7942 0.0505
165.6942 45.7897 0.0525
165.7191 45.7851 0.0530
165.7440 45.7806 0.0515
165.7689 45.7760 0.0482
165.7937 45.7715 0.0414
165.8186 45.7669 0.0315
165.8435 45.7623 0.0193
165.8683 45.7577 0.0092
165.8932 45.7532 0.0051
165.9180 45.7486 0.0065
165.9429 45.7440 0.0102
165.9677 45.7394 0.0137
165.9926 45.7348 0.0154
166.0174 45.7302 0.0162
166.0422 45.7255 0.0173
166.0671 45.7209 0.0189
166.0919 45.7163 0.0215
166.1167 45.7117 0.0252
166.1415 45.7070 0.0296
166.1664 45.7024 0.0328
166.1912 45.6977 0.0335
166.4143 45.6557 -0.0401
166.4390 45.6510 -0.0548
166.4638 45.6463 -0.0702
166.4885 45.6415 -0.0842
166.5133 45.6368 -0.0956
166.5380 45.6321 -0.1040
166.5628 45.6274 -0.1095
166.5875 45.6226 -0.1110
166.6123 45.6179 -0.1071
166.6370 45.6132 -0.0985
166.6617 45.6084 -0.0865
166.6865 45.6036 -0.0727
166.7112 45.5989 -0.0577
166.7359 45.5941 -0.0417
166.7606 45.5893 -0.0246
166.7853 45.5846 -0.0089
166.8100 45.5798 0.0058
166.8347 45.5750 0.0168
166.8594 45.5702 0.0257
166.8841 45.5654 0.0317
166.9088 45.5606 0.0351
166.9335 45.5558 0.0361
166.9582 45.5510 0.0348
166.9828 45.5462 0.0295
167.0075 45.5413 0.0192
167.0322 45.5365 0.0042
167.0568 45.5317 -0.0091
165.5762 45.8298 0.0369
165.6011 45.8252 0.0359
165.6260 45.8207 0.0384
165.6509 45.8162 0.0425
165.6758 45.8116 0.0464
165.7007 45.8071 0.0499
165.7256 45.8026 0.0523
165.7505 45.7980 0.0535
165.7754 45.7934 0.0524
165.8003 45.7889 0.0479
165.8251 45.7843 0.0394
165.8500 45.7797 0.0272
165.8749 45.7752 0.0164
165.8997 45.7706 0.0119
165.9246 45.7660 0.0126
165.9495 45.7614 0.0154
165.9743 45.7568 0.0174
165.9992 45.7522 0.0176
166.0240 45.7476 0.0174
166.0488 45.7429 0.0186
166.0737 45.7383 0.0200
166.0985 45.7337 0.0229
166.1233 45.7291 0.0264
166.1482 45.7244 0.0308
166.1730 45.7198 0.0337
166.1978 45.7151 0.0345
166.4210 45.6730 -0.0240
166.4457 45.6683 -0.0377
166.4705 45.6636 -0.0524
166.4953 45.6589 -0.0674
166.5200 45.6542 -0.0800
166.5448 45.6495 -0.0906
166.5695 45.6447 -0.0980
166.5943 45.6400 -0.1016
166.6190 45.6352 -0.0998
166.6438 45.6305 -0.0929
166.6685 45.6257 -0.0826
166.6932 45.6210 -0.0707
166.7180 45.6162 -0.0570
166.7427 45.6115 -0.0422
166.7674 45.6067 -0.0257
166.7921 45.6019 -0.0100
166.8168 45.5971 0.0045
166.8416 45.5923 0.0162
166.8663 45.5875 0.0264
166.8910 45.5827 0.0341
166.9157 45.5779 0.0400
166.9403 45.5731 0.0436
166.9650 45.5683 0.0447
166.9897 45.5635 0.0412
167.0144 45.5587 0.0344
167.0391 45.5538 0.0219
167.0637 45.5490 0.0081
165.5827 45.8472 0.0340
165.6076 45.8427 0.0324
165.6325 45.8381 0.0345
165.6574 45.8336 0.0382
165.6823 45.8291 0.0427
165.7072 45.8245 0.0479
165.7321 45.8200 0.0521
165.7570 45.8154 0.0552
165.7819 45.8109 0.0561
165.8068 45.8063 0.0533
165.8317 45.8017 0.0473
165.8566 45.7972 0.0360
165.8814 45.7926 0.0242
165.9063 45.7880 0.0194
165.9312 45.7834 0.0189
165.9560 45.7788 0.0202
165.9809 45.7742 0.0205
166.0058 45.7696 0.0191
166.0306 45.7650 0.0186
166.0555 45.7603 0.0200
166.0803 45.7557 0.0222
166.1051 45.7511 0.0257
166.1300 45.7465 0.0294
166.1548 45.7418 0.0330
166.1796 45.7372 0.0356
166.2045 45.7325 0.0371
166.4277 45.6904 -0.0085
166.4524 45.6857 -0.0216
166.4772 45.6810 -0.0367
166.5020 45.6763 -0.0518
166.5268 45.6715 -0.0655
166.5515 45.6668 -0.0773
166.5763 45.6621 -0.0870
166.6010 45.6573 -0.0921
166.6258 45.6526 -0.0918
166.6505 45.6478 -0.0864
166.6753 45.6431 -0.0778
166.7000 45.6383 -0.0675
166.7248 45.6336 -0.0555
166.7495 45.6288 -0.0419
166.7742 45.6240 -0.0267
166.7989 45.6192 -0.0118
166.8237 45.6145 0.0031
166.8484 45.6097 0.0158
166.8731 45.6049 0.0273
166.8978 45.6001 0.0367
166.9225 45.5953 0.0447
166.9472 45.5904 0.0508
166.9719 45.5856 0.0543
166.9966 45.5808 0.0535
167.0213 45.5760 0.0492
167.0459 45.5711 0.0381
167.0706 45.5663 0.0252
165.5891 45.8646 0.0314
165.6141 45.8601 0.0298
165.6390 45.8556 0.0315
165.6639 45.8510 0.0350
165.6888 45.8465 0.0401
165.7137 45.8420 0.0458
165.7386 45.8374 0.0513
165.7635 45.8328 0.0560
165.7884 45.8283 0.0587
165.8133 45.8237 0.0579
165.8382 45.8191 0.0531
165.8631 45.8146 0.0439
165.8880 45.8100 0.0327
165.9129 45.8054 0.0274
165.9378 45.8008 0.0255
165.9626 45.7962 0.0250
165.9875 45.7916 0.0232
166.0124 45.7870 0.0209
166.0372 45.7824 0.0206
166.0621 45.7777 0.0227
166.0869 45.7731 0.0261
166.1118 45.7685 0.0303
166.1366 45.7638 0.0337
166.1614 45.7592 0.0374
166.1863 45.7545 0.0392
166.2111 45.7499 0.0398
166.3352 45.7265 0.1020
166.4344 45.7078 0.0041
166.4592 45.7031 -0.0090
166.4840 45.6983 -0.0236
166.5087 45.6936 -0.0386
166.5335 45.6889 -0.0526
166.5583 45.6842 -0.0652
166.5830 45.6794 -0.0755
166.6078 45.6747 -0.0819
166.6326 45.6699 -0.0829
166.6573 45.6652 -0.0793
166.6821 45.6604 -0.0722
166.7068 45.6557 -0.0637
166.7316 45.6509 -0.0530
166.7563 45.6461 -0.0406
166.7810 45.6414 -0.0261
166.8058 45.6366 -0.0113
166.8305 45.6318 0.0040
166.8552 45.6270 0.0173
166.8799 45.6222 0.0297
166.9046 45.6174 0.0406
166.9293 45.6126 0.0510
166.9541 45.6078 0.0584
166.9788 45.6029 0.0639
167.0034 45.5981 0.0640
167.0281 45.5933 0.0605
167.0528 45.5884 0.0516
167.0775 45.5836 0.0403
165.5956 45.8821 0.0307
165.6206 45.8775 0.0287
165.6455 45.8730 0.0294
165.6704 45.8685 0.0322
165.6953 45.8639 0.0367
165.7203 45.8594 0.0426
165.7452 45.8548 0.0488
165.7701 45.8503 0.0548
165.7950 45.8457 0.0586
165.8199 45.8411 0.0597
165.8448 45.8366 0.0568
165.8697 45.8320 0.0489
165.8946 45.8274 0.0397
165.9195 45.8228 0.0344
165.9443 45.8182 0.0316
165.9692 45.8136 0.0295
165.9941 45.8090 0.0265
166.0190 45.8044 0.0236
166.0438 45.7998 0.0233
166.0687 45.7951 0.0262
166.0935 45.7905 0.0306
166.1184 45.7859 0.0355
166.1432 45.7812 0.0391
166.1681 45.7766 0.0425
166.1929 45.7719 0.0444
166.2178 45.7673 0.0453
166.4411 45.7251 0.0156
166.4659 45.7204 0.0031
166.4907 45.7157 -0.0114
166.5155 45.7110 -0.0260
166.5403 45.7063 -0.0397
166.5650 45.7015 -0.0524
166.5898 45.6968 -0.0632
166.6146 45.6920 -0.0709
166.6393 45.6873 -0.0733
166.6641 45.6825 -0.0715
166.6889 45.6778 -0.0660
166.7136 45.6730 -0.0589
166.7384 45.6683 -0.0498
166.7631 45.6635 -0.0388
166.7879 45.6587 -0.0253
166.8126 45.6539 -0.0110
166.8373 45.6491 0.0047
166.8620 45.6443 0.0183
166.8868 45.6395 0.0319
166.9115 45.6347 0.0439
166.9362 45.6299 0.0553
166.9609 45.6251 0.0643
166.9856 45.6203 0.0711
167.0103 45.6154 0.0728
167.0350 45.6106 0.0711
167.0597 45.6058 0.0638
167.0844 45.6009 0.0538
165.6021 45.8995 0.0327
165.6270 45.8950 0.0302
165.6520 45.8904 0.0297
165.6769 45.8859 0.0316
165.7019 45.8813 0.0352
165.7268 45.8768 0.0404
165.7517 45.8722 0.0465
165.7766 45.8677 0.0527
165.8015 45.8631 0.0571
165.8264 45.8585 0.0590
165.8513 45.8540 0.0572
165.8762 45.8494 0.0516
165.9011 45.8448 0.0445
165.9260 45.8402 0.0397
165.9509 45.8356 0.0360
165.9758 45.8310 0.0332
166.0007 45.8264 0.0296
166.0256 45.8218 0.0270
166.0504 45.8172 0.0268
166.0753 45.8125 0.0299
166.1002 45.8079 0.0346
166.1250 45.8033 0.0399
166.1499 45.7986 0.0445
166.1747 45.7940 0.0487
166.1996 45.7893 0.0515
166.2244 45.7847 0.0522
166.4478 45.7425 0.0256
166.4726 45.7378 0.0135
166.4974 45.7331 -0.0002
166.5222 45.7283 -0.0139
166.5470 45.7236 -0.0273
166.5718 45.7189 -0.0398
166.5966 45.7141 -0.0509
166.6214 45.7094 -0.0595
166.6461 45.7046 -0.0633
166.6709 45.6999 -0.0626
166.6957 45.6951 -0.0591
166.7204 45.6904 -0.0537
166.7452 45.6856 -0.0457
166.7699 45.6808 -0.0353
166.7947 45.6760 -0.0229
166.8194 45.6712 -0.0092
166.8442 45.6665 0.0054
166.8689 45.6617 0.0190
166.8936 45.6568 0.0326
166.9183 45.6520 0.0454
166.9431 45.6472 0.0581
166.9678 45.6424 0.0691
166.9925 45.6376 0.0776
167.0172 45.6328 0.0808
167.0419 45.6279 0.0799
167.0666 45.6231 0.0749
167.0913 45.6182 0.0672
165.6086 45.9169 0.0364
165.6336 45.9124 0.0333
165.6585 45.9079 0.0315
165.6834 45.9033 0.0322
165.7084 45.8988 0.0349
165.7333 45.8942 0.0387
165.7582 45.8897 0.0442
165.7832 45.8851 0.0498
165.8081 45.8805 0.0540
165.8330 45.8760 0.0559
165.8579 45.8714 0.0551
165.8828 45.8668 0.0511
165.9077 45.8622 0.0460
165.9326 45.8576 0.0419
165.9575 45.8530 0.0387
165.9824 45.8484 0.0359
166.0073 45.8438 0.0321
166.0322 45.8392 0.0297
166.0571 45.8346 0.0296
166.0819 45.8299 0.0324
166.1068 45.8253 0.0371
166.1317 45.8207 0.0433
166.1565 45.8160 0.0493
166.1814 45.8114 0.0551
166.2062 45.8067 0.0587
166.2311 45.8020 0.0602
166.3553 45.7787 0.1170
166.4546 45.7599 0.0356
166.4794 45.7551 0.0241
166.5042 45.7504 0.0112
166.5290 45.7457 -0.0014
166.5538 45.7410 -0.0141
166.5786 45.7362 -0.0267
166.6034 45.7315 -0.0389
166.6281 45.7267 -0.0483
166.6529 45.7220 -0.0534
166.6777 45.7172 -0.0545
166.7025 45.7125 -0.0527
166.7272 45.7077 -0.0484
166.7520 45.7029 -0.0415
166.7767 45.6982 -0.0322
166.8015 45.6934 -0.0205
166.8263 45.6886 -0.0084
166.8510 45.6838 0.0050
166.8757 45.6790 0.0177
166.9005 45.6742 0.0308
166.9252 45.6694 0.0446
166.9499 45.6645 0.0582
166.9747 45.6597 0.0704
166.9994 45.6549 0.0808
167.0241 45.6501 0.0859
167.0488 45.6452 0.0873
167.0735 45.6404 0.0827
167.0982 45.6355 0.0769
165.6151 45.9344 0.0410
165.6401 45.9298 0.0372
165.6650 45.9253 0.0340
165.6900 45.9207 0.0333
165.7149 45.9162 0.0344
165.7398 45.9116 0.0375
165.7648 45.9071 0.0412
165.7897 45.9025 0.0459
165.8146 45.8979 0.0493
165.8396 45.8934 0.0511
165.8645 45.8888 0.0506
165.8894 45.8842 0.0480
165.9143 45.8796 0.0450
165.9392 45.8750 0.0418
165.9641 45.8704 0.0394
165.9890 45.8658 0.0373
166.0139 45.8612 0.0338
166.0388 45.8566 0.0316
166.0637 45.8519 0.0316
166.0886 45.8473 0.0341
166.1134 45.8427 0.0389
166.1383 45.8380 0.0455
166.1632 45.8334 0.0530
166.1880 45.8287 0.0606
166.2129 45.8241 0.0656
166.2378 45.8194 0.0687
166.4613 45.7772 0.0464
166.4861 45.7725 0.0354
166.5109 45.7678 0.0237
166.5357 45.7631 0.0116
166.5605 45.7583 -0.0008
166.5853 45.7536 -0.0135
166.6101 45.7488 -0.0258
166.6349 45.7441 -0.0363
166.6597 45.7393 -0.0428
166.6845 45.7346 -0.0461
166.7093 45.7298 -0.0461
166.7340 45.7250 -0.0434
166.7588 45.7203 -0.0379
166.7836 45.7155 -0.0297
166.8083 45.7107 -0.0192
166.8331 45.7059 -0.0092
166.8578 45.7011 0.0027
166.8826 45.6963 0.0143
166.9073 45.6915 0.0272
166.9321 45.6867 0.0409
166.9568 45.6819 0.0559
166.9815 45.6770 0.0694
167.0063 45.6722 0.0815
167.0310 45.6674 0.0887
167.0557 45.6625 0.0919
167.0804 45.6577 0.0903
167.1051 45.6529 0.0850
165.6216 45.9518 0.0453
165.6466 45.9472 0.0408
165.6715 45.9427 0.0371
165.6965 45.9382 0.0350
165.7214 45.9336 0.0343
165.7464 45.9291 0.0360
165.7713 45.9245 0.0386
165.7963 45.9199 0.0419
165.8212 45.9154 0.0448
165.8461 45.9108 0.0462
165.8710 45.9062 0.0462
165.8960 45.9016 0.0444
165.9209 45.8970 0.0424
165.9458 45.8924 0.0406
165.9707 45.8878 0.0396
165.9956 45.8832 0.0384
166.0205 45.8786 0.0356
166.0454 45.8740 0.0336
166.0703 45.8693 0.0335
166.0952 45.8647 0.0361
166.1201 45.8601 0.0412
166.1450 45.8554 0.0482
166.1698 45.8508 0.0566
166.1947 45.8461 0.0653
166.2196 45.8415 0.0721
166.2444 45.8368 0.0766
166.4680 45.7946 0.0558
166.4929 45.7899 0.0461
166.5177 45.7851 0.0354
166.5425 45.7804 0.0247
166.5673 45.7757 0.0129
166.5921 45.7709 0.0004
166.6169 45.7662 -0.0127
166.6417 45.7614 -0.0244
166.6665 45.7567 -0.0323
166.6913 45.7519 -0.0374
166.7161 45.7472 -0.0399
166.7409 45.7424 -0.0394
166.7656 45.7376 -0.0357
166.7904 45.7328 -0.0300
166.8152 45.7280 -0.0215
166.8399 45.7232 -0.0128
166.8647 45.7184 -0.0018
166.8894 45.7136 0.0086
166.9142 45.7088 0.0211
166.9389 45.7040 0.0349
166.9637 45.6992 0.0506
166.9884 45.6944 0.0652
167.0132 45.6895 0.0789
167.0379 45.6847 0.0885
167.0626 45.6799 0.0950
167.0873 45.6750 0.0955
167.1121 45.6702 0.0910
165.6281 45.9692 0.0504
165.6531 45.9647 0.0445
165.6780 45.9601 0.0397
165.7030 45.9556 0.0361
165.7280 45.9510 0.0347
165.7529 45.9465 0.0354
165.7779 45.9419 0.0374
165.8028 45.9373 0.0400
165.8278 45.9328 0.0420
165.8527 45.9282 0.0429
165.8776 45.9236 0.0425
165.9026 45.9190 0.0409
165.9275 45.9144 0.0398
165.9524 45.9098 0.0396
165.9773 45.9052 0.0397
166.0022 45.9006 0.0396
166.0271 45.8960 0.0375
166.0520 45.8914 0.0358
166.0769 45.8867 0.0362
166.1018 45.8821 0.0391
166.1267 45.8775 0.0442
166.1516 45.8728 0.0513
166.1765 45.8682 0.0601
166.2014 45.8635 0.0694
166.2263 45.8589 0.0775
166.2511 45.8542 0.0829
166.4748 45.8119 0.0649
166.4996 45.8072 0.0561
166.5244 45.8025 0.0468
166.5493 45.7978 0.0367
166.5741 45.7930 0.0254
166.5989 45.7883 0.0133
166.6237 45.7835 -0.0003
166.6485 45.7788 -0.0131
166.6733 45.7740 -0.0229
166.6981 45.7693 -0.0301
166.7229 45.7645 -0.0345
166.7477 45.7597 -0.0364
166.7725 45.7549 -0.0349
166.7972 45.7502 -0.0314
166.8220 45.7454 -0.0249
166.8468 45.7406 -0.0171
166.8715 45.7358 -0.0069
166.8963 45.7310 0.0035
166.9211 45.7262 0.0156
166.9458 45.7213 0.0295
166.9706 45.7165 0.0446
166.9953 45.7117 0.0599
167.0201 45.7069 0.0745
167.0448 45.7020 0.0865
167.0695 45.6972 0.0941
167.0943 45.6923 0.0960
167.1190 45.6875 0.0945
165.6346 45.9866 0.0554
165.6596 45.9821 0.0486
165.6846 45.9776 0.0429
165.7095 45.9730 0.0382
165.7345 45.9685 0.0361
165.7595 45.9639 0.0360
165.7844 45.9593 0.0375
165.8094 45.9548 0.0396
165.8343 45.9502 0.0409
165.8593 45.9456 0.0413
165.8842 45.9410 0.0405
165.9091 45.9364 0.0389
165.9341 45.9318 0.0384
165.9590 45.9272 0.0396
165.9839 45.9226 0.0410
166.0088 45.9180 0.0416
166.0338 45.9134 0.0402
166.0587 45.9088 0.0387
166.0836 45.9041 0.0395
166.1085 45.8995 0.0424
166.1334 45.8949 0.0478
166.1583 45.8902 0.0548
166.1832 45.8856 0.0633
166.2081 45.8809 0.0728
166.2329 45.8762 0.0812
166.2578 45.8716 0.0890
166.3821 45.8481 0.1200
166.4815 45.8293 0.0726
166.5064 45.8246 0.0655
166.5312 45.8199 0.0573
166.5560 45.8151 0.0484
166.5809 45.8104 0.0371
166.6057 45.8056 0.0251
166.6305 45.8009 0.0111
166.6553 45.7961 -0.0025
166.6801 45.7914 -0.0141
166.7049 45.7866 -0.0233
166.7297 45.7818 -0.0297
166.7545 45.7771 -0.0336
166.7793 45.7723 -0.0348
166.8041 45.7675 -0.0334
166.8289 45.7627 -0.0289
166.8536 45.7579 -0.0219
166.8784 45.7531 -0.0117
166.9032 45.7483 -0.0009
166.9279 45.7435 0.0113
166.9527 45.7387 0.0246
166.9775 45.7338 0.0397
167.0022 45.7290 0.0546
167.0270 45.7242 0.0691
167.0517 45.7193 0.0813
167.0764 45.7145 0.0908
167.1012 45.7096 0.0952
167.1259 45.7048 0.0955
165.6411 46.0041 0.0631
165.6661 45.9995 0.0550
165.6911 45.9950 0.0491
165.7161 45.9904 0.0436
165.7410 45.9859 0.0406
165.7660 45.9813 0.0399
165.7910 45.9767 0.0408
165.8159 45.9722 0.0425
165.8409 45.9676 0.0428
165.8658 45.9630 0.0418
165.8908 45.9584 0.0403
165.9157 45.9538 0.0387
165.9407 45.9492 0.0389
165.9656 45.9446 0.0407
165.9905 45.9400 0.0428
166.0155 45.9354 0.0444
166.0404 45.9308 0.0430
166.0653 45.9262 0.0416
166.0902 45.9215 0.0424
166.1151 45.9169 0.0457
166.1400 45.9122 0.0508
166.1649 45.9076 0.0574
166.1898 45.9029 0.0656
166.2147 45.8983 0.0746
166.2396 45.8936 0.0836
166.2645 45.8889 0.0911
166.4883 45.8467 0.0800
166.5131 45.8419 0.0743
166.5380 45.8372 0.0674
166.5628 45.8325 0.0593
166.5876 45.8277 0.0480
166.6125 45.8230 0.0357
166.6373 45.8182 0.0213
166.6621 45.8135 0.0075
166.6869 45.8087 -0.0052
166.7117 45.8040 -0.0155
166.7365 45.7992 -0.0236
166.7613 45.7944 -0.0295
166.7861 45.7896 -0.0328
166.8109 45.7848 -0.0336
166.8357 45.7800 -0.0308
166.8605 45.7752 -0.0246
166.8853 45.7704 -0.0148
166.9100 45.7656 -0.0039
166.9348 45.7608 0.0089
166.9596 45.7560 0.0225
166.9844 45.7512 0.0367
167.0091 45.7463 0.0507
167.0339 45.7415 0.0645
167.0586 45.7366 0.0769
167.0834 45.7318 0.0876
167.1081 45.7269 0.0942
167.1328 45.7221 0.0980
165.6477 46.0215 0.0725
165.6726 46.0170 0.0637
165.6976 46.0124 0.0575
165.7226 46.0079 0.0514
165.7476 46.0033 0.0477
165.7726 45.9987 0.0462
165.7975 45.9942 0.0464
165.8225 45.9896 0.0465
165.8475 45.9850 0.0452
165.8724 45.9804 0.0429
165.8974 45.9758 0.0408
165.9223 45.9712 0.0392
165.9473 45.9666 0.0397
165.9722 45.9620 0.0420
165.9972 45.9574 0.0446
166.0221 45.9528 0.0464
166.0470 45.9482 0.0454
166.0720 45.9435 0.0438
166.0969 45.9389 0.0442
166.1218 45.9343 0.0478
166.1467 45.9296 0.0529
166.1716 45.9250 0.0596
166.1965 45.9203 0.0670
166.2214 45.9157 0.0752
166.2463 45.9110 0.0833
166.2712 45.9063 0.0900
166.4950 45.8640 0.0877
166.5199 45.8593 0.0831
166.5447 45.8546 0.0771
166.5696 45.8498 0.0693
166.5944 45.8451 0.0581
166.6193 45.8403 0.0464
166.6441 45.8356 0.0324
166.6689 45.8308 0.0184
166.6937 45.8261 0.0051
166.7185 45.8213 -0.0061
166.7434 45.8165 -0.0154
166.7682 45.8117 -0.0229
166.7930 45.8070 -0.0281
166.8178 45.8022 -0.0308
166.8426 45.7974 -0.0298
166.8674 45.7926 -0.0249
166.8921 45.7878 -0.0157
166.9169 45.7829 -0.0049
166.9417 45.7781 0.0079
166.9665 45.7733 0.0209
166.9912 45.7685 0.0343
167.0160 45.7636 0.0467
167.0408 45.7588 0.0596
167.0655 45.7540 0.0718
167.0903 45.7491 0.0838
167.1150 45.7443 0.0925
167.1398 45.7394 0.0997
165.6542 46.0389 0.0796
165.6792 46.0344 0.0729
165.7042 46.0298 0.0661
165.7292 46.0253 0.0600
165.7542 46.0207 0.0560
165.7791 46.0162 0.0535
165.8041 46.0116 0.0521
165.8291 46.0070 0.0506
165.8541 46.0024 0.0478
165.8790 45.9978 0.0444
165.9040 45.9932 0.0413
165.9289 45.9886 0.0400
165.9539 45.9840 0.0405
165.9788 45.9794 0.0432
166.0038 45.9748 0.0459
166.0287 45.9702 0.0476
166.0537 45.9656 0.0463
166.0786 45.9609 0.0448
166.1035 45.9563 0.0457
166.1285 45.9517 0.0495
166.1534 45.9470 0.0551
166.1783 45.9424 0.0618
166.2032 45.9377 0.0685
166.2281 45.9330 0.0758
166.2530 45.9284 0.0825
166.2779 45.9237 0.0884
166.4023 45.9002 0.1380
166.5018 45.8814 0.0962
166.5267 45.8767 0.0922
166.5515 45.8719 0.0868
166.5764 45.8672 0.0790
166.6012 45.8624 0.0683
166.6261 45.8577 0.0567
166.6509 45.8529 0.0438
166.6757 45.8482 0.0301
166.7006 45.8434 0.0165
166.7254 45.8386 0.0047
166.7502 45.8339 -0.0056
166.7750 45.8291 -0.0145
166.7998 45.8243 -0.0214
166.8246 45.8195 -0.0255
166.8494 45.8147 -0.0259
166.8742 45.8099 -0.0225
166.8990 45.8051 -0.0144
166.9238 45.8003 -0.0038
166.9486 45.7955 0.0080
166.9734 45.7906 0.0203
166.9982 45.7858 0.0324
167.0229 45.7810 0.0439
167.0477 45.7761 0.0556
167.0725 45.7713 0.0679
167.0972 45.7664 0.0803
167.1220 45.7616 0.0904
167.1467 45.7567 0.1002
165.6607 46.0563 0.0857
165.6857 46.0518 0.0801
165.7107 46.0473 0.0747
165.7357 46.0427 0.0683
165.7607 46.0381 0.0631
165.7857 46.0336 0.0591
165.8107 46.0290 0.0563
165.8357 46.0244 0.0532
165.8606 46.0198 0.0493
165.8856 46.0152 0.0449
165.9106 46.0106 0.0413
165.9356 46.0060 0.0401
165.9605 46.0014 0.0408
165.9855 45.9968 0.0433
166.0104 45.9922 0.0461
166.0354 45.9876 0.0478
166.0603 45.9830 0.0466
166.0853 45.9783 0.0455
166.1102 45.9737 0.0471
166.1351 45.9691 0.0517
166.1600 45.9644 0.0578
166.1850 45.9597 0.0644
166.2099 45.9551 0.0706
166.2348 45.9504 0.0768
166.2597 45.9458 0.0827
166.2846 45.9411 0.0888
166.5086 45.8987 0.1059
166.5334 45.8940 0.1015
166.5583 45.8893 0.0954
166.5832 45.8845 0.0878
166.6080 45.8798 0.0778
166.6329 45.8750 0.0673
166.6577 45.8703 0.0551
166.6825 45.8655 0.0419
166.7074 45.8608 0.0284
166.7322 45.8560 0.0165
166.7570 45.8512 0.0056
166.7819 45.8464 -0.0038
166.8067 45.8416 -0.0121
166.8315 45.8368 -0.0179
166.8563 45.8320 -0.0203
166.8811 45.8272 -0.0180
166.9059 45.8224 -0.0117
166.9307 45.8176 -0.0026
166.9555 45.8128 0.0083
166.9803 45.8079 0.0194
167.0051 45.8031 0.0306
167.0298 45.7983 0.0411
167.0546 45.7934 0.0520
167.0794 45.7886 0.0636
167.1042 45.7837 0.0765
167.1289 45.7789 0.0873
167.1537 45.7740 0.0993
165.6672 46.0738 0.0896
165.6923 46.0692 0.0859
165.7173 46.0647 0.0803
165.7423 46.0601 0.0743
165.7673 46.0556 0.0692
165.7923 46.0510 0.0648
165.8173 46.0464 0.0605
165.8423 46.0418 0.0554
165.8672 46.0372 0.0500
165.8922 46.0327 0.0449
165.9172 46.0281 0.0410
165.9422 46.0235 0.0398
165.9671 46.0188 0.0409
165.9921 46.0142 0.0434
166.0171 46.0096 0.0457
166.0420 46.0050 0.0474
166.0670 46.0004 0.0468
166.0919 45.9957 0.0467
166.1168 45.9911 0.0492
166.1418 45.9864 0.0546
166.1667 45.9818 0.0608
166.1917 45.9771 0.0674
166.2166 45.9725 0.0732
166.2415 45.9678 0.0793
166.2664 45.9631 0.0848
166.2913 45.9585 0.0915
166.5154 45.9161 0.1119
166.5402 45.9114 0.1083
166.5651 45.9066 0.1026
166.5900 45.9019 0.0950
166.6148 45.8971 0.0862
166.6397 45.8924 0.0768
166.6645 45.8876 0.0661
166.6894 45.8829 0.0533
166.7142 45.8781 0.0403
166.7390 45.8733 0.0288
166.7639 45.8685 0.0182
166.7887 45.8638 0.0078
166.8135 45.8590 -0.0014
166.8384 45.8542 -0.0088
166.8632 45.8494 -0.0124
166.8880 45.8445 -0.0121
166.9128 45.8397 -0.0076
166.9376 45.8349 -0.0001
166.9624 45.8301 0.0094
166.9872 45.8253 0.0191
167.0120 45.8204 0.0290
167.0368 45.8156 0.0385
167.0615 45.8107 0.0488
167.0863 45.8059 0.0601
167.1111 45.8010 0.0728
167.1359 45.7962 0.0847
167.1606 45.7913 0.0956
165.6738 46.0912 0.0926
165.6988 46.0867 0.0897
165.7238 46.0821 0.0856
165.7488 46.0775 0.0806
165.7738 46.0730 0.0756
165.7988 46.0684 0.0703
165.8238 46.0638 0.0656
165.8488 46.0592 0.0589
165.8738 46.0547 0.0517
165.8988 46.0501 0.0454
165.9238 46.0455 0.0413
165.9488 46.0409 0.0400
165.9738 46.0362 0.0411
165.9987 46.0316 0.0433
166.0237 46.0270 0.0460
166.0487 46.0224 0.0477
166.0736 46.0178 0.0477
166.0986 46.0131 0.0487
166.1235 46.0085 0.0521
166.1485 46.0038 0.0578
166.1734 45.9992 0.0641
166.1983 45.9945 0.0704
166.2233 45.9899 0.0760
166.2482 45.9852 0.0819
166.2731 45.9805 0.0878
166.2980 45.9758 0.0952
166.5221 45.9335 0.1163
166.5470 45.9287 0.1121
166.5719 45.9240 0.1075
166.5968 45.9192 0.1014
166.6216 45.9145 0.0937
166.6465 45.9097 0.0860
166.6713 45.9050 0.0759
166.6962 45.9002 0.0644
166.7210 45.8954 0.0518
166.7459 45.8907 0.0408
166.7707 45.8859 0.0305
166.7956 45.8811 0.0200
166.8204 45.8763 0.0102
166.8452 45.8715 0.0024
166.8700 45.8667 -0.0028
166.8949 45.8619 -0.0047
166.9197 45.8571 -0.0025
166.9445 45.8522 0.0027
166.9693 45.8474 0.0099
166.9941 45.8426 0.0186
167.0189 45.8377 0.0276
167.0437 45.8329 0.0359
167.0685 45.8281 0.0457
167.0933 45.8232 0.0567
167.1180 45.8183 0.0699
167.1428 45.8135 0.0821
167.1676 45.8086 0.0956
165.6803 46.1086 0.0960
165.7054 46.1041 0.0939
165.7304 46.0995 0.0905
165.7554 46.0950 0.0868
165.7804 46.0904 0.0823
165.8054 46.0858 0.0767
165.8304 46.0812 0.0706
165.8554 46.0767 0.0630
165.8804 46.0721 0.0549
165.9054 46.0675 0.0476
165.9304 46.0629 0.0429
165.9554 46.0583 0.0410
165.9804 46.0536 0.0416
166.0054 46.0490 0.0438
166.0303 46.0444 0.0459
166.0553 46.0398 0.0476
166.0803 46.0352 0.0486
166.1052 46.0305 0.0511
166.1302 46.0259 0.0556
166.1551 46.0212 0.0613
166.1801 46.0166 0.0670
166.2050 46.0119 0.0727
166.2300 46.0072 0.0783
166.2549 46.0026 0.0844
166.2798 45.9979 0.0911
166.3048 45.9932 0.0992
166.4293 45.9697 0.1520
166.5289 45.9508 0.1181
166.5538 45.9461 0.1155
166.5787 45.9413 0.1120
166.6036 45.9366 0.1069
166.6284 45.9318 0.1012
166.6533 45.9271 0.0943
166.6782 45.9223 0.0853
166.7030 45.9176 0.0748
166.7279 45.9128 0.0634
166.7527 45.9080 0.0530
166.7776 45.9032 0.0430
166.8024 45.8984 0.0326
166.8273 45.8936 0.0223
166.8521 45.8888 0.0142
166.8769 45.8840 0.0079
166.9018 45.8792 0.0036
166.9266 45.8744 0.0028
166.9514 45.8696 0.0053
166.9762 45.8647 0.0105
167.0010 45.8599 0.0178
167.0258 45.8551 0.0258
167.0506 45.8502 0.0337
167.0754 45.8454 0.0430
167.1002 45.8405 0.0543
167.1250 45.8357 0.0685
167.1498 45.8308 0.0828
167.1745 45.8259 0.0967
165.6869 46.1260 0.1015
165.7119 46.1215 0.0992
165.7370 46.1169 0.0969
165.7620 46.1124 0.0932
165.7870 46.1078 0.0886
165.8120 46.1032 0.0826
165.8370 46.0986 0.0757
165.8620 46.0941 0.0678
165.8870 46.0895 0.0591
165.9120 46.0849 0.0511
165.9370 46.0803 0.0455
165.9620 46.0757 0.0430
165.9870 46.0711 0.0428
166.0120 46.0664 0.0437
166.0370 46.0618 0.0454
166.0620 46.0572 0.0477
166.0869 46.0525 0.0502
166.1119 46.0479 0.0541
166.1369 46.0433 0.0593
166.1618 46.0386 0.0645
166.1868 46.0339 0.0698
166.2117 46.0293 0.0752
166.2367 46.0246 0.0808
166.2616 46.0199 0.0869
166.2866 46.0153 0.0941
166.3115 46.0106 0.1027
166.5357 45.9682 0.1202
166.5606 45.9634 0.1178
166.5855 45.9587 0.1162
166.6104 45.9539 0.1126
166.6353 45.9492 0.1080
166.6601 45.9444 0.1025
166.6850 45.9397 0.0938
166.7099 45.9349 0.0843
166.7347 45.9301 0.0742
166.7596 45.9253 0.0643
166.7844 45.9205 0.0542
166.8093 45.9158 0.0440
166.8341 45.9110 0.0339
166.8590 45.9062 0.0255
166.8838 45.9013 0.0181
166.9086 45.8965 0.0124
166.9335 45.8917 0.0090
166.9583 45.8869 0.0084
166.9831 45.8821 0.0117
167.0079 45.8772 0.0175
167.0327 45.8724 0.0248
167.0576 45.8675 0.0324
167.0824 45.8627 0.0417
167.1071 45.8578 0.0535
167.1319 45.8530 0.0696
167.1567 45.8481 0.0852
167.1815 45.8432 0.1026
165.6934 46.1435 0.1054
165.7185 46.1389 0.1044
165.7435 46.1344 0.1028
165.7686 46.1298 0.0992
165.7936 46.1252 0.0943
165.8186 46.1206 0.0868
165.8436 46.1161 0.0798
165.8686 46.1115 0.0720
165.8937 46.1069 0.0638
165.9187 46.1023 0.0560
165.9437 46.0977 0.0497
165.9687 46.0931 0.0465
165.9937 46.0885 0.0452
166.0187 46.0838 0.0451
166.0436 46.0792 0.0461
166.0686 46.0746 0.0487
166.0936 46.0699 0.0522
166.1186 46.0653 0.0569
166.1436 46.0606 0.0626
166.1685 46.0560 0.0678
166.1935 46.0513 0.0728
166.2184 46.0467 0.0780
166.2434 46.0420 0.0833
166.2683 46.0373 0.0896
166.2933 46.0326 0.0969
166.3182 46.0280 0.1054
166.5425 45.9855 0.1227
166.5674 45.9808 0.1215
166.5923 45.9760 0.1205
166.6172 45.9713 0.1192
166.6421 45.9665 0.1153
166.6670 45.9618 0.1101
166.6918 45.9570 0.1023
166.7167 45.9522 0.0932
166.7416 45.9475 0.0842
166.7664 45.9427 0.0750
166.7913 45.9379 0.0660
166.8162 45.9331 0.0561
166.8410 45.9283 0.0460
166.8659 45.9235 0.0376
166.8907 45.9187 0.0297
166.9155 45.9139 0.0227
166.9404 45.9090 0.0166
166.9652 45.9042 0.0140
166.9900 45.8994 0.0151
167.0149 45.8945 0.0190
167.0397 45.8897 0.0252
167.0645 45.8848 0.0322
167.0893 45.8800 0.0419
167.1141 45.8751 0.0545
167.1389 45.8703 0.0716
167.1637 45.8654 0.0909
167.1885 45.8605 0.1109
165.7000 46.1609 0.1082
165.7251 46.1563 0.1084
165.7501 46.1518 0.1079
165.7751 46.1472 0.1049
165.8002 46.1426 0.0989
165.8252 46.1381 0.0907
165.8502 46.1335 0.0839
165.8753 46.1289 0.0764
165.9003 46.1243 0.0691
165.9253 46.1197 0.0616
165.9503 46.1151 0.0552
165.9753 46.1105 0.0512
166.0003 46.1059 0.0487
166.0253 46.1012 0.0476
166.0503 46.0966 0.0481
166.0753 46.0920 0.0504
166.1003 46.0873 0.0541
166.1253 46.0827 0.0591
166.1502 46.0780 0.0647
166.1752 46.0734 0.0703
166.2002 46.0687 0.0755
166.2252 46.0640 0.0807
166.2501 46.0594 0.0859
166.2751 46.0547 0.0918
166.3000 46.0500 0.0986
166.3250 46.0453 0.1068
166.4496 46.0218 0.1380
166.5493 46.0029 0.1258
166.5742 45.9981 0.1253
166.5991 45.9934 0.1255
166.6240 45.9886 0.1245
166.6489 45.9839 0.1221
166.6738 45.9791 0.1168
166.6987 45.9744 0.1095
166.7236 45.9696 0.1016
166.7484 45.9648 0.0934
166.7733 45.9600 0.0854
166.7982 45.9552 0.0769
166.8230 45.9504 0.0676
166.8479 45.9456 0.0580
166.8728 45.9408 0.0499
166.8976 45.9360 0.0418
166.9225 45.9312 0.0340
166.9473 45.9264 0.0271
166.9721 45.9215 0.0225
166.9970 45.9167 0.0208
167.0218 45.9119 0.0229
167.0466 45.9070 0.0278
167.0714 45.9022 0.0340
167.0963 45.8973 0.0433
167.1211 45.8924 0.0560
167.1459 45.8876 0.0734
167.1707 45.8827 0.0928
165.7066 46.1783 0.1111
165.7316 46.1738 0.1137
165.7567 46.1692 0.1143
165.7817 46.1646 0.1119
165.8068 46.1601 0.1055
165.8318 46.1555 0.0964
165.8568 46.1509 0.0893
165.8819 46.1463 0.0822
165.9069 46.1417 0.0748
165.9319 46.1371 0.0674
165.9569 46.1325 0.0607
165.9820 46.1279 0.0562
166.0070 46.1232 0.0534
166.0320 46.1186 0.0518
166.0570 46.1140 0.0516
166.0820 46.1094 0.0533
166.1070 46.1047 0.0567
166.1319 46.1001 0.0614
166.1569 46.0954 0.0671
166.1819 46.0908 0.0725
166.2069 46.0861 0.0776
166.2319 46.0814 0.0828
166.2568 46.0768 0.0879
166.2818 46.0721 0.0932
166.3068 46.0674 0.0995
166.3317 46.0627 0.1071
166.5561 46.0202 0.1300
166.5810 46.0155 0.1304
166.6059 46.0107 0.1314
166.6308 46.0060 0.1308
166.6557 46.0012 0.1279
166.6806 45.9965 0.1234
166.7055 45.9917 0.1168
166.7304 45.9869 0.1094
166.7553 45.9821 0.1021
166.7802 45.9773 0.0945
166.8051 45.9726 0.0862
166.8299 45.9678 0.0774
166.8548 45.9629 0.0686
166.8797 45.9581 0.0611
166.9045 45.9533 0.0535
166.9294 45.9485 0.0452
166.9542 45.9437 0.0376
166.9791 45.9388 0.0316
167.0039 45.9340 0.0287
167.0287 45.9292 0.0288
167.0536 45.9243 0.0319
167.0784 45.9195 0.0372
167.1032 45.9146 0.0460
167.1280 45.9097 0.0586
167.1528 45.9049 0.0744
167.1777 45.9000 0.0919
167.2025 45.8951 0.1151
165.7131 46.1957 0.1147
165.7382 46.1912 0.1184
165.7633 46.1866 0.1211
165.7883 46.1820 0.1192
165.8134 46.1775 0.1132
165.8384 46.1729 0.1042
165.8635 46.1683 0.0976
165.8885 46.1637 0.0900
165.9135 46.1591 0.0820
165.9386 46.1545 0.0736
165.9636 46.1499 0.0666
165.9886 46.1453 0.0618
166.0136 46.1406 0.0585
166.0386 46.1360 0.0565
166.0636 46.1314 0.0556
166.0886 46.1268 0.0567
166.1136 46.1221 0.0595
166.1386 46.1175 0.0633
166.1636 46.1128 0.0681
166.1886 46.1081 0.0731
166.2136 46.1035 0.0782
166.2386 46.0988 0.0834
166.2636 46.0941 0.0882
166.2885 46.0895 0.0932
166.3135 46.0848 0.0990
166.3385 46.0801 0.1067
166.5629 46.0376 0.1362
166.5878 46.0329 0.1375
166.6128 46.0281 0.1390
166.6377 46.0233 0.1375
166.6626 46.0186 0.1334
166.6875 46.0138 0.1290
166.7124 46.0090 0.1242
166.7373 46.0043 0.1175
166.7622 45.9995 0.1102
166.7871 45.9947 0.1029
166.8119 45.9899 0.0953
166.8368 45.9851 0.0872
166.8617 45.9803 0.0789
166.8866 45.9755 0.0716
166.9114 45.9706 0.0636
166.9363 45.9658 0.0556
166.9611 45.9610 0.0472
166.9860 45.9562 0.0403
167.0108 45.9513 0.0362
167.0357 45.9465 0.0350
167.0605 45.9416 0.0369
167.0853 45.9368 0.0415
167.1102 45.9319 0.0490
167.1350 45.9270 0.0598
167.1598 45.9222 0.0740
167.1846 45.9173 0.0900
167.2095 45.9124 0.1080
165.7197 46.2132 0.1162
165.7448 46.2086 0.1221
165.7698 46.2040 0.1251
165.7949 46.1995 0.1239
165.8200 46.1949 0.1202
165.8450 46.1903 0.1131
165.8701 46.1857 0.1063
165.8951 46.1811 0.0984
165.9202 46.1765 0.0900
165.9452 46.1719 0.0803
165.9702 46.1673 0.0726
165.9953 46.1627 0.0673
166.0203 46.1580 0.0636
166.0453 46.1534 0.0613
166.0703 46.1488 0.0600
166.0953 46.1441 0.0605
166.1203 46.1395 0.0620
166.1453 46.1348 0.0646
166.1703 46.1302 0.0685
166.1953 46.1255 0.0728
166.2203 46.1209 0.0774
166.2453 46.1162 0.0827
166.2703 46.1115 0.0874
166.2953 46.1068 0.0926
166.3202 46.1021 0.0985
166.3452 46.0974 0.1058
166.5697 46.0550 0.1409
166.5947 46.0502 0.1436
166.6196 46.0454 0.1445
166.6445 46.0407 0.1423
166.6694 46.0359 0.1386
166.6943 46.0312 0.1346
166.7192 46.0264 0.1314
166.7441 46.0216 0.1262
166.7690 46.0168 0.1190
166.7939 46.0120 0.1121
166.8188 46.0072 0.1048
166.8437 46.0024 0.0961
166.8686 45.9976 0.0880
166.8935 45.9928 0.0803
166.9183 45.9880 0.0722
166.9432 45.9831 0.0637
166.9681 45.9783 0.0552
166.9929 45.9735 0.0478
167.0178 45.9686 0.0434
167.0426 45.9638 0.0413
167.0675 45.9589 0.0424
167.0923 45.9541 0.0459
167.1171 45.9492 0.0527
167.1420 45.9444 0.0626
167.1668 45.9395 0.0754
167.1916 45.9346 0.0889
167.2164 45.9297 0.1047
165.7263 46.2306 0.1173
165.7514 46.2260 0.1228
165.7764 46.2214 0.1256
165.8015 46.2169 0.1260
165.8266 46.2123 0.1246
165.8516 46.2077 0.1202
165.8767 46.2031 0.1147
165.9017 46.1985 0.1077
165.9268 46.1939 0.0989
165.9518 46.1893 0.0885
165.9769 46.1847 0.0799
166.0019 46.1801 0.0740
166.0269 46.1754 0.0701
166.0520 46.1708 0.0673
166.0770 46.1662 0.0655
166.1020 46.1615 0.0648
166.1270 46.1569 0.0647
166.1520 46.1522 0.0661
166.1770 46.1476 0.0685
166.2020 46.1429 0.0720
166.2270 46.1382 0.0762
166.2520 46.1336 0.0815
166.2770 46.1289 0.0865
166.3020 46.1242 0.0920
166.3270 46.1195 0.0982
166.3520 46.1148 0.1063
166.4768 46.0913 0.1590
166.5766 46.0723 0.1444
166.6015 46.0676 0.1464
166.6264 46.0628 0.1476
166.6514 46.0580 0.1466
166.6763 46.0533 0.1435
166.7012 46.0485 0.1408
166.7261 46.0437 0.1388
166.7510 46.0389 0.1350
166.7759 46.0341 0.1287
166.8008 46.0294 0.1220
166.8257 46.0246 0.1151
166.8506 46.0197 0.1065
166.8755 46.0149 0.0975
166.9004 46.0101 0.0891
166.9253 46.0053 0.0802
166.9501 46.0005 0.0717
166.9750 45.9956 0.0634
166.9999 45.9908 0.0562
167.0247 45.9860 0.0511
167.0496 45.9811 0.0485
167.0744 45.9763 0.0487
167.0993 45.9714 0.0512
167.1241 45.9665 0.0567
167.1490 45.9617 0.0653
167.1738 45.9568 0.0769
167.1986 45.9519 0.0887
167.2234 45.9470 0.1028
165.7329 46.2480 0.1161
165.7580 46.2434 0.1213
165.7830 46.2389 0.1250
165.8081 46.2343 0.1277
165.8332 46.2297 0.1283
165.8583 46.2251 0.1264
165.8833 46.2205 0.1233
165.9084 46.2159 0.1170
165.9334 46.2113 0.1082
165.9585 46.2067 0.0980
165.9835 46.2021 0.0889
166.0086 46.1975 0.0826
166.0336 46.1928 0.0784
166.0587 46.1882 0.0749
166.0837 46.1836 0.0720
166.1087 46.1789 0.0698
166.1337 46.1743 0.0681
166.1587 46.1696 0.0677
166.1838 46.1650 0.0687
166.2088 46.1603 0.0717
166.2338 46.1556 0.0759
166.2588 46.1509 0.0810
166.2838 46.1463 0.0864
166.3088 46.1416 0.0922
166.3337 46.1369 0.0987
166.3587 46.1322 0.1070
166.5834 46.0897 0.1446
166.6083 46.0849 0.1470
166.6333 46.0801 0.1488
166.6582 46.0754 0.1489
166.6831 46.0706 0.1484
166.7081 46.0658 0.1480
166.7330 46.0611 0.1469
166.7579 46.0563 0.1441
166.7828 46.0515 0.1382
166.8077 46.0467 0.1314
166.8326 46.0419 0.1241
166.8575 46.0371 0.1158
166.8824 46.0323 0.1069
166.9073 46.0274 0.0978
166.9322 46.0226 0.0886
166.9571 46.0178 0.0802
166.9819 46.0130 0.0717
167.0068 46.0081 0.0645
167.0317 46.0033 0.0589
167.0565 45.9984 0.0555
167.0814 45.9936 0.0543
167.1062 45.9887 0.0555
167.1311 45.9838 0.0601
167.1559 45.9790 0.0673
167.1808 45.9741 0.0774
167.2056 45.9692 0.0883
167.2305 45.9643 0.1003
165.7395 46.2654 0.1126
165.7646 46.2609 0.1188
165.7896 46.2563 0.1241
165.8147 46.2517 0.1289
165.8398 46.2471 0.1317
165.8649 46.2425 0.1322
165.8900 46.2379 0.1306
165.9150 46.2333 0.1252
165.9401 46.2287 0.1175
165.9651 46.2241 0.1079
165.9902 46.2195 0.0994
166.0152 46.2149 0.0929
166.0403 46.2102 0.0880
166.0653 46.2056 0.0835
166.0904 46.2010 0.0794
166.1154 46.1963 0.0753
166.1404 46.1917 0.0718
166.1655 46.1870 0.0695
166.1905 46.1823 0.0694
166.2155 46.1777 0.0719
166.2405 46.1730 0.0763
166.2655 46.1683 0.0815
166.2905 46.1636 0.0868
166.3155 46.1590 0.0926
166.3405 46.1543 0.0993
166.3655 46.1496 0.1080
166.5902 46.1070 0.1439
166.6152 46.1023 0.1473
166.6401 46.0975 0.1497
166.6651 46.0927 0.1516
166.6900 46.0880 0.1527
166.7149 46.0832 0.1539
166.7398 46.0784 0.1543
166.7648 46.0736 0.1522
166.7897 46.0688 0.1467
166.8146 46.0640 0.1395
166.8395 46.0592 0.1313
166.8644 46.0544 0.1237
166.8893 46.0496 0.1151
166.9142 46.0448 0.1068
166.9391 46.0399 0.0977
166.9640 46.0351 0.0896
166.9889 46.0303 0.0812
167.0138 46.0254 0.0735
167.0386 46.0206 0.0667
167.0635 46.0157 0.0619
167.0884 46.0109 0.0592
167.1132 46.0060 0.0587
167.1381 46.0011 0.0614
167.1629 45.9963 0.0673
167.1878 45.9914 0.0758
167.2126 45.9865 0.0848
167.2375 45.9816 0.0949
165.7461 46.2828 0.1085
165.7712 46.2783 0.1160
165.7963 46.2737 0.1234
165.8213 46.2691 0.1295
165.8464 46.2645 0.1347
165.8715 46.2599 0.1371
165.8966 46.2553 0.1375
165.9217 46.2507 0.1335
165.9467 46.2461 0.1269
165.9718 46.2415 0.1186
165.9969 46.2369 0.1102
166.0219 46.2323 0.1040
166.0470 46.2276 0.0987
166.0720 46.2230 0.0935
166.0971 46.2184 0.0884
166.1221 46.2137 0.0830
166.1471 46.2091 0.0776
166.1722 46.2044 0.0740
166.1972 46.1997 0.0728
166.2222 46.1951 0.0745
166.2472 46.1904 0.0780
166.2723 46.1857 0.0823
166.2973 46.1810 0.0873
166.3223 46.1763 0.0932
166.3473 46.1716 0.1000
166.3723 46.1669 0.1086
166.4972 46.1433 0.1740
166.5971 46.1244 0.1435
166.6220 46.1196 0.1467
166.6470 46.1148 0.1501
166.6719 46.1101 0.1518
166.6969 46.1053 0.1538
166.7218 46.1005 0.1560
166.7467 46.0957 0.1583
166.7717 46.0909 0.1571
166.7966 46.0862 0.1528
166.8215 46.0814 0.1466
166.8464 46.0765 0.1390
166.8713 46.0717 0.1314
166.8962 46.0669 0.1245
166.9211 46.0621 0.1165
166.9460 46.0573 0.1085
166.9709 46.0524 0.1009
166.9958 46.0476 0.0919
167.0207 46.0427 0.0832
167.0456 46.0379 0.0756
167.0705 46.0330 0.0688
167.0953 46.0282 0.0643
167.1202 46.0233 0.0620
167.1451 46.0184 0.0627
167.1699 46.0136 0.0661
167.1948 46.0087 0.0725
167.2196 46.0038 0.0800
167.2445 45.9989 0.0884
165.7527 46.3003 0.1028
165.7778 46.2957 0.1116
165.8029 46.2911 0.1209
165.8280 46.2865 0.1291
165.8531 46.2819 0.1358
165.8782 46.2773 0.1400
165.9032 46.2727 0.1420
165.9283 46.2681 0.1401
165.9534 46.2635 0.1363
165.9785 46.2589 0.1286
166.0035 46.2543 0.1213
166.0286 46.2497 0.1150
166.0537 46.2450 0.1096
166.0787 46.2404 0.1037
166.1038 46.2357 0.0981
166.1288 46.2311 0.0916
166.1539 46.2264 0.0847
166.1789 46.2218 0.0802
166.2039 46.2171 0.0780
166.2290 46.2124 0.0781
166.2540 46.2078 0.0800
166.2790 46.2031 0.0831
166.3040 46.1984 0.0874
166.3290 46.1937 0.0935
166.3540 46.1890 0.1004
166.3791 46.1843 0.1090
166.6039 46.1417 0.1421
166.6289 46.1370 0.1454
166.6538 46.1322 0.1486
166.6788 46.1274 0.1506
166.7037 46.1226 0.1532
166.7287 46.1179 0.1564
166.7536 46.1131 0.1588
166.7785 46.1083 0.1594
166.8035 46.1035 0.1568
166.8284 46.0987 0.1518
166.8533 46.0939 0.1452
166.8782 46.0891 0.1389
166.9032 46.0842 0.1335
166.9281 46.0794 0.1269
166.9530 46.0746 0.1199
166.9779 46.0698 0.1122
167.0028 46.0649 0.1033
167.0277 46.0601 0.0937
167.0526 46.0552 0.0843
167.0774 46.0504 0.0762
167.1023 46.0455 0.0699
167.1272 46.0406 0.0658
167.1521 46.0358 0.0642
167.1769 46.0309 0.0652
167.2018 46.0260 0.0699
167.2267 46.0211 0.0762
167.2515 46.0162 0.0837
165.7593 46.3177 0.0955
165.7844 46.3131 0.1057
165.8095 46.3085 0.1174
165.8346 46.3039 0.1279
165.8597 46.2993 0.1362
165.8848 46.2948 0.1417
165.9099 46.2902 0.1466
165.9350 46.2855 0.1463
165.9601 46.2809 0.1436
165.9851 46.2763 0.1376
166.0102 46.2717 0.1302
166.0353 46.2671 0.1245
166.0603 46.2624 0.1191
166.0854 46.2578 0.1134
166.1105 46.2531 0.1070
166.1355 46.2485 0.0998
166.1606 46.2438 0.0925
166.1856 46.2392 0.0875
166.2107 46.2345 0.0840
166.2357 46.2298 0.0825
166.2607 46.2251 0.0825
166.2858 46.2205 0.0846
166.3108 46.2158 0.0887
166.3358 46.2111 0.0947
166.3608 46.2064 0.1015
166.3858 46.2017 0.1092
166.6107 46.1591 0.1410
166.6357 46.1543 0.1437
166.6607 46.1495 0.1471
166.6856 46.1448 0.1495
166.7106 46.1400 0.1528
166.7356 46.1352 0.1574
166.7605 46.1304 0.1601
166.7854 46.1256 0.1616
166.8104 46.1208 0.1603
166.8353 46.1160 0.1564
166.8602 46.1112 0.1522
166.8852 46.1064 0.1476
166.9101 46.1016 0.1428
166.9350 46.0967 0.1374
166.9599 46.0919 0.1304
166.9848 46.0871 0.1226
167.0097 46.0822 0.1132
167.0346 46.0774 0.1031
167.0595 46.0725 0.0927
167.0844 46.0677 0.0832
167.1093 46.0628 0.0756
167.1342 46.0579 0.0699
167.1591 46.0531 0.0668
167.1839 46.0482 0.0665
167.2088 46.0433 0.0691
167.2337 46.0384 0.0744
167.2585 46.0335 0.0808
165.7659 46.3351 0.0863
165.7910 46.3305 0.0981
165.8161 46.3259 0.1124
165.8412 46.3214 0.1252
165.8663 46.3168 0.1346
165.8914 46.3122 0.1425
165.9165 46.3076 0.1491
165.9416 46.3029 0.1497
165.9667 46.2983 0.1482
165.9918 46.2937 0.1440
166.0169 46.2891 0.1377
166.0420 46.2845 0.1319
166.0670 46.2798 0.1271
166.0921 46.2752 0.1211
166.1172 46.2705 0.1146
166.1422 46.2659 0.1064
166.1673 46.2612 0.0994
166.1924 46.2565 0.0938
166.2174 46.2519 0.0892
166.2424 46.2472 0.0859
166.2675 46.2425 0.0847
166.2925 46.2378 0.0865
166.3176 46.2331 0.0910
166.3426 46.2284 0.0970
166.3676 46.2237 0.1030
166.3926 46.2190 0.1098
166.6176 46.1764 0.1394
166.6426 46.1716 0.1426
166.6675 46.1669 0.1449
166.6925 46.1621 0.1487
166.7175 46.1573 0.1536
166.7424 46.1525 0.1585
166.7674 46.1477 0.1621
166.7923 46.1430 0.1635
166.8173 46.1382 0.1627
166.8422 46.1333 0.1606
166.8672 46.1285 0.1587
166.8921 46.1237 0.1561
166.9170 46.1189 0.1525
166.9420 46.1141 0.1482
166.9669 46.1092 0.1416
166.9918 46.1044 0.1324
167.0167 46.0995 0.1223
167.0416 46.0947 0.1115
167.0665 46.0898 0.1005
167.0914 46.0850 0.0901
167.1163 46.0801 0.0817
167.1412 46.0752 0.0746
167.1661 46.0704 0.0703
167.1910 46.0655 0.0689
167.2158 46.0606 0.0706
167.2407 46.0557 0.0743
167.2656 46.0508 0.0800
165.7725 46.3525 0.0798
165.7976 46.3479 0.0926
165.8227 46.3434 0.1083
165.8479 46.3388 0.1214
165.8730 46.3342 0.1322
165.8981 46.3296 0.1414
165.9232 46.3250 0.1493
165.9483 46.3203 0.1509
165.9734 46.3157 0.1500
165.9985 46.3111 0.1475
166.0236 46.3065 0.1434
166.0487 46.3018 0.1389
166.0737 46.2972 0.1342
166.0988 46.2926 0.1281
166.1239 46.2879 0.1208
166.1490 46.2833 0.1129
166.1740 46.2786 0.1050
166.1991 46.2739 0.0985
166.2241 46.2693 0.0921
166.2492 46.2646 0.0882
166.2742 46.2599 0.0870
166.2993 46.2552 0.0891
166.3243 46.2505 0.0942
166.3494 46.2458 0.1004
166.3744 46.2411 0.1058
166.3994 46.2364 0.1111
166.5245 46.2128 0.1790
166.6245 46.1938 0.1395
166.6494 46.1890 0.1420
166.6744 46.1842 0.1451
166.6994 46.1794 0.1495
166.7244 46.1747 0.1567
166.7493 46.1699 0.1615
166.7743 46.1651 0.1646
166.7992 46.1603 0.1650
166.8242 46.1555 0.1647
166.8491 46.1507 0.1646
166.8741 46.1459 0.1648
166.8990 46.1410 0.1641
166.9240 46.1362 0.1619
166.9489 46.1314 0.1583
166.9738 46.1265 0.1512
166.9987 46.1217 0.1422
167.0237 46.1169 0.1308
167.0486 46.1120 0.1193
167.0735 46.1071 0.1082
167.0984 46.1023 0.0968
167.1233 46.0974 0.0878
167.1482 46.0925 0.0802
167.1731 46.0877 0.0753
167.1980 46.0828 0.0728
167.2229 46.0779 0.0734
167.2477 46.0730 0.0754
167.2726 46.0681 0.0799
165.7791 46.3699 0.0757
165.8042 46.3654 0.0875
165.8294 46.3608 0.1031
165.8545 46.3562 0.1165
165.8796 46.3516 0.1282
165.9047 46.3470 0.1375
165.9299 46.3424 0.1460
165.9550 46.3378 0.1501
165.9801 46.3331 0.1515
166.0052 46.3285 0.1504
166.0303 46.3239 0.1486
166.0554 46.3192 0.1454
166.0805 46.3146 0.1410
166.1055 46.3100 0.1349
166.1306 46.3053 0.1277
166.1557 46.3006 0.1186
166.1808 46.2960 0.1100
166.2058 46.2913 0.1023
166.2309 46.2866 0.0952
166.2560 46.2820 0.0903
166.2810 46.2773 0.0895
166.3061 46.2726 0.0926
166.3311 46.2679 0.0979
166.3561 46.2632 0.1037
166.3812 46.2585 0.1085
166.4062 46.2538 0.1132
166.6313 46.2111 0.1396
166.6563 46.2063 0.1428
166.6813 46.2016 0.1463
166.7063 46.1968 0.1521
166.7313 46.1920 0.1597
166.7562 46.1872 0.1643
166.7812 46.1824 0.1662
166.8062 46.1776 0.1666
166.8311 46.1728 0.1667
166.8561 46.1680 0.1679
166.8810 46.1632 0.1695
166.9060 46.1584 0.1707
166.9309 46.1535 0.1697
166.9559 46.1487 0.1664
166.9808 46.1439 0.1600
167.0057 46.1390 0.1506
167.0306 46.1342 0.1390
167.0556 46.1293 0.1270
167.0805 46.1245 0.1159
167.1054 46.1196 0.1048
167.1303 46.1147 0.0952
167.1552 46.1098 0.0878
167.1801 46.1050 0.0825
167.2050 46.1001 0.0792
167.2299 46.0952 0.0785
167.2548 46.0903 0.0786
167.2796 46.0854 0.0802
165.7857 46.3873 0.0739
165.8109 46.3828 0.0849
165.8360 46.3782 0.0988
165.8611 46.3736 0.1117
165.8863 46.3690 0.1231
165.9114 46.3644 0.1332
165.9365 46.3598 0.1420
165.9616 46.3552 0.1480
165.9868 46.3505 0.1520
166.0119 46.3459 0.1537
166.0370 46.3413 0.1534
166.0621 46.3366 0.1516
166.0872 46.3320 0.1477
166.1123 46.3273 0.1413
166.1373 46.3227 0.1338
166.1624 46.3180 0.1258
166.1875 46.3134 0.1158
166.2126 46.3087 0.1061
166.2376 46.3040 0.0983
166.2627 46.2993 0.0932
166.2878 46.2947 0.0930
166.3128 46.2900 0.0964
166.3379 46.2853 0.1018
166.3629 46.2806 0.1068
166.3880 46.2758 0.1109
166.4130 46.2711 0.1148
166.6382 46.2285 0.1399
166.6632 46.2237 0.1432
166.6882 46.2189 0.1481
166.7132 46.2141 0.1543
166.7381 46.2093 0.1619
166.7631 46.2046 0.1658
166.7881 46.1998 0.1672
166.8131 46.1950 0.1677
166.8380 46.1901 0.1687
166.8630 46.1853 0.1703
166.8880 46.1805 0.1731
166.9129 46.1757 0.1752
166.9379 46.1709 0.1751
166.9628 46.1660 0.1731
166.9878 46.1612 0.1666
167.0127 46.1563 0.1578
167.0376 46.1515 0.1465
167.0625 46.1466 0.1352
167.0875 46.1418 0.1247
167.1124 46.1369 0.1135
167.1373 46.1320 0.1039
167.1622 46.1271 0.0958
167.1871 46.1223 0.0903
167.2120 46.1174 0.0862
167.2369 46.1125 0.0839
167.2618 46.1076 0.0821
167.2867 46.1027 0.0830
165.7924 46.4048 0.0716
165.8175 46.4002 0.0819
165.8427 46.3956 0.0937
165.8678 46.3910 0.1055
165.8929 46.3864 0.1169
165.9181 46.3818 0.1278
165.9432 46.3772 0.1376
165.9683 46.3726 0.1460
165.9934 46.3679 0.1524
166.0186 46.3633 0.1563
166.0437 46.3587 0.1572
166.0688 46.3540 0.1559
166.0939 46.3494 0.1528
166.1190 46.3447 0.1463
166.1441 46.3401 0.1390
166.1692 46.3354 0.1307
166.1942 46.3308 0.1206
166.2193 46.3261 0.1101
166.2444 46.3214 0.1016
166.2695 46.3167 0.0968
166.2945 46.3120 0.0965
166.3196 46.3073 0.0995
166.3447 46.3026 0.1042
166.3697 46.2979 0.1086
166.3948 46.2932 0.1121
166.4198 46.2885 0.1154
166.5450 46.2648 0.1860
166.6451 46.2458 0.1400
166.6701 46.2410 0.1433
166.6951 46.2363 0.1491
166.7201 46.2315 0.1563
166.7451 46.2267 0.1633
166.7700 46.2219 0.1667
166.7950 46.2171 0.1686
166.8200 46.2123 0.1696
166.8450 46.2075 0.1712
166.8699 46.2027 0.1731
166.8949 46.1978 0.1757
166.9199 46.1930 0.1780
166.9448 46.1882 0.1777
166.9698 46.1833 0.1764
166.9947 46.1785 0.1716
167.0197 46.1737 0.1639
167.0446 46.1688 0.1540
167.0695 46.1639 0.1438
167.0945 46.1591 0.1328
167.1194 46.1542 0.1221
167.1443 46.1493 0.1127
167.1692 46.1445 0.1049
167.1941 46.1396 0.0982
167.2191 46.1347 0.0939
167.2440 46.1298 0.0906
167.2689 46.1249 0.0883
167.2937 46.1200 0.0881
165.7990 46.4222 0.0682
165.8242 46.4176 0.0774
165.8493 46.4130 0.0871
165.8745 46.4084 0.0985
165.8996 46.4038 0.1096
165.9247 46.3992 0.1211
165.9499 46.3946 0.1324
165.9750 46.3900 0.1416
166.0001 46.3853 0.1498
166.0253 46.3807 0.1558
166.0504 46.3761 0.1585
166.0755 46.3714 0.1582
166.1006 46.3668 0.1555
166.1257 46.3621 0.1503
166.1508 46.3575 0.1433
166.1759 46.3528 0.1350
166.2010 46.3481 0.1253
166.2261 46.3435 0.1151
166.2512 46.3388 0.1060
166.2763 46.3341 0.1010
166.3013 46.3294 0.1002
166.3264 46.3247 0.1020
166.3515 46.3200 0.1057
166.3765 46.3153 0.1093
166.4016 46.3106 0.1122
166.4266 46.3059 0.1149
166.6519 46.2631 0.1390
166.6769 46.2584 0.1429
166.7020 46.2536 0.1497
166.7270 46.2488 0.1572
166.7520 46.2440 0.1637
166.7770 46.2392 0.1679
166.8019 46.2344 0.1710
166.8269 46.2296 0.1727
166.8519 46.2248 0.1744
166.8769 46.2200 0.1762
166.9019 46.2152 0.1781
166.9268 46.2103 0.1797
166.9518 46.2055 0.1793
166.9767 46.2007 0.1782
167.0017 46.1958 0.1753
167.0266 46.1910 0.1692
167.0516 46.1861 0.1607
167.0765 46.1813 0.1510
167.1015 46.1764 0.1408
167.1264 46.1715 0.1299
167.1513 46.1666 0.1208
167.1763 46.1618 0.1134
167.2012 46.1569 0.1077
167.2261 46.1520 0.1024
167.2510 46.1471 0.0990
167.2759 46.1422 0.0962
167.3008 46.1373 0.0957
165.8056 46.4396 0.0647
165.8308 46.4350 0.0720
165.8560 46.4304 0.0803
165.8811 46.4258 0.0908
165.9063 46.4212 0.1017
165.9314 46.4166 0.1140
165.9566 46.4120 0.1258
165.9817 46.4074 0.1365
166.0068 46.4027 0.1465
166.0320 46.3981 0.1541
166.0571 46.3935 0.1577
166.0822 46.3888 0.1583
166.1073 46.3842 0.1567
166.1324 46.3795 0.1521
166.1575 46.3749 0.1462
166.1827 46.3702 0.1389
166.2078 46.3655 0.1297
166.2328 46.3608 0.1200
166.2579 46.3562 0.1110
166.2830 46.3515 0.1056
166.3081 46.3468 0.1032
166.3332 46.3421 0.1040
166.3583 46.3374 0.1061
166.3833 46.3327 0.1087
166.4084 46.3279 0.1107
166.4335 46.3232 0.1125
166.6588 46.2805 0.1387
166.6838 46.2757 0.1430
166.7089 46.2709 0.1505
166.7339 46.2661 0.1587
166.7589 46.2614 0.1652
166.7839 46.2566 0.1699
166.8089 46.2518 0.1733
166.8339 46.2469 0.1755
166.8588 46.2421 0.1776
166.8838 46.2373 0.1792
166.9088 46.2325 0.1804
166.9338 46.2277 0.1812
166.9588 46.2228 0.1809
166.9837 46.2180 0.1804
167.0087 46.2131 0.1784
167.0336 46.2083 0.1740
167.0586 46.2034 0.1665
167.0835 46.1986 0.1575
167.1085 46.1937 0.1477
167.1334 46.1888 0.1369
167.1584 46.1839 0.1281
167.1833 46.1791 0.1218
167.2082 46.1742 0.1161
167.2331 46.1693 0.1114
167.2581 46.1644 0.1078
167.2830 46.1595 0.1046
167.3079 46.1545 0.1031
165.8123 46.4570 0.0628
165.8375 46.4524 0.0672
165.8626 46.4478 0.0735
165.8878 46.4432 0.0830
165.9129 46.4386 0.0934
165.9381 46.4340 0.1060
165.9632 46.4294 0.1182
165.9884 46.4248 0.1306
166.0135 46.4201 0.1426
166.0387 46.4155 0.1510
166.0638 46.4109 0.1562
166.0889 46.4062 0.1573
166.1141 46.4016 0.1568
166.1392 46.3969 0.1532
166.1643 46.3922 0.1476
166.1894 46.3876 0.1412
166.2145 46.3829 0.1326
166.2396 46.3782 0.1237
166.2647 46.3735 0.1152
166.2898 46.3688 0.1092
166.3149 46.3641 0.1060
166.3400 46.3594 0.1051
166.3651 46.3547 0.1057
166.3901 46.3500 0.1070
166.4152 46.3453 0.1080
166.4403 46.3406 0.1092
166.6657 46.2978 0.1387
166.6907 46.2931 0.1434
166.7158 46.2883 0.1516
166.7408 46.2835 0.1605
166.7658 46.2787 0.1674
166.7908 46.2739 0.1725
166.8158 46.2691 0.1759
166.8408 46.2643 0.1788
166.8658 46.2595 0.1810
166.8908 46.2546 0.1826
166.9158 46.2498 0.1838
166.9407 46.2450 0.1841
166.9657 46.2401 0.1839
166.9907 46.2353 0.1843
167.0157 46.2304 0.1831
167.0406 46.2256 0.1787
167.0656 46.2207 0.1720
167.0905 46.2159 0.1625
167.1155 46.2110 0.1533
167.1404 46.2061 0.1436
167.1654 46.2012 0.1350
167.1903 46.1964 0.1295
167.2153 46.1915 0.1245
167.2402 46.1866 0.1195
167.2651 46.1817 0.1159
167.2900 46.1768 0.1125
167.3149 46.1718 0.1109
165.8189 46.4744 0.0628
165.8441 46.4698 0.0639
165.8693 46.4652 0.0679
165.8945 46.4606 0.0756
165.9196 46.4560 0.0853
165.9448 46.4514 0.0977
165.9699 46.4468 0.1115
165.9951 46.4422 0.1258
166.0202 46.4375 0.1388
166.0454 46.4329 0.1482
166.0705 46.4282 0.1539
166.0957 46.4236 0.1565
166.1208 46.4189 0.1567
166.1459 46.4143 0.1537
166.1710 46.4096 0.1489
166.1962 46.4050 0.1427
166.2213 46.4003 0.1354
166.2464 46.3956 0.1271
166.2715 46.3909 0.1192
166.2966 46.3862 0.1125
166.3217 46.3815 0.1082
166.3468 46.3768 0.1058
166.3719 46.3721 0.1047
166.3970 46.3674 0.1046
166.4220 46.3627 0.1045
166.4471 46.3580 0.1058
166.5724 46.3342 0.1700
166.6726 46.3152 0.1381
166.6976 46.3104 0.1438
166.7227 46.3056 0.1520
166.7477 46.3008 0.1612
166.7727 46.2960 0.1687
166.7977 46.2912 0.1742
166.8227 46.2864 0.1780
166.8477 46.2816 0.1804
166.8727 46.2768 0.1831
166.8977 46.2720 0.1848
166.9227 46.2671 0.1860
166.9477 46.2623 0.1868
166.9727 46.2575 0.1869
166.9977 46.2526 0.1874
167.0227 46.2478 0.1862
167.0476 46.2429 0.1821
167.0726 46.2380 0.1759
167.0976 46.2332 0.1672
167.1225 46.2283 0.1581
167.1475 46.2234 0.1498
167.1724 46.2185 0.1417
167.1974 46.2137 0.1362
167.2223 46.2088 0.1315
167.2472 46.2039 0.1267
167.2722 46.1990 0.1225
167.2971 46.1940 0.1197
167.3220 46.1891 0.1178
165.8256 46.4918 0.0663
165.8508 46.4872 0.0645
165.8760 46.4826 0.0661
165.9011 46.4780 0.0714
165.9263 46.4734 0.0800
165.9515 46.4688 0.0917
165.9766 46.4642 0.1062
166.0018 46.4596 0.1214
166.0270 46.4549 0.1350
166.0521 46.4503 0.1453
166.0773 46.4456 0.1519
166.1024 46.4410 0.1546
166.1275 46.4363 0.1559
166.1527 46.4317 0.1541
166.1778 46.4270 0.1503
166.2029 46.4223 0.1449
166.2280 46.4177 0.1387
166.2532 46.4130 0.1310
166.2783 46.4083 0.1228
166.3034 46.4036 0.1160
166.3285 46.3989 0.1105
166.3536 46.3942 0.1069
166.3787 46.3895 0.1046
166.4038 46.3848 0.1031
166.4289 46.3800 0.1020
166.4539 46.3753 0.1028
166.6795 46.3325 0.1383
166.7045 46.3277 0.1445
166.7296 46.3230 0.1533
166.7546 46.3182 0.1629
166.7796 46.3134 0.1707
166.8047 46.3086 0.1763
166.8297 46.3038 0.1800
166.8547 46.2989 0.1822
166.8797 46.2941 0.1843
166.9047 46.2893 0.1859
166.9297 46.2845 0.1873
166.9547 46.2796 0.1884
166.9797 46.2748 0.1890
167.0047 46.2699 0.1892
167.0297 46.2651 0.1880
167.0546 46.2602 0.1845
167.0796 46.2554 0.1790
167.1046 46.2505 0.1713
167.1295 46.2456 0.1629
167.1545 46.2407 0.1548
167.1795 46.2358 0.1478
167.2044 46.2310 0.1423
167.2294 46.2261 0.1374
167.2543 46.2212 0.1320
167.2792 46.2162 0.1277
167.3042 46.2113 0.1244
167.3291 46.2064 0.1228
165.8322 46.5092 0.0714
165.8574 46.5046 0.0675
165.8826 46.5000 0.0672
165.9078 46.4954 0.0698
165.9330 46.4908 0.0765
165.9582 46.4862 0.0878
165.9833 46.4816 0.1015
166.0085 46.4770 0.1165
166.0337 46.4723 0.1300
166.0588 46.4677 0.1404
166.0840 46.4630 0.1472
166.1091 46.4584 0.1514
166.1343 46.4537 0.1539
166.1594 46.4491 0.1535
166.1846 46.4444 0.1513
166.2097 46.4397 0.1467
166.2348 46.4350 0.1418
166.2599 46.4304 0.1342
166.2851 46.4257 0.1265
166.3102 46.4210 0.1193
166.3353 46.4163 0.1133
166.3604 46.4116 0.1087
166.3855 46.4068 0.1055
166.4106 46.4021 0.1029
166.4357 46.3974 0.1006
166.4608 46.3927 0.1012
166.6864 46.3499 0.1379
166.7115 46.3451 0.1450
166.7365 46.3403 0.1549
166.7615 46.3355 0.1650
166.7866 46.3307 0.1720
166.8116 46.3259 0.1773
166.8366 46.3211 0.1808
166.8616 46.3163 0.1826
166.8867 46.3114 0.1839
166.9117 46.3066 0.1853
166.9367 46.3018 0.1872
166.9617 46.2969 0.1882
166.9867 46.2921 0.1889
167.0117 46.2872 0.1895
167.0367 46.2824 0.1883
167.0616 46.2775 0.1853
167.0866 46.2727 0.1805
167.1116 46.2678 0.1734
167.1366 46.2629 0.1660
167.1615 46.2580 0.1591
167.1865 46.2531 0.1525
167.2115 46.2483 0.1481
167.2364 46.2434 0.1426
167.2614 46.2385 0.1364
167.2863 46.2335 0.1321
167.3112 46.2286 0.1291
167.3362 46.2237 0.1280
165.8389 46.5267 0.0765
165.8641 46.5221 0.0711
165.8893 46.5175 0.0693
165.9145 46.5128 0.0702
165.9397 46.5082 0.0753
165.9649 46.5036 0.0852
165.9900 46.4990 0.0982
166.0152 46.4944 0.1118
166.0404 46.4897 0.1248
166.0656 46.4851 0.1343
166.0907 46.4804 0.1422
166.1159 46.4758 0.1478
166.1410 46.4711 0.1520
166.1662 46.4664 0.1531
166.1913 46.4618 0.1520
166.2165 46.4571 0.1486
166.2416 46.4524 0.1438
166.2667 46.4477 0.1370
166.2919 46.4430 0.1300
166.3170 46.4383 0.1233
166.3421 46.4336 0.1169
166.3672 46.4289 0.1118
166.3923 46.4242 0.1076
166.4174 46.4195 0.1045
166.4425 46.4148 0.1015
166.4676 46.4100 0.1021
166.5931 46.3863 0.1960
166.6933 46.3672 0.1387
166.7184 46.3624 0.1464
166.7434 46.3576 0.1571
166.7685 46.3528 0.1666
166.7935 46.3480 0.1727
166.8185 46.3432 0.1782
166.8436 46.3384 0.1807
166.8686 46.3336 0.1821
166.8936 46.3288 0.1830
166.9186 46.3239 0.1838
166.9437 46.3191 0.1857
166.9687 46.3143 0.1868
166.9937 46.3094 0.1881
167.0187 46.3046 0.1888
167.0437 46.2997 0.1880
167.0687 46.2948 0.1858
167.0936 46.2900 0.1817
167.1186 46.2851 0.1759
167.1436 46.2802 0.1695
167.1686 46.2753 0.1635
167.1935 46.2704 0.1580
167.2185 46.2656 0.1533
167.2435 46.2607 0.1480
167.2684 46.2557 0.1415
167.2934 46.2508 0.1364
167.3183 46.2459 0.1335
167.3433 46.2410 0.1327
165.8456 46.5441 0.0826
165.8708 46.5395 0.0759
165.8960 46.5349 0.0726
165.9212 46.5302 0.0712
165.9464 46.5256 0.0747
165.9716 46.5210 0.0833
165.9968 46.5164 0.0951
166.0219 46.5117 0.1081
166.0471 46.5071 0.1197
166.0723 46.5025 0.1292
166.0975 46.4978 0.1378
166.1226 46.4932 0.1447
166.1478 46.4885 0.1503
166.1729 46.4838 0.1529
166.1981 46.4792 0.1528
166.2232 46.4745 0.1501
166.2484 46.4698 0.1461
166.2735 46.4651 0.1402
166.2987 46.4604 0.1336
166.3238 46.4557 0.1272
166.3489 46.4510 0.1208
166.3740 46.4463 0.1159
166.3992 46.4416 0.1108
166.4243 46.4369 0.1073
166.4494 46.4321 0.1039
166.4745 46.4274 0.1040
166.7002 46.3846 0.1399
166.7253 46.3798 0.1480
166.7503 46.3750 0.1582
166.7754 46.3702 0.1666
166.8004 46.3654 0.1724
166.8255 46.3606 0.1769
166.8505 46.3557 0.1791
166.8756 46.3509 0.1802
166.9006 46.3461 0.1809
166.9256 46.3413 0.1817
166.9506 46.3364 0.1831
166.9757 46.3316 0.1843
167.0007 46.3267 0.1858
167.0257 46.3219 0.1866
167.0507 46.3170 0.1863
167.0757 46.3122 0.1852
167.1007 46.3073 0.1820
167.1257 46.3024 0.1775
167.1506 46.2975 0.1724
167.1756 46.2926 0.1675
167.2006 46.2877 0.1627
167.2256 46.2829 0.1577
167.2505 46.2779 0.1523
167.2755 46.2730 0.1465
167.3005 46.2681 0.1413
167.3254 46.2632 0.1378
167.3504 46.2583 0.1366
165.8523 46.5615 0.0900
165.8775 46.5569 0.0824
165.9027 46.5523 0.0770
165.9279 46.5477 0.0740
165.9531 46.5430 0.0756
165.9783 46.5384 0.0823
166.0035 46.5338 0.0932
166.0287 46.5291 0.1049
166.0539 46.5245 0.1159
166.0790 46.5199 0.1257
166.1042 46.5152 0.1346
166.1294 46.5105 0.1421
166.1546 46.5059 0.1488
166.1797 46.5012 0.1520
166.2049 46.4965 0.1532
166.2300 46.4919 0.1521
166.2552 46.4872 0.1491
166.2803 46.4825 0.1439
166.3055 46.4778 0.1379
166.3306 46.4731 0.1319
166.3557 46.4684 0.1259
166.3809 46.4637 0.1206
166.4060 46.4589 0.1152
166.4311 46.4542 0.1107
166.4562 46.4495 0.1074
166.4813 46.4448 0.1069
166.7071 46.4019 0.1394
166.7322 46.3971 0.1473
166.7573 46.3923 0.1569
166.7823 46.3875 0.1651
166.8074 46.3827 0.1697
166.8324 46.3779 0.1738
166.8575 46.3731 0.1758
166.8825 46.3682 0.1765
166.9076 46.3634 0.1772
166.9326 46.3586 0.1777
166.9576 46.3537 0.1794
166.9827 46.3489 0.1808
167.0077 46.3440 0.1819
167.0327 46.3392 0.1831
167.0577 46.3343 0.1837
167.0827 46.3295 0.1836
167.1077 46.3246 0.1817
167.1327 46.3197 0.1787
167.1577 46.3148 0.1752
167.1827 46.3099 0.1714
167.2077 46.3050 0.1672
167.2326 46.3001 0.1627
167.2576 46.2952 0.1574
167.2826 46.2903 0.1512
167.3076 46.2854 0.1471
167.3325 46.2805 0.1433
167.3575 46.2756 0.1427
165.8589 46.5789 0.0981
165.8842 46.5743 0.0896
165.9094 46.5697 0.0833
165.9346 46.5651 0.0784
165.9598 46.5604 0.0779
165.9850 46.5558 0.0830
166.0102 46.5512 0.0918
166.0354 46.5465 0.1025
166.0606 46.5419 0.1129
166.0858 46.5372 0.1227
166.1110 46.5326 0.1315
166.1361 46.5279 0.1397
166.1613 46.5233 0.1462
166.1865 46.5186 0.1503
166.2117 46.5139 0.1531
166.2368 46.5092 0.1539
166.2620 46.5046 0.1523
166.2871 46.4999 0.1478
166.3123 46.4952 0.1427
166.3374 46.4905 0.1371
166.3626 46.4857 0.1318
166.3877 46.4810 0.1262
166.4128 46.4763 0.1207
166.4380 46.4716 0.1153
166.4631 46.4669 0.1115
166.4882 46.4621 0.1107
166.7141 46.4192 0.1377
166.7391 46.4144 0.1448
166.7642 46.4096 0.1543
166.7893 46.4048 0.1623
166.8143 46.4000 0.1666
166.8394 46.3952 0.1700
166.8645 46.3904 0.1715
166.8895 46.3856 0.1719
166.9145 46.3807 0.1726
166.9396 46.3759 0.1735
166.9646 46.3711 0.1752
166.9897 46.3662 0.1768
167.0147 46.3614 0.1777
167.0397 46.3565 0.1791
167.0647 46.3516 0.1808
167.0897 46.3468 0.1820
167.1147 46.3419 0.1816
167.1397 46.3370 0.1804
167.1647 46.3321 0.1783
167.1897 46.3272 0.1759
167.2147 46.3223 0.1730
167.2397 46.3174 0.1692
167.2647 46.3125 0.1639
167.2897 46.3076 0.1587
167.3146 46.3027 0.1547
167.3396 46.2978 0.1521
167.3646 46.2929 0.1499
165.8656 46.5963 0.1066
165.8908 46.5917 0.0972
165.9161 46.5871 0.0896
165.9413 46.5825 0.0835
165.9665 46.5778 0.0810
165.9917 46.5732 0.0830
166.0169 46.5686 0.0897
166.0421 46.5639 0.0984
166.0673 46.5593 0.1081
166.0925 46.5546 0.1176
166.1177 46.5500 0.1273
166.1429 46.5453 0.1350
166.1681 46.5407 0.1420
166.1933 46.5360 0.1473
166.2184 46.5313 0.1520
166.2436 46.5266 0.1543
166.2688 46.5219 0.1543
166.2939 46.5172 0.1513
166.3191 46.5125 0.1468
166.3442 46.5078 0.1422
166.3694 46.5031 0.1372
166.3945 46.4984 0.1320
166.4197 46.4937 0.1266
166.4448 46.4889 0.1210
166.4699 46.4842 0.1165
166.4951 46.4795 0.1142
166.6206 46.4557 0.1780
166.7210 46.4366 0.1340
166.7461 46.4318 0.1417
166.7712 46.4270 0.1506
166.7962 46.4222 0.1580
166.8213 46.4174 0.1628
166.8464 46.4125 0.1657
166.8714 46.4077 0.1671
166.8965 46.4029 0.1671
166.9215 46.3981 0.1683
166.9466 46.3932 0.1697
166.9716 46.3884 0.1717
166.9967 46.3835 0.1731
167.0217 46.3787 0.1741
167.0467 46.3738 0.1760
167.0717 46.3690 0.1788
167.0968 46.3641 0.1809
167.1218 46.3592 0.1818
167.1468 46.3543 0.1817
167.1718 46.3494 0.1808
167.1968 46.3445 0.1792
167.2218 46.3396 0.1773
167.2468 46.3347 0.1739
167.2718 46.3298 0.1693
167.2968 46.3249 0.1651
167.3217 46.3200 0.1620
167.3467 46.3151 0.1603
167.3717 46.3101 0.1582
165.8723 46.6137 0.1137
165.8975 46.6091 0.1037
165.9228 46.6045 0.0955
165.9480 46.5999 0.0885
165.9732 46.5952 0.0838
165.9984 46.5906 0.0826
166.0237 46.5860 0.0862
166.0489 46.5813 0.0916
166.0741 46.5767 0.1003
166.0993 46.5720 0.1094
166.1245 46.5674 0.1188
166.1497 46.5627 0.1279
166.1749 46.5580 0.1363
166.2001 46.5534 0.1429
166.2252 46.5487 0.1491
166.2504 46.5440 0.1534
166.2756 46.5393 0.1547
166.3007 46.5346 0.1533
166.3259 46.5299 0.1504
166.3511 46.5252 0.1475
166.3762 46.5205 0.1441
166.4014 46.5158 0.1391
166.4265 46.5110 0.1325
166.4517 46.5063 0.1261
166.4768 46.5016 0.1213
166.5019 46.4968 0.1183
166.7279 46.4539 0.1302
166.7530 46.4491 0.1379
166.7781 46.4443 0.1472
166.8032 46.4395 0.1554
166.8283 46.4347 0.1602
166.8533 46.4299 0.1627
166.8784 46.4251 0.1635
166.9035 46.4202 0.1646
166.9285 46.4154 0.1658
166.9536 46.4105 0.1675
166.9786 46.4057 0.1694
167.0037 46.4008 0.1709
167.0287 46.3960 0.1725
167.0538 46.3911 0.1748
167.0788 46.3863 0.1778
167.1038 46.3814 0.1808
167.1288 46.3765 0.1825
167.1539 46.3716 0.1831
167.1789 46.3667 0.1831
167.2039 46.3618 0.1825
167.2289 46.3569 0.1810
167.2539 46.3520 0.1785
167.2789 46.3471 0.1753
167.3039 46.3422 0.1722
167.3289 46.3373 0.1700
167.3538 46.3324 0.1680
167.3788 46.3274 0.1657
165.8790 46.6311 0.1201
165.9042 46.6265 0.1110
165.9295 46.6219 0.1024
165.9547 46.6173 0.0940
165.9800 46.6126 0.0875
166.0052 46.6080 0.0832
166.0304 46.6034 0.0818
166.0556 46.5987 0.0842
166.0808 46.5941 0.0911
166.1060 46.5894 0.0994
166.1312 46.5848 0.1090
166.1565 46.5801 0.1190
166.1816 46.5754 0.1286
166.2068 46.5707 0.1368
166.2320 46.5661 0.1443
166.2572 46.5614 0.1498
166.2824 46.5567 0.1525
166.3076 46.5520 0.1531
166.3327 46.5473 0.1531
166.3579 46.5426 0.1531
166.3831 46.5379 0.1514
166.4082 46.5331 0.1462
166.4334 46.5284 0.1389
166.4585 46.5237 0.1319
166.4837 46.5189 0.1267
166.5088 46.5142 0.1229
166.7349 46.4713 0.1258
166.7600 46.4665 0.1341
166.7851 46.4616 0.1439
166.8102 46.4568 0.1526
166.8352 46.4520 0.1579
166.8603 46.4472 0.1608
166.8854 46.4424 0.1618
166.9105 46.4375 0.1633
166.9355 46.4327 0.1652
166.9606 46.4279 0.1665
166.9856 46.4230 0.1682
167.0107 46.4182 0.1696
167.0357 46.4133 0.1714
167.0608 46.4084 0.1741
167.0858 46.4036 0.1777
167.1109 46.3987 0.1811
167.1359 46.3938 0.1833
167.1609 46.3889 0.1848
167.1859 46.3840 0.1852
167.2109 46.3791 0.1851
167.2360 46.3742 0.1842
167.2610 46.3693 0.1822
167.2860 46.3644 0.1802
167.3110 46.3595 0.1789
167.3360 46.3546 0.1770
167.3610 46.3496 0.1741
167.3859 46.3447 0.1717
165.8857 46.6485 0.1278
165.9110 46.6439 0.1197
165.9362 46.6393 0.1108
165.9614 46.6347 0.1001
165.9867 46.6300 0.0913
166.0119 46.6254 0.0843
166.0371 46.6208 0.0800
166.0624 46.6161 0.0791
166.0876 46.6115 0.0840
166.1128 46.6068 0.0909
166.1380 46.6021 0.1006
166.1632 46.5975 0.1114
166.1884 46.5928 0.1211
166.2136 46.5881 0.1307
166.2388 46.5834 0.1390
166.2640 46.5788 0.1456
166.2892 46.5741 0.1496
166.3144 46.5694 0.1519
166.3396 46.5646 0.1546
166.3647 46.5599 0.1571
166.3899 46.5552 0.1568
166.4151 46.5505 0.1526
166.4402 46.5458 0.1457
166.4654 46.5410 0.1383
166.4905 46.5363 0.1324
166.5157 46.5315 0.1274
166.6414 46.5077 0.1550
166.7418 46.4886 0.1218
166.7669 46.4838 0.1310
166.7920 46.4790 0.1424
166.8171 46.4742 0.1501
166.8422 46.4694 0.1556
166.8673 46.4645 0.1590
166.8924 46.4597 0.1610
166.9175 46.4549 0.1631
166.9425 46.4500 0.1652
166.9676 46.4452 0.1667
166.9927 46.4403 0.1681
167.0177 46.4355 0.1691
167.0428 46.4306 0.1705
167.0678 46.4258 0.1737
167.0929 46.4209 0.1774
167.1179 46.4160 0.1807
167.1429 46.4111 0.1834
167.1680 46.4062 0.1858
167.1930 46.4013 0.1870
167.2180 46.3964 0.1872
167.2430 46.3915 0.1862
167.2681 46.3866 0.1850
167.2931 46.3817 0.1844
167.3181 46.3768 0.1836
167.3431 46.3719 0.1820
167.3681 46.3669 0.1791
167.3931 46.3620 0.1760
165.8924 46.6659 0.1377
165.9177 46.6613 0.1274
165.9429 46.6567 0.1176
165.9682 46.6521 0.1056
165.9934 46.6474 0.0948
166.0187 46.6428 0.0864
166.0439 46.6382 0.0803
166.0691 46.6335 0.0768
166.0944 46.6289 0.0791
166.1196 46.6242 0.0845
166.1448 46.6195 0.0940
166.1700 46.6149 0.1044
166.1952 46.6102 0.1145
166.2204 46.6055 0.1239
166.2456 46.6008 0.1330
166.2708 46.5961 0.1405
166.2960 46.5914 0.1463
166.3212 46.5867 0.1506
166.3464 46.5820 0.1554
166.3716 46.5773 0.1592
166.3968 46.5726 0.1604
166.4219 46.5679 0.1573
166.4471 46.5631 0.1510
166.4723 46.5584 0.1442
166.4974 46.5536 0.1376
166.5226 46.5489 0.1319
166.7488 46.5059 0.1184
166.7739 46.5011 0.1277
166.7990 46.4963 0.1397
166.8241 46.4915 0.1474
166.8492 46.4867 0.1525
166.8743 46.4819 0.1563
166.8994 46.4770 0.1592
166.9245 46.4722 0.1625
166.9495 46.4674 0.1649
166.9746 46.4625 0.1663
166.9997 46.4577 0.1672
167.0247 46.4528 0.1675
167.0498 46.4479 0.1692
167.0749 46.4431 0.1721
167.0999 46.4382 0.1759
167.1250 46.4333 0.1795
167.1500 46.4284 0.1825
167.1750 46.4235 0.1852
167.2001 46.4186 0.1874
167.2251 46.4137 0.1881
167.2501 46.4088 0.1870
167.2752 46.4039 0.1860
167.3002 46.3990 0.1868
167.3252 46.3941 0.1864
167.3502 46.3891 0.1849
167.3752 46.3842 0.1821
167.4002 46.3793 0.1795
165.8991 46.6833 0.1434
165.9244 46.6787 0.1334
165.9496 46.6741 0.1234
165.9749 46.6695 0.1114
166.0002 46.6648 0.1003
166.0254 46.6602 0.0895
166.0506 46.6556 0.0819
166.0759 46.6509 0.0759
166.1011 46.6462 0.0759
166.1264 46.6416 0.0804
166.1516 46.6369 0.0879
166.1768 46.6322 0.0980
166.2020 46.6276 0.1075
166.2272 46.6229 0.1170
166.2524 46.6182 0.1271
166.2777 46.6135 0.1354
166.3029 46.6088 0.1425
166.3281 46.6041 0.1491
166.3532 46.5994 0.1555
166.3784 46.5947 0.1606
166.4036 46.5900 0.1623
166.4288 46.5852 0.1603
166.4540 46.5805 0.1553
166.4791 46.5758 0.1492
166.5043 46.5710 0.1424
166.5295 46.5663 0.1356
166.7557 46.5233 0.1154
166.7808 46.5185 0.1255
166.8060 46.5136 0.1368
166.8311 46.5088 0.1439
166.8562 46.5040 0.1489
166.8813 46.4992 0.1535
166.9064 46.4944 0.1573
166.9315 46.4895 0.1613
166.9565 46.4847 0.1645
166.9816 46.4798 0.1662
167.0067 46.4750 0.1671
167.0318 46.4701 0.1671
167.0568 46.4652 0.1679
167.0819 46.4604 0.1705
167.1070 46.4555 0.1748
167.1320 46.4506 0.1790
167.1571 46.4457 0.1822
167.1821 46.4408 0.1850
167.2072 46.4359 0.1873
167.2322 46.4310 0.1881
167.2572 46.4261 0.1876
167.2823 46.4212 0.1868
167.3073 46.4163 0.1875
167.3323 46.4114 0.1873
167.3573 46.4064 0.1859
167.3823 46.4015 0.1838
167.4073 46.3965 0.1811
165.9058 46.7007 0.1471
165.9311 46.6961 0.1387
165.9564 46.6915 0.1282
165.9816 46.6869 0.1176
166.0069 46.6822 0.1067
166.0322 46.6776 0.0949
166.0574 46.6729 0.0846
166.0827 46.6683 0.0775
166.1079 46.6636 0.0748
166.1331 46.6590 0.0780
166.1584 46.6543 0.0838
166.1836 46.6496 0.0927
166.2088 46.6450 0.1019
166.2340 46.6403 0.1113
166.2593 46.6356 0.1213
166.2845 46.6309 0.1305
166.3097 46.6262 0.1391
166.3349 46.6215 0.1474
166.3601 46.6168 0.1547
166.3853 46.6120 0.1606
166.4105 46.6073 0.1629
166.4357 46.6026 0.1623
166.4608 46.5979 0.1588
166.4860 46.5931 0.1534
166.5112 46.5884 0.1462
166.5364 46.5836 0.1385
166.7627 46.5406 0.1150
166.7878 46.5358 0.1235
166.8129 46.5310 0.1330
166.8381 46.5262 0.1404
166.8632 46.5213 0.1462
166.8883 46.5165 0.1515
166.9134 46.5117 0.1561
166.9385 46.5068 0.1605
166.9636 46.5020 0.1646
166.9887 46.4971 0.1670
167.0137 46.4923 0.1678
167.0388 46.4874 0.1674
167.0639 46.4826 0.1676
167.0890 46.4777 0.1698
167.1140 46.4728 0.1739
167.1391 46.4679 0.1780
167.1642 46.4630 0.1818
167.1892 46.4581 0.1856
167.2143 46.4532 0.1875
167.2393 46.4483 0.1887
167.2643 46.4434 0.1887
167.2894 46.4385 0.1889
167.3144 46.4336 0.1895
167.3394 46.4286 0.1891
167.3645 46.4237 0.1884
167.3895 46.4188 0.1873
167.4145 46.4138 0.1845
165.9126 46.7181 0.1512
165.9378 46.7135 0.1442
165.9631 46.7089 0.1356
165.9884 46.7043 0.1254
166.0136 46.6996 0.1156
166.0389 46.6950 0.1026
166.0642 46.6903 0.0901
166.0894 46.6857 0.0807
166.1147 46.6810 0.0754
166.1399 46.6764 0.0757
166.1652 46.6717 0.0798
166.1904 46.6670 0.0875
166.2156 46.6623 0.0972
166.2409 46.6576 0.1062
166.2661 46.6530 0.1160
166.2913 46.6483 0.1258
166.3165 46.6435 0.1355
166.3417 46.6388 0.1447
166.3669 46.6341 0.1527
166.3921 46.6294 0.1592
166.4173 46.6247 0.1627
166.4425 46.6199 0.1629
166.4677 46.6152 0.1609
166.4929 46.6105 0.1563
166.5181 46.6057 0.1491
166.5433 46.6010 0.1408
166.6691 46.5771 0.1730
166.7697 46.5579 0.1138
166.7948 46.5531 0.1196
166.8199 46.5483 0.1283
166.8450 46.5435 0.1367
166.8702 46.5387 0.1434
166.8953 46.5338 0.1499
166.9204 46.5290 0.1556
166.9455 46.5242 0.1607
166.9706 46.5193 0.1655
166.9957 46.5145 0.1685
167.0208 46.5096 0.1694
167.0459 46.5047 0.1686
167.0709 46.4999 0.1680
167.0960 46.4950 0.1694
167.1211 46.4901 0.1729
167.1462 46.4852 0.1773
167.1712 46.4803 0.1822
167.1963 46.4754 0.1860
167.2213 46.4705 0.1884
167.2464 46.4656 0.1896
167.2714 46.4607 0.1903
167.2965 46.4558 0.1906
167.3215 46.4509 0.1918
167.3466 46.4459 0.1924
167.3716 46.4410 0.1926
167.3966 46.4361 0.1921
167.4216 46.4311 0.1895
165.9193 46.7355 0.1545
165.9446 46.7309 0.1488
165.9698 46.7263 0.1424
165.9951 46.7217 0.1347
166.0204 46.7170 0.1254
166.0457 46.7124 0.1128
166.0709 46.7077 0.0987
166.0962 46.7031 0.0863
166.1215 46.6984 0.0777
166.1467 46.6937 0.0742
166.1720 46.6891 0.0771
166.1972 46.6844 0.0837
166.2224 46.6797 0.0924
166.2477 46.6750 0.1009
166.2729 46.6703 0.1100
166.2981 46.6656 0.1192
166.3234 46.6609 0.1301
166.3486 46.6562 0.1400
166.3738 46.6515 0.1491
166.3990 46.6468 0.1561
166.4242 46.6420 0.1609
166.4494 46.6373 0.1631
166.4746 46.6326 0.1616
166.4998 46.6278 0.1573
166.5250 46.6231 0.1501
166.5502 46.6183 0.1419
166.7766 46.5753 0.1106
166.8018 46.5705 0.1157
166.8269 46.5656 0.1233
166.8520 46.5608 0.1338
166.8772 46.5560 0.1421
166.9023 46.5512 0.1497
166.9274 46.5463 0.1565
166.9525 46.5415 0.1622
166.9776 46.5366 0.1673
167.0027 46.5318 0.1700
167.0278 46.5269 0.1711
167.0529 46.5220 0.1702
167.0780 46.5172 0.1691
167.1031 46.5123 0.1694
167.1282 46.5074 0.1727
167.1532 46.5025 0.1776
167.1783 46.4976 0.1823
167.2034 46.4927 0.1862
167.2284 46.4878 0.1884
167.2535 46.4829 0.1896
167.2786 46.4780 0.1903
167.3036 46.4731 0.1909
167.3287 46.4682 0.1930
167.3537 46.4632 0.1943
167.3787 46.4583 0.1956
167.4038 46.4533 0.1956
167.4288 46.4484 0.1931
165.9260 46.7529 0.1574
165.9513 46.7483 0.1552
165.9766 46.7437 0.1512
166.0019 46.7391 0.1462
166.0272 46.7344 0.1378
166.0524 46.7298 0.1255
166.0777 46.7251 0.1107
166.1030 46.7205 0.0959
166.1282 46.7158 0.0837
166.1535 46.7111 0.0761
166.1788 46.7065 0.0761
166.2040 46.7018 0.0815
166.2293 46.6971 0.0882
166.2545 46.6924 0.0952
166.2797 46.6877 0.1039
166.3050 46.6830 0.1140
166.3302 46.6783 0.1252
166.3554 46.6736 0.1353
166.3807 46.6689 0.1443
166.4059 46.6641 0.1522
166.4311 46.6594 0.1590
166.4563 46.6547 0.1624
166.4815 46.6499 0.1618
166.5067 46.6452 0.1571
166.5319 46.6404 0.1501
166.5571 46.6357 0.1424
166.7836 46.5926 0.1101
166.8088 46.5878 0.1155
166.8339 46.5830 0.1236
166.8590 46.5781 0.1337
166.8842 46.5733 0.1417
166.9093 46.5685 0.1497
166.9344 46.5636 0.1572
166.9595 46.5588 0.1636
166.9846 46.5539 0.1686
167.0098 46.5491 0.1714
167.0349 46.5442 0.1723
167.0600 46.5394 0.1711
167.0851 46.5345 0.1697
167.1102 46.5296 0.1704
167.1352 46.5247 0.1739
167.1603 46.5198 0.1788
167.1854 46.5149 0.1834
167.2105 46.5100 0.1866
167.2356 46.5051 0.1883
167.2606 46.5002 0.1887
167.2857 46.4953 0.1893
167.3107 46.4904 0.1901
167.3358 46.4854 0.1923
167.3608 46.4805 0.1948
167.3859 46.4756 0.1959
167.4109 46.4706 0.1964
167.4360 46.4657 0.1943
165.9327 46.7704 0.1605
165.9580 46.7657 0.1588
165.9833 46.7611 0.1573
166.0086 46.7565 0.1557
166.0339 46.7518 0.1499
166.0592 46.7472 0.1388
166.0845 46.7425 0.1238
166.1098 46.7379 0.1083
166.1350 46.7332 0.0919
166.1603 46.7285 0.0795
166.1856 46.7238 0.0755
166.2108 46.7192 0.0792
166.2361 46.7145 0.0841
166.2613 46.7098 0.0905
166.2866 46.7051 0.0995
166.3118 46.7004 0.1095
166.3371 46.6957 0.1196
166.3623 46.6909 0.1285
166.3875 46.6862 0.1385
166.4128 46.6815 0.1481
166.4380 46.6768 0.1566
166.4632 46.6720 0.1609
166.4884 46.6673 0.1606
166.5136 46.6625 0.1556
166.5388 46.6578 0.1493
166.5640 46.6530 0.1432
166.6899 46.6291 0.1770
166.7906 46.6099 0.1112
166.8157 46.6051 0.1167
166.8409 46.6003 0.1246
166.8660 46.5955 0.1327
166.8912 46.5906 0.1402
166.9163 46.5858 0.1485
166.9414 46.5810 0.1563
166.9666 46.5761 0.1636
166.9917 46.5713 0.1691
167.0168 46.5664 0.1719
167.0419 46.5615 0.1724
167.0670 46.5567 0.1715
167.0921 46.5518 0.1709
167.1172 46.5469 0.1718
167.1423 46.5420 0.1758
167.1674 46.5371 0.1804
167.1925 46.5322 0.1850
167.2176 46.5273 0.1876
167.2427 46.5224 0.1878
167.2677 46.5175 0.1873
167.2928 46.5126 0.1877
167.3179 46.5077 0.1885
167.3429 46.5027 0.1912
167.3680 46.4978 0.1932
167.3930 46.4928 0.1944
167.4181 46.4879 0.1943
167.4431 46.4829 0.1927
165.9395 46.7878 0.1600
165.9648 46.7831 0.1623
165.9901 46.7785 0.1653
166.0154 46.7739 0.1650
166.0407 46.7692 0.1613
166.0660 46.7646 0.1523
166.0913 46.7599 0.1383
166.1166 46.7552 0.1210
166.1418 46.7506 0.0996
166.1671 46.7459 0.0852
166.1924 46.7412 0.0783
166.2177 46.7365 0.0780
166.2429 46.7318 0.0816
166.2682 46.7272 0.0868
166.2934 46.7225 0.0957
166.3187 46.7177 0.1048
166.3439 46.7130 0.1138
166.3692 46.7083 0.1227
166.3944 46.7036 0.1330
166.4196 46.6989 0.1443
166.4449 46.6941 0.1539
166.4701 46.6894 0.1586
166.4953 46.6846 0.1582
166.5205 46.6799 0.1539
166.5457 46.6751 0.1495
166.5709 46.6704 0.1454
166.7976 46.6273 0.1099
166.8227 46.6225 0.1162
166.8479 46.6176 0.1236
166.8730 46.6128 0.1304
166.8982 46.6080 0.1369
166.9233 46.6031 0.1451
166.9485 46.5983 0.1533
166.9736 46.5934 0.1611
166.9987 46.5886 0.1674
167.0239 46.5837 0.1708
167.0490 46.5788 0.1719
167.0741 46.5740 0.1725
167.0992 46.5691 0.1729
167.1243 46.5642 0.1747
167.1494 46.5593 0.1784
167.1745 46.5544 0.1827
167.1996 46.5495 0.1860
167.2247 46.5446 0.1875
167.2498 46.5397 0.1868
167.2749 46.5348 0.1855
167.2999 46.5299 0.1850
167.3250 46.5249 0.1862
167.3501 46.5200 0.1889
167.3751 46.5151 0.1906
167.4002 46.5101 0.1911
167.4252 46.5052 0.1917
167.4503 46.5002 0.1910
165.9462 46.8052 0.1561
165.9715 46.8005 0.1627
165.9969 46.7959 0.1690
166.0222 46.7912 0.1716
166.0475 46.7866 0.1694
166.0728 46.7820 0.1621
166.0981 46.7773 0.1484
166.1234 46.7726 0.1288
166.1486 46.7680 0.1110
166.1739 46.7633 0.0935
166.1992 46.7586 0.0847
166.2245 46.7539 0.0790
166.2498 46.7492 0.0800
166.2750 46.7445 0.0844
166.3003 46.7398 0.0922
166.3255 46.7351 0.0997
166.3508 46.7304 0.1080
166.3760 46.7257 0.1169
166.4013 46.7210 0.1267
166.4265 46.7162 0.1390
166.4518 46.7115 0.1501
166.4770 46.7068 0.1555
166.5022 46.7020 0.1557
166.5274 46.6973 0.1539
166.5526 46.6925 0.1512
166.5779 46.6877 0.1481
166.8046 46.6446 0.1074
166.8297 46.6398 0.1139
166.8549 46.6350 0.1210
166.8801 46.6301 0.1274
166.9052 46.6253 0.1328
166.9304 46.6204 0.1401
166.9555 46.6156 0.1489
166.9806 46.6107 0.1575
167.0058 46.6059 0.1651
167.0309 46.6010 0.1700
167.0560 46.5962 0.1725
167.0812 46.5913 0.1742
167.1063 46.5864 0.1762
167.1314 46.5815 0.1785
167.1565 46.5766 0.1818
167.1816 46.5717 0.1849
167.2067 46.5668 0.1869
167.2318 46.5619 0.1870
167.2569 46.5570 0.1854
167.2820 46.5521 0.1831
167.3071 46.5472 0.1828
167.3321 46.5422 0.1831
167.3572 46.5373 0.1849
167.3823 46.5324 0.1857
167.4074 46.5274 0.1869
167.4324 46.5225 0.1880
167.4575 46.5175 0.1888
165.9530 46.8226 0.1528
165.9783 46.8179 0.1616
166.0036 46.8133 0.1708
166.0289 46.8086 0.1759
166.0543 46.8040 0.1752
166.0796 46.7993 0.1686
166.1049 46.7947 0.1571
166.1302 46.7900 0.1398
166.1555 46.7853 0.1228
166.1807 46.7807 0.1046
166.2060 46.7760 0.0902
166.2313 46.7713 0.0823
166.2566 46.7666 0.0809
166.2819 46.7619 0.0831
166.3071 46.7572 0.0889
166.3324 46.7525 0.0950
166.3577 46.7478 0.1024
166.3829 46.7431 0.1107
166.4082 46.7383 0.1206
166.4334 46.7336 0.1334
166.4586 46.7289 0.1437
166.4839 46.7241 0.1502
166.5091 46.7194 0.1532
166.5343 46.7146 0.1535
166.5596 46.7098 0.1525
166.5848 46.7051 0.1502
166.8116 46.6619 0.1045
166.8367 46.6571 0.1098
166.8619 46.6523 0.1167
166.8871 46.6475 0.1231
166.9122 46.6426 0.1277
166.9374 46.6378 0.1343
166.9625 46.6329 0.1431
166.9877 46.6281 0.1524
167.0128 46.6232 0.1607
167.0380 46.6183 0.1671
167.0631 46.6135 0.1714
167.0882 46.6086 0.1748
167.1134 46.6037 0.1781
167.1385 46.5988 0.1809
167.1636 46.5939 0.1834
167.1887 46.5890 0.1854
167.2138 46.5841 0.1863
167.2389 46.5792 0.1852
167.2640 46.5743 0.1827
167.2891 46.5694 0.1798
167.3142 46.5644 0.1787
167.3393 46.5595 0.1785
167.3644 46.5546 0.1791
167.3895 46.5496 0.1789
167.4145 46.5447 0.1802
167.4396 46.5397 0.1818
167.4647 46.5348 0.1833
165.9597 46.8400 0.1479
165.9851 46.8353 0.1594
166.0104 46.8307 0.1710
166.0357 46.8260 0.1780
166.0610 46.8214 0.1786
166.0864 46.8167 0.1731
166.1117 46.8121 0.1629
166.1370 46.8074 0.1485
166.1623 46.8027 0.1320
166.1876 46.7981 0.1139
166.2129 46.7934 0.0987
166.2381 46.7887 0.0886
166.2634 46.7840 0.0841
166.2887 46.7793 0.0822
166.3140 46.7746 0.0856
166.3393 46.7699 0.0906
166.3645 46.7651 0.0973
166.3898 46.7604 0.1049
166.4150 46.7557 0.1150
166.4403 46.7510 0.1265
166.4656 46.7462 0.1366
166.4908 46.7415 0.1448
166.5160 46.7367 0.1511
166.5413 46.7320 0.1540
166.5665 46.7272 0.1547
166.5917 46.7224 0.1527
166.7178 46.6985 0.1910
166.8186 46.6793 0.1017
166.8438 46.6744 0.1060
166.8689 46.6696 0.1117
166.8941 46.6648 0.1177
166.9193 46.6599 0.1217
166.9444 46.6551 0.1278
166.9696 46.6502 0.1359
166.9948 46.6454 0.1464
167.0199 46.6405 0.1554
167.0450 46.6357 0.1632
167.0702 46.6308 0.1691
167.0953 46.6259 0.1742
167.1205 46.6210 0.1782
167.1456 46.6161 0.1813
167.1707 46.6112 0.1835
167.1958 46.6063 0.1844
167.2209 46.6014 0.1840
167.2461 46.5965 0.1815
167.2712 46.5916 0.1782
167.2963 46.5867 0.1749
167.3214 46.5817 0.1730
167.3464 46.5768 0.1717
167.3715 46.5719 0.1712
167.3966 46.5669 0.1714
167.4217 46.5620 0.1726
167.4468 46.5570 0.1749
167.4718 46.5520 0.1765
165.9665 46.8574 0.1444
165.9918 46.8527 0.1584
166.0172 46.8481 0.1707
166.0425 46.8434 0.1793
166.0678 46.8388 0.1813
166.0932 46.8341 0.1784
166.1185 46.8295 0.1698
166.1438 46.8248 0.1575
166.1691 46.8201 0.1414
166.1944 46.8154 0.1230
166.2197 46.8107 0.1067
166.2450 46.8061 0.0937
166.2703 46.8014 0.0848
166.2956 46.7967 0.0807
166.3209 46.7919 0.0821
166.3461 46.7872 0.0856
166.3714 46.7825 0.0923
166.3967 46.7778 0.0996
166.4219 46.7731 0.1094
166.4472 46.7683 0.1201
166.4725 46.7636 0.1307
166.4977 46.7588 0.1400
166.5230 46.7541 0.1482
166.5482 46.7493 0.1536
166.5734 46.7445 0.1561
166.5987 46.7398 0.1549
166.8256 46.6966 0.0991
166.8508 46.6918 0.1006
166.8760 46.6869 0.1050
166.9011 46.6821 0.1102
166.9263 46.6773 0.1151
166.9515 46.6724 0.1217
166.9766 46.6676 0.1299
167.0018 46.6627 0.1394
167.0270 46.6578 0.1489
167.0521 46.6530 0.1579
167.0773 46.6481 0.1652
167.1024 46.6432 0.1717
167.1276 46.6383 0.1763
167.1527 46.6334 0.1795
167.1778 46.6285 0.1815
167.2029 46.6236 0.1820
167.2281 46.6187 0.1805
167.2532 46.6138 0.1773
167.2783 46.6089 0.1741
167.3034 46.6040 0.1699
167.3285 46.5990 0.1674
167.3536 46.5941 0.1653
167.3787 46.5891 0.1641
167.4038 46.5842 0.1642
167.4289 46.5792 0.1654
167.4540 46.5743 0.1679
167.4790 46.5693 0.1701
165.9733 46.8748 0.1347
165.9986 46.8701 0.1496
166.0240 46.8655 0.1654
166.0493 46.8608 0.1781
166.0746 46.8562 0.1832
166.1000 46.8515 0.1830
166.1253 46.8468 0.1761
166.1506 46.8422 0.1649
166.1759 46.8375 0.1497
166.2012 46.8328 0.1318
166.2265 46.8281 0.1154
166.2518 46.8234 0.1000
166.2771 46.8187 0.0884
166.3024 46.8140 0.0813
166.3277 46.8093 0.0803
166.3530 46.8046 0.0819
166.3783 46.7999 0.0872
166.4036 46.7951 0.0944
166.4288 46.7904 0.1028
166.4541 46.7857 0.1130
166.4794 46.7809 0.1240
166.5046 46.7762 0.1342
166.5299 46.7714 0.1443
166.5551 46.7667 0.1519
166.5804 46.7619 0.1563
166.6056 46.7571 0.1570
166.8326 46.7139 0.0996
166.8578 46.7091 0.0973
166.8830 46.7043 0.0994
166.9082 46.6994 0.1038
166.9334 46.6946 0.1086
166.9585 46.6897 0.1152
166.9837 46.6849 0.1229
167.0089 46.6800 0.1325
167.0340 46.6751 0.1427
167.0592 46.6703 0.1523
167.0844 46.6654 0.1605
167.1095 46.6605 0.1670
167.1347 46.6556 0.1725
167.1598 46.6507 0.1757
167.1849 46.6458 0.1778
167.2101 46.6409 0.1782
167.2352 46.6360 0.1763
167.2603 46.6311 0.1728
167.2854 46.6262 0.1690
167.3106 46.6212 0.1645
167.3357 46.6163 0.1612
167.3608 46.6114 0.1591
167.3859 46.6064 0.1576
167.4110 46.6015 0.1572
167.4361 46.5965 0.1590
167.4612 46.5916 0.1612
167.4862 46.5866 0.1638
165.9800 46.8922 0.1293
166.0054 46.8875 0.1438
166.0307 46.8829 0.1590
166.0561 46.8782 0.1739
166.0814 46.8736 0.1838
166.1068 46.8689 0.1868
166.1321 46.8642 0.1831
166.1574 46.8596 0.1730
166.1827 46.8549 0.1587
166.2081 46.8502 0.1406
166.2334 46.8455 0.1234
166.2587 46.8408 0.1078
166.2840 46.8361 0.0927
166.3093 46.8314 0.0832
166.3346 46.8267 0.0792
166.3599 46.8220 0.0774
166.3852 46.8172 0.0813
166.4105 46.8125 0.0877
166.4357 46.8078 0.0956
166.4610 46.8030 0.1058
166.4863 46.7983 0.1170
166.5116 46.7935 0.1283
166.5368 46.7888 0.1407
166.5621 46.7840 0.1495
166.5873 46.7792 0.1559
166.6126 46.7745 0.1589
166.7388 46.7505 0.2040
166.8396 46.7313 0.0982
166.8648 46.7264 0.0955
166.8900 46.7216 0.0944
166.9152 46.7167 0.0981
166.9404 46.7119 0.1023
166.9656 46.7070 0.1082
166.9908 46.7022 0.1166
167.0159 46.6973 0.1257
167.0411 46.6925 0.1360
167.0663 46.6876 0.1466
167.0914 46.6827 0.1549
167.1166 46.6778 0.1620
167.1418 46.6729 0.1676
167.1669 46.6680 0.1715
167.1921 46.6631 0.1735
167.2172 46.6582 0.1738
167.2423 46.6533 0.1722
167.2675 46.6484 0.1682
167.2926 46.6435 0.1640
167.3177 46.6385 0.1588
167.3428 46.6336 0.1553
167.3679 46.6287 0.1526
167.3930 46.6237 0.1512
167.4182 46.6188 0.1511
167.4433 46.6138 0.1526
167.4683 46.6088 0.1555
167.4934 46.6039 0.1593
165.9868 46.9096 0.1227
166.0122 46.9049 0.1367
166.0375 46.9003 0.1529
166.0629 46.8956 0.1678
166.0882 46.8910 0.1820
166.1136 46.8863 0.1885
166.1389 46.8816 0.1893
166.1643 46.8769 0.1818
166.1896 46.8723 0.1686
166.2149 46.8676 0.1514
166.2402 46.8629 0.1342
166.2655 46.8582 0.1183
166.2909 46.8535 0.1008
166.3162 46.8488 0.0874
166.3415 46.8441 0.0786
166.3668 46.8393 0.0747
166.3921 46.8346 0.0767
166.4174 46.8299 0.0814
166.4427 46.8251 0.0890
166.4679 46.8204 0.0990
166.4932 46.8156 0.1101
166.5185 46.8109 0.1223
166.5438 46.8061 0.1365
166.5690 46.8014 0.1469
166.5943 46.7966 0.1553
166.6195 46.7918 0.1605
166.8466 46.7486 0.0971
166.8718 46.7437 0.0929
166.8971 46.7389 0.0910
166.9223 46.7341 0.0933
166.9475 46.7292 0.0977
166.9726 46.7244 0.1032
166.9978 46.7195 0.1112
167.0230 46.7146 0.1194
167.0482 46.7098 0.1297
167.0734 46.7049 0.1407
167.0985 46.7000 0.1490
167.1237 46.6951 0.1563
167.1489 46.6902 0.1622
167.1740 46.6853 0.1664
167.1992 46.6804 0.1689
167.2243 46.6755 0.1700
167.2495 46.6706 0.1681
167.2746 46.6657 0.1639
167.2997 46.6608 0.1592
167.3249 46.6558 0.1541
167.3500 46.6509 0.1500
167.3751 46.6459 0.1472
167.4002 46.6410 0.1455
167.4253 46.6360 0.1451
167.4504 46.6311 0.1462
167.4756 46.6261 0.1495
167.5006 46.6211 0.1549
165.9936 46.9270 0.1171
166.0190 46.9223 0.1300
166.0443 46.9177 0.1489
166.0697 46.9130 0.1654
166.0950 46.9083 0.1804
166.1204 46.9037 0.1909
166.1457 46.8990 0.1954
166.1711 46.8943 0.1905
166.1964 46.8896 0.1789
166.2218 46.8850 0.1643
166.2471 46.8803 0.1476
166.2724 46.8756 0.1296
166.2977 46.8709 0.1104
166.3230 46.8661 0.0929
166.3484 46.8614 0.0805
166.3737 46.8567 0.0732
166.3990 46.8520 0.0724
166.4243 46.8472 0.0753
166.4496 46.8425 0.0826
166.4749 46.8378 0.0922
166.5001 46.8330 0.1031
166.5254 46.8282 0.1164
166.5507 46.8235 0.1311
166.5760 46.8187 0.1435
166.6012 46.8139 0.1531
166.6265 46.8092 0.1592
166.8537 46.7659 0.0963
166.8789 46.7611 0.0915
166.9041 46.7562 0.0887
166.9293 46.7514 0.0901
166.9545 46.7465 0.0935
166.9797 46.7417 0.0993
167.0049 46.7368 0.1066
167.0301 46.7320 0.1141
167.0553 46.7271 0.1239
167.0805 46.7222 0.1343
167.1056 46.7173 0.1428
167.1308 46.7124 0.1503
167.1560 46.7075 0.1564
167.1812 46.7026 0.1608
167.2063 46.6977 0.1643
167.2315 46.6928 0.1657
167.2566 46.6879 0.1640
167.2818 46.6830 0.1598
167.3069 46.6780 0.1548
167.3320 46.6731 0.1495
167.3572 46.6682 0.1451
167.3823 46.6632 0.1417
167.4074 46.6583 0.1397
167.4325 46.6533 0.1385
167.4577 46.6484 0.1399
167.4828 46.6434 0.1428
167.5079 46.6384 0.1479
166.0004 46.9444 0.1097
166.0258 46.9397 0.1232
166.0511 46.9351 0.1408
166.0765 46.9304 0.1610
166.1019 46.9257 0.1795
166.1272 46.9211 0.1927
166.1526 46.9164 0.2005
166.1779 46.9117 0.1983
166.2033 46.9070 0.1893
166.2286 46.9023 0.1762
166.2539 46.8976 0.1595
166.2793 46.8929 0.1403
166.3046 46.8882 0.1215
166.3299 46.8835 0.1019
166.3553 46.8788 0.0849
166.3806 46.8741 0.0745
166.4059 46.8693 0.0705
166.4312 46.8646 0.0722
166.4565 46.8599 0.0783
166.4818 46.8551 0.0867
166.5071 46.8504 0.0979
166.5324 46.8456 0.1104
166.5576 46.8408 0.1248
166.5829 46.8361 0.1385
166.6082 46.8313 0.1492
166.6335 46.8265 0.1553
166.8607 46.7832 0.0952
166.8859 46.7784 0.0896
166.9111 46.7736 0.0869
166.9364 46.7687 0.0874
166.9616 46.7639 0.0902
166.9868 46.7590 0.0955
167.0120 46.7541 0.1028
167.0372 46.7493 0.1101
167.0624 46.7444 0.1185
167.0876 46.7395 0.1281
167.1128 46.7346 0.1365
167.1379 46.7297 0.1438
167.1631 46.7248 0.1500
167.1883 46.7199 0.1546
167.2134 46.7150 0.1589
167.2386 46.7101 0.1607
167.2638 46.7052 0.1592
167.2889 46.7003 0.1550
167.3141 46.6953 0.1503
167.3392 46.6904 0.1449
167.3643 46.6855 0.1407
167.3895 46.6805 0.1366
167.4146 46.6756 0.1342
167.4397 46.6706 0.1324
167.4649 46.6656 0.1336
167.4900 46.6607 0.1358
167.5151 46.6557 0.1397
166.0072 46.9618 0.1017
166.0326 46.9571 0.1118
166.0579 46.9524 0.1314
166.0833 46.9478 0.1538
166.1087 46.9431 0.1759
166.1340 46.9385 0.1911
166.1594 46.9338 0.2016
166.1848 46.9291 0.2031
166.2101 46.9244 0.1969
166.2355 46.9197 0.1858
166.2608 46.9150 0.1712
166.2862 46.9103 0.1530
166.3115 46.9056 0.1329
166.3368 46.9009 0.1112
166.3621 46.8962 0.0904
166.3875 46.8914 0.0762
166.4128 46.8867 0.0696
166.4381 46.8820 0.0691
166.4634 46.8772 0.0737
166.4887 46.8725 0.0807
166.5140 46.8677 0.0912
166.5393 46.8630 0.1031
166.5646 46.8582 0.1178
166.5899 46.8534 0.1324
166.6152 46.8486 0.1437
166.6404 46.8439 0.1503
166.7668 46.8199 0.1980
166.8677 46.8006 0.0938
166.8930 46.7957 0.0880
166.9182 46.7909 0.0844
166.9434 46.7860 0.0844
166.9686 46.7812 0.0866
166.9939 46.7763 0.0911
167.0191 46.7714 0.0978
167.0443 46.7666 0.1049
167.0695 46.7617 0.1131
167.0947 46.7568 0.1217
167.1199 46.7519 0.1297
167.1451 46.7470 0.1370
167.1702 46.7421 0.1431
167.1954 46.7372 0.1477
167.2206 46.7323 0.1521
167.2458 46.7274 0.1540
167.2709 46.7225 0.1529
167.2961 46.7176 0.1494
167.3212 46.7126 0.1448
167.3464 46.7077 0.1400
167.3715 46.7027 0.1356
167.3967 46.6978 0.1314
167.4218 46.6928 0.1284
167.4469 46.6879 0.1262
167.4721 46.6829 0.1267
167.4972 46.6779 0.1294
167.5223 46.6730 0.1333
166.0140 46.9791 0.0924
166.0394 46.9745 0.1027
166.0647 46.9698 0.1224
166.0901 46.9652 0.1454
166.1155 46.9605 0.1697
166.1409 46.9558 0.1863
166.1662 46.9512 0.2003
166.1916 46.9465 0.2051
166.2170 46.9418 0.2026
166.2423 46.9371 0.1939
166.2677 46.9324 0.1806
166.2930 46.9277 0.1633
166.3184 46.9230 0.1421
166.3437 46.9183 0.1201
166.3690 46.9135 0.0985
166.3944 46.9088 0.0797
166.4197 46.9041 0.0710
166.4450 46.8993 0.0681
166.4703 46.8946 0.0699
166.4957 46.8898 0.0759
166.5210 46.8851 0.0854
166.5463 46.8803 0.0966
166.5716 46.8755 0.1117
166.5969 46.8708 0.1259
166.6221 46.8660 0.1380
166.6474 46.8612 0.1456
166.8748 46.8179 0.0926
166.9000 46.8130 0.0861
166.9253 46.8082 0.0825
166.9505 46.8033 0.0817
166.9757 46.7985 0.0830
167.0009 46.7936 0.0871
167.0262 46.7888 0.0928
167.0514 46.7839 0.0993
167.0766 46.7790 0.1070
167.1018 46.7741 0.1147
167.1270 46.7692 0.1222
167.1522 46.7643 0.1296
167.1774 46.7594 0.1358
167.2026 46.7545 0.1405
167.2277 46.7496 0.1449
167.2529 46.7447 0.1472
167.2781 46.7398 0.1464
167.3032 46.7348 0.1438
167.3284 46.7299 0.1400
167.3536 46.7250 0.1351
167.3787 46.7200 0.1309
167.4039 46.7151 0.1265
167.4290 46.7101 0.1237
167.4542 46.7051 0.1214
167.4793 46.7002 0.1225
167.5044 46.6952 0.1247
167.5295 46.6902 0.1277
166.0208 46.9965 0.0838
166.0462 46.9919 0.0941
166.0716 46.9872 0.1122
166.0970 46.9826 0.1350
166.1223 46.9779 0.1619
166.1477 46.9732 0.1800
166.1731 46.9685 0.1959
166.1985 46.9639 0.2040
166.2238 46.9592 0.2046
166.2492 46.9545 0.1986
166.2746 46.9498 0.1866
166.2999 46.9451 0.1703
166.3253 46.9403 0.1500
166.3506 46.9356 0.1288
166.3760 46.9309 0.1065
166.4013 46.9262 0.0854
166.4266 46.9214 0.0732
166.4520 46.9167 0.0669
166.4773 46.9119 0.0671
166.5026 46.9072 0.0712
166.5279 46.9024 0.0794
166.5532 46.8977 0.0906
166.5785 46.8929 0.1052
166.6038 46.8881 0.1196
166.6291 46.8833 0.1323
166.6544 46.8785 0.1413
166.8818 46.8352 0.0925
166.9071 46.8304 0.0855
166.9323 46.8255 0.0813
166.9576 46.8207 0.0798
166.9828 46.8158 0.0803
167.0080 46.8109 0.0835
167.0333 46.8061 0.0882
167.0585 46.8012 0.0936
167.0837 46.7963 0.1004
167.1089 46.7914 0.1080
167.1341 46.7865 0.1153
167.1593 46.7816 0.1227
167.1845 46.7767 0.1294
167.2097 46.7718 0.1343
167.2349 46.7669 0.1382
167.2601 46.7620 0.1402
167.2852 46.7571 0.1398
167.3104 46.7521 0.1378
167.3356 46.7472 0.1348
167.3608 46.7422 0.1306
167.3859 46.7373 0.1262
167.4111 46.7323 0.1217
167.4362 46.7274 0.1187
167.4614 46.7224 0.1171
167.4865 46.7175 0.1183
167.5117 46.7125 0.1198
167.5368 46.7075 0.1219
166.0276 47.0139 0.0780
166.0530 47.0093 0.0864
166.0784 47.0046 0.1028
166.1038 47.0000 0.1228
166.1292 46.9953 0.1477
166.1546 46.9906 0.1678
166.1799 46.9859 0.1871
166.2053 46.9812 0.1975
166.2307 46.9765 0.2010
166.2561 46.9718 0.1978
166.2814 46.9671 0.1872
166.3068 46.9624 0.1724
166.3322 46.9577 0.1543
166.3575 46.9530 0.1339
166.3829 46.9483 0.1127
166.4082 46.9435 0.0906
166.4335 46.9388 0.0751
166.4589 46.9340 0.0668
166.4842 46.9293 0.0652
166.5095 46.9245 0.0674
166.5349 46.9198 0.0747
166.5602 46.9150 0.0851
166.5855 46.9102 0.0987
166.6108 46.9055 0.1119
166.6361 46.9007 0.1256
166.6614 46.8959 0.1362
166.8889 46.8525 0.0941
166.9142 46.8477 0.0857
166.9394 46.8428 0.0810
166.9646 46.8380 0.0791
166.9899 46.8331 0.0784
167.0151 46.8283 0.0804
167.0404 46.8234 0.0838
167.0656 46.8185 0.0883
167.0908 46.8136 0.0940
167.1160 46.8087 0.1008
167.1412 46.8038 0.1075
167.1664 46.7989 0.1142
167.1917 46.7940 0.1214
167.2168 46.7891 0.1268
167.2420 46.7842 0.1309
167.2672 46.7793 0.1332
167.2924 46.7743 0.1331
167.3176 46.7694 0.1317
167.3428 46.7645 0.1293
167.3680 46.7595 0.1253
167.3931 46.7546 0.1215
167.4183 46.7496 0.1172
167.4434 46.7447 0.1148
167.4686 46.7397 0.1125
167.4937 46.7347 0.1133
167.5189 46.7297 0.1168
167.5440 46.7248 0.1166
166.0344 47.0313 0.0729
166.0598 47.0267 0.0803
166.0852 47.0220 0.0936
166.1106 47.0173 0.1100
166.1360 47.0127 0.1347
166.1614 47.0080 0.1575
166.1868 47.0033 0.1763
166.2122 46.9986 0.1894
166.2376 46.9939 0.1953
166.2630 46.9892 0.1945
166.2883 46.9845 0.1864
166.3137 46.9798 0.1735
166.3391 46.9751 0.1572
166.3644 46.9704 0.1385
166.3898 46.9656 0.1185
166.4151 46.9609 0.0982
166.4405 46.9562 0.0816
166.4658 46.9514 0.0701
166.4912 46.9467 0.0660
166.5165 46.9419 0.0660
166.5418 46.9371 0.0714
166.5671 46.9324 0.0803
166.5925 46.9276 0.0923
166.6178 46.9228 0.1052
166.6431 46.9180 0.1177
166.6684 46.9132 0.1290
166.7949 46.8892 0.2190
166.8960 46.8699 0.0966
166.9212 46.8650 0.0887
166.9465 46.8602 0.0827
166.9717 46.8553 0.0796
166.9970 46.8504 0.0780
167.0222 46.8456 0.0789
167.0475 46.8407 0.0811
167.0727 46.8358 0.0841
167.0979 46.8309 0.0882
167.1232 46.8260 0.0941
167.1484 46.8211 0.0999
167.1736 46.8162 0.1067
167.1988 46.8113 0.1134
167.2240 46.8064 0.1187
167.2492 46.8015 0.1233
167.2744 46.7966 0.1260
167.2996 46.7916 0.1267
167.3248 46.7867 0.1260
167.3500 46.7818 0.1245
167.3752 46.7768 0.1210
167.4003 46.7719 0.1169
167.4255 46.7669 0.1128
167.4507 46.7619 0.1104
167.4758 46.7570 0.1085
167.5010 46.7520 0.1093
167.5261 46.7470 0.1118
167.5513 46.7420 0.1126
166.0412 47.0487 0.0683
166.0666 47.0441 0.0734
166.0920 47.0394 0.0838
166.1175 47.0347 0.0989
166.1429 47.0301 0.1211
166.1683 47.0254 0.1437
166.1937 47.0207 0.1655
166.2191 47.0160 0.1798
166.2445 47.0113 0.1891
166.2698 47.0066 0.1907
166.2952 47.0019 0.1858
166.3206 46.9972 0.1756
166.3460 46.9925 0.1618
166.3713 46.9877 0.1449
166.3967 46.9830 0.1264
166.4221 46.9783 0.1083
166.4474 46.9735 0.0902
166.4728 46.9688 0.0760
166.4981 46.9640 0.0682
166.5235 46.9593 0.0654
166.5488 46.9545 0.0688
166.5741 46.9497 0.0769
166.5994 46.9449 0.0880
166.6248 46.9402 0.0999
166.6501 46.9354 0.1113
166.6754 46.9306 0.1219
166.9030 46.8872 0.1006
166.9283 46.8823 0.0924
166.9536 46.8775 0.0860
166.9788 46.8726 0.0816
167.0041 46.8678 0.0786
167.0293 46.8629 0.0783
167.0546 46.8580 0.0793
167.0798 46.8531 0.0808
167.1051 46.8482 0.0835
167.1303 46.8433 0.0878
167.1555 46.8384 0.0931
167.1807 46.8335 0.0994
167.2060 46.8286 0.1054
167.2312 46.8237 0.1108
167.2564 46.8188 0.1147
167.2816 46.8139 0.1173
167.3068 46.8089 0.1188
167.3320 46.8040 0.1192
167.3572 46.7990 0.1192
167.3824 46.7941 0.1160
167.4075 46.7891 0.1123
167.4327 46.7842 0.1081
167.4579 46.7792 0.1066
167.4831 46.7742 0.1047
167.5082 46.7693 0.1053
167.5334 46.7643 0.1072
167.5585 46.7593 0.1101
166.0480 47.0661 0.0638
166.0735 47.0615 0.0664
166.0989 47.0568 0.0737
166.1243 47.0521 0.0888
166.1497 47.0474 0.1078
166.1751 47.0428 0.1317
166.2005 47.0381 0.1558
166.2259 47.0334 0.1725
166.2513 47.0287 0.1838
166.2767 47.0240 0.1893
166.3021 47.0193 0.1882
166.3275 47.0145 0.1813
166.3529 47.0098 0.1699
166.3783 47.0051 0.1557
166.4036 47.0004 0.1377
166.4290 46.9956 0.1189
166.4544 46.9909 0.0992
166.4797 46.9861 0.0830
166.5051 46.9814 0.0727
166.5304 46.9766 0.0667
166.5558 46.9718 0.0669
166.5811 46.9671 0.0727
166.6064 46.9623 0.0827
166.6318 46.9575 0.0942
166.6571 46.9527 0.1042
166.6824 46.9479 0.1145
166.9101 46.9045 0.1053
166.9354 46.8997 0.0966
166.9607 46.8948 0.0892
166.9859 46.8899 0.0833
167.0112 46.8851 0.0784
167.0364 46.8802 0.0775
167.0617 46.8753 0.0778
167.0869 46.8704 0.0785
167.1122 46.8655 0.0798
167.1374 46.8606 0.0831
167.1627 46.8557 0.0876
167.1879 46.8508 0.0930
167.2131 46.8459 0.0987
167.2383 46.8410 0.1032
167.2636 46.8361 0.1069
167.2888 46.8312 0.1099
167.3140 46.8262 0.1116
167.3392 46.8213 0.1131
167.3644 46.8163 0.1140
167.3896 46.8114 0.1118
167.4148 46.8064 0.1083
167.4399 46.8015 0.1051
167.4651 46.7965 0.1033
167.4903 46.7915 0.1019
167.5155 46.7865 0.1020
167.5406 46.7816 0.1043
167.5658 46.7766 0.1061
166.0549 47.0835 0.0599
166.0803 47.0788 0.0604
166.1057 47.0742 0.0670
166.1312 47.0695 0.0806
166.1566 47.0648 0.0992
166.1820 47.0601 0.1214
166.2074 47.0555 0.1438
166.2328 47.0508 0.1645
166.2582 47.0461 0.1790
166.2836 47.0413 0.1883
166.3090 47.0366 0.1916
166.3344 47.0319 0.1880
166.3598 47.0272 0.1790
166.3852 47.0225 0.1661
166.4106 47.0177 0.1479
166.4359 47.0130 0.1293
166.4613 47.0082 0.1106
166.4867 47.0035 0.0915
166.5120 46.9987 0.0782
166.5374 46.9940 0.0689
166.5627 46.9892 0.0662
166.5881 46.9844 0.0695
166.6134 46.9796 0.0784
166.6388 46.9748 0.0886
166.6641 46.9701 0.0987
166.6894 46.9653 0.1082
166.8160 46.9412 0.2290
166.9172 46.9218 0.1111
166.9425 46.9170 0.1023
166.9677 46.9121 0.0923
166.9930 46.9073 0.0850
167.0183 46.9024 0.0790
167.0436 46.8975 0.0772
167.0688 46.8926 0.0771
167.0941 46.8877 0.0772
167.1193 46.8828 0.0776
167.1446 46.8779 0.0794
167.1698 46.8730 0.0836
167.1950 46.8681 0.0883
167.2203 46.8632 0.0933
167.2455 46.8583 0.0977
167.2707 46.8534 0.1009
167.2960 46.8484 0.1033
167.3212 46.8435 0.1053
167.3464 46.8386 0.1072
167.3716 46.8336 0.1096
167.3968 46.8287 0.1081
167.4220 46.8237 0.1058
167.4472 46.8187 0.1033
167.4724 46.8138 0.1024
167.4975 46.8088 0.1012
167.5227 46.8038 0.1021
167.5479 46.7988 0.1030
167.5731 46.7938 0.1052
166.0617 47.1009 0.0570
166.0871 47.0962 0.0561
166.1126 47.0916 0.0612
166.1380 47.0869 0.0723
166.1634 47.0822 0.0898
166.1889 47.0775 0.1116
166.2143 47.0728 0.1339
166.2397 47.0681 0.1571
166.2651 47.0634 0.1733
166.2905 47.0587 0.1856
166.3159 47.0540 0.1933
166.3413 47.0493 0.1937
166.3667 47.0446 0.1872
166.3921 47.0398 0.1749
166.4175 47.0351 0.1588
166.4429 47.0303 0.1401
166.4683 47.0256 0.1210
166.4936 47.0208 0.1013
166.5190 47.0161 0.0849
166.5444 47.0113 0.0722
166.5697 47.0065 0.0672
166.5951 47.0018 0.0668
166.6204 46.9970 0.0734
166.6458 46.9922 0.0818
166.6711 46.9874 0.0913
166.6964 46.9826 0.1005
166.9243 46.9391 0.1172
166.9496 46.9343 0.1076
166.9748 46.9294 0.0964
167.0001 46.9246 0.0868
167.0254 46.9197 0.0802
167.0507 46.9148 0.0772
167.0759 46.9099 0.0764
167.1012 46.9050 0.0756
167.1265 46.9001 0.0751
167.1517 46.8952 0.0761
167.1770 46.8903 0.0792
167.2022 46.8854 0.0831
167.2275 46.8805 0.0877
167.2527 46.8756 0.0916
167.2779 46.8707 0.0953
167.3031 46.8657 0.0979
167.3284 46.8608 0.1006
167.3536 46.8558 0.1031
167.3788 46.8509 0.1063
167.4040 46.8459 0.1066
167.4292 46.8410 0.1055
167.4544 46.8360 0.1036
167.4796 46.8310 0.1027
167.5048 46.8261 0.1025
167.5300 46.8211 0.1037
167.5552 46.8161 0.1054
167.5803 46.8111 0.1070
166.0685 47.1183 0.0563
166.0940 47.1136 0.0544
166.1194 47.1090 0.0582
166.1449 47.1043 0.0676
166.1703 47.0996 0.0819
166.1957 47.0949 0.1024
166.2212 47.0902 0.1248
166.2466 47.0855 0.1473
166.2720 47.0808 0.1681
166.2974 47.0761 0.1830
166.3228 47.0714 0.1939
166.3482 47.0667 0.1969
166.3736 47.0619 0.1930
166.3990 47.0572 0.1829
166.4244 47.0524 0.1682
166.4498 47.0477 0.1502
166.4752 47.0430 0.1308
166.5006 47.0382 0.1110
166.5260 47.0334 0.0923
166.5513 47.0287 0.0779
166.5767 47.0239 0.0700
166.6021 47.0191 0.0655
166.6274 47.0143 0.0691
166.6528 47.0095 0.0766
166.6781 47.0047 0.0845
166.7035 46.9999 0.0940
166.9314 46.9565 0.1231
166.9567 46.9516 0.1135
166.9819 46.9467 0.1018
167.0072 46.9419 0.0909
167.0325 46.9370 0.0830
167.0578 46.9321 0.0788
167.0831 46.9272 0.0768
167.1083 46.9223 0.0748
167.1336 46.9175 0.0737
167.1589 46.9125 0.0741
167.1841 46.9076 0.0760
167.2094 46.9027 0.0793
167.2346 46.8978 0.0833
167.2599 46.8929 0.0872
167.2851 46.8880 0.0908
167.3103 46.8830 0.0944
167.3356 46.8781 0.0980
167.3608 46.8731 0.1019
167.3860 46.8682 0.1066
167.4112 46.8632 0.1072
167.4364 46.8583 0.1068
167.4616 46.8533 0.1057
167.4868 46.8483 0.1055
167.5120 46.8433 0.1061
167.5372 46.8383 0.1072
167.5624 46.8334 0.1089
167.5876 46.8284 0.1098
166.0754 47.1357 0.0568
166.1008 47.1310 0.0534
166.1263 47.1263 0.0547
166.1517 47.1217 0.0614
166.1772 47.1170 0.0738
166.2026 47.1123 0.0936
166.2281 47.1076 0.1162
166.2535 47.1029 0.1389
166.2789 47.0982 0.1622
166.3043 47.0935 0.1798
166.3298 47.0887 0.1929
166.3552 47.0840 0.1985
166.3806 47.0793 0.1968
166.4060 47.0746 0.1893
166.4314 47.0698 0.1766
166.4568 47.0651 0.1605
166.4822 47.0603 0.1406
166.5076 47.0556 0.1207
166.5329 47.0508 0.1001
166.5583 47.0460 0.0833
166.5837 47.0412 0.0719
166.6091 47.0365 0.0653
166.6344 47.0317 0.0645
166.6598 47.0269 0.0695
166.6851 47.0221 0.0773
166.7105 47.0173 0.0870
166.9384 46.9738 0.1299
166.9638 46.9689 0.1212
166.9891 46.9641 0.1099
167.0144 46.9592 0.0968
167.0396 46.9543 0.0871
167.0649 46.9494 0.0810
167.0902 46.9445 0.0772
167.1155 46.9397 0.0737
167.1408 46.9348 0.0714
167.1660 46.9299 0.0710
167.1913 46.9249 0.0725
167.2166 46.9200 0.0753
167.2418 46.9151 0.0793
167.2671 46.9102 0.0831
167.2923 46.9052 0.0880
167.3175 46.9003 0.0932
167.3428 46.8954 0.0985
167.3680 46.8904 0.1042
167.3932 46.8855 0.1093
167.4185 46.8805 0.1108
167.4437 46.8755 0.1106
167.4689 46.8706 0.1101
167.4941 46.8656 0.1102
167.5193 46.8606 0.1106
167.5445 46.8556 0.1121
167.5697 46.8506 0.1134
167.5949 46.8456 0.1135
166.0822 47.1531 0.0613
166.1077 47.1484 0.0547
166.1331 47.1437 0.0528
166.1586 47.1390 0.0567
166.1841 47.1344 0.0672
166.2095 47.1297 0.0864
166.2350 47.1250 0.1077
166.2604 47.1203 0.1302
166.2858 47.1156 0.1551
166.3113 47.1108 0.1752
166.3367 47.1061 0.1907
166.3621 47.1014 0.1982
166.3875 47.0967 0.1996
166.4129 47.0919 0.1948
166.4383 47.0872 0.1837
166.4637 47.0824 0.1684
166.4891 47.0777 0.1494
166.5145 47.0729 0.1295
166.5399 47.0681 0.1084
166.5653 47.0634 0.0892
166.5907 47.0586 0.0756
166.6161 47.0538 0.0671
166.6414 47.0490 0.0616
166.6668 47.0442 0.0635
166.6922 47.0394 0.0697
166.7175 47.0346 0.0786
166.8443 47.0105 0.2160
166.9456 46.9911 0.1360
166.9709 46.9862 0.1270
166.9962 46.9814 0.1157
167.0215 46.9765 0.1025
167.0468 46.9716 0.0907
167.0721 46.9667 0.0832
167.0974 46.9619 0.0776
167.1226 46.9570 0.0721
167.1479 46.9521 0.0684
167.1732 46.9472 0.0671
167.1985 46.9422 0.0682
167.2237 46.9373 0.0709
167.2490 46.9324 0.0744
167.2743 46.9275 0.0795
167.2995 46.9225 0.0860
167.3248 46.9176 0.0935
167.3500 46.9126 0.1008
167.3752 46.9077 0.1069
167.4005 46.9027 0.1133
167.4257 46.8978 0.1154
167.4509 46.8928 0.1159
167.4761 46.8878 0.1157
167.5014 46.8829 0.1160
167.5266 46.8779 0.1161
167.5518 46.8729 0.1167
167.5770 46.8679 0.1169
167.6022 46.8629 0.1159
166.0891 47.1705 0.0696
166.1145 47.1658 0.0593
166.1400 47.1611 0.0531
166.1655 47.1564 0.0541
166.1909 47.1517 0.0625
166.2164 47.1470 0.0799
166.2418 47.1423 0.1011
166.2673 47.1376 0.1246
166.2927 47.1329 0.1507
166.3182 47.1282 0.1714
166.3436 47.1235 0.1875
166.3690 47.1188 0.1988
166.3945 47.1140 0.2030
166.4199 47.1093 0.2002
166.4453 47.1045 0.1913
166.4707 47.0998 0.1771
166.4961 47.0950 0.1582
166.5215 47.0903 0.1374
166.5469 47.0855 0.1164
166.5723 47.0807 0.0945
166.5977 47.0759 0.0796
166.6231 47.0712 0.0664
166.6485 47.0664 0.0587
166.6738 47.0616 0.0566
166.6992 47.0568 0.0606
166.7246 47.0520 0.0681
166.9527 47.0084 0.1400
166.9780 47.0036 0.1308
167.0033 46.9987 0.1208
167.0286 46.9938 0.1080
167.0539 46.9889 0.0955
167.0792 46.9841 0.0862
167.1045 46.9792 0.0781
167.1298 46.9743 0.0709
167.1551 46.9694 0.0652
167.1804 46.9644 0.0625
167.2056 46.9595 0.0633
167.2309 46.9546 0.0659
167.2562 46.9497 0.0701
167.2815 46.9448 0.0755
167.3067 46.9398 0.0836
167.3320 46.9349 0.0930
167.3572 46.9299 0.1012
167.3825 46.9250 0.1092
167.4077 46.9200 0.1160
167.4329 46.9151 0.1194
167.4582 46.9101 0.1214
167.4834 46.9051 0.1216
167.5086 46.9001 0.1221
167.5338 46.8951 0.1221
167.5591 46.8901 0.1220
167.5843 46.8851 0.1208
167.6095 46.8801 0.1185
166.0959 47.1879 0.0765
166.1214 47.1832 0.0634
166.1469 47.1785 0.0538
166.1724 47.1738 0.0524
166.1978 47.1691 0.0600
166.2233 47.1644 0.0755
166.2488 47.1597 0.0954
166.2742 47.1550 0.1176
166.2997 47.1503 0.1427
166.3251 47.1456 0.1660
166.3505 47.1409 0.1846
166.3760 47.1361 0.1980
166.4014 47.1314 0.2060
166.4268 47.1266 0.2059
166.4523 47.1219 0.1984
166.4777 47.1171 0.1846
166.5031 47.1124 0.1661
166.5285 47.1076 0.1444
166.5539 47.1028 0.1226
166.5793 47.0981 0.1006
166.6047 47.0933 0.0825
166.6301 47.0885 0.0670
166.6555 47.0837 0.0554
166.6809 47.0789 0.0510
166.7062 47.0741 0.0522
166.7316 47.0693 0.0581
166.9598 47.0257 0.1427
166.9851 47.0209 0.1335
167.0104 47.0160 0.1231
167.0357 47.0111 0.1117
167.0610 47.0062 0.0988
167.0864 47.0014 0.0889
167.1117 46.9965 0.0795
167.1370 46.9916 0.0702
167.1623 46.9867 0.0631
167.1875 46.9817 0.0594
167.2128 46.9768 0.0595
167.2381 46.9719 0.0622
167.2634 46.9670 0.0668
167.2887 46.9620 0.0728
167.3139 46.9571 0.0814
167.3392 46.9522 0.0916
167.3644 46.9472 0.1008
167.3897 46.9423 0.1102
167.4149 46.9373 0.1179
167.4402 46.9323 0.1229
167.4654 46.9274 0.1253
167.4907 46.9224 0.1263
167.5159 46.9174 0.1276
167.5411 46.9124 0.1270
167.5663 46.9074 0.1261
167.5916 46.9024 0.1240
167.6168 46.8974 0.1209
166.1028 47.2052 0.0862
166.1283 47.2006 0.0694
166.1538 47.1959 0.0566
166.1793 47.1912 0.0523
166.2047 47.1865 0.0577
166.2302 47.1818 0.0701
166.2557 47.1771 0.0894
166.2811 47.1724 0.1117
166.3066 47.1677 0.1341
166.3320 47.1629 0.1598
166.3575 47.1582 0.1799
166.3829 47.1535 0.1964
166.4084 47.1487 0.2076
166.4338 47.1440 0.2102
166.4592 47.1393 0.2046
166.4847 47.1345 0.1917
166.5101 47.1297 0.1733
166.5355 47.1250 0.1518
166.5609 47.1202 0.1299
166.5863 47.1154 0.1061
166.6117 47.1106 0.0854
166.6371 47.1058 0.0673
166.6625 47.1010 0.0537
166.6879 47.0962 0.0462
166.7133 47.0914 0.0446
166.7387 47.0866 0.0484
166.8655 47.0625 0.1950
166.9669 47.0431 0.1437
166.9922 47.0382 0.1353
167.0175 47.0333 0.1253
167.0429 47.0284 0.1148
167.0682 47.0236 0.1021
167.0935 47.0187 0.0916
167.1188 47.0138 0.0806
167.1441 47.0089 0.0702
167.1694 47.0040 0.0623
167.1947 46.9990 0.0579
167.2200 46.9941 0.0572
167.2453 46.9892 0.0598
167.2706 46.9843 0.0647
167.2959 46.9793 0.0711
167.3211 46.9744 0.0793
167.3464 46.9694 0.0892
167.3717 46.9645 0.0997
167.3969 46.9595 0.1097
167.4222 46.9546 0.1179
167.4474 46.9496 0.1243
167.4727 46.9446 0.1281
167.4979 46.9397 0.1300
167.5232 46.9347 0.1315
167.5484 46.9297 0.1300
167.5736 46.9247 0.1293
167.5989 46.9197 0.1259
167.6241 46.9147 0.1223
166.1097 47.2226 0.0984
166.1352 47.2180 0.0802
166.1607 47.2133 0.0612
166.1861 47.2086 0.0528
166.2116 47.2039 0.0561
166.2371 47.1992 0.0662
166.2626 47.1945 0.0843
166.2880 47.1898 0.1047
166.3135 47.1850 0.1253
166.3390 47.1803 0.1512
166.3644 47.1756 0.1750
166.3899 47.1709 0.1935
166.4153 47.1661 0.2078
166.4408 47.1614 0.2128
166.4662 47.1566 0.2091
166.4916 47.1519 0.1975
166.5171 47.1471 0.1798
166.5425 47.1423 0.1584
166.5679 47.1375 0.1356
166.5933 47.1328 0.1116
166.6187 47.1280 0.0887
166.6441 47.1232 0.0690
166.6695 47.1184 0.0533
166.6949 47.1136 0.0434
166.7203 47.1088 0.0401
166.7457 47.1040 0.0419
166.9740 47.0604 0.1441
166.9993 47.0555 0.1374
167.0247 47.0506 0.1282
167.0500 47.0458 0.1175
167.0753 47.0409 0.1057
167.1007 47.0360 0.0943
167.1260 47.0311 0.0827
167.1513 47.0262 0.0719
167.1766 47.0213 0.0628
167.2019 47.0163 0.0572
167.2272 47.0114 0.0562
167.2525 47.0065 0.0585
167.2778 47.0016 0.0631
167.3031 46.9966 0.0690
167.3284 46.9917 0.0772
167.3536 46.9867 0.0872
167.3789 46.9818 0.0975
167.4042 46.9768 0.1083
167.4294 46.9719 0.1172
167.4547 46.9669 0.1252
167.4800 46.9619 0.1298
167.5052 46.9569 0.1324
167.5305 46.9519 0.1338
167.5557 46.9469 0.1327
167.5809 46.9419 0.1317
167.6062 46.9369 0.1278
167.6314 46.9319 0.1244
166.1165 47.2400 0.1124
166.1420 47.2353 0.0905
166.1675 47.2306 0.0693
166.1930 47.2260 0.0574
166.2185 47.2213 0.0566
166.2440 47.2166 0.0642
166.2695 47.2118 0.0796
166.2950 47.2071 0.0980
166.3204 47.2024 0.1182
166.3459 47.1977 0.1442
166.3714 47.1930 0.1695
166.3968 47.1882 0.1891
166.4223 47.1835 0.2051
166.4477 47.1787 0.2133
166.4732 47.1740 0.2114
166.4986 47.1692 0.2014
166.5241 47.1644 0.1846
166.5495 47.1597 0.1634
166.5749 47.1549 0.1410
166.6003 47.1501 0.1172
166.6258 47.1453 0.0936
166.6512 47.1405 0.0725
166.6766 47.1357 0.0561
166.7020 47.1309 0.0443
166.7274 47.1261 0.0380
166.7528 47.1213 0.0377
166.9811 47.0777 0.1422
167.0065 47.0728 0.1374
167.0318 47.0679 0.1298
167.0572 47.0631 0.1207
167.0825 47.0582 0.1096
167.1078 47.0533 0.0966
167.1332 47.0484 0.0842
167.1585 47.0435 0.0725
167.1838 47.0386 0.0628
167.2091 47.0336 0.0564
167.2344 47.0287 0.0549
167.2597 47.0238 0.0562
167.2850 47.0189 0.0609
167.3103 47.0139 0.0671
167.3356 47.0090 0.0751
167.3609 47.0040 0.0844
167.3862 46.9991 0.0943
167.4114 46.9941 0.1053
167.4367 46.9891 0.1159
167.4620 46.9842 0.1245
167.4872 46.9792 0.1295
167.5125 46.9742 0.1321
167.5377 46.9692 0.1337
167.5630 46.9642 0.1335
167.5882 46.9592 0.1335
167.6135 46.9542 0.1298
167.6387 46.9492 0.1268
166.1234 47.2574 0.1275
166.1489 47.2527 0.1066
166.1744 47.2480 0.0813
166.1999 47.2433 0.0647
166.2254 47.2386 0.0597
166.2509 47.2339 0.0642
166.2764 47.2292 0.0767
166.3019 47.2245 0.0936
166.3274 47.2198 0.1137
166.3529 47.2151 0.1367
166.3783 47.2103 0.1625
166.4038 47.2056 0.1837
166.4293 47.2008 0.2024
166.4547 47.1961 0.2122
166.4802 47.1913 0.2129
166.5056 47.1866 0.2041
166.5311 47.1818 0.1885
166.5565 47.1770 0.1685
166.5819 47.1722 0.1459
166.6074 47.1675 0.1235
166.6328 47.1627 0.0992
166.6582 47.1579 0.0778
166.6836 47.1531 0.0602
166.7090 47.1483 0.0474
166.7345 47.1435 0.0385
166.7599 47.1386 0.0372
166.9883 47.0950 0.1386
167.0136 47.0901 0.1358
167.0390 47.0853 0.1300
167.0643 47.0804 0.1222
167.0897 47.0755 0.1110
167.1150 47.0706 0.0979
167.1403 47.0657 0.0848
167.1657 47.0608 0.0726
167.1910 47.0559 0.0628
167.2163 47.0509 0.0557
167.2416 47.0460 0.0529
167.2669 47.0411 0.0541
167.2922 47.0361 0.0581
167.3175 47.0312 0.0639
167.3428 47.0263 0.0716
167.3681 47.0213 0.0806
167.3934 47.0163 0.0901
167.4187 47.0114 0.1016
167.4440 47.0064 0.1116
167.4692 47.0014 0.1214
167.4945 46.9964 0.1273
167.5198 46.9915 0.1309
167.5450 46.9865 0.1329
167.5703 46.9815 0.1327
167.5955 46.9765 0.1332
167.6208 46.9715 0.1300
167.6460 46.9664 0.1277
166.1303 47.2748 0.1441
166.1558 47.2701 0.1220
166.1813 47.2654 0.0947
166.2069 47.2607 0.0731
166.2324 47.2560 0.0638
166.2579 47.2513 0.0631
166.2834 47.2466 0.0728
166.3088 47.2419 0.0866
166.3343 47.2372 0.1065
166.3598 47.2324 0.1293
166.3853 47.2277 0.1562
166.4108 47.2229 0.1796
166.4362 47.2182 0.1989
166.4617 47.2134 0.2110
166.4872 47.2087 0.2133
166.5126 47.2039 0.2065
166.5381 47.1992 0.1925
166.5635 47.1944 0.1745
166.5890 47.1896 0.1530
166.6144 47.1848 0.1310
166.6398 47.1800 0.1069
166.6653 47.1752 0.0840
166.6907 47.1704 0.0664
166.7161 47.1656 0.0516
166.7415 47.1608 0.0415
166.7669 47.1560 0.0378
166.8939 47.1318 0.1540
166.9954 47.1123 0.1333
167.0208 47.1074 0.1337
167.0461 47.1026 0.1296
167.0715 47.0977 0.1230
167.0968 47.0928 0.1128
167.1222 47.0879 0.0993
167.1475 47.0830 0.0857
167.1729 47.0781 0.0723
167.1982 47.0732 0.0615
167.2235 47.0682 0.0537
167.2488 47.0633 0.0500
167.2742 47.0584 0.0509
167.2995 47.0534 0.0550
167.3248 47.0485 0.0605
167.3501 47.0435 0.0684
167.3754 47.0386 0.0773
167.4007 47.0336 0.0867
167.4260 47.0287 0.0977
167.4512 47.0237 0.1076
167.4765 47.0187 0.1170
167.5018 47.0137 0.1239
167.5271 47.0087 0.1280
167.5523 47.0037 0.1310
167.5776 46.9987 0.1307
167.6028 46.9937 0.1310
167.6281 46.9887 0.1284
167.6533 46.9837 0.1267
166.1372 47.2922 0.1588
166.1627 47.2875 0.1348
166.1883 47.2828 0.1092
166.2138 47.2781 0.0853
166.2393 47.2734 0.0698
166.2648 47.2687 0.0649
166.2903 47.2640 0.0720
166.3158 47.2592 0.0842
166.3413 47.2545 0.1001
166.3668 47.2498 0.1221
166.3923 47.2450 0.1462
166.4177 47.2403 0.1718
166.4432 47.2356 0.1939
166.4687 47.2308 0.2076
166.4942 47.2260 0.2134
166.5196 47.2213 0.2083
166.5451 47.2165 0.1964
166.5705 47.2117 0.1801
166.5960 47.2069 0.1607
166.6214 47.2022 0.1386
166.6469 47.1974 0.1148
166.6723 47.1926 0.0912
166.6977 47.1878 0.0725
166.7232 47.1829 0.0564
166.7486 47.1781 0.0450
166.7740 47.1733 0.0397
167.0026 47.1296 0.1280
167.0279 47.1248 0.1306
167.0533 47.1199 0.1278
167.0787 47.1150 0.1221
167.1040 47.1101 0.1129
167.1294 47.1052 0.1001
167.1547 47.1003 0.0866
167.1801 47.0954 0.0741
167.2054 47.0904 0.0621
167.2307 47.0855 0.0530
167.2561 47.0806 0.0485
167.2814 47.0757 0.0485
167.3067 47.0707 0.0515
167.3320 47.0658 0.0569
167.3573 47.0608 0.0650
167.3826 47.0559 0.0728
167.4079 47.0509 0.0817
167.4332 47.0459 0.0923
167.4585 47.0410 0.1023
167.4838 47.0360 0.1111
167.5091 47.0310 0.1187
167.5344 47.0260 0.1238
167.5596 47.0210 0.1271
167.5849 47.0160 0.1276
167.6102 47.0110 0.1283
167.6354 47.0060 0.1267
167.6607 47.0010 0.1258
166.1441 47.3096 0.1700
166.1696 47.3049 0.1465
166.1952 47.3002 0.1211
166.2207 47.2955 0.0951
166.2462 47.2908 0.0766
166.2717 47.2861 0.0677
166.2972 47.2813 0.0713
166.3227 47.2766 0.0795
166.3482 47.2719 0.0935
166.3737 47.2672 0.1132
166.3992 47.2624 0.1360
166.4247 47.2577 0.1634
166.4502 47.2529 0.1868
166.4757 47.2482 0.2020
166.5012 47.2434 0.2100
166.5266 47.2386 0.2086
166.5521 47.2339 0.2000
166.5776 47.2291 0.1861
166.6030 47.2243 0.1677
166.6285 47.2195 0.1463
166.6539 47.2147 0.1233
166.6794 47.2099 0.0988
166.7048 47.2051 0.0787
166.7302 47.2003 0.0609
166.7557 47.1955 0.0483
166.7811 47.1906 0.0414
167.0097 47.1470 0.1225
167.0351 47.1421 0.1266
167.0605 47.1372 0.1259
167.0858 47.1323 0.1220
167.1112 47.1274 0.1141
167.1365 47.1225 0.1023
167.1619 47.1176 0.0892
167.1873 47.1127 0.0758
167.2126 47.1077 0.0638
167.2379 47.1028 0.0536
167.2633 47.0979 0.0478
167.2886 47.0929 0.0460
167.3139 47.0880 0.0487
167.3393 47.0831 0.0532
167.3646 47.0781 0.0604
167.3899 47.0731 0.0677
167.4152 47.0682 0.0762
167.4405 47.0632 0.0862
167.4658 47.0582 0.0959
167.4911 47.0532 0.1050
167.5164 47.0483 0.1124
167.5417 47.0433 0.1184
167.5669 47.0383 0.1226
167.5922 47.0333 0.1235
167.6175 47.0282 0.1238
167.6428 47.0232 0.1226
167.6680 47.0182 0.1227
166.1510 47.3269 0.1805
166.1765 47.3223 0.1570
166.2021 47.3176 0.1318
166.2276 47.3129 0.1071
166.2531 47.3081 0.0854
166.2787 47.3034 0.0732
166.3042 47.2987 0.0722
166.3297 47.2940 0.0774
166.3552 47.2893 0.0865
166.3807 47.2845 0.1037
166.4062 47.2798 0.1250
166.4317 47.2750 0.1496
166.4572 47.2703 0.1758
166.4827 47.2655 0.1935
166.5082 47.2608 0.2043
166.5336 47.2560 0.2064
166.5591 47.2512 0.2028
166.5846 47.2464 0.1921
166.6101 47.2416 0.1756
166.6355 47.2368 0.1550
166.6610 47.2320 0.1316
166.6864 47.2272 0.1077
166.7119 47.2224 0.0858
166.7373 47.2176 0.0661
166.7627 47.2128 0.0515
166.7882 47.2080 0.0436
166.9153 47.1837 0.1580
167.0169 47.1643 0.1179
167.0422 47.1594 0.1244
167.0676 47.1545 0.1248
167.0930 47.1496 0.1223
167.1184 47.1447 0.1151
167.1437 47.1398 0.1040
167.1691 47.1349 0.0915
167.1945 47.1300 0.0790
167.2198 47.1250 0.0665
167.2452 47.1201 0.0554
167.2705 47.1152 0.0478
167.2958 47.1102 0.0446
167.3212 47.1053 0.0456
167.3465 47.1003 0.0491
167.3718 47.0954 0.0551
167.3972 47.0904 0.0616
167.4225 47.0855 0.0694
167.4478 47.0805 0.0791
167.4731 47.0755 0.0885
167.4984 47.0705 0.0981
167.5237 47.0655 0.1059
167.5490 47.0605 0.1121
167.5743 47.0555 0.1164
167.5995 47.0505 0.1179
167.6248 47.0455 0.1190
167.6501 47.0405 0.1171
167.6754 47.0355 0.1177
166.1579 47.3443 0.1903
166.1835 47.3396 0.1689
166.2090 47.3349 0.1453
166.2345 47.3302 0.1201
166.2601 47.3255 0.0950
166.2856 47.3208 0.0803
166.3111 47.3161 0.0763
166.3367 47.3114 0.0760
166.3622 47.3066 0.0813
166.3877 47.3019 0.0963
166.4132 47.2971 0.1167
166.4387 47.2924 0.1396
166.4642 47.2876 0.1665
166.4897 47.2829 0.1838
166.5152 47.2781 0.1968
166.5407 47.2733 0.2036
166.5661 47.2686 0.2040
166.5916 47.2638 0.1972
166.6171 47.2590 0.1826
166.6426 47.2542 0.1620
166.6680 47.2494 0.1389
166.6935 47.2446 0.1146
166.7189 47.2398 0.0917
166.7444 47.2349 0.0717
166.7698 47.2301 0.0555
166.7953 47.2253 0.0453
167.0240 47.1816 0.1149
167.0494 47.1767 0.1224
167.0748 47.1718 0.1244
167.1002 47.1669 0.1223
167.1256 47.1620 0.1163
167.1509 47.1571 0.1062
167.1763 47.1522 0.0945
167.2017 47.1473 0.0816
167.2270 47.1423 0.0679
167.2524 47.1374 0.0559
167.2777 47.1325 0.0469
167.3031 47.1275 0.0426
167.3284 47.1226 0.0417
167.3538 47.1176 0.0439
167.3791 47.1127 0.0482
167.4044 47.1077 0.0538
167.4297 47.1027 0.0608
167.4551 47.0978 0.0704
167.4804 47.0928 0.0802
167.5057 47.0878 0.0901
167.5310 47.0828 0.0990
167.5563 47.0778 0.1052
167.5816 47.0728 0.1099
167.6069 47.0678 0.1122
167.6322 47.0628 0.1127
166.1648 47.3617 0.1983
166.1904 47.3570 0.1787
166.2159 47.3523 0.1550
166.2415 47.3476 0.1293
166.2670 47.3429 0.1047
166.2926 47.3382 0.0868
166.3181 47.3335 0.0780
166.3436 47.3287 0.0754
166.3691 47.3240 0.0784
166.3947 47.3192 0.0904
166.4202 47.3145 0.1090
166.4457 47.3098 0.1291
166.4712 47.3050 0.1553
166.4967 47.3002 0.1746
166.5222 47.2955 0.1902
166.5477 47.2907 0.1999
166.5732 47.2859 0.2043
166.5987 47.2811 0.2008
166.6241 47.2763 0.1875
166.6496 47.2715 0.1684
166.6751 47.2667 0.1451
166.7006 47.2619 0.1207
166.7260 47.2571 0.0978
166.7515 47.2523 0.0783
166.7769 47.2475 0.0592
166.8024 47.2426 0.0483
167.0312 47.1989 0.1133
167.0566 47.1940 0.1208
167.0820 47.1891 0.1239
167.1074 47.1842 0.1234
167.1328 47.1793 0.1180
167.1581 47.1744 0.1090
167.1835 47.1695 0.0972
167.2089 47.1646 0.0845
167.2343 47.1596 0.0701
167.2596 47.1547 0.0566
167.2850 47.1498 0.0466
167.3103 47.1448 0.0401
167.3357 47.1399 0.0375
167.3610 47.1349 0.0373
167.3864 47.1299 0.0399
167.4117 47.1250 0.0441
167.4370 47.1200 0.0502
167.4624 47.1150 0.0594
167.4877 47.1100 0.0701
167.5130 47.1051 0.0804
167.5383 47.1001 0.0903
167.5636 47.0951 0.0974
167.5889 47.0901 0.1026
167.6142 47.0850 0.1050
167.6395 47.0800 0.1065
167.6648 47.0750 0.1056
167.6901 47.0700 0.1099
166.1717 47.3791 0.2074
166.1973 47.3744 0.1888
166.2229 47.3697 0.1658
166.2484 47.3650 0.1403
166.2740 47.3603 0.1167
166.2995 47.3555 0.0948
166.3251 47.3508 0.0826
166.3506 47.3461 0.0766
166.3761 47.3414 0.0771
166.4017 47.3366 0.0860
166.4272 47.3319 0.1018
166.4527 47.3271 0.1200
166.4782 47.3224 0.1455
166.5037 47.3176 0.1658
166.5292 47.3128 0.1830
166.5547 47.3080 0.1961
166.5802 47.3033 0.2037
166.6057 47.2985 0.2028
166.6312 47.2937 0.1919
166.6567 47.2889 0.1749
166.6822 47.2841 0.1514
166.7076 47.2793 0.1275
166.7331 47.2744 0.1051
166.7586 47.2696 0.0829
166.7840 47.2648 0.0638
166.8095 47.2600 0.0498
167.0384 47.2162 0.1113
167.0638 47.2113 0.1197
167.0892 47.2064 0.1232
167.1146 47.2015 0.1236
167.1400 47.1966 0.1191
167.1653 47.1917 0.1112
167.1907 47.1868 0.0997
167.2161 47.1818 0.0868
167.2415 47.1769 0.0715
167.2669 47.1720 0.0575
167.2922 47.1670 0.0453
167.3176 47.1621 0.0369
167.3429 47.1571 0.0319
167.3683 47.1522 0.0296
167.3936 47.1472 0.0303
167.4190 47.1423 0.0329
167.4443 47.1373 0.0381
167.4696 47.1323 0.0474
167.4950 47.1273 0.0588
167.5203 47.1223 0.0705
167.5456 47.1173 0.0811
167.5709 47.1123 0.0892
167.5962 47.1073 0.0953
167.6215 47.1023 0.0990
167.6468 47.0973 0.0995
167.6721 47.0923 0.1012
167.6974 47.0872 0.1061
166.1787 47.3965 0.2177
166.2042 47.3918 0.1989
166.2298 47.3871 0.1763
166.2554 47.3824 0.1503
166.2809 47.3776 0.1265
166.3065 47.3729 0.1052
166.3320 47.3682 0.0883
166.3576 47.3635 0.0795
166.3831 47.3587 0.0792
166.4086 47.3540 0.0845
166.4342 47.3492 0.0975
166.4597 47.3445 0.1166
166.4852 47.3397 0.1373
166.5107 47.3349 0.1578
166.5363 47.3302 0.1770
166.5618 47.3254 0.1914
166.5873 47.3206 0.2022
166.6128 47.3158 0.2035
166.6383 47.3110 0.1950
166.6637 47.3062 0.1795
166.6892 47.3014 0.1574
166.7147 47.2966 0.1337
166.7402 47.2918 0.1099
166.7657 47.2869 0.0873
166.7911 47.2821 0.0669
166.8166 47.2773 0.0524
166.9438 47.2530 0.1180
167.0455 47.2335 0.1090
167.0709 47.2286 0.1176
167.0964 47.2237 0.1221
167.1218 47.2188 0.1242
167.1472 47.2139 0.1207
167.1726 47.2090 0.1134
167.1980 47.2041 0.1023
167.2233 47.1991 0.0888
167.2487 47.1942 0.0739
167.2741 47.1893 0.0586
167.2995 47.1843 0.0448
167.3248 47.1794 0.0342
167.3502 47.1744 0.0267
167.3756 47.1695 0.0218
167.4009 47.1645 0.0205
167.4263 47.1595 0.0215
167.4516 47.1546 0.0262
167.4769 47.1496 0.0353
167.5023 47.1446 0.0464
167.5276 47.1396 0.0588
167.5529 47.1346 0.0711
167.5783 47.1296 0.0805
167.6036 47.1246 0.0879
167.6289 47.1196 0.0931
167.6542 47.1145 0.0960
167.6795 47.1095 0.0988
167.7048 47.1045 0.1037
166.1856 47.4139 0.2275
166.2112 47.4092 0.2101
166.2367 47.4044 0.1876
166.2623 47.3997 0.1618
166.2879 47.3950 0.1373
166.3134 47.3903 0.1149
166.3390 47.3856 0.0953
166.3645 47.3808 0.0838
166.3901 47.3761 0.0812
166.4156 47.3713 0.0823
166.4412 47.3666 0.0941
166.4667 47.3618 0.1118
166.4922 47.3571 0.1311
166.5178 47.3523 0.1507
166.5433 47.3475 0.1705
166.5688 47.3427 0.1867
166.5943 47.3379 0.1993
166.6198 47.3332 0.2033
166.6453 47.3284 0.1978
166.6708 47.3236 0.1837
166.6963 47.3187 0.1629
166.7218 47.3139 0.1398
166.7473 47.3091 0.1159
166.7728 47.3043 0.0919
166.7982 47.2995 0.0707
166.8237 47.2946 0.0543
167.0527 47.2508 0.1061
167.0781 47.2459 0.1154
167.1036 47.2410 0.1214
167.1290 47.2361 0.1247
167.1544 47.2312 0.1227
167.1798 47.2263 0.1162
167.2052 47.2214 0.1049
167.2306 47.2164 0.0910
167.2560 47.2115 0.0746
167.2813 47.2066 0.0590
167.3067 47.2016 0.0436
167.3321 47.1967 0.0317
167.3575 47.1917 0.0217
167.3828 47.1868 0.0151
167.4082 47.1818 0.0123
167.4336 47.1768 0.0122
167.4589 47.1718 0.0166
167.4843 47.1668 0.0249
167.5096 47.1619 0.0362
167.5349 47.1569 0.0489
167.5603 47.1519 0.0615
167.5856 47.1469 0.0719
167.6109 47.1418 0.0807
167.6362 47.1368 0.0872
167.6616 47.1318 0.0931
167.6869 47.1268 0.0962
167.7122 47.1217 0.1012
166.1925 47.4312 0.2358
166.2181 47.4265 0.2194
166.2437 47.4218 0.1977
166.2693 47.4171 0.1720
166.2948 47.4124 0.1456
166.3204 47.4077 0.1227
166.3460 47.4029 0.1031
166.3715 47.3982 0.0896
166.3971 47.3934 0.0826
166.4226 47.3887 0.0825
166.4482 47.3839 0.0917
166.4737 47.3792 0.1076
166.4993 47.3744 0.1251
166.5248 47.3696 0.1446
166.5503 47.3649 0.1638
166.5758 47.3601 0.1812
166.6014 47.3553 0.1958
166.6269 47.3505 0.2021
166.6524 47.3457 0.1995
166.6779 47.3409 0.1874
166.7034 47.3361 0.1677
166.7289 47.3313 0.1459
166.7544 47.3264 0.1214
166.7799 47.3216 0.0957
166.8053 47.3168 0.0732
166.8308 47.3119 0.0568
167.0599 47.2681 0.1025
167.0853 47.2632 0.1125
167.1108 47.2583 0.1203
167.1362 47.2534 0.1251
167.1616 47.2485 0.1233
167.1870 47.2436 0.1176
167.2124 47.2387 0.1063
167.2378 47.2337 0.0929
167.2632 47.2288 0.0764
167.2886 47.2239 0.0601
167.3140 47.2189 0.0446
167.3394 47.2140 0.0314
167.3648 47.2090 0.0190
167.3901 47.2040 0.0106
167.4155 47.1991 0.0064
167.4409 47.1941 0.0055
167.4662 47.1891 0.0096
167.4916 47.1841 0.0172
167.5169 47.1791 0.0284
167.5423 47.1741 0.0407
167.5676 47.1691 0.0526
167.5929 47.1641 0.0629
167.6183 47.1591 0.0729
167.6436 47.1541 0.0813
167.6689 47.1491 0.0888
167.6942 47.1440 0.0938
167.7195 47.1390 0.0988
166.1995 47.4486 0.2407
166.2251 47.4439 0.2264
166.2506 47.4392 0.2059
166.2762 47.4345 0.1804
166.3018 47.4298 0.1542
166.3274 47.4250 0.1306
166.3530 47.4203 0.1105
166.3785 47.4156 0.0939
166.4041 47.4108 0.0857
166.4296 47.4061 0.0833
166.4552 47.4013 0.0900
166.4808 47.3965 0.1031
166.5063 47.3918 0.1191
166.5318 47.3870 0.1380
166.5574 47.3822 0.1570
166.5829 47.3774 0.1746
166.6084 47.3726 0.1900
166.6339 47.3678 0.1986
166.6595 47.3630 0.1984
166.6850 47.3582 0.1895
166.7105 47.3534 0.1720
166.7360 47.3486 0.1502
166.7615 47.3438 0.1271
166.7870 47.3389 0.1016
166.8125 47.3341 0.0789
166.8380 47.3293 0.0604
166.9653 47.3050 0.1170
167.0671 47.2854 0.0981
167.0925 47.2805 0.1090
167.1180 47.2756 0.1176
167.1434 47.2707 0.1245
167.1688 47.2658 0.1244
167.1942 47.2609 0.1197
167.2197 47.2560 0.1091
167.2451 47.2510 0.0951
167.2705 47.2461 0.0788
167.2959 47.2411 0.0616
167.3213 47.2362 0.0464
167.3466 47.2312 0.0325
167.3720 47.2263 0.0196
167.3974 47.2213 0.0100
167.4228 47.2163 0.0046
167.4482 47.2114 0.0025
167.4735 47.2064 0.0057
167.4989 47.2014 0.0129
167.5242 47.1964 0.0226
167.5496 47.1914 0.0336
167.5749 47.1864 0.0441
167.6003 47.1814 0.0547
167.6256 47.1764 0.0656
167.6510 47.1713 0.0752
167.6763 47.1663 0.0842
167.7016 47.1613 0.0910
167.7269 47.1562 0.0955
166.2064 47.4660 0.2432
166.2320 47.4613 0.2299
166.2576 47.4566 0.2112
166.2832 47.4519 0.1872
166.3088 47.4471 0.1622
166.3344 47.4424 0.1372
166.3600 47.4377 0.1168
166.3855 47.4329 0.1002
166.4111 47.4282 0.0895
166.4367 47.4234 0.0855
166.4622 47.4187 0.0887
166.4878 47.4139 0.1008
166.5133 47.4091 0.1154
166.5389 47.4044 0.1319
166.5644 47.3996 0.1514
166.5900 47.3948 0.1691
166.6155 47.3900 0.1847
166.6410 47.3852 0.1947
166.6665 47.3804 0.1977
166.6921 47.3756 0.1908
166.7176 47.3708 0.1764
166.7431 47.3659 0.1557
166.7686 47.3611 0.1328
166.7941 47.3563 0.1093
166.8196 47.3514 0.0849
166.8451 47.3466 0.0662
167.0743 47.3027 0.0936
167.0997 47.2978 0.1053
167.1252 47.2929 0.1157
167.1506 47.2880 0.1235
167.1760 47.2831 0.1247
167.2015 47.2782 0.1207
167.2269 47.2733 0.1107
167.2523 47.2683 0.0965
167.2777 47.2634 0.0801
167.3031 47.2584 0.0635
167.3285 47.2535 0.0484
167.3539 47.2485 0.0343
167.3793 47.2436 0.0214
167.4047 47.2386 0.0112
167.4301 47.2336 0.0051
167.4555 47.2286 0.0026
167.4808 47.2236 0.0050
167.5062 47.2187 0.0109
167.5316 47.2137 0.0194
167.5569 47.2087 0.0286
167.5823 47.2037 0.0384
167.6076 47.1986 0.0487
167.6330 47.1936 0.0589
167.6583 47.1886 0.0696
167.6837 47.1836 0.0793
167.7090 47.1785 0.0863
166.2134 47.4834 0.2419
166.2390 47.4787 0.2314
166.2646 47.4739 0.2154
166.2902 47.4692 0.1935
166.3158 47.4645 0.1697
166.3414 47.4598 0.1454
166.3669 47.4550 0.1250
166.3925 47.4503 0.1087
166.4181 47.4455 0.0929
166.4437 47.4408 0.0879
166.4692 47.4360 0.0881
166.4948 47.4313 0.0978
166.5204 47.4265 0.1112
166.5459 47.4217 0.1277
166.5715 47.4169 0.1472
166.5970 47.4121 0.1651
166.6226 47.4073 0.1805
166.6481 47.4025 0.1915
166.6736 47.3977 0.1955
166.6992 47.3929 0.1917
166.7247 47.3881 0.1795
166.7502 47.3833 0.1625
166.7757 47.3784 0.1415
166.8012 47.3736 0.1178
166.8267 47.3688 0.0931
166.8522 47.3639 0.0729
167.0815 47.3200 0.0885
167.1070 47.3151 0.1020
167.1324 47.3102 0.1147
167.1578 47.3053 0.1226
167.1833 47.3004 0.1253
167.2087 47.2955 0.1219
167.2341 47.2905 0.1133
167.2596 47.2856 0.1003
167.2850 47.2807 0.0835
167.3104 47.2757 0.0674
167.3358 47.2708 0.0535
167.3612 47.2658 0.0394
167.3866 47.2608 0.0266
167.4120 47.2559 0.0152
167.4374 47.2509 0.0075
167.4628 47.2459 0.0043
167.4882 47.2409 0.0059
167.5135 47.2359 0.0105
167.5389 47.2309 0.0171
167.5643 47.2259 0.0246
167.5896 47.2209 0.0337
167.6150 47.2159 0.0431
167.6404 47.2109 0.0537
167.6657 47.2059 0.0642
167.6910 47.2008 0.0736
167.7164 47.1958 0.0813
167.7417 47.1907 0.0874
166.2203 47.5008 0.2390
166.2459 47.4960 0.2314
166.2715 47.4913 0.2189
166.2971 47.4866 0.2007
166.3228 47.4819 0.1780
166.3484 47.4771 0.1541
166.3739 47.4724 0.1342
166.3995 47.4676 0.1167
166.4251 47.4629 0.0991
166.4507 47.4581 0.0913
166.4763 47.4534 0.0897
166.5019 47.4486 0.0964
166.5274 47.4438 0.1063
166.5530 47.4391 0.1229
166.5785 47.4343 0.1420
166.6041 47.4295 0.1594
166.6296 47.4247 0.1751
166.6552 47.4199 0.1864
166.6807 47.4151 0.1921
166.7063 47.4103 0.1902
166.7318 47.4054 0.1807
166.7573 47.4006 0.1660
166.7828 47.3958 0.1469
166.8083 47.3909 0.1248
166.8339 47.3861 0.1015
166.8594 47.3812 0.0806
167.0887 47.3374 0.0858
167.1142 47.3324 0.1000
167.1396 47.3275 0.1130
167.1651 47.3226 0.1225
167.1905 47.3177 0.1257
167.2160 47.3128 0.1238
167.2414 47.3078 0.1159
167.2668 47.3029 0.1054
167.2923 47.2980 0.0911
167.3177 47.2930 0.0755
167.3431 47.2880 0.0618
167.3685 47.2831 0.0486
167.3939 47.2781 0.0348
167.4193 47.2731 0.0213
167.4447 47.2682 0.0119
167.4701 47.2632 0.0075
167.4955 47.2582 0.0079
167.5209 47.2532 0.0111
167.5463 47.2482 0.0160
167.5716 47.2432 0.0223
167.5970 47.2382 0.0299
167.6224 47.2332 0.0391
167.6477 47.2281 0.0500
167.6731 47.2231 0.0597
167.6984 47.2181 0.0686
167.7238 47.2130 0.0756
167.7491 47.2080 0.0805
166.2273 47.5181 0.2361
166.2529 47.5134 0.2313
166.2785 47.5087 0.2223
166.3041 47.5040 0.2077
166.3297 47.4992 0.1876
166.3554 47.4945 0.1659
166.3810 47.4898 0.1443
166.4066 47.4850 0.1246
166.4321 47.4803 0.1066
166.4577 47.4755 0.0956
166.4833 47.4707 0.0916
166.5089 47.4660 0.0934
166.5345 47.4612 0.1025
166.5600 47.4564 0.1171
166.5856 47.4516 0.1353
166.6112 47.4468 0.1529
166.6367 47.4420 0.1679
166.6623 47.4372 0.1793
166.6878 47.4324 0.1870
166.7134 47.4276 0.1881
166.7389 47.4228 0.1820
166.7644 47.4179 0.1700
166.7900 47.4131 0.1526
166.8155 47.4083 0.1324
166.8410 47.4034 0.1108
166.8665 47.3986 0.0894
166.9940 47.3742 0.0900
167.0959 47.3547 0.0818
167.1214 47.3498 0.0958
167.1469 47.3448 0.1105
167.1723 47.3399 0.1214
167.1978 47.3350 0.1262
167.2232 47.3301 0.1254
167.2487 47.3251 0.1199
167.2741 47.3202 0.1117
167.2995 47.3152 0.1019
167.3250 47.3103 0.0892
167.3504 47.3053 0.0742
167.3758 47.3004 0.0593
167.4012 47.2954 0.0431
167.4266 47.2904 0.0282
167.4520 47.2854 0.0170
167.4774 47.2805 0.0105
167.5028 47.2755 0.0096
167.5282 47.2705 0.0113
167.5536 47.2655 0.0137
167.5790 47.2605 0.0189
167.6044 47.2554 0.0258
167.6297 47.2504 0.0354
167.6551 47.2454 0.0464
167.6805 47.2404 0.0565
167.7058 47.2353 0.0651
167.7312 47.2303 0.0714
167.7565 47.2252 0.0739
166.2342 47.5355 0.2330
166.2599 47.5308 0.2298
166.2855 47.5261 0.2245
166.3111 47.5213 0.2132
166.3367 47.5166 0.1966
166.3624 47.5119 0.1763
166.3880 47.5071 0.1540
166.4136 47.5024 0.1341
166.4392 47.4976 0.1163
166.4648 47.4929 0.1019
166.4904 47.4881 0.0934
166.5159 47.4833 0.0920
166.5415 47.4785 0.0995
166.5671 47.4738 0.1117
166.5927 47.4690 0.1288
166.6182 47.4642 0.1460
166.6438 47.4594 0.1609
166.6694 47.4546 0.1730
166.6949 47.4497 0.1829
166.7205 47.4449 0.1864
166.7460 47.4401 0.1829
166.7716 47.4353 0.1737
166.7971 47.4304 0.1590
166.8226 47.4256 0.1409
166.8481 47.4207 0.1204
166.8737 47.4159 0.0978
167.1031 47.3720 0.0778
167.1286 47.3671 0.0926
167.1541 47.3621 0.1075
167.1796 47.3572 0.1186
167.2050 47.3523 0.1257
167.2305 47.3474 0.1274
167.2559 47.3424 0.1247
167.2814 47.3375 0.1198
167.3068 47.3325 0.1130
167.3322 47.3276 0.1026
167.3577 47.3226 0.0871
167.3831 47.3176 0.0704
167.4085 47.3127 0.0529
167.4339 47.3077 0.0368
167.4594 47.3027 0.0238
167.4848 47.2977 0.0154
167.5102 47.2927 0.0120
167.5356 47.2877 0.0113
167.5610 47.2827 0.0119
167.5863 47.2777 0.0151
167.6117 47.2727 0.0211
167.6371 47.2677 0.0305
167.6625 47.2626 0.0418
167.6879 47.2576 0.0516
167.7132 47.2526 0.0603
167.7386 47.2475 0.0655
167.7639 47.2425 0.0705
166.2412 47.5529 0.2280
166.2668 47.5482 0.2281
166.2925 47.5434 0.2259
166.3181 47.5387 0.2174
166.3437 47.5340 0.2040
166.3694 47.5292 0.1863
166.3950 47.5245 0.1663
166.4206 47.5197 0.1457
166.4462 47.5150 0.1273
166.4718 47.5102 0.1117
166.4974 47.5054 0.0976
166.5230 47.5007 0.0925
166.5486 47.4959 0.0962
166.5742 47.4911 0.1072
166.5998 47.4863 0.1212
166.6253 47.4815 0.1378
166.6509 47.4767 0.1527
166.6765 47.4719 0.1656
166.7020 47.4671 0.1768
166.7276 47.4623 0.1825
166.7531 47.4574 0.1814
166.7787 47.4526 0.1755
166.8042 47.4478 0.1643
166.8298 47.4429 0.1493
166.8553 47.4381 0.1302
166.8808 47.4332 0.1086
167.1104 47.3893 0.0728
167.1359 47.3844 0.0879
167.1613 47.3794 0.1031
167.1868 47.3745 0.1161
167.2123 47.3696 0.1251
167.2377 47.3647 0.1286
167.2632 47.3597 0.1281
167.2886 47.3548 0.1259
167.3141 47.3498 0.1205
167.3395 47.3449 0.1118
167.3650 47.3399 0.0982
167.3904 47.3349 0.0807
167.4158 47.3300 0.0610
167.4413 47.3250 0.0439
167.4667 47.3200 0.0286
167.4921 47.3150 0.0183
167.5175 47.3100 0.0122
167.5429 47.3050 0.0083
167.5683 47.3000 0.0075
167.5937 47.2950 0.0098
167.6191 47.2900 0.0156
167.6445 47.2849 0.0253
167.6699 47.2799 0.0363
167.6953 47.2749 0.0462
167.7206 47.2698 0.0548
167.7460 47.2648 0.0605
167.7714 47.2597 0.0650
166.2482 47.5703 0.2202
166.2738 47.5655 0.2241
166.2995 47.5608 0.2264
166.3251 47.5561 0.2218
166.3508 47.5513 0.2111
166.3764 47.5466 0.1962
166.4020 47.5419 0.1780
166.4276 47.5371 0.1575
166.4532 47.5323 0.1386
166.4789 47.5276 0.1221
166.5045 47.5228 0.1041
166.5301 47.5180 0.0946
166.5557 47.5132 0.0942
166.5813 47.5085 0.1013
166.6068 47.5037 0.1130
166.6324 47.4989 0.1281
166.6580 47.4941 0.1442
166.6836 47.4892 0.1586
166.7091 47.4844 0.1709
166.7347 47.4796 0.1782
166.7603 47.4748 0.1789
166.7858 47.4699 0.1753
166.8114 47.4651 0.1681
166.8369 47.4603 0.1572
166.8625 47.4554 0.1401
166.8880 47.4505 0.1206
167.0156 47.4262 0.1170
167.1176 47.4066 0.0651
167.1431 47.4017 0.0815
167.1686 47.3967 0.0976
167.1941 47.3918 0.1118
167.2195 47.3869 0.1225
167.2450 47.3819 0.1280
167.2705 47.3770 0.1285
167.2959 47.3721 0.1269
167.3214 47.3671 0.1222
167.3468 47.3621 0.1150
167.3723 47.3572 0.1024
167.3977 47.3522 0.0854
167.4232 47.3472 0.0660
167.4486 47.3422 0.0482
167.4740 47.3373 0.0328
167.4994 47.3323 0.0196
167.5249 47.3273 0.0106
167.5503 47.3223 0.0036
167.5757 47.3173 0.0004
167.6011 47.3122 0.0017
167.6265 47.3072 0.0073
167.6519 47.3022 0.0186
167.6773 47.2972 0.0297
167.7027 47.2921 0.0401
167.7280 47.2871 0.0493
167.7534 47.2820 0.0556
167.7788 47.2770 0.0625
166.2552 47.5876 0.2108
166.2808 47.5829 0.2200
166.3065 47.5782 0.2274
166.3321 47.5734 0.2270
166.3578 47.5687 0.2196
166.3834 47.5640 0.2066
166.4090 47.5592 0.1899
166.4347 47.5545 0.1708
166.4603 47.5497 0.1501
166.4859 47.5449 0.1309
166.5115 47.5402 0.1110
166.5371 47.5354 0.0969
166.5627 47.5306 0.0929
166.5883 47.5258 0.0964
166.6139 47.5210 0.1039
166.6395 47.5162 0.1189
166.6651 47.5114 0.1363
166.6907 47.5066 0.1519
166.7163 47.5018 0.1641
166.7418 47.4969 0.1722
166.7674 47.4921 0.1744
166.7930 47.4873 0.1733
166.8185 47.4824 0.1693
166.8441 47.4776 0.1625
166.8696 47.4727 0.1495
166.8952 47.4679 0.1335
167.1248 47.4239 0.0566
167.1503 47.4190 0.0740
167.1758 47.4140 0.0898
167.2013 47.4091 0.1053
167.2268 47.4042 0.1170
167.2523 47.3992 0.1250
167.2778 47.3943 0.1275
167.3032 47.3893 0.1271
167.3287 47.3844 0.1229
167.3541 47.3794 0.1158
167.3796 47.3745 0.1041
167.4050 47.3695 0.0881
167.4305 47.3645 0.0685
167.4559 47.3595 0.0506
167.4814 47.3545 0.0341
167.5068 47.3495 0.0186
167.5322 47.3445 0.0059
167.5576 47.3395 -0.0032
167.5831 47.3345 -0.0087
167.6085 47.3295 -0.0089
167.6339 47.3245 -0.0028
167.6593 47.3194 0.0104
167.6847 47.3144 0.0223
167.7101 47.3094 0.0331
167.7354 47.3043 0.0437
167.7608 47.2993 0.0514
167.7862 47.2942 0.0566
166.2622 47.6050 0.2039
166.2878 47.6003 0.2172
166.3135 47.5956 0.2275
166.3391 47.5908 0.2300
166.3648 47.5861 0.2265
166.3904 47.5813 0.2161
166.4161 47.5766 0.2002
166.4417 47.5718 0.1811
166.4673 47.5671 0.1602
166.4930 47.5623 0.1388
166.5186 47.5575 0.1194
166.5442 47.5527 0.1041
166.5698 47.5479 0.0955
166.5954 47.5431 0.0930
166.6210 47.5383 0.0972
166.6466 47.5335 0.1104
166.6722 47.5287 0.1262
166.6978 47.5239 0.1433
166.7234 47.5191 0.1570
166.7490 47.5143 0.1652
166.7745 47.5094 0.1689
166.8001 47.5046 0.1696
166.8257 47.4998 0.1675
166.8512 47.4949 0.1640
166.8768 47.4900 0.1552
166.9023 47.4852 0.1410
167.1321 47.4412 0.0478
167.1576 47.4363 0.0655
167.1831 47.4313 0.0813
167.2086 47.4264 0.0974
167.2341 47.4215 0.1105
167.2596 47.4165 0.1212
167.2850 47.4116 0.1262
167.3105 47.4066 0.1260
167.3360 47.4017 0.1217
167.3615 47.3967 0.1145
167.3869 47.3917 0.1037
167.4124 47.3868 0.0884
167.4378 47.3818 0.0691
167.4633 47.3768 0.0504
167.4887 47.3718 0.0321
167.5142 47.3668 0.0131
167.5396 47.3618 -0.0020
167.5650 47.3568 -0.0120
167.5904 47.3518 -0.0182
167.6159 47.3468 -0.0199
167.6413 47.3417 -0.0120
167.6667 47.3367 0.0009
167.6921 47.3317 0.0138
167.7175 47.3266 0.0264
167.7429 47.3216 0.0387
167.7683 47.3165 0.0471
167.7936 47.3115 0.0535
166.2691 47.6224 0.1995
166.2948 47.6177 0.2148
166.3205 47.6129 0.2266
166.3461 47.6082 0.2322
166.3718 47.6034 0.2316
166.3975 47.5987 0.2232
166.4231 47.5939 0.2085
166.4487 47.5892 0.1895
166.4744 47.5844 0.1683
166.5000 47.5796 0.1470
166.5257 47.5749 0.1268
166.5513 47.5701 0.1106
166.5769 47.5653 0.0966
166.6025 47.5605 0.0899
166.6281 47.5557 0.0930
166.6537 47.5509 0.1036
166.6793 47.5461 0.1180
166.7049 47.5413 0.1349
166.7305 47.5364 0.1491
166.7561 47.5316 0.1585
166.7817 47.5268 0.1634
166.8073 47.5219 0.1652
166.8328 47.5171 0.1660
166.8584 47.5122 0.1646
166.8840 47.5074 0.1588
166.9095 47.5025 0.1464
167.1393 47.4585 0.0419
167.1649 47.4536 0.0574
167.1904 47.4486 0.0726
167.2159 47.4437 0.0890
167.2414 47.4388 0.1032
167.2669 47.4338 0.1169
167.2923 47.4289 0.1239
167.3178 47.4239 0.1245
167.3433 47.4190 0.1212
167.3688 47.4140 0.1147
167.3942 47.4090 0.1047
167.4197 47.4040 0.0898
167.4452 47.3991 0.0688
167.4706 47.3941 0.0484
167.4961 47.3891 0.0269
167.5215 47.3841 0.0065
167.5470 47.3791 -0.0096
167.5724 47.3741 -0.0202
167.5978 47.3690 -0.0252
167.6232 47.3640 -0.0280
167.6741 47.3540 -0.0073
167.6995 47.3489 0.0069
167.7249 47.3439 0.0201
167.7503 47.3388 0.0340
167.7757 47.3338 0.0436
167.8011 47.3287 0.0514
166.2761 47.6398 0.1949
166.3018 47.6350 0.2106
166.3275 47.6303 0.2233
166.3532 47.6256 0.2306
166.3788 47.6208 0.2327
166.4045 47.6161 0.2275
166.4301 47.6113 0.2147
166.4558 47.6065 0.1969
166.4814 47.6018 0.1761
166.5071 47.5970 0.1546
166.5327 47.5922 0.1346
166.5584 47.5874 0.1158
166.5840 47.5826 0.0985
166.6096 47.5778 0.0899
166.6352 47.5730 0.0897
166.6608 47.5682 0.0972
166.6864 47.5634 0.1103
166.7121 47.5586 0.1253
166.7377 47.5538 0.1411
166.7632 47.5489 0.1520
166.7888 47.5441 0.1585
166.8144 47.5393 0.1615
166.8400 47.5344 0.1625
166.8656 47.5296 0.1624
166.8911 47.5247 0.1578
166.9167 47.5198 0.1463
167.0445 47.4954 0.1120
167.1466 47.4758 0.0375
167.1721 47.4709 0.0511
167.1976 47.4659 0.0660
167.2231 47.4610 0.0827
167.2486 47.4561 0.0971
167.2741 47.4511 0.1114
167.2996 47.4462 0.1205
167.3251 47.4412 0.1236
167.3506 47.4362 0.1207
167.3761 47.4313 0.1150
167.4016 47.4263 0.1041
167.4270 47.4213 0.0892
167.4525 47.4163 0.0682
167.4780 47.4113 0.0455
167.5034 47.4063 0.0214
167.5289 47.4013 0.0000
167.5543 47.3963 -0.0162
167.5798 47.3913 -0.0250
167.6052 47.3863 -0.0294
167.6306 47.3813 -0.0305
167.6561 47.3762 -0.0260
167.6815 47.3712 -0.0136
167.7069 47.3662 0.0008
167.7323 47.3611 0.0149
167.7577 47.3561 0.0293
167.7831 47.3510 0.0398
167.8085 47.3459 0.0490
166.2832 47.6571 0.1885
166.3088 47.6524 0.2040
166.3345 47.6477 0.2171
166.3602 47.6429 0.2263
166.3859 47.6382 0.2311
166.4115 47.6334 0.2288
166.4372 47.6287 0.2186
166.4629 47.6239 0.2023
166.4885 47.6191 0.1817
166.5142 47.6143 0.1596
166.5398 47.6096 0.1381
166.5654 47.6048 0.1178
166.5911 47.6000 0.0994
166.6167 47.5952 0.0892
166.6423 47.5904 0.0868
166.6680 47.5856 0.0915
166.6936 47.5808 0.1026
166.7192 47.5759 0.1170
166.7448 47.5711 0.1333
166.7704 47.5663 0.1453
166.7960 47.5614 0.1529
166.8216 47.5566 0.1569
166.8472 47.5517 0.1588
166.8728 47.5469 0.1583
166.8983 47.5420 0.1539
166.9239 47.5371 0.1428
167.1539 47.4931 0.0357
167.1794 47.4882 0.0464
167.2049 47.4832 0.0605
167.2304 47.4783 0.0771
167.2559 47.4733 0.0919
167.2814 47.4684 0.1047
167.3069 47.4634 0.1157
167.3324 47.4585 0.1199
167.3579 47.4535 0.1177
167.3834 47.4485 0.1123
167.4089 47.4436 0.1012
167.4344 47.4386 0.0860
167.4599 47.4336 0.0650
167.4853 47.4286 0.0409
167.5108 47.4236 0.0154
167.5362 47.4186 -0.0048
167.5617 47.4136 -0.0187
167.5872 47.4086 -0.0265
167.6126 47.4036 -0.0302
167.6380 47.3985 -0.0333
167.6635 47.3935 -0.0284
167.6889 47.3885 -0.0186
167.7143 47.3834 -0.0047
167.7397 47.3784 0.0103
167.7652 47.3733 0.0240
167.7906 47.3683 0.0341
167.8160 47.3632 0.0438
166.2902 47.6745 0.1815
166.3159 47.6698 0.1968
166.3415 47.6650 0.2109
166.3672 47.6603 0.2224
166.3929 47.6555 0.2296
166.4186 47.6508 0.2293
166.4443 47.6460 0.2215
166.4699 47.6412 0.2067
166.4956 47.6365 0.1869
166.5212 47.6317 0.1641
166.5469 47.6269 0.1417
166.5725 47.6221 0.1213
166.5982 47.6173 0.1014
166.6238 47.6125 0.0903
166.6495 47.6077 0.0854
166.6751 47.6029 0.0876
166.7007 47.5981 0.0965
166.7263 47.5933 0.1097
166.7519 47.5884 0.1257
166.7775 47.5836 0.1396
166.8032 47.5788 0.1491
166.8288 47.5739 0.1545
166.8543 47.5691 0.1572
166.8799 47.5642 0.1564
166.9055 47.5593 0.1503
166.9311 47.5545 0.1384
167.1611 47.5104 0.0298
167.1867 47.5054 0.0409
167.2122 47.5005 0.0554
167.2377 47.4956 0.0712
167.2632 47.4906 0.0855
167.2887 47.4857 0.0992
167.3143 47.4807 0.1090
167.3398 47.4758 0.1152
167.3653 47.4708 0.1138
167.3908 47.4658 0.1093
167.4162 47.4608 0.0985
167.4417 47.4559 0.0823
167.4672 47.4509 0.0609
167.4927 47.4459 0.0364
167.5182 47.4409 0.0123
167.5436 47.4359 -0.0059
167.5691 47.4309 -0.0183
167.5945 47.4258 -0.0246
167.6200 47.4208 -0.0292
167.6454 47.4158 -0.0334
167.6709 47.4108 -0.0305
167.6963 47.4057 -0.0211
167.7218 47.4007 -0.0081
167.7472 47.3956 0.0048
167.7726 47.3906 0.0169
167.7980 47.3855 0.0270
167.8234 47.3804 0.0382
166.2972 47.6919 0.1746
166.3229 47.6871 0.1899
166.3486 47.6824 0.2051
166.3743 47.6776 0.2184
166.4000 47.6729 0.2279
166.4256 47.6681 0.2290
166.4513 47.6634 0.2228
166.4770 47.6586 0.2100
166.5027 47.6538 0.1913
166.5283 47.6491 0.1694
166.5540 47.6443 0.1467
166.5796 47.6395 0.1251
166.6053 47.6347 0.1042
166.6309 47.6299 0.0904
166.6566 47.6251 0.0850
166.6822 47.6202 0.0838
166.7078 47.6154 0.0911
166.7335 47.6106 0.1028
166.7591 47.6058 0.1190
166.7847 47.6009 0.1341
166.8103 47.5961 0.1455
166.8359 47.5912 0.1526
166.8615 47.5864 0.1569
166.8871 47.5815 0.1565
166.9127 47.5767 0.1489
166.9383 47.5718 0.1358
167.0662 47.5473 0.1070
167.1684 47.5277 0.0251
167.1939 47.5227 0.0352
167.2195 47.5178 0.0482
167.2450 47.5129 0.0636
167.2705 47.5079 0.0779
167.2961 47.5030 0.0921
167.3216 47.4980 0.1022
167.3471 47.4930 0.1088
167.3726 47.4881 0.1094
167.3981 47.4831 0.1050
167.4236 47.4781 0.0955
167.4491 47.4731 0.0798
167.4746 47.4681 0.0591
167.5001 47.4631 0.0351
167.5510 47.4531 -0.0051
167.5765 47.4481 -0.0174
167.6019 47.4431 -0.0230
167.6274 47.4381 -0.0282
167.6529 47.4330 -0.0330
167.6783 47.4280 -0.0341
167.7038 47.4230 -0.0258
167.7292 47.4179 -0.0131
167.7546 47.4129 -0.0012
167.7801 47.4078 0.0106
167.8055 47.4027 0.0212
167.8309 47.3977 0.0333
166.3042 47.7092 0.1678
166.3299 47.7045 0.1827
166.3556 47.6998 0.1980
166.3813 47.6950 0.2131
166.4070 47.6903 0.2240
166.4327 47.6855 0.2259
166.4584 47.6807 0.2211
166.4841 47.6760 0.2105
166.5097 47.6712 0.1936
166.5354 47.6664 0.1738
166.5611 47.6616 0.1516
166.5867 47.6568 0.1293
166.6124 47.6520 0.1083
166.6381 47.6472 0.0923
166.6637 47.6424 0.0851
166.6893 47.6376 0.0831
166.7150 47.6328 0.0875
166.7406 47.6279 0.0974
166.7662 47.6231 0.1109
166.7919 47.6183 0.1265
166.8175 47.6134 0.1407
166.8431 47.6086 0.1500
166.8687 47.6037 0.1565
166.8943 47.5988 0.1575
166.9199 47.5940 0.1493
166.9455 47.5891 0.1362
167.1757 47.5450 0.0187
167.2012 47.5400 0.0277
167.2268 47.5351 0.0398
167.2523 47.5302 0.0551
167.2778 47.5252 0.0695
167.3034 47.5203 0.0837
167.3289 47.5153 0.0944
167.3544 47.5103 0.1018
167.3799 47.5054 0.1038
167.4054 47.5004 0.1010
167.4309 47.4954 0.0925
167.4564 47.4904 0.0789
167.4819 47.4854 0.0602
167.5074 47.4804 0.0388
167.5329 47.4754 0.0186
167.5584 47.4704 -0.0033
167.5839 47.4654 -0.0166
167.6093 47.4604 -0.0219
167.6348 47.4553 -0.0290
167.6603 47.4503 -0.0352
167.6857 47.4453 -0.0378
167.7112 47.4402 -0.0312
167.7366 47.4352 -0.0202
167.7621 47.4301 -0.0086
167.7875 47.4250 0.0041
167.8129 47.4200 0.0148
167.8384 47.4149 0.0257
166.3112 47.7266 0.1617
166.3369 47.7219 0.1746
166.3627 47.7171 0.1897
166.3884 47.7124 0.2052
166.4141 47.7076 0.2169
166.4398 47.7029 0.2205
166.4655 47.6981 0.2170
166.4911 47.6933 0.2086
166.5168 47.6885 0.1949
166.5425 47.6838 0.1783
166.5682 47.6790 0.1576
166.5939 47.6742 0.1362
166.6195 47.6694 0.1139
166.6452 47.6646 0.0958
166.6708 47.6597 0.0870
166.6965 47.6549 0.0837
166.7221 47.6501 0.0859
166.7478 47.6453 0.0928
166.7734 47.6404 0.1045
166.7990 47.6356 0.1191
166.8247 47.6307 0.1338
166.8503 47.6259 0.1454
166.8759 47.6210 0.1540
166.9015 47.6162 0.1572
166.9271 47.6113 0.1511
166.9527 47.6064 0.1401
167.1830 47.5623 0.0157
167.2085 47.5573 0.0226
167.2341 47.5524 0.0331
167.2596 47.5475 0.0475
167.2852 47.5425 0.0616
167.3107 47.5375 0.0751
167.3362 47.5326 0.0861
167.3618 47.5276 0.0943
167.3873 47.5226 0.0970
167.4128 47.5177 0.0954
167.4383 47.5127 0.0887
167.4638 47.5077 0.0780
167.4893 47.5027 0.0614
167.5148 47.4977 0.0423
167.5403 47.4927 0.0217
167.5658 47.4877 0.0005
167.5913 47.4826 -0.0173
167.6168 47.4776 -0.0249
167.6422 47.4726 -0.0315
167.6677 47.4676 -0.0389
167.6932 47.4625 -0.0408
167.7186 47.4575 -0.0353
167.7441 47.4524 -0.0256
167.7695 47.4474 -0.0147
167.7950 47.4423 -0.0020
167.8204 47.4372 0.0083
167.8459 47.4321 0.0182
166.3183 47.7440 0.1570
166.3440 47.7392 0.1672
166.3697 47.7345 0.1802
166.3954 47.7297 0.1950
166.4211 47.7250 0.2073
166.4468 47.7202 0.2123
166.4725 47.7154 0.2111
166.4982 47.7107 0.2043
166.5239 47.7059 0.1940
166.5496 47.7011 0.1800
166.5753 47.6963 0.1616
166.6010 47.6915 0.1406
166.6266 47.6867 0.1189
166.6523 47.6819 0.0994
166.6780 47.6771 0.0887
166.7036 47.6723 0.0844
166.7293 47.6674 0.0853
166.7549 47.6626 0.0895
166.7806 47.6578 0.0984
166.8062 47.6529 0.1118
166.8319 47.6481 0.1248
166.8575 47.6432 0.1380
166.8831 47.6384 0.1481
166.9087 47.6335 0.1527
166.9343 47.6286 0.1507
166.9600 47.6237 0.1415
167.1902 47.5796 0.0133
167.2158 47.5746 0.0182
167.2414 47.5697 0.0281
167.2669 47.5647 0.0413
167.2925 47.5598 0.0548
167.3180 47.5548 0.0672
167.3436 47.5499 0.0773
167.3691 47.5449 0.0856
167.3946 47.5399 0.0897
167.4201 47.5349 0.0905
167.4457 47.5299 0.0857
167.4712 47.5250 0.0763
167.4967 47.5200 0.0617
167.5222 47.5150 0.0438
167.5477 47.5099 0.0237
167.5732 47.5049 0.0036
167.5987 47.4999 -0.0155
167.6751 47.4848 -0.0386
167.7006 47.4798 -0.0418
167.7261 47.4747 -0.0371
167.7515 47.4697 -0.0285
167.7770 47.4646 -0.0191
167.8024 47.4595 -0.0071
167.8279 47.4545 0.0039
167.8533 47.4494 0.0153
166.3253 47.7613 0.1537
166.3510 47.7566 0.1602
166.3767 47.7519 0.1709
166.4025 47.7471 0.1836
166.4282 47.7423 0.1963
166.4539 47.7376 0.2035
166.4796 47.7328 0.2045
166.5053 47.7280 0.2005
166.5310 47.7232 0.1923
166.5567 47.7185 0.1808
166.5824 47.7137 0.1646
166.6081 47.7089 0.1447
166.6338 47.7041 0.1235
166.6594 47.6992 0.1055
166.6851 47.6944 0.0928
166.7108 47.6896 0.0867
166.7364 47.6848 0.0856
166.7621 47.6799 0.0865
166.7878 47.6751 0.0923
166.8134 47.6702 0.1027
166.8390 47.6654 0.1153
166.8647 47.6605 0.1292
166.8903 47.6557 0.1404
166.9159 47.6508 0.1466
166.9416 47.6459 0.1470
166.9672 47.6410 0.1410
167.0952 47.6166 0.1360
167.1975 47.5969 0.0159
167.2231 47.5919 0.0180
167.2487 47.5870 0.0256
167.2742 47.5820 0.0374
167.2998 47.5771 0.0490
167.3254 47.5721 0.0604
167.3509 47.5671 0.0700
167.3764 47.5622 0.0782
167.4020 47.5572 0.0836
167.4275 47.5522 0.0851
167.4530 47.5472 0.0809
167.4786 47.5422 0.0725
167.5041 47.5372 0.0583
167.5296 47.5322 0.0425
167.5551 47.5272 0.0240
167.5806 47.5222 0.0052
167.6061 47.5172 -0.0167
167.6316 47.5121 -0.0350
167.6826 47.5021 -0.0424
167.7080 47.4970 -0.0419
167.7335 47.4920 -0.0369
167.7590 47.4869 -0.0306
167.7845 47.4818 -0.0220
167.8099 47.4768 -0.0092
167.8354 47.4717 0.0026
167.8608 47.4666 0.0147
166.3323 47.7787 0.1540
166.3581 47.7740 0.1576
166.3838 47.7692 0.1638
166.4095 47.7645 0.1744
166.4353 47.7597 0.1862
166.4610 47.7549 0.1942
166.4867 47.7502 0.1977
166.5124 47.7454 0.1962
166.5381 47.7406 0.1906
166.5638 47.7358 0.1811
166.5895 47.7310 0.1672
166.6152 47.7262 0.1486
166.6409 47.7214 0.1304
166.6666 47.7166 0.1143
166.6923 47.7118 0.1000
166.7179 47.7069 0.0919
166.7436 47.7021 0.0869
166.7693 47.6973 0.0858
166.7949 47.6924 0.0887
166.8206 47.6876 0.0951
166.8462 47.6827 0.1067
166.8719 47.6779 0.1208
166.8975 47.6730 0.1324
166.9232 47.6681 0.1389
166.9488 47.6632 0.1414
166.9744 47.6584 0.1385
167.2048 47.6142 0.0175
167.2304 47.6092 0.0172
167.2560 47.6043 0.0233
167.2816 47.5993 0.0332
167.3071 47.5944 0.0435
167.3327 47.5894 0.0543
167.3582 47.5844 0.0638
167.3838 47.5795 0.0723
167.4093 47.5745 0.0780
167.4349 47.5695 0.0798
167.4604 47.5645 0.0764
167.4859 47.5595 0.0689
167.5115 47.5545 0.0560
167.5370 47.5495 0.0406
167.5625 47.5445 0.0223
167.5880 47.5395 0.0041
167.6135 47.5344 -0.0159
167.6390 47.5294 -0.0313
167.6900 47.5193 -0.0387
167.7155 47.5143 -0.0431
167.7410 47.5092 -0.0375
167.7665 47.5042 -0.0316
167.7919 47.4991 -0.0230
167.8174 47.4940 -0.0093
167.8429 47.4889 0.0025
167.8683 47.4839 0.0134
166.3394 47.7961 0.1562
166.3651 47.7913 0.1552
166.3909 47.7866 0.1582
166.4166 47.7818 0.1660
166.4423 47.7771 0.1757
166.4681 47.7723 0.1846
166.4938 47.7675 0.1899
166.5195 47.7627 0.1908
166.5452 47.7579 0.1875
166.5709 47.7532 0.1802
166.5966 47.7484 0.1687
166.6223 47.7435 0.1537
166.6480 47.7387 0.1373
166.6737 47.7339 0.1213
166.6994 47.7291 0.1059
166.7251 47.7243 0.0960
166.7508 47.7194 0.0892
166.7765 47.7146 0.0852
166.8021 47.7098 0.0847
166.8278 47.7049 0.0886
166.8534 47.7000 0.0984
166.8791 47.6952 0.1119
166.9047 47.6903 0.1238
166.9304 47.6854 0.1314
166.9560 47.6806 0.1350
166.9817 47.6757 0.1337
167.2122 47.6315 0.0212
167.2377 47.6265 0.0194
167.2633 47.6216 0.0221
167.2889 47.6166 0.0296
167.3145 47.6116 0.0386
167.3400 47.6067 0.0486
167.3656 47.6017 0.0578
167.3912 47.5967 0.0668
167.4167 47.5918 0.0721
167.4423 47.5868 0.0745
167.4678 47.5818 0.0717
167.4933 47.5768 0.0653
167.5189 47.5718 0.0535
167.5444 47.5668 0.0392
167.5699 47.5617 0.0216
167.5954 47.5567 0.0042
167.6209 47.5517 -0.0150
167.6465 47.5467 -0.0292
167.7230 47.5315 -0.0437
167.7484 47.5265 -0.0395
167.7739 47.5214 -0.0338
167.7994 47.5163 -0.0239
167.8249 47.5113 -0.0098
167.8503 47.5062 0.0020
167.8758 47.5011 0.0145
166.3464 47.8135 0.1585
166.3722 47.8087 0.1537
166.3979 47.8039 0.1537
166.4237 47.7992 0.1581
166.4494 47.7944 0.1665
166.4752 47.7896 0.1749
166.5009 47.7849 0.1809
166.5266 47.7801 0.1834
166.5523 47.7753 0.1827
166.5781 47.7705 0.1785
166.6038 47.7657 0.1698
166.6295 47.7609 0.1570
166.6552 47.7561 0.1417
166.6809 47.7513 0.1258
166.7066 47.7464 0.1115
166.7323 47.7416 0.0999
166.7580 47.7368 0.0925
166.7836 47.7319 0.0863
166.8093 47.7271 0.0829
166.8350 47.7222 0.0839
166.8606 47.7174 0.0922
166.8863 47.7125 0.1041
166.9120 47.7076 0.1160
166.9376 47.7028 0.1245
166.9633 47.6979 0.1294
166.9889 47.6930 0.1297
167.1170 47.6685 0.1400
167.2195 47.6487 0.0246
167.2451 47.6438 0.0203
167.2706 47.6388 0.0215
167.2962 47.6339 0.0265
167.3218 47.6289 0.0343
167.3474 47.6240 0.0442
167.3730 47.6190 0.0539
167.3985 47.6140 0.0629
167.4241 47.6090 0.0686
167.4496 47.6040 0.0709
167.4752 47.5990 0.0682
167.5007 47.5940 0.0624
167.5263 47.5890 0.0519
167.5518 47.5840 0.0384
167.5773 47.5790 0.0214
167.6029 47.5740 0.0034
167.6284 47.5689 -0.0133
167.6539 47.5639 -0.0266
167.7304 47.5488 -0.0427
167.7559 47.5437 -0.0406
167.7814 47.5386 -0.0358
167.8069 47.5336 -0.0250
167.8324 47.5285 -0.0109
167.8578 47.5234 0.0009
167.8833 47.5183 0.0115
166.3535 47.8308 0.1591
166.3793 47.8261 0.1536
166.4050 47.8213 0.1491
166.4308 47.8165 0.1498
166.4565 47.8118 0.1555
166.4823 47.8070 0.1636
166.5080 47.8022 0.1703
166.5337 47.7974 0.1747
166.5595 47.7926 0.1774
166.5852 47.7878 0.1765
166.6109 47.7830 0.1708
166.6366 47.7782 0.1601
166.6623 47.7734 0.1463
166.6880 47.7686 0.1312
166.7137 47.7638 0.1168
166.7394 47.7589 0.1051
166.7651 47.7541 0.0947
166.7908 47.7493 0.0871
166.8165 47.7444 0.0811
166.8422 47.7396 0.0800
166.8679 47.7347 0.0866
166.8935 47.7298 0.0973
166.9192 47.7250 0.1085
166.9448 47.7201 0.1181
166.9705 47.7152 0.1239
166.9962 47.7103 0.1258
167.2268 47.6660 0.0309
167.2524 47.6611 0.0248
167.2780 47.6561 0.0223
167.3036 47.6512 0.0250
167.3292 47.6462 0.0306
167.3547 47.6412 0.0403
167.3803 47.6363 0.0509
167.4059 47.6313 0.0596
167.4315 47.6263 0.0652
167.4570 47.6213 0.0668
167.4826 47.6163 0.0645
167.5081 47.6113 0.0594
167.5337 47.6063 0.0500
167.5592 47.6013 0.0369
167.5848 47.5963 0.0207
167.6103 47.5912 0.0042
167.6358 47.5862 -0.0115
167.6613 47.5812 -0.0268
167.7124 47.5711 -0.0458
167.7379 47.5660 -0.0450
167.7634 47.5610 -0.0417
167.7889 47.5559 -0.0375
167.8144 47.5508 -0.0263
167.8399 47.5457 -0.0130
167.8653 47.5407 -0.0029
167.8908 47.5356 0.0064
166.3606 47.8482 0.1602
166.3863 47.8434 0.1526
166.4121 47.8387 0.1443
166.4379 47.8339 0.1410
166.4636 47.8291 0.1446
166.4894 47.8244 0.1522
166.5151 47.8196 0.1603
166.5409 47.8148 0.1669
166.5666 47.8100 0.1719
166.5923 47.8052 0.1740
166.6181 47.8004 0.1712
166.6438 47.7956 0.1629
166.6695 47.7908 0.1504
166.6952 47.7859 0.1357
166.7209 47.7811 0.1215
166.7466 47.7763 0.1080
166.7723 47.7714 0.0970
166.7980 47.7666 0.0874
166.8237 47.7617 0.0793
166.8494 47.7569 0.0775
166.8751 47.7520 0.0816
166.9008 47.7471 0.0906
166.9264 47.7423 0.1010
166.9521 47.7374 0.1107
166.9778 47.7325 0.1177
167.0034 47.7276 0.1187
167.2341 47.6833 0.0360
167.2597 47.6784 0.0281
167.2853 47.6734 0.0243
167.3109 47.6685 0.0244
167.3365 47.6635 0.0290
167.3621 47.6585 0.0383
167.3877 47.6535 0.0488
167.4133 47.6486 0.0572
167.4388 47.6436 0.0619
167.4644 47.6386 0.0634
167.4900 47.6336 0.0611
167.5155 47.6286 0.0561
167.5411 47.6236 0.0469
167.5666 47.6185 0.0350
167.5922 47.6135 0.0192
167.6177 47.6085 0.0016
167.6433 47.6035 -0.0139
167.6688 47.5984 -0.0261
167.6943 47.5934 -0.0381
167.7198 47.5883 -0.0508
167.7454 47.5833 -0.0495
167.7709 47.5782 -0.0460
167.7964 47.5731 -0.0404
167.8219 47.5681 -0.0285
167.8474 47.5630 -0.0160
167.8729 47.5579 -0.0071
167.8983 47.5528 -0.0020
166.3676 47.8655 0.1616
166.3934 47.8608 0.1518
166.4192 47.8560 0.1411
166.4449 47.8513 0.1355
166.4707 47.8465 0.1360
166.4965 47.8417 0.1424
166.5222 47.8369 0.1508
166.5480 47.8321 0.1591
166.5737 47.8273 0.1657
166.5995 47.8225 0.1707
166.6252 47.8177 0.1711
166.6509 47.8129 0.1647
166.6767 47.8081 0.1533
166.7024 47.8033 0.1394
166.7281 47.7984 0.1254
166.7538 47.7936 0.1114
166.7795 47.7888 0.0989
166.8052 47.7839 0.0876
166.8309 47.7791 0.0789
166.8566 47.7742 0.0747
166.8823 47.7693 0.0770
166.9080 47.7645 0.0834
166.9337 47.7596 0.0921
166.9593 47.7547 0.1026
166.9850 47.7498 0.1104
167.0107 47.7449 0.1116
167.2414 47.7006 0.0413
167.2670 47.6957 0.0340
167.2927 47.6907 0.0277
167.3183 47.6857 0.0264
167.3439 47.6808 0.0296
167.3695 47.6758 0.0381
167.3951 47.6708 0.0477
167.4206 47.6658 0.0556
167.4462 47.6609 0.0596
167.4718 47.6559 0.0606
167.4974 47.6508 0.0581
167.5229 47.6458 0.0533
167.5485 47.6408 0.0443
167.5741 47.6358 0.0328
167.5996 47.6308 0.0171
167.6252 47.6258 -0.0014
167.6507 47.6207 -0.0175
167.6762 47.6157 -0.0300
167.7018 47.6106 -0.0418
167.7273 47.6056 -0.0489
167.7528 47.6005 -0.0501
167.7783 47.5954 -0.0488
167.8039 47.5904 -0.0413
167.8294 47.5853 -0.0307
167.8549 47.5802 -0.0181
167.8804 47.5751 -0.0107
167.9059 47.5700 -0.0058
166.3747 47.8829 0.1629
166.4005 47.8782 0.1520
166.4263 47.8734 0.1393
166.4520 47.8686 0.1334
166.4778 47.8638 0.1321
166.5036 47.8591 0.1359
166.5293 47.8543 0.1440
166.5551 47.8495 0.1523
166.5809 47.8447 0.1604
166.6066 47.8399 0.1665
166.6324 47.8351 0.1697
166.6581 47.8303 0.1653
166.6838 47.8254 0.1561
166.7096 47.8206 0.1431
166.7353 47.8158 0.1283
166.7610 47.8109 0.1135
166.7867 47.8061 0.0998
166.8124 47.8012 0.0876
166.8381 47.7964 0.0774
166.8638 47.7915 0.0722
166.8895 47.7867 0.0724
166.9152 47.7818 0.0769
166.9409 47.7769 0.0844
166.9666 47.7720 0.0945
166.9923 47.7671 0.1027
167.0179 47.7622 0.1039
167.1462 47.7377 0.1530
167.2488 47.7179 0.0465
167.2744 47.7130 0.0383
167.3000 47.7080 0.0320
167.3256 47.7030 0.0288
167.3512 47.6981 0.0314
167.3768 47.6931 0.0385
167.4024 47.6881 0.0472
167.4280 47.6831 0.0540
167.4536 47.6781 0.0577
167.4792 47.6731 0.0587
167.5048 47.6681 0.0557
167.5304 47.6631 0.0509
167.5559 47.6581 0.0427
167.5815 47.6531 0.0308
167.6071 47.6480 0.0141
167.6326 47.6430 -0.0042
167.6582 47.6380 -0.0218
167.6837 47.6329 -0.0320
167.7092 47.6279 -0.0407
167.7348 47.6228 -0.0529
167.7603 47.6178 -0.0537
167.7858 47.6127 -0.0501
167.8114 47.6076 -0.0433
167.8369 47.6025 -0.0311
167.8624 47.5975 -0.0204
167.8879 47.5924 -0.0140
167.9134 47.5873 -0.0093
166.3818 47.9003 0.1652
166.4076 47.8955 0.1537
166.4334 47.8908 0.1403
166.4591 47.8860 0.1311
166.4849 47.8812 0.1263
166.5107 47.8764 0.1287
166.5365 47.8716 0.1360
166.5622 47.8668 0.1457
166.5880 47.8620 0.1551
166.6138 47.8572 0.1631
166.6395 47.8524 0.1680
166.6653 47.8476 0.1664
166.6910 47.8428 0.1588
166.7167 47.8379 0.1465
166.7425 47.8331 0.1318
166.7682 47.8283 0.1159
166.7939 47.8234 0.1008
166.8196 47.8186 0.0874
166.8453 47.8137 0.0771
166.8711 47.8088 0.0702
166.8968 47.8040 0.0688
166.9225 47.7991 0.0714
166.9482 47.7942 0.0779
166.9738 47.7893 0.0874
166.9995 47.7844 0.0942
167.0252 47.7795 0.0973
167.2561 47.7352 0.0517
167.2817 47.7302 0.0441
167.3074 47.7253 0.0372
167.3330 47.7203 0.0331
167.3586 47.7153 0.0338
167.3842 47.7104 0.0392
167.4098 47.7054 0.0466
167.4354 47.7004 0.0530
167.4610 47.6954 0.0563
167.4866 47.6904 0.0576
167.5122 47.6854 0.0550
167.5378 47.6804 0.0510
167.5634 47.6754 0.0423
167.5889 47.6703 0.0309
167.6145 47.6653 0.0139
167.6401 47.6603 -0.0037
167.6656 47.6552 -0.0210
167.6912 47.6502 -0.0297
167.7167 47.6451 -0.0415
167.7423 47.6401 -0.0564
167.7933 47.6299 -0.0615
167.8189 47.6249 -0.0457
167.8444 47.6198 -0.0347
167.8699 47.6147 -0.0235
167.8954 47.6096 -0.0165
167.9209 47.6045 -0.0106
166.3889 47.9176 0.1684
166.4147 47.9129 0.1553
166.4405 47.9081 0.1415
166.4663 47.9033 0.1301
166.4920 47.8986 0.1220
166.5178 47.8938 0.1222
166.5436 47.8890 0.1292
166.5694 47.8842 0.1386
166.5951 47.8794 0.1491
166.6209 47.8746 0.1582
166.6467 47.8698 0.1646
166.6724 47.8649 0.1647
166.6982 47.8601 0.1593
166.7239 47.8553 0.1483
166.7497 47.8504 0.1338
166.7754 47.8456 0.1175
166.8011 47.8408 0.1021
166.8269 47.8359 0.0879
166.8526 47.8310 0.0777
166.8783 47.8262 0.0695
166.9040 47.8213 0.0666
166.9297 47.8164 0.0679
166.9554 47.8115 0.0732
166.9811 47.8067 0.0810
167.0068 47.8018 0.0874
167.0325 47.7969 0.0902
167.2635 47.7525 0.0554
167.2891 47.7475 0.0479
167.3147 47.7426 0.0418
167.3404 47.7376 0.0372
167.3660 47.7326 0.0371
167.3916 47.7276 0.0410
167.4172 47.7227 0.0471
167.4428 47.7177 0.0527
167.4684 47.7127 0.0561
167.4940 47.7077 0.0574
167.5196 47.7027 0.0557
167.5452 47.6976 0.0518
167.5708 47.6926 0.0431
167.5964 47.6876 0.0319
167.6220 47.6826 0.0164
167.6475 47.6775 -0.0001
167.6731 47.6725 -0.0179
167.7242 47.6624 -0.0389
167.7498 47.6573 -0.0636
167.7753 47.6522 -0.0766
167.8264 47.6421 -0.0533
167.8519 47.6370 -0.0373
167.8774 47.6319 -0.0258
167.9030 47.6268 -0.0178
167.9285 47.6217 -0.0093
166.3960 47.9350 0.1714
166.4218 47.9302 0.1577
166.4476 47.9255 0.1422
166.4734 47.9207 0.1284
166.4992 47.9159 0.1177
166.5250 47.9111 0.1159
166.5507 47.9063 0.1213
166.5765 47.9015 0.1295
166.6023 47.8967 0.1424
166.6281 47.8919 0.1522
166.6538 47.8871 0.1600
166.6796 47.8823 0.1621
166.7054 47.8775 0.1587
166.7311 47.8726 0.1489
166.7569 47.8678 0.1352
166.7826 47.8629 0.1201
166.8083 47.8581 0.1043
166.8341 47.8532 0.0907
166.8598 47.8484 0.0795
166.8855 47.8435 0.0706
166.9112 47.8386 0.0659
166.9370 47.8337 0.0658
166.9627 47.8289 0.0699
166.9884 47.8240 0.0764
167.0141 47.8191 0.0823
167.0398 47.8142 0.0847
167.1682 47.7896 0.1420
167.2708 47.7698 0.0568
167.2965 47.7648 0.0505
167.3221 47.7599 0.0448
167.3477 47.7549 0.0410
167.3734 47.7499 0.0405
167.3990 47.7449 0.0436
167.4246 47.7399 0.0485
167.4502 47.7349 0.0534
167.4758 47.7299 0.0562
167.5014 47.7249 0.0576
167.5271 47.7199 0.0559
167.5526 47.7149 0.0518
167.5782 47.7099 0.0441
167.6038 47.7049 0.0339
167.6294 47.6998 0.0207
167.6550 47.6948 0.0062
167.6806 47.6897 -0.0110
167.7061 47.6847 -0.0278
167.7317 47.6796 -0.0392
167.8083 47.6644 -0.0772
167.8339 47.6593 -0.0542
167.8594 47.6542 -0.0376
167.8850 47.6492 -0.0287
167.9105 47.6441 -0.0192
167.9360 47.6390 -0.0079
166.4031 47.9524 0.1767
166.4289 47.9476 0.1625
166.4547 47.9428 0.1447
166.4805 47.9380 0.1306
166.5063 47.9333 0.1188
166.5321 47.9285 0.1115
166.5579 47.9237 0.1160
166.5837 47.9189 0.1240
166.6095 47.9141 0.1357
166.6352 47.9093 0.1463
166.6610 47.9044 0.1555
166.6868 47.8996 0.1587
166.7126 47.8948 0.1575
166.7383 47.8900 0.1492
166.7641 47.8851 0.1365
166.7898 47.8803 0.1223
166.8156 47.8754 0.1077
166.8413 47.8706 0.0947
166.8670 47.8657 0.0833
166.8928 47.8608 0.0738
166.9185 47.8559 0.0667
166.9442 47.8511 0.0649
166.9699 47.8462 0.0680
166.9957 47.8413 0.0731
167.0214 47.8364 0.0776
167.0471 47.8315 0.0797
167.2782 47.7871 0.0567
167.3038 47.7821 0.0511
167.3295 47.7771 0.0467
167.3551 47.7722 0.0435
167.3808 47.7672 0.0435
167.4064 47.7622 0.0462
167.4320 47.7572 0.0507
167.4576 47.7522 0.0549
167.4833 47.7472 0.0576
167.5089 47.7422 0.0587
167.5345 47.7372 0.0569
167.5601 47.7322 0.0530
167.5857 47.7271 0.0461
167.6113 47.7221 0.0367
167.6369 47.7171 0.0243
167.6625 47.7120 0.0111
167.6880 47.7070 -0.0034
167.7136 47.7019 -0.0189
167.7392 47.6969 -0.0287
167.8159 47.6817 -0.0488
167.8414 47.6766 -0.0360
167.8670 47.6715 -0.0407
167.8925 47.6664 -0.0338
167.9180 47.6613 -0.0236
167.9436 47.6562 -0.0095
166.4102 47.9697 0.1835
166.4360 47.9650 0.1687
166.4618 47.9602 0.1511
166.4876 47.9554 0.1344
166.5134 47.9506 0.1195
166.5392 47.9458 0.1114
166.5650 47.9410 0.1118
166.5908 47.9362 0.1187
166.6166 47.9314 0.1293
166.6424 47.9266 0.1420
166.6682 47.9218 0.1515
166.6940 47.9170 0.1568
166.7197 47.9121 0.1568
166.7455 47.9073 0.1500
166.7713 47.9024 0.1390
166.7970 47.8976 0.1265
166.8228 47.8927 0.1129
166.8485 47.8879 0.0999
166.8743 47.8830 0.0893
166.9000 47.8781 0.0779
166.9258 47.8733 0.0691
166.9515 47.8684 0.0646
166.9772 47.8635 0.0656
167.0029 47.8586 0.0692
167.0286 47.8537 0.0728
167.0544 47.8488 0.0747
167.2855 47.8044 0.0552
167.3112 47.7994 0.0508
167.3368 47.7944 0.0477
167.3625 47.7894 0.0458
167.3881 47.7845 0.0461
167.4138 47.7795 0.0485
167.4394 47.7745 0.0526
167.4651 47.7695 0.0564
167.4907 47.7645 0.0592
167.5163 47.7595 0.0603
167.5419 47.7545 0.0589
167.5675 47.7494 0.0551
167.5931 47.7444 0.0486
167.6187 47.7394 0.0397
167.6443 47.7343 0.0285
167.6699 47.7293 0.0155
167.6955 47.7242 0.0024
167.7211 47.7192 -0.0097
167.7467 47.7141 -0.0207
167.7723 47.7090 -0.0295
167.7978 47.7040 -0.0383
167.8745 47.6887 -0.0421
167.9000 47.6836 -0.0411
167.9256 47.6785 -0.0304
167.9511 47.6734 -0.0149
166.4173 47.9871 0.1911
166.4431 47.9823 0.1754
166.4689 47.9775 0.1571
166.4948 47.9728 0.1389
166.5206 47.9680 0.1237
166.5464 47.9632 0.1141
166.5722 47.9584 0.1110
166.5980 47.9536 0.1146
166.6238 47.9488 0.1240
166.6496 47.9439 0.1374
166.6754 47.9391 0.1486
166.7012 47.9343 0.1549
166.7269 47.9295 0.1553
166.7527 47.9246 0.1500
166.7785 47.9198 0.1408
166.8043 47.9149 0.1301
166.8300 47.9101 0.1180
166.8558 47.9052 0.1057
166.8815 47.9003 0.0942
166.9073 47.8955 0.0832
166.9330 47.8906 0.0722
166.9588 47.8857 0.0660
166.9845 47.8808 0.0653
167.0102 47.8759 0.0674
167.0359 47.8710 0.0700
167.0617 47.8661 0.0709
167.2929 47.8216 0.0533
167.3186 47.8167 0.0498
167.3442 47.8117 0.0474
167.3699 47.8067 0.0463
167.3955 47.8017 0.0469
167.4212 47.7968 0.0493
167.4468 47.7918 0.0536
167.4725 47.7868 0.0580
167.4981 47.7817 0.0613
167.5237 47.7767 0.0629
167.5494 47.7717 0.0617
167.5750 47.7667 0.0579
167.6006 47.7617 0.0514
167.6262 47.7566 0.0430
167.6518 47.7516 0.0321
167.6774 47.7465 0.0194
167.7030 47.7415 0.0067
167.7286 47.7364 -0.0044
167.7542 47.7314 -0.0155
167.7798 47.7263 -0.0249
167.8053 47.7212 -0.0353
167.8820 47.7060 -0.0458
167.9076 47.7009 -0.0439
167.9331 47.6958 -0.0365
167.9587 47.6906 -0.0258
166.4244 48.0044 0.1979
166.4502 47.9997 0.1829
166.4761 47.9949 0.1649
166.5019 47.9901 0.1451
166.5277 47.9853 0.1270
166.5535 47.9805 0.1138
166.5794 47.9757 0.1067
166.6052 47.9709 0.1088
166.6310 47.9661 0.1184
166.6568 47.9613 0.1308
166.6826 47.9565 0.1443
166.7084 47.9516 0.1517
166.7342 47.9468 0.1531
166.7599 47.9419 0.1489
166.7857 47.9371 0.1416
166.8115 47.9322 0.1326
166.8373 47.9274 0.1221
166.8630 47.9225 0.1108
166.8888 47.9177 0.0991
166.9145 47.9128 0.0869
166.9403 47.9079 0.0757
166.9660 47.9030 0.0692
166.9918 47.8981 0.0673
167.0175 47.8932 0.0672
167.0432 47.8883 0.0683
167.0690 47.8834 0.0682
167.1975 47.8587 0.1150
167.3003 47.8389 0.0512
167.3259 47.8340 0.0479
167.3516 47.8290 0.0464
167.3773 47.8240 0.0455
167.4029 47.8190 0.0462
167.4286 47.8140 0.0491
167.4543 47.8090 0.0535
167.4799 47.8040 0.0584
167.5055 47.7990 0.0626
167.5312 47.7940 0.0650
167.5568 47.7890 0.0647
167.5824 47.7840 0.0615
167.6081 47.7789 0.0550
167.6337 47.7739 0.0466
167.6593 47.7688 0.0355
167.6849 47.7638 0.0228
167.7105 47.7587 0.0103
167.7361 47.7537 -0.0012
167.7617 47.7486 -0.0106
167.7873 47.7435 -0.0221
167.8129 47.7385 -0.0334
167.9407 47.7130 -0.0429
167.9663 47.7079 -0.0388
166.4315 48.0218 0.2063
166.4573 48.0170 0.1911
166.4832 48.0122 0.1709
166.5090 48.0075 0.1507
166.5349 48.0027 0.1299
166.5607 47.9979 0.1134
166.5865 47.9931 0.1022
166.6123 47.9883 0.1043
166.6382 47.9834 0.1140
166.6640 47.9786 0.1249
166.6898 47.9738 0.1386
166.7156 47.9690 0.1464
166.7414 47.9641 0.1496
166.7672 47.9593 0.1472
166.7929 47.9544 0.1419
166.8187 47.9496 0.1341
166.8445 47.9447 0.1244
166.8703 47.9398 0.1141
166.8960 47.9350 0.1023
166.9218 47.9301 0.0901
166.9476 47.9252 0.0803
166.9733 47.9203 0.0735
166.9991 47.9154 0.0705
167.0248 47.9105 0.0694
167.0505 47.9056 0.0683
167.0763 47.9007 0.0669
167.3077 47.8562 0.0481
167.3333 47.8512 0.0456
167.3590 47.8463 0.0446
167.3847 47.8413 0.0441
167.4104 47.8363 0.0450
167.4360 47.8313 0.0479
167.4617 47.8263 0.0527
167.4873 47.8213 0.0585
167.5130 47.8163 0.0636
167.5386 47.8113 0.0667
167.5643 47.8062 0.0670
167.5899 47.8012 0.0642
167.6155 47.7962 0.0581
167.6412 47.7911 0.0497
167.6668 47.7861 0.0388
167.6924 47.7810 0.0262
167.7180 47.7760 0.0132
167.7436 47.7709 0.0017
167.7692 47.7659 -0.0092
167.7948 47.7608 -0.0186
167.8204 47.7557 -0.0273
167.9483 47.7302 -0.0461
167.9738 47.7251 -0.0468
166.4386 48.0392 0.2141
166.4645 48.0344 0.1991
166.4903 48.0296 0.1785
166.5162 48.0248 0.1561
166.5420 48.0200 0.1340
166.5679 48.0152 0.1116
166.5937 48.0104 0.0980
166.6195 48.0056 0.0994
166.6453 48.0008 0.1083
166.6712 47.9960 0.1185
166.6970 47.9911 0.1324
166.7228 47.9863 0.1405
166.7486 47.9815 0.1449
166.7744 47.9766 0.1447
166.8002 47.9718 0.1412
166.8260 47.9669 0.1344
166.8518 47.9620 0.1258
166.8775 47.9572 0.1160
166.9033 47.9523 0.1049
166.9291 47.9474 0.0939
166.9548 47.9425 0.0842
166.9806 47.9376 0.0775
167.0064 47.9327 0.0735
167.0321 47.9278 0.0705
167.0579 47.9229 0.0682
167.0836 47.9180 0.0658
167.3150 47.8735 0.0450
167.3407 47.8685 0.0430
167.3664 47.8635 0.0424
167.3921 47.8586 0.0421
167.4178 47.8536 0.0436
167.4435 47.8486 0.0467
167.4691 47.8436 0.0519
167.4948 47.8386 0.0583
167.5204 47.8335 0.0641
167.5461 47.8285 0.0682
167.5717 47.8235 0.0688
167.5974 47.8185 0.0665
167.6230 47.8134 0.0610
167.6486 47.8084 0.0536
167.6743 47.8033 0.0431
167.6999 47.7983 0.0301
167.7255 47.7932 0.0168
167.7511 47.7882 0.0050
167.7767 47.7831 -0.0056
167.8023 47.7780 -0.0146
167.8279 47.7729 -0.0203
166.4458 48.0565 0.2182
166.4716 48.0517 0.2035
166.4975 48.0470 0.1840
166.5233 48.0422 0.1607
166.5492 48.0374 0.1379
166.5750 48.0326 0.1153
166.6009 48.0278 0.0996
166.6267 48.0229 0.0957
166.6525 48.0181 0.1026
166.6784 48.0133 0.1129
166.7042 48.0085 0.1238
166.7300 48.0036 0.1332
166.7558 47.9988 0.1399
166.7816 47.9939 0.1414
166.8074 47.9891 0.1394
166.8332 47.9842 0.1341
166.8590 47.9794 0.1263
166.8848 47.9745 0.1174
166.9106 47.9696 0.1076
166.9364 47.9647 0.0968
166.9621 47.9598 0.0872
166.9879 47.9549 0.0796
167.0137 47.9500 0.0741
167.0394 47.9451 0.0702
167.0652 47.9402 0.0670
167.0909 47.9353 0.0640
167.2196 47.9106 0.1180
167.3224 47.8908 0.0422
167.3481 47.8858 0.0402
167.3738 47.8808 0.0395
167.3995 47.8758 0.0395
167.4252 47.8708 0.0415
167.4509 47.8658 0.0452
167.4766 47.8608 0.0512
167.5022 47.8558 0.0582
167.5279 47.8508 0.0646
167.5535 47.8458 0.0690
167.5792 47.8408 0.0706
167.6049 47.8357 0.0690
167.6305 47.8307 0.0644
167.6561 47.8256 0.0573
167.6818 47.8206 0.0470
167.7074 47.8155 0.0345
167.7330 47.8105 0.0211
167.7586 47.8054 0.0092
167.7843 47.8003 -0.0009
167.8099 47.7953 -0.0092
167.8355 47.7902 -0.0174
167.9634 47.7647 -0.0349
167.9890 47.7595 -0.0210
166.4529 48.0739 0.2179
166.4788 48.0691 0.2045
166.5046 48.0643 0.1860
166.5305 48.0595 0.1649
166.5564 48.0547 0.1423
166.5822 48.0499 0.1201
166.6081 48.0451 0.1027
166.6339 48.0403 0.0931
166.6597 48.0355 0.0977
166.6856 48.0306 0.1046
166.7114 48.0258 0.1143
166.7372 48.0210 0.1252
166.7630 48.0161 0.1332
166.7889 48.0113 0.1359
166.8147 48.0064 0.1359
166.8405 48.0016 0.1326
166.8663 47.9967 0.1269
166.8921 47.9918 0.1189
166.9179 47.9869 0.1101
166.9436 47.9820 0.1005
166.9694 47.9772 0.0902
166.9952 47.9723 0.0815
167.0210 47.9674 0.0750
167.0467 47.9624 0.0694
167.0725 47.9575 0.0656
167.0982 47.9526 0.0623
167.3298 47.9081 0.0400
167.3555 47.9031 0.0373
167.3812 47.8981 0.0365
167.4069 47.8931 0.0370
167.4326 47.8881 0.0395
167.4583 47.8831 0.0443
167.4840 47.8781 0.0508
167.5097 47.8731 0.0582
167.5353 47.8681 0.0650
167.5610 47.8631 0.0700
167.5867 47.8580 0.0724
167.6123 47.8530 0.0725
167.6380 47.8479 0.0687
167.6636 47.8429 0.0621
167.6893 47.8379 0.0525
167.7149 47.8328 0.0404
167.7405 47.8277 0.0274
167.7662 47.8227 0.0154
167.7918 47.8176 0.0053
167.8174 47.8125 -0.0031
167.8430 47.8074 -0.0120
167.9710 47.7819 -0.0200
167.9966 47.7768 -0.0172
166.4600 48.0912 0.2135
166.4859 48.0865 0.2019
166.5118 48.0817 0.1858
166.5377 48.0769 0.1659
166.5635 48.0721 0.1446
166.5894 48.0673 0.1222
166.6152 48.0624 0.1030
166.6411 48.0576 0.0916
166.6669 48.0528 0.0926
166.6928 48.0480 0.0974
166.7186 48.0431 0.1070
166.7444 48.0383 0.1171
166.7703 48.0335 0.1247
166.7961 48.0286 0.1281
166.8219 48.0237 0.1314
166.8477 48.0189 0.1302
166.8735 48.0140 0.1265
166.8993 48.0091 0.1203
166.9251 48.0042 0.1123
166.9509 47.9994 0.1033
166.9767 47.9945 0.0923
167.0025 47.9896 0.0824
167.0283 47.9847 0.0747
167.0541 47.9798 0.0688
167.0798 47.9748 0.0646
167.1056 47.9699 0.0612
167.3372 47.9253 0.0382
167.3630 47.9204 0.0353
167.3887 47.9154 0.0342
167.4144 47.9104 0.0346
167.4401 47.9054 0.0378
167.4658 47.9004 0.0431
167.4914 47.8954 0.0503
167.5171 47.8904 0.0580
167.5428 47.8853 0.0652
167.5685 47.8803 0.0714
167.5942 47.8753 0.0754
167.6198 47.8702 0.0767
167.6455 47.8652 0.0741
167.6711 47.8602 0.0679
167.6968 47.8551 0.0586
167.7224 47.8500 0.0467
167.7481 47.8450 0.0343
167.7737 47.8399 0.0230
167.7993 47.8348 0.0134
167.8250 47.8297 0.0051
167.8506 47.8247 -0.0017
167.8762 47.8196 -0.0047
167.9018 47.8145 -0.0079
167.9274 47.8093 -0.0098
167.9530 47.8042 -0.0064
167.9786 47.7991 -0.0040
168.0042 47.7940 0.0072
166.4672 48.1086 0.2088
166.4931 48.1038 0.1987
166.5190 48.0990 0.1841
166.5448 48.0942 0.1656
166.5707 48.0894 0.1450
166.5966 48.0846 0.1206
166.6224 48.0798 0.1006
166.6483 48.0750 0.0888
166.6741 48.0701 0.0888
166.7000 48.0653 0.0915
166.7258 48.0605 0.1002
166.7517 48.0556 0.1081
166.7775 48.0508 0.1152
166.8033 48.0459 0.1209
166.8292 48.0411 0.1261
166.8550 48.0362 0.1273
166.8808 48.0313 0.1255
166.9066 48.0264 0.1212
166.9324 48.0216 0.1146
166.9582 48.0167 0.1052
166.9840 48.0118 0.0940
167.0098 48.0069 0.0833
167.0356 48.0020 0.0752
167.0614 47.9971 0.0691
167.0872 47.9921 0.0647
167.1129 47.9872 0.0614
167.3446 47.9426 0.0365
167.3704 47.9376 0.0332
167.3961 47.9327 0.0320
167.4218 47.9277 0.0326
167.4475 47.9227 0.0362
167.4732 47.9177 0.0421
167.4989 47.9126 0.0498
167.5246 47.9076 0.0577
167.5503 47.9026 0.0658
167.5760 47.8976 0.0735
167.6016 47.8925 0.0792
167.6273 47.8875 0.0814
167.6530 47.8825 0.0796
167.6786 47.8774 0.0738
167.7043 47.8724 0.0648
167.7300 47.8673 0.0535
167.7556 47.8622 0.0420
167.7812 47.8571 0.0310
167.8069 47.8521 0.0219
167.8325 47.8470 0.0141
167.8581 47.8419 0.0061
167.8838 47.8368 0.0008
167.9094 47.8317 -0.0018
167.9350 47.8266 -0.0008
167.9606 47.8215 0.0020
167.9862 47.8163 0.0087
168.0118 47.8112 0.0167
166.4743 48.1259 0.2046
166.5002 48.1212 0.1956
166.5261 48.1164 0.1821
166.5520 48.1116 0.1642
166.5779 48.1068 0.1436
166.6038 48.1020 0.1205
166.6296 48.0971 0.1002
166.6555 48.0923 0.0891
166.6814 48.0875 0.0870
166.7072 48.0827 0.0880
166.7331 48.0778 0.0935
166.7589 48.0730 0.0997
166.7848 48.0681 0.1077
166.8106 48.0633 0.1136
166.8364 48.0584 0.1193
166.8623 48.0535 0.1225
166.8881 48.0486 0.1225
166.9139 48.0438 0.1198
166.9397 48.0389 0.1140
166.9655 48.0340 0.1061
166.9913 48.0291 0.0948
167.0171 48.0242 0.0845
167.0429 48.0193 0.0764
167.0687 48.0144 0.0702
167.0945 48.0094 0.0658
167.1203 48.0045 0.0625
167.2491 47.9798 0.0950
167.3521 47.9599 0.0337
167.3778 47.9549 0.0308
167.4035 47.9499 0.0299
167.4292 47.9449 0.0311
167.4549 47.9399 0.0350
167.4807 47.9349 0.0415
167.5064 47.9299 0.0495
167.5321 47.9249 0.0578
167.5578 47.9199 0.0666
167.5834 47.9148 0.0754
167.6091 47.9098 0.0821
167.6348 47.9048 0.0861
167.6605 47.8997 0.0845
167.6862 47.8947 0.0790
167.7118 47.8896 0.0702
167.7375 47.8845 0.0597
167.7631 47.8795 0.0494
167.7888 47.8744 0.0394
167.8144 47.8693 0.0304
167.8401 47.8642 0.0216
167.8657 47.8591 0.0136
167.8913 47.8540 0.0076
167.9170 47.8489 0.0047
167.9426 47.8438 0.0057
167.9682 47.8387 0.0084
167.9938 47.8336 0.0137
168.0194 47.8284 0.0193
166.4815 48.1433 0.2012
166.5074 48.1385 0.1930
166.5333 48.1337 0.1809
166.5592 48.1289 0.1642
166.5851 48.1241 0.1447
166.6110 48.1193 0.1233
166.6368 48.1145 0.1039
166.6627 48.1097 0.0909
166.6886 48.1048 0.0866
166.7144 48.1000 0.0851
166.7403 48.0951 0.0869
166.7662 48.0903 0.0920
166.7920 48.0854 0.0999
166.8179 48.0806 0.1065
166.8437 48.0757 0.1135
166.8695 48.0708 0.1174
166.8954 48.0660 0.1189
166.9212 48.0611 0.1174
166.9470 48.0562 0.1137
166.9728 48.0513 0.1068
166.9986 48.0464 0.0965
167.0244 48.0415 0.0866
167.0502 48.0366 0.0786
167.0760 48.0317 0.0719
167.1018 48.0267 0.0671
167.1276 48.0218 0.0634
167.3595 47.9772 0.0311
167.3852 47.9722 0.0287
167.4110 47.9672 0.0283
167.4367 47.9622 0.0302
167.4624 47.9572 0.0346
167.4881 47.9522 0.0414
167.5138 47.9472 0.0492
167.5395 47.9422 0.0577
167.5652 47.9371 0.0671
167.5909 47.9321 0.0767
167.6166 47.9271 0.0842
167.6423 47.9220 0.0891
167.6680 47.9170 0.0886
167.6937 47.9119 0.0837
167.7194 47.9068 0.0754
167.7450 47.9018 0.0658
167.7707 47.8967 0.0565
167.7963 47.8916 0.0472
167.8220 47.8865 0.0384
167.8476 47.8815 0.0295
167.8733 47.8764 0.0206
167.8989 47.8713 0.0142
167.9246 47.8661 0.0111
167.9502 47.8610 0.0110
167.9758 47.8559 0.0136
168.0014 47.8508 0.0172
168.0270 47.8457 0.0193
166.4887 48.1607 0.1993
166.5146 48.1559 0.1917
166.5405 48.1511 0.1813
166.5664 48.1463 0.1659
166.5923 48.1415 0.1475
166.6182 48.1366 0.1268
166.6441 48.1318 0.1069
166.6699 48.1270 0.0917
166.6958 48.1222 0.0855
166.7217 48.1173 0.0824
166.7476 48.1125 0.0822
166.7734 48.1076 0.0858
166.7993 48.1028 0.0932
166.8251 48.0979 0.1008
166.8510 48.0930 0.1085
166.8768 48.0882 0.1129
166.9027 48.0833 0.1153
166.9285 48.0784 0.1158
166.9543 48.0735 0.1132
166.9801 48.0686 0.1071
167.0060 48.0637 0.0982
167.0318 48.0588 0.0891
167.0576 48.0539 0.0807
167.0834 48.0490 0.0741
167.1092 48.0440 0.0686
167.1350 48.0391 0.0641
167.3669 47.9945 0.0284
167.3927 47.9895 0.0268
167.4184 47.9845 0.0268
167.4441 47.9795 0.0294
167.4699 47.9745 0.0344
167.4956 47.9695 0.0413
167.5213 47.9644 0.0489
167.5470 47.9594 0.0572
167.5727 47.9544 0.0670
167.5984 47.9494 0.0771
167.6241 47.9443 0.0853
167.6498 47.9393 0.0912
167.6755 47.9342 0.0908
167.7012 47.9292 0.0873
167.7269 47.9241 0.0801
167.7526 47.9190 0.0713
167.7782 47.9140 0.0631
167.8039 47.9089 0.0542
167.8296 47.9038 0.0453
167.8552 47.8987 0.0360
167.8809 47.8936 0.0267
167.9065 47.8885 0.0204
167.9321 47.8834 0.0171
167.9578 47.8783 0.0164
167.9834 47.8731 0.0185
168.0090 47.8680 0.0195
168.0347 47.8629 0.0194
166.4958 48.1780 0.2000
166.5217 48.1732 0.1931
166.5477 48.1684 0.1830
166.5736 48.1636 0.1686
166.5995 48.1588 0.1515
166.6254 48.1540 0.1317
166.6513 48.1492 0.1122
166.6772 48.1443 0.0949
166.7030 48.1395 0.0863
166.7289 48.1347 0.0800
166.7548 48.1298 0.0783
166.7807 48.1250 0.0801
166.8065 48.1201 0.0866
166.8324 48.1152 0.0946
166.8583 48.1104 0.1034
166.8841 48.1055 0.1093
166.9100 48.1006 0.1130
166.9358 48.0957 0.1142
166.9616 48.0908 0.1131
166.9875 48.0859 0.1080
167.0133 48.0810 0.1000
167.0391 48.0761 0.0910
167.0649 48.0712 0.0830
167.0907 48.0663 0.0760
167.1165 48.0613 0.0702
167.1423 48.0564 0.0639
167.2713 48.0317 0.1030
167.3743 48.0118 0.0260
167.4001 48.0068 0.0248
167.4258 48.0018 0.0255
167.4516 47.9968 0.0286
167.4773 47.9918 0.0336
167.5031 47.9867 0.0405
167.5288 47.9817 0.0483
167.5545 47.9767 0.0567
167.5802 47.9717 0.0668
167.6059 47.9666 0.0771
167.6316 47.9616 0.0859
167.6573 47.9565 0.0922
167.6830 47.9515 0.0928
167.7087 47.9464 0.0914
167.7344 47.9413 0.0851
167.7601 47.9363 0.0776
167.7858 47.9312 0.0699
167.8115 47.9261 0.0610
167.8371 47.9210 0.0518
167.8628 47.9159 0.0419
167.8884 47.9108 0.0323
167.9141 47.9057 0.0254
167.9397 47.9006 0.0215
167.9654 47.8955 0.0205
167.9910 47.8904 0.0214
168.0167 47.8852 0.0214
168.0423 47.8801 0.0237
166.5030 48.1954 0.2018
166.5289 48.1906 0.1944
166.5549 48.1858 0.1846
166.5808 48.1810 0.1710
166.6067 48.1761 0.1544
166.6326 48.1713 0.1356
166.6585 48.1665 0.1169
166.6844 48.1617 0.0987
166.7103 48.1568 0.0864
166.7362 48.1520 0.0794
166.7621 48.1471 0.0752
166.7879 48.1423 0.0760
166.8138 48.1374 0.0811
166.8397 48.1326 0.0886
166.8655 48.1277 0.0983
166.8914 48.1228 0.1057
166.9173 48.1179 0.1111
166.9431 48.1130 0.1138
166.9689 48.1081 0.1135
166.9948 48.1032 0.1092
167.0206 48.0983 0.1018
167.0464 48.0934 0.0928
167.0723 48.0885 0.0849
167.0981 48.0836 0.0780
167.1239 48.0786 0.0713
167.1497 48.0737 0.0643
167.3818 48.0290 0.0256
167.4075 48.0240 0.0243
167.4333 48.0190 0.0249
167.4590 48.0140 0.0277
167.4848 48.0090 0.0324
167.5105 48.0040 0.0390
167.5363 47.9990 0.0470
167.5620 47.9940 0.0559
167.5877 47.9889 0.0665
167.6134 47.9839 0.0771
167.6392 47.9788 0.0865
167.6649 47.9738 0.0934
167.6906 47.9687 0.0956
167.7163 47.9637 0.0953
167.7420 47.9586 0.0907
167.7677 47.9535 0.0840
167.7933 47.9484 0.0764
167.8190 47.9434 0.0675
167.8447 47.9383 0.0578
167.8704 47.9332 0.0473
167.8960 47.9281 0.0374
167.9217 47.9230 0.0299
167.9474 47.9178 0.0253
167.9730 47.9127 0.0232
167.9986 47.9076 0.0234
168.0243 47.9025 0.0236
168.0499 47.8973 0.0259
166.5102 48.2127 0.1992
166.5361 48.2079 0.1929
166.5620 48.2031 0.1845
166.5880 48.1983 0.1722
166.6139 48.1935 0.1562
166.6398 48.1887 0.1383
166.6657 48.1838 0.1192
166.6916 48.1790 0.1002
166.7175 48.1742 0.0868
166.7434 48.1693 0.0774
166.7693 48.1645 0.0719
166.7952 48.1596 0.0714
166.8211 48.1548 0.0754
166.8470 48.1499 0.0824
166.8728 48.1450 0.0932
166.8987 48.1401 0.1019
166.9246 48.1352 0.1094
166.9504 48.1304 0.1139
166.9763 48.1255 0.1142
167.0021 48.1206 0.1092
167.0280 48.1156 0.1022
167.0538 48.1107 0.0934
167.0796 48.1058 0.0863
167.1055 48.1009 0.0793
167.1313 48.0959 0.0721
167.1571 48.0910 0.0646
167.3892 48.0463 0.0273
167.4150 48.0413 0.0253
167.4408 48.0363 0.0252
167.4665 48.0313 0.0273
167.4923 48.0263 0.0315
167.5180 48.0213 0.0375
167.5438 48.0162 0.0456
167.5695 48.0112 0.0551
167.5952 48.0062 0.0661
167.6210 48.0011 0.0771
167.6467 47.9961 0.0866
167.6724 47.9910 0.0944
167.6981 47.9860 0.0974
167.7238 47.9809 0.0982
167.7495 47.9758 0.0951
167.7752 47.9708 0.0900
167.8009 47.9657 0.0828
167.8266 47.9606 0.0735
167.8523 47.9555 0.0636
167.8780 47.9504 0.0530
167.9036 47.9453 0.0425
167.9293 47.9402 0.0339
167.9550 47.9351 0.0279
167.9806 47.9299 0.0249
168.0063 47.9248 0.0246
168.0319 47.9197 0.0249
168.0576 47.9145 0.0261
166.5174 48.2301 0.1935
166.5433 48.2253 0.1888
166.5693 48.2205 0.1828
166.5952 48.2156 0.1720
166.6211 48.2108 0.1571
166.6470 48.2060 0.1392
166.6730 48.2012 0.1195
166.6989 48.1963 0.1003
166.7248 48.1915 0.0860
166.7507 48.1867 0.0752
166.7766 48.1818 0.0684
166.8025 48.1769 0.0673
166.8284 48.1721 0.0707
166.8542 48.1672 0.0780
166.8801 48.1623 0.0891
166.9060 48.1574 0.0991
166.9319 48.1526 0.1077
166.9577 48.1477 0.1136
166.9836 48.1428 0.1144
167.0094 48.1379 0.1088
167.0353 48.1330 0.1014
167.0611 48.1280 0.0934
167.0870 48.1231 0.0865
167.1128 48.1182 0.0799
167.1386 48.1132 0.0728
167.1645 48.1083 0.0655
167.3967 48.0636 0.0298
167.4225 48.0586 0.0276
167.4482 48.0536 0.0270
167.4740 48.0486 0.0283
167.4998 48.0436 0.0315
167.5255 48.0385 0.0370
167.5513 48.0335 0.0448
167.5770 48.0285 0.0542
167.6027 48.0234 0.0654
167.6285 48.0184 0.0768
167.6542 48.0133 0.0870
167.6799 48.0083 0.0952
167.7057 48.0032 0.0992
167.7314 47.9982 0.1005
167.7571 47.9931 0.0990
167.7828 47.9880 0.0950
167.8085 47.9829 0.0882
167.8342 47.9778 0.0792
167.8599 47.9727 0.0689
167.8856 47.9676 0.0578
167.9112 47.9625 0.0467
167.9369 47.9574 0.0372
167.9626 47.9523 0.0304
167.9882 47.9472 0.0269
168.0139 47.9420 0.0259
168.0396 47.9369 0.0262
168.0652 47.9318 0.0262
166.5246 48.2474 0.1873
166.5505 48.2426 0.1847
166.5765 48.2378 0.1804
166.6024 48.2330 0.1704
166.6283 48.2282 0.1560
166.6543 48.2233 0.1382
166.6802 48.2185 0.1177
166.7061 48.2137 0.0994
166.7320 48.2088 0.0833
166.7579 48.2040 0.0724
166.7839 48.1991 0.0656
166.8098 48.1943 0.0636
166.8356 48.1894 0.0669
166.8615 48.1845 0.0745
166.8874 48.1797 0.0857
166.9133 48.1748 0.0968
166.9392 48.1699 0.1061
166.9651 48.1650 0.1130
166.9909 48.1601 0.1133
167.0168 48.1552 0.1075
167.0426 48.1503 0.0999
167.0685 48.1453 0.0923
167.0943 48.1404 0.0857
167.1202 48.1355 0.0795
167.1460 48.1305 0.0733
167.1719 48.1256 0.0669
167.3010 48.1008 0.1060
167.4041 48.0809 0.0332
167.4299 48.0759 0.0310
167.4557 48.0709 0.0299
167.4815 48.0658 0.0307
167.5072 48.0608 0.0331
167.5330 48.0558 0.0378
167.5588 48.0508 0.0452
167.5845 48.0457 0.0543
167.6103 48.0407 0.0654
167.6360 48.0356 0.0768
167.6617 48.0306 0.0876
167.6875 48.0255 0.0965
167.7132 48.0205 0.1015
167.7389 48.0154 0.1036
167.7646 48.0103 0.1032
167.7904 48.0052 0.0998
167.8161 48.0002 0.0935
167.8418 47.9951 0.0844
167.8675 47.9900 0.0737
167.8932 47.9849 0.0625
167.9188 47.9798 0.0511
167.9445 47.9746 0.0409
167.9702 47.9695 0.0330
167.9959 47.9644 0.0287
168.0215 47.9593 0.0268
168.0472 47.9541 0.0259
168.0729 47.9490 0.0258
166.5318 48.2648 0.1812
166.5577 48.2600 0.1799
166.5837 48.2552 0.1766
166.6096 48.2503 0.1673
166.6356 48.2455 0.1533
166.6615 48.2407 0.1354
166.6874 48.2359 0.1153
166.7134 48.2310 0.0962
166.7393 48.2262 0.0800
166.7652 48.2213 0.0692
166.7911 48.2165 0.0623
166.8170 48.2116 0.0607
166.8429 48.2067 0.0641
166.8688 48.2019 0.0719
166.8947 48.1970 0.0828
166.9206 48.1921 0.0946
166.9465 48.1872 0.1047
166.9724 48.1823 0.1115
166.9983 48.1774 0.1112
167.0241 48.1725 0.1048
167.0500 48.1676 0.0971
167.0759 48.1626 0.0902
167.1017 48.1577 0.0838
167.1276 48.1528 0.0778
167.1534 48.1478 0.0726
167.1793 48.1429 0.0667
167.4116 48.0981 0.0367
167.4374 48.0931 0.0343
167.4632 48.0881 0.0329
167.4890 48.0831 0.0333
167.5147 48.0781 0.0355
167.5405 48.0731 0.0395
167.5663 48.0680 0.0464
167.5920 48.0630 0.0552
167.6178 48.0580 0.0658
167.6435 48.0529 0.0773
167.6693 48.0478 0.0884
167.6950 48.0428 0.0973
167.7208 48.0377 0.1034
167.7465 48.0326 0.1061
167.7722 48.0276 0.1060
167.7979 48.0225 0.1038
167.8236 48.0174 0.0973
167.8494 48.0123 0.0886
167.8751 48.0072 0.0785
167.9008 48.0021 0.0666
167.9265 47.9970 0.0550
167.9521 47.9919 0.0446
167.9778 47.9867 0.0360
168.0035 47.9816 0.0306
168.0292 47.9765 0.0279
168.0549 47.9713 0.0263
168.0805 47.9662 0.0248
166.5390 48.2821 0.1748
166.5649 48.2773 0.1749
166.5909 48.2725 0.1727
166.6168 48.2677 0.1637
166.6428 48.2629 0.1496
166.6687 48.2580 0.1313
166.6947 48.2532 0.1113
166.7206 48.2483 0.0918
166.7466 48.2435 0.0763
166.7725 48.2386 0.0664
166.7984 48.2338 0.0601
166.8243 48.2289 0.0583
166.8502 48.2240 0.0619
166.8761 48.2192 0.0694
166.9021 48.2143 0.0796
166.9279 48.2094 0.0916
166.9538 48.2045 0.1024
166.9797 48.1996 0.1090
167.0056 48.1947 0.1086
167.0315 48.1898 0.1023
167.0574 48.1849 0.0944
167.0832 48.1799 0.0877
167.1091 48.1750 0.0820
167.1350 48.1701 0.0767
167.1608 48.1651 0.0716
167.1867 48.1602 0.0664
167.4191 48.1154 0.0395
167.4449 48.1104 0.0373
167.4707 48.1054 0.0362
167.4964 48.1004 0.0364
167.5222 48.0954 0.0382
167.5480 48.0903 0.0419
167.5738 48.0853 0.0486
167.5995 48.0803 0.0570
167.6253 48.0752 0.0672
167.6511 48.0702 0.0784
167.6768 48.0651 0.0892
167.7026 48.0600 0.0984
167.7283 48.0550 0.1048
167.7541 48.0499 0.1080
167.7798 48.0448 0.1090
167.8055 48.0397 0.1068
167.8312 48.0346 0.1012
167.8570 48.0295 0.0925
167.8827 48.0244 0.0819
167.9084 48.0193 0.0701
167.9341 48.0142 0.0584
167.9598 48.0091 0.0480
167.9855 48.0040 0.0397
168.0112 47.9988 0.0337
168.0368 47.9937 0.0301
168.0625 47.9886 0.0273
168.0882 47.9834 0.0245
166.5462 48.2995 0.1692
166.5721 48.2947 0.1709
166.5981 48.2898 0.1693
166.6241 48.2850 0.1600
166.6500 48.2802 0.1458
166.6760 48.2754 0.1273
166.7019 48.2705 0.1076
166.7279 48.2657 0.0883
166.7538 48.2608 0.0734
166.7798 48.2560 0.0640
166.8057 48.2511 0.0581
166.8316 48.2462 0.0563
166.8575 48.2414 0.0600
166.8835 48.2365 0.0676
166.9094 48.2316 0.0774
166.9353 48.2267 0.0895
166.9612 48.2218 0.1015
166.9871 48.2169 0.1079
167.0130 48.2120 0.1068
167.0388 48.2071 0.1005
167.0647 48.2022 0.0923
167.0906 48.1972 0.0859
167.1165 48.1923 0.0804
167.1423 48.1874 0.0756
167.1682 48.1824 0.0706
167.1941 48.1775 0.0653
167.4265 48.1327 0.0419
167.4523 48.1277 0.0396
167.4781 48.1227 0.0387
167.5039 48.1176 0.0390
167.5297 48.1126 0.0403
167.5555 48.1076 0.0438
167.5813 48.1026 0.0503
167.6071 48.0975 0.0585
167.6328 48.0925 0.0688
167.6586 48.0874 0.0797
167.6844 48.0824 0.0901
167.7101 48.0773 0.0995
167.7359 48.0722 0.1060
167.7616 48.0671 0.1101
167.7874 48.0621 0.1114
167.8131 48.0570 0.1098
167.8388 48.0519 0.1043
167.8646 48.0468 0.0959
167.8903 48.0417 0.0849
167.9160 48.0366 0.0733
167.9417 48.0314 0.0623
167.9674 48.0263 0.0519
167.9931 48.0212 0.0434
168.0188 48.0161 0.0372
168.0445 48.0109 0.0324
168.0702 48.0058 0.0288
168.0959 48.0006 0.0246
166.5534 48.3168 0.1638
166.5794 48.3120 0.1677
166.6053 48.3072 0.1669
166.6313 48.3024 0.1573
166.6573 48.2975 0.1428
166.6833 48.2927 0.1249
166.7092 48.2879 0.1061
166.7352 48.2830 0.0865
166.7611 48.2782 0.0725
166.7871 48.2733 0.0619
166.8130 48.2684 0.0565
166.8389 48.2636 0.0548
166.8649 48.2587 0.0587
166.8908 48.2538 0.0659
166.9167 48.2489 0.0762
166.9426 48.2440 0.0890
166.9685 48.2391 0.1008
166.9944 48.2342 0.1068
167.0203 48.2293 0.1050
167.0462 48.2244 0.0980
167.0721 48.2195 0.0907
167.0980 48.2146 0.0847
167.1239 48.2096 0.0795
167.1497 48.2047 0.0748
167.1756 48.1997 0.0701
167.2015 48.1948 0.0650
167.3307 48.1699 0.1090
167.4340 48.1500 0.0445
167.4598 48.1449 0.0421
167.4856 48.1399 0.0410
167.5114 48.1349 0.0414
167.5372 48.1299 0.0426
167.5630 48.1249 0.0458
167.5888 48.1198 0.0518
167.6146 48.1148 0.0601
167.6404 48.1097 0.0703
167.6662 48.1047 0.0812
167.6919 48.0996 0.0912
167.7177 48.0945 0.1004
167.7435 48.0895 0.1070
167.7692 48.0844 0.1114
167.7950 48.0793 0.1137
167.8207 48.0742 0.1117
167.8464 48.0691 0.1071
167.8722 48.0640 0.0986
167.8979 48.0589 0.0874
167.9236 48.0538 0.0762
167.9493 48.0487 0.0654
167.9750 48.0435 0.0557
168.0008 48.0384 0.0467
168.0265 48.0333 0.0401
168.0522 48.0281 0.0347
168.0778 48.0230 0.0303
168.1035 48.0178 0.0251
166.5606 48.3342 0.1609
166.5866 48.3293 0.1648
166.6126 48.3245 0.1645
166.6386 48.3197 0.1553
166.6645 48.3149 0.1414
166.6905 48.3100 0.1239
166.7165 48.3052 0.1054
166.7424 48.3003 0.0865
166.7684 48.2955 0.0727
166.7943 48.2906 0.0613
166.8203 48.2858 0.0558
166.8462 48.2809 0.0550
166.8722 48.2760 0.0593
166.8981 48.2711 0.0667
166.9240 48.2662 0.0768
166.9499 48.2613 0.0890
166.9759 48.2564 0.0997
167.0018 48.2515 0.1042
167.0277 48.2466 0.1026
167.0536 48.2417 0.0961
167.0795 48.2368 0.0895
167.1054 48.2319 0.0839
167.1313 48.2269 0.0794
167.1571 48.2220 0.0754
167.1830 48.2170 0.0712
167.2089 48.2121 0.0665
167.4415 48.1672 0.0482
167.4673 48.1622 0.0460
167.4931 48.1572 0.0448
167.5190 48.1522 0.0448
167.5448 48.1471 0.0458
167.5706 48.1421 0.0484
167.5964 48.1371 0.0541
167.6222 48.1320 0.0623
167.6479 48.1270 0.0725
167.6737 48.1219 0.0829
167.6995 48.1169 0.0927
167.7253 48.1118 0.1011
167.7510 48.1067 0.1082
167.7768 48.1016 0.1130
167.8025 48.0965 0.1145
167.8283 48.0914 0.1133
167.8540 48.0863 0.1085
167.8798 48.0812 0.1012
167.9055 48.0761 0.0906
167.9312 48.0710 0.0796
167.9570 48.0659 0.0688
167.9827 48.0608 0.0593
168.0084 48.0556 0.0507
168.0341 48.0505 0.0435
168.0598 48.0453 0.0375
168.0855 48.0402 0.0327
168.1112 48.0350 0.0278
166.5678 48.3515 0.1585
166.5938 48.3467 0.1615
166.6198 48.3419 0.1615
166.6458 48.3370 0.1536
166.6718 48.3322 0.1404
166.6978 48.3274 0.1231
166.7238 48.3225 0.1053
166.7497 48.3177 0.0866
166.7757 48.3128 0.0722
166.8016 48.3080 0.0607
166.8276 48.3031 0.0556
166.8535 48.2982 0.0556
166.8795 48.2933 0.0604
166.9054 48.2885 0.0684
166.9314 48.2836 0.0783
166.9573 48.2787 0.0894
166.9832 48.2738 0.0984
167.0091 48.2689 0.1021
167.0351 48.2639 0.1006
167.0610 48.2590 0.0946
167.0869 48.2541 0.0890
167.1128 48.2492 0.0843
167.1387 48.2442 0.0807
167.1645 48.2393 0.0775
167.1904 48.2343 0.0739
167.2163 48.2294 0.0694
167.4490 48.1845 0.0539
167.4748 48.1795 0.0515
167.5007 48.1745 0.0502
167.5265 48.1694 0.0499
167.5523 48.1644 0.0503
167.5781 48.1594 0.0525
167.6039 48.1543 0.0578
167.6297 48.1493 0.0654
167.6555 48.1442 0.0752
167.6813 48.1392 0.0849
167.7071 48.1341 0.0933
167.7328 48.1290 0.1020
167.7586 48.1240 0.1084
167.7844 48.1189 0.1131
167.8101 48.1138 0.1150
167.8359 48.1087 0.1140
167.8617 48.1036 0.1093
167.8874 48.0985 0.1023
167.9131 48.0934 0.0930
167.9389 48.0882 0.0822
167.9646 48.0831 0.0718
167.9903 48.0780 0.0629
168.0161 48.0729 0.0544
168.0418 48.0677 0.0470
168.0675 48.0626 0.0402
168.0932 48.0574 0.0348
168.1189 48.0523 0.0299
166.5751 48.3689 0.1570
166.6011 48.3640 0.1587
166.6271 48.3592 0.1588
166.6531 48.3544 0.1511
166.6791 48.3496 0.1386
166.7051 48.3447 0.1207
166.7310 48.3399 0.1036
166.7570 48.3350 0.0856
166.7830 48.3302 0.0707
166.8089 48.3253 0.0594
166.8349 48.3204 0.0549
166.8609 48.3155 0.0555
166.8868 48.3107 0.0610
166.9128 48.3058 0.0695
166.9387 48.3009 0.0793
166.9646 48.2960 0.0892
166.9906 48.2911 0.0974
167.0165 48.2862 0.1006
167.0424 48.2812 0.0991
167.0683 48.2763 0.0946
167.0943 48.2714 0.0900
167.1202 48.2665 0.0868
167.1461 48.2615 0.0839
167.1720 48.2566 0.0812
167.1979 48.2516 0.0784
167.2237 48.2467 0.0741
167.3531 48.2218 0.1150
167.4565 48.2018 0.0602
167.4823 48.1968 0.0580
167.5082 48.1917 0.0563
167.5340 48.1867 0.0553
167.5598 48.1817 0.0555
167.5856 48.1766 0.0572
167.6114 48.1716 0.0620
167.6372 48.1665 0.0686
167.6630 48.1615 0.0771
167.6888 48.1564 0.0857
167.7146 48.1513 0.0941
167.7404 48.1463 0.1024
167.7662 48.1412 0.1088
167.7920 48.1361 0.1133
167.8178 48.1310 0.1153
167.8435 48.1259 0.1145
167.8693 48.1208 0.1097
167.8950 48.1157 0.1031
167.9208 48.1106 0.0945
167.9465 48.1055 0.0847
167.9723 48.1003 0.0750
167.9980 48.0952 0.0663
168.0237 48.0901 0.0580
168.0495 48.0849 0.0500
168.0752 48.0798 0.0427
168.1009 48.0746 0.0369
168.1266 48.0695 0.0312
166.5823 48.3862 0.1553
166.6083 48.3814 0.1567
166.6343 48.3766 0.1563
166.6603 48.3717 0.1475
166.6863 48.3669 0.1346
166.7123 48.3620 0.1167
166.7383 48.3572 0.0999
166.7643 48.3523 0.0825
166.7903 48.3475 0.0680
166.8163 48.3426 0.0577
166.8422 48.3377 0.0539
166.8682 48.3329 0.0552
166.8942 48.3280 0.0614
166.9201 48.3231 0.0695
166.9461 48.3182 0.0790
166.9720 48.3133 0.0885
166.9979 48.3084 0.0959
167.0239 48.3035 0.0990
167.0498 48.2985 0.0990
167.0757 48.2936 0.0958
167.1016 48.2887 0.0929
167.1276 48.2838 0.0905
167.1535 48.2788 0.0883
167.1794 48.2739 0.0863
167.2053 48.2689 0.0833
167.2312 48.2639 0.0789
167.4640 48.2190 0.0662
167.4898 48.2140 0.0646
167.5157 48.2090 0.0628
167.5415 48.2040 0.0617
167.5673 48.1989 0.0614
167.5932 48.1939 0.0624
167.6190 48.1888 0.0660
167.6448 48.1838 0.0714
167.6706 48.1787 0.0785
167.6964 48.1737 0.0865
167.7222 48.1686 0.0942
167.7480 48.1635 0.1026
167.7738 48.1584 0.1091
167.7996 48.1533 0.1128
167.8254 48.1483 0.1150
167.8511 48.1432 0.1138
167.8769 48.1380 0.1094
167.9027 48.1329 0.1034
167.9284 48.1278 0.0958
167.9542 48.1227 0.0867
167.9799 48.1176 0.0777
168.0057 48.1124 0.0692
168.0314 48.1073 0.0605
168.0571 48.1021 0.0521
168.0829 48.0970 0.0443
168.1086 48.0918 0.0380
168.1343 48.0867 0.0313
166.5896 48.4035 0.1530
166.6156 48.3987 0.1545
166.6416 48.3939 0.1536
166.6676 48.3891 0.1436
166.6936 48.3842 0.1306
166.7196 48.3794 0.1136
166.7456 48.3745 0.0960
166.7716 48.3697 0.0797
166.7976 48.3648 0.0659
166.8236 48.3599 0.0561
166.8495 48.3551 0.0526
166.8755 48.3502 0.0545
166.9015 48.3453 0.0608
166.9275 48.3404 0.0690
166.9534 48.3355 0.0782
166.9794 48.3306 0.0877
167.0053 48.3257 0.0950
167.0313 48.3208 0.0990
167.0572 48.3159 0.0998
167.0831 48.3109 0.0986
167.1090 48.3060 0.0969
167.1350 48.3011 0.0950
167.1609 48.2961 0.0930
167.1868 48.2912 0.0908
167.2127 48.2862 0.0873
167.2386 48.2812 0.0826
167.4715 48.2363 0.0723
167.4974 48.2313 0.0700
167.5232 48.2263 0.0683
167.5491 48.2212 0.0668
167.5749 48.2162 0.0664
167.6007 48.2112 0.0667
167.6265 48.2061 0.0692
167.6524 48.2010 0.0734
167.6782 48.1960 0.0793
167.7040 48.1909 0.0867
167.7298 48.1858 0.0946
167.7556 48.1808 0.1025
167.7814 48.1757 0.1083
167.8072 48.1706 0.1125
167.8330 48.1655 0.1138
167.8588 48.1604 0.1128
167.8845 48.1553 0.1083
167.9103 48.1502 0.1030
167.9361 48.1450 0.0965
167.9618 48.1399 0.0883
167.9876 48.1348 0.0801
168.0133 48.1297 0.0714
168.0391 48.1245 0.0629
168.0648 48.1194 0.0540
168.0906 48.1142 0.0456
168.1163 48.1091 0.0381
168.1420 48.1039 0.0306
166.5968 48.4209 0.1499
166.6228 48.4161 0.1516
166.6489 48.4112 0.1500
166.6749 48.4064 0.1403
166.7009 48.4016 0.1265
166.7269 48.3967 0.1101
166.7529 48.3919 0.0935
166.7789 48.3870 0.0785
166.8049 48.3821 0.0654
166.8309 48.3773 0.0557
166.8569 48.3724 0.0521
166.8829 48.3675 0.0541
166.9088 48.3626 0.0600
166.9348 48.3577 0.0681
166.9608 48.3528 0.0771
166.9867 48.3479 0.0866
167.0127 48.3430 0.0946
167.0386 48.3381 0.0995
167.0646 48.3332 0.1022
167.0905 48.3282 0.1022
167.1165 48.3233 0.1015
167.1424 48.3184 0.0997
167.1683 48.3134 0.0974
167.1942 48.3085 0.0946
167.2201 48.3035 0.0903
167.2461 48.2985 0.0853
167.4790 48.2536 0.0762
167.5049 48.2486 0.0740
167.5307 48.2435 0.0725
167.5566 48.2385 0.0712
167.5824 48.2335 0.0703
167.6083 48.2284 0.0706
167.6341 48.2234 0.0726
167.6599 48.2183 0.0757
167.6858 48.2132 0.0806
167.7116 48.2082 0.0874
167.7374 48.2031 0.0947
167.7632 48.1980 0.1022
167.7890 48.1929 0.1082
167.8148 48.1878 0.1124
167.8406 48.1827 0.1135
167.8664 48.1776 0.1124
167.8922 48.1725 0.1082
167.9180 48.1674 0.1034
167.9437 48.1623 0.0977
167.9695 48.1572 0.0907
167.9953 48.1520 0.0825
168.0210 48.1469 0.0742
168.0468 48.1417 0.0652
168.0725 48.1366 0.0564
168.0983 48.1314 0.0468
168.1240 48.1263 0.0390
168.1497 48.1211 0.0322
166.6041 48.4382 0.1475
166.6301 48.4334 0.1482
166.6561 48.4286 0.1457
166.6822 48.4237 0.1365
166.7082 48.4189 0.1233
166.7342 48.4140 0.1083
166.7602 48.4092 0.0941
166.7862 48.4043 0.0791
166.8122 48.3995 0.0648
166.8382 48.3946 0.0553
166.8642 48.3897 0.0518
166.8902 48.3848 0.0535
166.9162 48.3799 0.0596
166.9422 48.3750 0.0679
166.9681 48.3701 0.0773
166.9941 48.3652 0.0869
167.0201 48.3603 0.0952
167.0460 48.3554 0.1013
167.0720 48.3505 0.1059
167.0979 48.3455 0.1065
167.1239 48.3406 0.1057
167.1498 48.3357 0.1038
167.1757 48.3307 0.1010
167.2017 48.3257 0.0975
167.2276 48.3208 0.0921
167.2535 48.3158 0.0869
167.3830 48.2909 0.1240
167.4865 48.2709 0.0780
167.5124 48.2658 0.0765
167.5383 48.2608 0.0754
167.5641 48.2558 0.0743
167.5900 48.2507 0.0736
167.6158 48.2457 0.0737
167.6417 48.2406 0.0753
167.6675 48.2356 0.0779
167.6933 48.2305 0.0826
167.7192 48.2254 0.0881
167.7450 48.2203 0.0946
167.7708 48.2153 0.1016
167.7966 48.2102 0.1071
167.8224 48.2051 0.1115
167.8482 48.2000 0.1132
167.8740 48.1949 0.1124
167.8998 48.1897 0.1089
167.9256 48.1846 0.1041
167.9514 48.1795 0.0989
167.9772 48.1744 0.0926
168.0029 48.1692 0.0845
168.0287 48.1641 0.0763
168.0545 48.1589 0.0675
168.0802 48.1538 0.0592
168.1060 48.1486 0.0501
168.1317 48.1435 0.0418
166.6113 48.4556 0.1451
166.6374 48.4507 0.1446
166.6634 48.4459 0.1416
166.6894 48.4411 0.1330
166.7155 48.4362 0.1228
166.7415 48.4314 0.1100
166.7675 48.4265 0.0960
166.7935 48.4217 0.0797
166.8195 48.4168 0.0643
166.8456 48.4119 0.0547
166.8716 48.4070 0.0515
166.8975 48.4021 0.0534
166.9235 48.3972 0.0596
166.9495 48.3924 0.0678
166.9755 48.3874 0.0776
167.0015 48.3825 0.0873
167.0275 48.3776 0.0958
167.0534 48.3727 0.1035
167.0794 48.3678 0.1094
167.1053 48.3628 0.1102
167.1313 48.3579 0.1093
167.1572 48.3529 0.1074
167.1832 48.3480 0.1039
167.2091 48.3430 0.0994
167.2350 48.3381 0.0931
167.2610 48.3331 0.0875
167.4941 48.2881 0.0795
167.5200 48.2831 0.0786
167.5458 48.2781 0.0783
167.5717 48.2730 0.0776
167.5975 48.2680 0.0772
167.6234 48.2629 0.0775
167.6493 48.2579 0.0784
167.6751 48.2528 0.0810
167.7009 48.2477 0.0851
167.7268 48.2427 0.0898
167.7526 48.2376 0.0952
167.7784 48.2325 0.1014
167.8042 48.2274 0.1068
167.8301 48.2223 0.1110
167.8559 48.2172 0.1130
167.8817 48.2121 0.1131
167.9075 48.2070 0.1109
167.9333 48.2019 0.1066
167.9591 48.1967 0.1010
167.9848 48.1916 0.0938
168.0106 48.1865 0.0860
168.0364 48.1813 0.0778
168.0622 48.1762 0.0695
168.0879 48.1710 0.0616
168.1137 48.1659 0.0537
168.1394 48.1607 0.0454
168.1652 48.1555 0.0394
166.6186 48.4729 0.1420
166.6446 48.4681 0.1407
166.6707 48.4633 0.1372
166.6967 48.4584 0.1295
166.7228 48.4536 0.1209
166.7488 48.4487 0.1094
166.7748 48.4438 0.0950
166.8009 48.4390 0.0782
166.8269 48.4341 0.0633
166.8529 48.4292 0.0539
166.8789 48.4243 0.0511
166.9049 48.4195 0.0534
166.9309 48.4146 0.0596
166.9569 48.4097 0.0679
166.9829 48.4048 0.0779
167.0089 48.3998 0.0881
167.0348 48.3949 0.0971
167.0608 48.3900 0.1058
167.0868 48.3851 0.1120
167.1128 48.3801 0.1135
167.1387 48.3752 0.1128
167.1647 48.3702 0.1100
167.1906 48.3653 0.1057
167.2166 48.3603 0.0994
167.2425 48.3554 0.0928
167.2684 48.3504 0.0871
167.5016 48.3054 0.0795
167.5275 48.3004 0.0796
167.5534 48.2953 0.0799
167.5792 48.2903 0.0800
167.6051 48.2852 0.0805
167.6310 48.2802 0.0811
167.6568 48.2751 0.0823
167.6827 48.2701 0.0847
167.7085 48.2650 0.0885
167.7344 48.2599 0.0927
167.7602 48.2548 0.0975
167.7860 48.2497 0.1026
167.8119 48.2446 0.1076
167.8377 48.2395 0.1114
167.8635 48.2344 0.1137
167.8893 48.2293 0.1151
167.9151 48.2242 0.1137
167.9409 48.2191 0.1097
167.9667 48.2140 0.1038
167.9925 48.2088 0.0963
168.0183 48.2037 0.0882
168.0441 48.1985 0.0799
168.0699 48.1934 0.0721
168.0956 48.1882 0.0639
168.1214 48.1831 0.0559
168.1472 48.1779 0.0486
168.1729 48.1727 0.0398
166.6259 48.4903 0.1383
166.6519 48.4854 0.1342
166.6780 48.4806 0.1330
166.7040 48.4757 0.1265
166.7301 48.4709 0.1185
166.7561 48.4660 0.1068
166.7822 48.4612 0.0932
166.8082 48.4563 0.0761
166.8342 48.4514 0.0615
166.8602 48.4466 0.0525
166.8863 48.4417 0.0495
166.9123 48.4368 0.0523
166.9383 48.4319 0.0582
166.9643 48.4270 0.0664
166.9903 48.4221 0.0764
167.0163 48.4172 0.0874
167.0422 48.4122 0.0982
167.0682 48.4073 0.1073
167.0942 48.4024 0.1139
167.1202 48.3974 0.1166
167.1461 48.3925 0.1164
167.1721 48.3875 0.1127
167.1981 48.3826 0.1074
167.2240 48.3776 0.1000
167.2500 48.3727 0.0924
167.2759 48.3677 0.0869
167.4055 48.3427 0.1210
167.5091 48.3227 0.0797
167.5350 48.3176 0.0807
167.5609 48.3126 0.0823
167.5868 48.3075 0.0836
167.6127 48.3025 0.0847
167.6386 48.2974 0.0855
167.6644 48.2924 0.0868
167.6903 48.2873 0.0890
167.7161 48.2822 0.0924
167.7420 48.2772 0.0964
167.7678 48.2721 0.1002
167.7937 48.2670 0.1052
167.8195 48.2619 0.1093
167.8453 48.2568 0.1133
167.8712 48.2517 0.1162
167.8970 48.2466 0.1176
167.9228 48.2414 0.1166
167.9486 48.2363 0.1132
167.9744 48.2312 0.1080
168.0002 48.2260 0.0995
168.0260 48.2209 0.0909
168.0518 48.2158 0.0821
168.0776 48.2106 0.0732
168.1033 48.2054 0.0652
168.1291 48.2003 0.0576
168.1549 48.1951 0.0497
168.1806 48.1899 0.0396
166.6331 48.5076 0.1332
166.6592 48.5028 0.1319
166.6853 48.4979 0.1307
166.7113 48.4931 0.1251
166.7374 48.4882 0.1174
166.7634 48.4834 0.1060
166.7895 48.4785 0.0929
166.8155 48.4736 0.0759
166.8416 48.4688 0.0614
166.8676 48.4639 0.0521
166.8936 48.4590 0.0488
166.9196 48.4541 0.0512
166.9456 48.4492 0.0569
166.9717 48.4443 0.0648
166.9977 48.4394 0.0751
167.0237 48.4345 0.0865
167.0497 48.4295 0.0989
167.0756 48.4246 0.1097
167.1016 48.4197 0.1165
167.1276 48.4147 0.1198
167.1536 48.4098 0.1203
167.1796 48.4048 0.1166
167.2055 48.3999 0.1100
167.2315 48.3949 0.1015
167.2574 48.3899 0.0935
167.2834 48.3850 0.0876
167.5167 48.3399 0.0811
167.5426 48.3349 0.0836
167.5685 48.3298 0.0857
167.5944 48.3248 0.0873
167.6203 48.3197 0.0888
167.6461 48.3147 0.0900
167.6720 48.3096 0.0915
167.6979 48.3046 0.0930
167.7237 48.2995 0.0961
167.7496 48.2944 0.0998
167.7755 48.2893 0.1041
167.8013 48.2842 0.1089
167.8271 48.2791 0.1128
167.8530 48.2740 0.1165
167.8788 48.2689 0.1195
167.9046 48.2638 0.1211
167.9305 48.2587 0.1199
167.9563 48.2535 0.1171
167.9821 48.2484 0.1118
168.0079 48.2433 0.1036
168.0337 48.2381 0.0936
168.0595 48.2330 0.0839
168.0853 48.2278 0.0740
168.1111 48.2227 0.0658
168.1368 48.2175 0.0585
168.1626 48.2123 0.0513
168.1884 48.2071 0.0402
166.6404 48.5249 0.1318
166.6665 48.5201 0.1315
166.6926 48.5153 0.1306
166.7186 48.5104 0.1258
166.7447 48.5056 0.1187
166.7708 48.5007 0.1075
166.7968 48.4958 0.0944
166.8229 48.4910 0.0772
166.8489 48.4861 0.0629
166.8749 48.4812 0.0533
166.9010 48.4763 0.0496
166.9270 48.4714 0.0509
166.9530 48.4665 0.0561
166.9790 48.4616 0.0637
167.0051 48.4567 0.0743
167.0311 48.4518 0.0865
167.0571 48.4468 0.1000
167.0831 48.4419 0.1127
167.1091 48.4370 0.1202
167.1350 48.4320 0.1238
167.1610 48.4271 0.1246
167.1870 48.4221 0.1202
167.2130 48.4172 0.1133
167.2389 48.4122 0.1042
167.2649 48.4072 0.0954
167.2909 48.4023 0.0896
167.5242 48.3572 0.0842
167.5502 48.3521 0.0876
167.5761 48.3471 0.0901
167.6019 48.3421 0.0925
167.6278 48.3370 0.0938
167.6537 48.3319 0.0950
167.6796 48.3269 0.0958
167.7055 48.3218 0.0971
167.7314 48.3167 0.1000
167.7572 48.3116 0.1032
167.7831 48.3066 0.1075
167.8089 48.3015 0.1120
167.8348 48.2964 0.1149
167.8606 48.2912 0.1188
167.8865 48.2861 0.1213
167.9123 48.2810 0.1227
167.9381 48.2759 0.1225
167.9640 48.2708 0.1196
167.9898 48.2656 0.1152
168.0156 48.2605 0.1071
168.0414 48.2553 0.0964
168.0672 48.2502 0.0850
168.0930 48.2450 0.0743
168.1188 48.2399 0.0649
168.1446 48.2347 0.0578
168.1704 48.2295 0.0511
168.1961 48.2243 0.0406
166.6477 48.5423 0.1349
166.6738 48.5374 0.1342
166.6999 48.5326 0.1330
166.7260 48.5277 0.1290
166.7520 48.5229 0.1219
166.7781 48.5180 0.1118
166.8042 48.5132 0.0980
166.8302 48.5083 0.0810
166.8563 48.5034 0.0663
166.8823 48.4985 0.0559
166.9083 48.4936 0.0511
166.9344 48.4887 0.0512
166.9604 48.4838 0.0555
166.9864 48.4789 0.0633
167.0125 48.4740 0.0740
167.0385 48.4691 0.0872
167.0645 48.4641 0.1018
167.0905 48.4592 0.1157
167.1165 48.4543 0.1240
167.1425 48.4493 0.1281
167.1685 48.4444 0.1278
167.1945 48.4394 0.1235
167.2204 48.4345 0.1163
167.2464 48.4295 0.1077
167.2724 48.4245 0.0993
167.2983 48.4195 0.0936
167.5318 48.3744 0.0896
167.5577 48.3694 0.0930
167.5836 48.3644 0.0962
167.6095 48.3593 0.0982
167.6354 48.3543 0.0995
167.6613 48.3492 0.1003
167.6872 48.3441 0.1005
167.7131 48.3391 0.1013
167.7390 48.3340 0.1031
167.7648 48.3289 0.1064
167.7907 48.3238 0.1103
167.8166 48.3187 0.1142
167.8424 48.3136 0.1167
167.8683 48.3085 0.1194
167.8941 48.3034 0.1222
167.9200 48.2982 0.1243
167.9458 48.2931 0.1235
167.9716 48.2880 0.1221
167.9975 48.2829 0.1169
168.0233 48.2777 0.1085
168.0491 48.2726 0.0976
168.0749 48.2674 0.0858
168.1007 48.2622 0.0747
168.1265 48.2571 0.0647
168.1523 48.2519 0.0564
168.1781 48.2467 0.0490
168.2039 48.2415 0.0443
166.6550 48.5596 0.1393
166.6811 48.5548 0.1376
166.7072 48.5499 0.1362
166.7333 48.5451 0.1330
166.7594 48.5402 0.1262
166.7854 48.5354 0.1155
166.8115 48.5305 0.1018
166.8376 48.5256 0.0864
166.8636 48.5207 0.0725
166.8897 48.5158 0.0613
166.9157 48.5109 0.0544
166.9418 48.5060 0.0529
166.9678 48.5011 0.0560
166.9938 48.4962 0.0632
167.0199 48.4913 0.0738
167.0459 48.4864 0.0884
167.0719 48.4815 0.1047
167.0979 48.4765 0.1188
167.1239 48.4716 0.1276
167.1499 48.4666 0.1322
167.1759 48.4617 0.1315
167.2019 48.4567 0.1263
167.2279 48.4517 0.1191
167.2539 48.4468 0.1113
167.2799 48.4418 0.1038
167.3058 48.4368 0.0991
167.4356 48.4118 0.1330
167.5394 48.3917 0.0949
167.5653 48.3867 0.0993
167.5912 48.3816 0.1027
167.6171 48.3766 0.1052
167.6430 48.3715 0.1055
167.6689 48.3664 0.1052
167.6948 48.3614 0.1046
167.7207 48.3563 0.1045
167.7466 48.3512 0.1059
167.7725 48.3461 0.1084
167.7984 48.3410 0.1114
167.8242 48.3359 0.1145
167.8501 48.3308 0.1165
167.8759 48.3257 0.1194
167.9018 48.3206 0.1228
167.9277 48.3155 0.1246
167.9535 48.3103 0.1243
167.9793 48.3052 0.1229
168.0052 48.3001 0.1184
168.0310 48.2949 0.1102
168.0568 48.2898 0.0998
168.0826 48.2846 0.0874
168.1085 48.2795 0.0757
168.1343 48.2743 0.0645
168.1601 48.2691 0.0575
168.1859 48.2639 0.0506
166.6623 48.5770 0.1411
166.6884 48.5721 0.1398
166.7145 48.5673 0.1391
166.7406 48.5624 0.1363
166.7667 48.5576 0.1299
166.7928 48.5527 0.1189
166.8188 48.5478 0.1062
166.8449 48.5429 0.0931
166.8710 48.5380 0.0798
166.8970 48.5332 0.0678
166.9231 48.5283 0.0592
166.9492 48.5234 0.0554
166.9752 48.5184 0.0575
167.0012 48.5135 0.0642
167.0273 48.5086 0.0745
167.0533 48.5037 0.0902
167.0793 48.4988 0.1068
167.1054 48.4938 0.1216
167.1314 48.4889 0.1306
167.1574 48.4839 0.1348
167.1834 48.4790 0.1342
167.2094 48.4740 0.1287
167.2354 48.4690 0.1214
167.2614 48.4641 0.1141
167.2874 48.4591 0.1060
167.3133 48.4541 0.1004
167.5469 48.4090 0.1012
167.5729 48.4039 0.1057
167.5988 48.3989 0.1093
167.6247 48.3938 0.1116
167.6506 48.3888 0.1113
167.6765 48.3837 0.1096
167.7024 48.3786 0.1080
167.7283 48.3735 0.1067
167.7542 48.3685 0.1072
167.7801 48.3634 0.1082
167.8060 48.3583 0.1108
167.8319 48.3532 0.1132
167.8578 48.3481 0.1149
167.8836 48.3429 0.1184
167.9095 48.3378 0.1218
167.9353 48.3327 0.1240
167.9612 48.3276 0.1245
167.9870 48.3224 0.1239
168.0129 48.3173 0.1191
168.0387 48.3121 0.1113
168.0645 48.3070 0.1010
168.0904 48.3018 0.0892
168.1162 48.2967 0.0760
168.1420 48.2915 0.0661
168.1678 48.2863 0.0594
168.1936 48.2811 0.0543
168.2194 48.2759 0.0503
166.6696 48.5943 0.1398
166.6957 48.5895 0.1400
166.7218 48.5846 0.1414
166.7479 48.5797 0.1398
166.7740 48.5749 0.1338
166.8001 48.5700 0.1234
166.8262 48.5651 0.1117
166.8523 48.5603 0.0984
166.8784 48.5554 0.0860
166.9044 48.5505 0.0738
166.9305 48.5456 0.0646
166.9565 48.5407 0.0594
166.9826 48.5358 0.0601
167.0086 48.5308 0.0659
167.0347 48.5259 0.0759
167.0607 48.5210 0.0921
167.0868 48.5161 0.1091
167.1128 48.5111 0.1236
167.1388 48.5062 0.1330
167.1648 48.5012 0.1373
167.1909 48.4963 0.1364
167.2169 48.4913 0.1312
167.2429 48.4863 0.1237
167.2689 48.4814 0.1158
167.2949 48.4764 0.1064
167.3208 48.4714 0.1001
167.5545 48.4262 0.1070
167.5805 48.4212 0.1120
167.6064 48.4161 0.1152
167.6323 48.4111 0.1178
167.6582 48.4060 0.1166
167.6841 48.4009 0.1149
167.7101 48.3959 0.1118
167.7360 48.3908 0.1093
167.7619 48.3857 0.1084
167.7878 48.3806 0.1082
167.8137 48.3755 0.1104
167.8395 48.3704 0.1120
167.8654 48.3653 0.1140
167.8913 48.3602 0.1170
167.9172 48.3551 0.1206
167.9430 48.3499 0.1241
167.9689 48.3448 0.1255
167.9947 48.3397 0.1247
168.0206 48.3345 0.1207
168.0464 48.3294 0.1138
168.0723 48.3242 0.1040
168.0981 48.3190 0.0912
168.1239 48.3139 0.0776
168.1756 48.3035 0.0619
168.2014 48.2983 0.0593
168.2272 48.2931 0.0547
166.6769 48.6116 0.1375
166.7030 48.6068 0.1394
166.7292 48.6019 0.1424
166.7553 48.5971 0.1421
166.7814 48.5922 0.1367
166.8075 48.5873 0.1272
166.8336 48.5825 0.1160
166.8596 48.5776 0.1030
166.8857 48.5727 0.0908
166.9118 48.5678 0.0794
166.9379 48.5629 0.0703
166.9639 48.5580 0.0645
166.9900 48.5531 0.0644
167.0161 48.5482 0.0696
167.0421 48.5432 0.0787
167.0682 48.5383 0.0941
167.0942 48.5334 0.1105
167.1202 48.5284 0.1253
167.1463 48.5235 0.1352
167.1723 48.5185 0.1400
167.1983 48.5136 0.1393
167.2243 48.5086 0.1339
167.2504 48.5036 0.1261
167.2764 48.4986 0.1168
167.3024 48.4937 0.1067
167.3284 48.4887 0.0984
167.4583 48.4636 0.1730
167.5621 48.4435 0.1138
167.5880 48.4384 0.1181
167.6140 48.4334 0.1217
167.6399 48.4283 0.1237
167.6658 48.4233 0.1221
167.6918 48.4182 0.1188
167.7177 48.4131 0.1150
167.7436 48.4080 0.1112
167.7695 48.4029 0.1089
167.7954 48.3978 0.1080
167.8213 48.3927 0.1092
167.8472 48.3876 0.1103
167.8731 48.3825 0.1126
167.8990 48.3774 0.1157
167.9249 48.3723 0.1200
167.9507 48.3672 0.1251
167.9766 48.3620 0.1267
168.0025 48.3569 0.1269
168.0283 48.3517 0.1231
168.0542 48.3466 0.1158
168.0800 48.3414 0.1067
168.1059 48.3363 0.0946
168.1317 48.3311 0.0816
168.1575 48.3259 0.0744
168.1833 48.3207 0.0659
168.2092 48.3155 0.0632
168.2350 48.3103 0.0606
166.6842 48.6290 0.1349
166.7104 48.6241 0.1383
166.7365 48.6193 0.1419
166.7626 48.6144 0.1424
166.7887 48.6095 0.1382
166.8148 48.6047 0.1299
166.8409 48.5998 0.1198
166.8670 48.5949 0.1067
166.8931 48.5900 0.0946
166.9192 48.5851 0.0844
166.9453 48.5802 0.0763
166.9714 48.5753 0.0699
166.9974 48.5704 0.0687
167.0235 48.5655 0.0733
167.0496 48.5605 0.0813
167.0756 48.5556 0.0955
167.1017 48.5507 0.1113
167.1277 48.5457 0.1252
167.1537 48.5408 0.1363
167.1798 48.5358 0.1429
167.2058 48.5308 0.1427
167.2318 48.5259 0.1367
167.2578 48.5209 0.1278
167.2839 48.5159 0.1171
167.3099 48.5109 0.1052
167.3359 48.5059 0.0953
167.5697 48.4608 0.1199
167.5956 48.4557 0.1245
167.6216 48.4506 0.1286
167.6475 48.4456 0.1299
167.6735 48.4405 0.1282
167.6994 48.4354 0.1247
167.7253 48.4304 0.1200
167.7512 48.4253 0.1153
167.7772 48.4202 0.1115
167.8031 48.4151 0.1094
167.8290 48.4100 0.1094
167.8549 48.4049 0.1101
167.8808 48.3998 0.1119
167.9067 48.3946 0.1159
167.9326 48.3895 0.1208
167.9584 48.3844 0.1264
167.9843 48.3792 0.1292
168.0102 48.3741 0.1295
168.0360 48.3690 0.1261
168.0619 48.3638 0.1191
168.0878 48.3586 0.1111
168.1136 48.3535 0.0992
168.1394 48.3483 0.0871
168.1653 48.3431 0.0776
168.1911 48.3379 0.0711
168.2169 48.3327 0.0686
168.2428 48.3275 0.0674
166.6916 48.6463 0.1321
166.7177 48.6415 0.1359
166.7438 48.6366 0.1397
166.7700 48.6317 0.1414
166.7961 48.6269 0.1395
166.8222 48.6220 0.1334
166.8483 48.6171 0.1244
166.8744 48.6122 0.1125
166.9005 48.6073 0.0997
166.9266 48.6024 0.0893
166.9527 48.5975 0.0812
166.9788 48.5926 0.0742
167.0048 48.5877 0.0725
167.0309 48.5828 0.0771
167.0570 48.5778 0.0848
167.0830 48.5729 0.0982
167.1091 48.5680 0.1116
167.1352 48.5630 0.1276
167.1612 48.5581 0.1385
167.1873 48.5531 0.1460
167.2133 48.5481 0.1465
167.2393 48.5432 0.1401
167.2653 48.5382 0.1302
167.2914 48.5332 0.1187
167.3174 48.5282 0.1043
167.3434 48.5232 0.0936
167.5773 48.4780 0.1266
167.6032 48.4730 0.1316
167.6292 48.4679 0.1352
167.6551 48.4628 0.1367
167.6811 48.4578 0.1355
167.7070 48.4527 0.1311
167.7330 48.4476 0.1255
167.7589 48.4425 0.1202
167.7848 48.4374 0.1152
167.8107 48.4323 0.1121
167.8366 48.4272 0.1119
167.8626 48.4221 0.1120
167.8885 48.4170 0.1136
167.9144 48.4119 0.1181
167.9403 48.4067 0.1234
167.9661 48.4016 0.1287
167.9920 48.3965 0.1313
168.0179 48.3913 0.1318
168.0438 48.3862 0.1286
168.0696 48.3810 0.1226
168.0955 48.3758 0.1150
168.1214 48.3707 0.1054
168.1472 48.3655 0.0926
168.1731 48.3603 0.0838
168.1989 48.3551 0.0767
168.2247 48.3499 0.0736
168.2506 48.3447 0.0722
166.6989 48.6636 0.1286
166.7250 48.6588 0.1325
166.7512 48.6539 0.1373
166.7773 48.6491 0.1404
166.8034 48.6442 0.1401
166.8296 48.6393 0.1358
166.8557 48.6344 0.1281
166.8818 48.6295 0.1161
166.9079 48.6246 0.1037
166.9340 48.6197 0.0927
166.9601 48.6148 0.0839
166.9862 48.6099 0.0772
167.0123 48.6050 0.0760
167.0384 48.6001 0.0798
167.0644 48.5951 0.0880
167.0905 48.5902 0.1011
167.1166 48.5853 0.1134
167.1426 48.5803 0.1289
167.1687 48.5754 0.1412
167.1947 48.5704 0.1485
167.2208 48.5654 0.1493
167.2468 48.5605 0.1437
167.2729 48.5555 0.1334
167.2989 48.5505 0.1199
167.3249 48.5455 0.1043
167.3509 48.5405 0.0925
167.5849 48.4953 0.1319
167.6108 48.4902 0.1376
167.6368 48.4852 0.1417
167.6628 48.4801 0.1438
167.6887 48.4750 0.1428
167.7147 48.4699 0.1380
167.7406 48.4649 0.1320
167.7665 48.4598 0.1257
167.7925 48.4547 0.1196
167.8184 48.4496 0.1159
167.8443 48.4445 0.1151
167.8702 48.4393 0.1154
167.8962 48.4342 0.1174
167.9221 48.4291 0.1225
167.9480 48.4240 0.1278
167.9739 48.4188 0.1323
167.9997 48.4137 0.1352
168.0256 48.4085 0.1355
168.0515 48.4034 0.1333
168.0774 48.3982 0.1273
168.1033 48.3931 0.1208
168.1291 48.3879 0.1118
168.1550 48.3827 0.0998
168.1808 48.3775 0.0896
168.2067 48.3723 0.0826
168.2325 48.3671 0.0786
168.2584 48.3619 0.0758
166.7062 48.6810 0.1229
166.7324 48.6761 0.1269
166.7585 48.6713 0.1328
166.7847 48.6664 0.1382
166.8108 48.6615 0.1389
166.8369 48.6566 0.1358
166.8631 48.6517 0.1289
166.8892 48.6469 0.1171
166.9153 48.6420 0.1053
166.9414 48.6371 0.0936
166.9675 48.6321 0.0848
166.9936 48.6272 0.0790
167.0197 48.6223 0.0780
167.0458 48.6174 0.0818
167.0719 48.6124 0.0902
167.0980 48.6075 0.1040
167.1240 48.6026 0.1161
167.1501 48.5976 0.1296
167.1762 48.5927 0.1426
167.2022 48.5877 0.1494
167.2283 48.5827 0.1503
167.2543 48.5777 0.1465
167.2804 48.5728 0.1367
167.3064 48.5678 0.1230
167.3324 48.5628 0.1071
167.3585 48.5578 0.0925
167.4885 48.5327 0.1290
167.5925 48.5125 0.1361
167.6185 48.5075 0.1423
167.6444 48.5024 0.1477
167.6704 48.4973 0.1504
167.6964 48.4923 0.1496
167.7223 48.4872 0.1448
167.7483 48.4821 0.1384
167.7742 48.4770 0.1317
167.8001 48.4719 0.1253
167.8261 48.4668 0.1213
167.8520 48.4617 0.1203
167.8779 48.4566 0.1210
167.9039 48.4515 0.1236
167.9298 48.4463 0.1276
167.9557 48.4412 0.1321
167.9816 48.4361 0.1366
168.0075 48.4309 0.1388
168.0334 48.4258 0.1398
168.0593 48.4206 0.1372
168.0851 48.4154 0.1324
168.1110 48.4103 0.1264
168.1369 48.4051 0.1175
168.1628 48.3999 0.1076
168.1886 48.3947 0.0977
168.2145 48.3895 0.0900
168.2403 48.3843 0.0851
168.2662 48.3791 0.0810
166.7136 48.6983 0.1193
166.7397 48.6935 0.1237
166.7659 48.6886 0.1298
166.7920 48.6837 0.1357
166.8182 48.6788 0.1369
166.8443 48.6740 0.1343
166.8705 48.6691 0.1279
166.8966 48.6642 0.1166
166.9227 48.6593 0.1055
166.9488 48.6544 0.0946
166.9749 48.6495 0.0865
167.0010 48.6445 0.0807
167.0271 48.6396 0.0801
167.0532 48.6347 0.0840
167.0793 48.6297 0.0931
167.1054 48.6248 0.1066
167.1315 48.6199 0.1187
167.1576 48.6149 0.1309
167.1836 48.6099 0.1430
167.2097 48.6050 0.1497
167.2358 48.6000 0.1517
167.2618 48.5950 0.1497
167.2879 48.5900 0.1412
167.3139 48.5851 0.1268
167.3400 48.5801 0.1091
167.3660 48.5751 0.0934
167.6001 48.5298 0.1395
167.6261 48.5247 0.1468
167.6521 48.5197 0.1535
167.6780 48.5146 0.1571
167.7040 48.5095 0.1565
167.7300 48.5044 0.1512
167.7559 48.4993 0.1448
167.7819 48.4942 0.1376
167.8078 48.4891 0.1312
167.8338 48.4840 0.1275
167.8597 48.4789 0.1262
167.8856 48.4738 0.1269
167.9116 48.4687 0.1293
167.9375 48.4636 0.1335
167.9634 48.4584 0.1376
167.9893 48.4533 0.1410
168.0152 48.4481 0.1437
168.0411 48.4430 0.1450
168.0670 48.4378 0.1432
168.0929 48.4327 0.1388
168.1188 48.4275 0.1336
168.1447 48.4223 0.1255
168.1705 48.4171 0.1165
168.1964 48.4119 0.1075
168.2223 48.4067 0.1000
168.2481 48.4015 0.0936
168.2740 48.3963 0.0875
166.7209 48.7156 0.1170
166.7471 48.7108 0.1215
166.7733 48.7059 0.1270
166.7994 48.7010 0.1324
166.8256 48.6962 0.1336
166.8517 48.6913 0.1308
166.8779 48.6864 0.1246
166.9040 48.6815 0.1141
166.9301 48.6766 0.1042
166.9562 48.6717 0.0951
166.9824 48.6668 0.0885
167.0085 48.6618 0.0833
167.0346 48.6569 0.0820
167.0607 48.6520 0.0857
167.0868 48.6471 0.0950
167.1129 48.6421 0.1078
167.1390 48.6372 0.1181
167.1651 48.6322 0.1300
167.1911 48.6272 0.1426
167.2172 48.6223 0.1493
167.2433 48.6173 0.1534
167.2693 48.6123 0.1530
167.2954 48.6073 0.1446
167.3215 48.6023 0.1309
167.3475 48.5973 0.1132
167.3736 48.5923 0.0939
167.6077 48.5470 0.1427
167.6337 48.5420 0.1500
167.6597 48.5369 0.1572
167.6857 48.5318 0.1621
167.7116 48.5268 0.1625
167.7376 48.5217 0.1573
167.7636 48.5166 0.1505
167.7895 48.5115 0.1440
167.8155 48.5064 0.1377
167.8415 48.5013 0.1338
167.8674 48.4962 0.1324
167.8933 48.4910 0.1329
167.9193 48.4859 0.1353
167.9452 48.4808 0.1398
167.9711 48.4756 0.1434
167.9970 48.4705 0.1475
168.0230 48.4654 0.1503
168.0489 48.4602 0.1518
168.0748 48.4550 0.1503
168.1007 48.4499 0.1469
168.1266 48.4447 0.1417
168.1524 48.4395 0.1345
168.1783 48.4343 0.1263
168.2042 48.4291 0.1176
168.2301 48.4239 0.1099
168.2559 48.4187 0.1032
168.2818 48.4135 0.0956
166.7283 48.7330 0.1153
166.7545 48.7281 0.1196
166.7806 48.7232 0.1241
166.8068 48.7184 0.1291
166.8330 48.7135 0.1305
166.8591 48.7086 0.1273
166.8853 48.7037 0.1210
166.9114 48.6988 0.1112
166.9375 48.6939 0.1021
166.9637 48.6890 0.0949
166.9898 48.6841 0.0899
167.0159 48.6792 0.0855
167.0420 48.6742 0.0841
167.0682 48.6693 0.0863
167.0943 48.6644 0.0940
167.1204 48.6594 0.1037
167.1465 48.6545 0.1142
167.1726 48.6495 0.1258
167.1986 48.6445 0.1399
167.2247 48.6396 0.1492
167.2508 48.6346 0.1565
167.2769 48.6296 0.1574
167.3029 48.6246 0.1496
167.3290 48.6196 0.1358
167.3551 48.6146 0.1158
167.3811 48.6096 0.0967
167.5113 48.5845 0.1420
167.6153 48.5643 0.1454
167.6413 48.5592 0.1531
167.6673 48.5542 0.1604
167.6933 48.5491 0.1662
167.7193 48.5440 0.1671
167.7453 48.5389 0.1630
167.7713 48.5338 0.1564
167.7972 48.5287 0.1498
167.8232 48.5236 0.1442
167.8491 48.5185 0.1397
167.8751 48.5134 0.1378
167.9010 48.5083 0.1389
167.9270 48.5031 0.1418
167.9529 48.4980 0.1456
167.9789 48.4929 0.1500
168.0048 48.4877 0.1547
168.0307 48.4826 0.1579
168.0566 48.4774 0.1600
168.0825 48.4722 0.1587
168.1084 48.4671 0.1550
168.1343 48.4619 0.1505
168.1602 48.4567 0.1431
168.1861 48.4515 0.1356
168.2120 48.4463 0.1285
168.2379 48.4411 0.1198
168.2638 48.4359 0.1121
166.7356 48.7503 0.1118
166.7618 48.7454 0.1154
166.7880 48.7406 0.1204
166.8142 48.7357 0.1256
166.8403 48.7308 0.1263
166.8665 48.7259 0.1231
166.8927 48.7210 0.1178
166.9188 48.7161 0.1083
166.9450 48.7112 0.1002
166.9711 48.7063 0.0944
166.9972 48.7014 0.0896
167.0234 48.6965 0.0862
167.0495 48.6915 0.0846
167.0756 48.6866 0.0857
167.1017 48.6817 0.0906
167.1278 48.6767 0.0983
167.1539 48.6718 0.1083
167.1800 48.6668 0.1217
167.2061 48.6618 0.1368
167.2322 48.6568 0.1503
167.2583 48.6519 0.1597
167.2844 48.6469 0.1618
167.3105 48.6419 0.1545
167.3365 48.6369 0.1405
167.3626 48.6319 0.1215
167.3887 48.6269 0.0994
167.6230 48.5816 0.1489
167.6490 48.5765 0.1555
167.6750 48.5714 0.1627
167.7010 48.5663 0.1681
167.7270 48.5613 0.1696
167.7530 48.5562 0.1675
167.7789 48.5511 0.1621
167.8049 48.5460 0.1560
167.8309 48.5409 0.1501
167.8568 48.5357 0.1457
167.8828 48.5306 0.1441
167.9088 48.5255 0.1448
167.9347 48.5204 0.1477
167.9607 48.5152 0.1520
167.9866 48.5101 0.1569
168.0125 48.5049 0.1626
168.0385 48.4998 0.1663
168.0644 48.4946 0.1683
168.0903 48.4895 0.1667
168.1162 48.4843 0.1630
168.1421 48.4791 0.1583
168.1680 48.4739 0.1518
168.1939 48.4687 0.1446
168.2198 48.4635 0.1371
168.2457 48.4583 0.1290
168.2716 48.4531 0.1207
168.2975 48.4479 0.1128
166.7430 48.7676 0.1064
166.7692 48.7628 0.1094
166.7954 48.7579 0.1145
166.8216 48.7530 0.1186
166.8477 48.7481 0.1209
166.8739 48.7432 0.1189
166.9001 48.7383 0.1141
166.9262 48.7334 0.1061
166.9524 48.7285 0.0984
166.9785 48.7236 0.0925
167.0047 48.7187 0.0879
167.0308 48.7138 0.0845
167.0570 48.7088 0.0824
167.0831 48.7039 0.0829
167.1092 48.6990 0.0858
167.1353 48.6940 0.0929
167.1614 48.6890 0.1052
167.1875 48.6841 0.1198
167.2137 48.6791 0.1368
167.2398 48.6741 0.1515
167.2658 48.6692 0.1623
167.2919 48.6642 0.1653
167.3180 48.6592 0.1587
167.3441 48.6542 0.1448
167.3702 48.6492 0.1251
167.3962 48.6442 0.1031
167.6306 48.5988 0.1502
167.6566 48.5937 0.1577
167.6826 48.5887 0.1652
167.7086 48.5836 0.1708
167.7346 48.5785 0.1726
167.7606 48.5734 0.1712
167.7866 48.5683 0.1666
167.8126 48.5632 0.1608
167.8386 48.5581 0.1550
167.8646 48.5530 0.1504
167.8905 48.5479 0.1489
167.9165 48.5427 0.1498
167.9424 48.5376 0.1524
167.9684 48.5325 0.1575
167.9943 48.5273 0.1635
168.0203 48.5222 0.1698
168.0462 48.5170 0.1742
168.0722 48.5118 0.1762
168.0981 48.5067 0.1747
168.1240 48.5015 0.1709
168.1499 48.4963 0.1661
168.1758 48.4911 0.1597
168.2017 48.4859 0.1522
168.2276 48.4807 0.1450
168.2535 48.4755 0.1368
168.2794 48.4703 0.1292
168.3053 48.4651 0.1208
166.7504 48.7850 0.1048
166.7766 48.7801 0.1081
166.8028 48.7752 0.1113
166.8290 48.7703 0.1159
166.8551 48.7655 0.1166
166.8813 48.7606 0.1168
166.9075 48.7557 0.1135
166.9337 48.7508 0.1060
166.9598 48.7458 0.0982
166.9860 48.7409 0.0914
167.0121 48.7360 0.0857
167.0383 48.7311 0.0818
167.0644 48.7261 0.0797
167.0906 48.7212 0.0799
167.1167 48.7163 0.0831
167.1428 48.7113 0.0913
167.1689 48.7063 0.1044
167.1951 48.7014 0.1205
167.2212 48.6964 0.1371
167.2473 48.6914 0.1526
167.2734 48.6864 0.1640
167.2995 48.6815 0.1674
167.3256 48.6765 0.1619
167.3516 48.6715 0.1485
167.3777 48.6665 0.1297
167.4038 48.6614 0.1084
167.6382 48.6161 0.1526
167.6643 48.6110 0.1606
167.6903 48.6059 0.1695
167.7163 48.6008 0.1756
167.7423 48.5957 0.1770
167.7683 48.5907 0.1754
167.7943 48.5855 0.1703
167.8203 48.5804 0.1643
167.8463 48.5753 0.1586
167.8723 48.5702 0.1540
167.8982 48.5651 0.1526
167.9242 48.5600 0.1533
167.9502 48.5548 0.1561
167.9761 48.5497 0.1615
168.0021 48.5445 0.1681
168.0280 48.5394 0.1754
168.0540 48.5342 0.1802
168.0799 48.5291 0.1824
168.1059 48.5239 0.1807
168.1318 48.5187 0.1773
168.1577 48.5135 0.1720
168.1836 48.5083 0.1656
168.2095 48.5031 0.1583
168.2355 48.4979 0.1519
168.2614 48.4927 0.1433
168.2873 48.4875 0.1361
168.3131 48.4823 0.1269
166.7578 48.8023 0.1076
166.7840 48.7974 0.1096
166.8102 48.7926 0.1130
166.8364 48.7877 0.1154
166.8626 48.7828 0.1171
166.8887 48.7779 0.1171
166.9149 48.7730 0.1149
166.9411 48.7681 0.1079
166.9673 48.7632 0.0996
166.9934 48.7582 0.0913
167.0196 48.7533 0.0848
167.0457 48.7484 0.0802
167.0719 48.7434 0.0781
167.0980 48.7385 0.0789
167.1242 48.7336 0.0836
167.1503 48.7286 0.0929
167.1764 48.7236 0.1065
167.2026 48.7187 0.1193
167.2287 48.7137 0.1363
167.2548 48.7087 0.1533
167.2809 48.7037 0.1649
167.3070 48.6987 0.1691
167.3331 48.6937 0.1636
167.3592 48.6887 0.1503
167.3853 48.6837 0.1321
167.4114 48.6787 0.1128
167.5417 48.6536 0.1540
167.6459 48.6333 0.1565
167.6719 48.6282 0.1657
167.6979 48.6232 0.1741
167.7240 48.6181 0.1797
167.7500 48.6130 0.1808
167.7760 48.6079 0.1786
167.8020 48.6028 0.1733
167.8280 48.5977 0.1670
167.8540 48.5926 0.1616
167.8800 48.5874 0.1568
167.9060 48.5823 0.1548
167.9319 48.5772 0.1552
167.9579 48.5720 0.1575
167.9839 48.5669 0.1635
168.0099 48.5618 0.1706
168.0358 48.5566 0.1790
168.0618 48.5514 0.1849
168.0877 48.5463 0.1876
168.1136 48.5411 0.1857
168.1396 48.5359 0.1818
168.1655 48.5307 0.1771
168.1914 48.5255 0.1707
168.2174 48.5203 0.1630
168.2433 48.5151 0.1561
168.2692 48.5099 0.1480
168.2951 48.5047 0.1412
168.3210 48.4995 0.1346
166.7651 48.8196 0.1117
166.7914 48.8148 0.1137
166.8176 48.8099 0.1159
166.8438 48.8050 0.1176
166.8700 48.8001 0.1196
166.8962 48.7952 0.1199
166.9224 48.7903 0.1175
166.9485 48.7854 0.1095
166.9747 48.7805 0.1000
167.0009 48.7755 0.0911
167.0271 48.7706 0.0840
167.0532 48.7657 0.0792
167.0794 48.7607 0.0776
167.1055 48.7558 0.0797
167.1317 48.7508 0.0854
167.1578 48.7459 0.0940
167.1840 48.7409 0.1058
167.2101 48.7360 0.1183
167.2362 48.7310 0.1347
167.2623 48.7260 0.1525
167.2885 48.7210 0.1647
167.3146 48.7160 0.1698
167.3407 48.7110 0.1645
167.3668 48.7060 0.1517
167.3929 48.7010 0.1341
167.4190 48.6960 0.1168
167.6535 48.6506 0.1620
167.6796 48.6455 0.1711
167.7056 48.6404 0.1787
167.7316 48.6353 0.1833
167.7577 48.6302 0.1844
167.7837 48.6251 0.1818
167.8097 48.6200 0.1758
167.8357 48.6149 0.1685
167.8617 48.6098 0.1627
167.8877 48.6047 0.1579
167.9137 48.5995 0.1554
167.9397 48.5944 0.1553
167.9657 48.5893 0.1580
167.9916 48.5841 0.1643
168.0176 48.5790 0.1723
168.0436 48.5738 0.1815
168.0695 48.5687 0.1884
168.0955 48.5635 0.1913
168.1214 48.5583 0.1901
168.1474 48.5531 0.1858
168.1733 48.5479 0.1801
168.1993 48.5427 0.1736
168.2252 48.5375 0.1659
168.2511 48.5323 0.1590
168.2770 48.5271 0.1518
168.3029 48.5219 0.1454
168.3288 48.5167 0.1394
166.7725 48.8370 0.1147
166.7988 48.8321 0.1166
166.8250 48.8272 0.1185
166.8512 48.8223 0.1198
166.8774 48.8174 0.1218
166.9036 48.8125 0.1215
166.9298 48.8076 0.1182
166.9560 48.8027 0.1085
166.9822 48.7978 0.0998
167.0084 48.7929 0.0908
167.0345 48.7879 0.0842
167.0607 48.7830 0.0797
167.0869 48.7780 0.0786
167.1130 48.7731 0.0814
167.1392 48.7681 0.0866
167.1653 48.7632 0.0948
167.1915 48.7582 0.1049
167.2176 48.7532 0.1183
167.2438 48.7483 0.1354
167.2699 48.7433 0.1516
167.2960 48.7383 0.1640
167.3221 48.7333 0.1692
167.3482 48.7283 0.1639
167.3744 48.7233 0.1532
167.4005 48.7183 0.1372
167.4266 48.7133 0.1224
167.6612 48.6678 0.1668
167.6873 48.6627 0.1758
167.7133 48.6577 0.1824
167.7393 48.6526 0.1865
167.7654 48.6475 0.1876
167.7914 48.6424 0.1851
167.8174 48.6373 0.1784
167.8434 48.6322 0.1699
167.8694 48.6270 0.1622
167.8954 48.6219 0.1565
167.9214 48.6168 0.1534
167.9474 48.6116 0.1531
167.9734 48.6065 0.1565
167.9994 48.6013 0.1637
168.0254 48.5962 0.1729
168.0514 48.5910 0.1834
168.0773 48.5859 0.1910
168.1033 48.5807 0.1951
168.1292 48.5755 0.1945
168.1552 48.5703 0.1898
168.1811 48.5651 0.1836
168.2071 48.5599 0.1756
168.2330 48.5547 0.1672
168.2589 48.5495 0.1606
168.2849 48.5443 0.1531
168.3108 48.5391 0.1469
168.3367 48.5339 0.1405
166.7799 48.8543 0.1164
166.8062 48.8494 0.1182
166.8324 48.8445 0.1193
166.8586 48.8396 0.1209
166.8848 48.8347 0.1232
166.9110 48.8298 0.1221
166.9372 48.8249 0.1170
166.9634 48.8200 0.1084
166.9896 48.8151 0.0997
167.0158 48.8102 0.0916
167.0420 48.8052 0.0851
167.0682 48.8003 0.0809
167.0944 48.7953 0.0799
167.1205 48.7904 0.0825
167.1467 48.7854 0.0875
167.1728 48.7805 0.0941
167.1990 48.7755 0.1050
167.2252 48.7705 0.1199
167.2513 48.7656 0.1376
167.2774 48.7606 0.1521
167.3036 48.7556 0.1642
167.3297 48.7506 0.1676
167.3558 48.7456 0.1625
167.3819 48.7406 0.1525
167.4080 48.7356 0.1391
167.4341 48.7305 0.1256
167.5646 48.7053 0.1550
167.6689 48.6851 0.1700
167.6949 48.6800 0.1789
167.7210 48.6749 0.1854
167.7470 48.6698 0.1899
167.7731 48.6647 0.1917
167.7991 48.6596 0.1886
167.8251 48.6545 0.1808
167.8511 48.6494 0.1705
167.8772 48.6443 0.1611
167.9032 48.6391 0.1547
167.9292 48.6340 0.1513
167.9552 48.6289 0.1512
167.9812 48.6237 0.1549
168.0072 48.6186 0.1634
168.0332 48.6134 0.1736
168.0591 48.6082 0.1842
168.0851 48.6031 0.1929
168.1111 48.5979 0.1984
168.1371 48.5927 0.1989
168.1630 48.5875 0.1944
168.1890 48.5823 0.1861
168.2149 48.5771 0.1769
168.2409 48.5719 0.1675
168.2668 48.5667 0.1604
168.2927 48.5615 0.1531
168.3187 48.5563 0.1468
168.3446 48.5511 0.1405
166.7873 48.8716 0.1180
166.8136 48.8667 0.1186
166.8398 48.8618 0.1193
166.8660 48.8570 0.1213
166.8923 48.8521 0.1232
166.9185 48.8472 0.1216
166.9447 48.8422 0.1163
166.9709 48.8373 0.1078
166.9971 48.8324 0.0991
167.0233 48.8275 0.0914
167.0495 48.8225 0.0853
167.0757 48.8176 0.0809
167.1019 48.8126 0.0799
167.1280 48.8077 0.0823
167.1542 48.8027 0.0872
167.1804 48.7978 0.0944
167.2065 48.7928 0.1066
167.2327 48.7878 0.1219
167.2588 48.7828 0.1393
167.2850 48.7779 0.1538
167.3111 48.7729 0.1643
167.3373 48.7679 0.1665
167.3634 48.7629 0.1621
167.3895 48.7578 0.1530
167.4156 48.7528 0.1412
167.4418 48.7478 0.1277
167.6765 48.7023 0.1717
167.7026 48.6972 0.1809
167.7287 48.6922 0.1882
167.7547 48.6871 0.1948
167.7808 48.6820 0.1974
167.8068 48.6769 0.1942
167.8328 48.6717 0.1849
167.8589 48.6666 0.1729
167.8849 48.6615 0.1621
167.9109 48.6564 0.1542
167.9369 48.6512 0.1502
167.9629 48.6461 0.1496
167.9889 48.6409 0.1539
168.0149 48.6358 0.1633
168.0409 48.6306 0.1742
168.0669 48.6255 0.1861
168.0929 48.6203 0.1954
168.1189 48.6151 0.2014
168.1449 48.6099 0.2024
168.1708 48.6047 0.1978
168.1968 48.5995 0.1892
168.2228 48.5943 0.1779
168.2487 48.5891 0.1670
168.2746 48.5839 0.1584
168.3006 48.5787 0.1509
168.3265 48.5735 0.1453
168.3525 48.5683 0.1399
166.7947 48.8889 0.1169
166.8210 48.8841 0.1176
166.8472 48.8792 0.1190
166.8735 48.8743 0.1212
166.8997 48.8694 0.1229
166.9259 48.8645 0.1210
166.9521 48.8596 0.1164
166.9784 48.8546 0.1081
167.0046 48.8497 0.0992
167.0308 48.8448 0.0914
167.0570 48.8398 0.0848
167.0832 48.8349 0.0809
167.1094 48.8299 0.0797
167.1355 48.8250 0.0818
167.1617 48.8200 0.0867
167.1879 48.8151 0.0952
167.2141 48.8101 0.1084
167.2402 48.8051 0.1237
167.2664 48.8001 0.1411
167.2925 48.7951 0.1551
167.3187 48.7901 0.1645
167.3448 48.7851 0.1668
167.3710 48.7801 0.1628
167.3971 48.7751 0.1541
167.4232 48.7701 0.1433
167.4494 48.7651 0.1312
167.6842 48.7196 0.1728
167.7103 48.7145 0.1817
167.7364 48.7094 0.1910
167.7624 48.7043 0.1994
167.7885 48.6992 0.2029
167.8145 48.6941 0.1995
167.8406 48.6890 0.1893
167.8666 48.6839 0.1761
167.8926 48.6787 0.1641
167.9187 48.6736 0.1549
167.9447 48.6685 0.1497
167.9707 48.6633 0.1492
167.9967 48.6582 0.1538
168.0227 48.6530 0.1626
168.0487 48.6478 0.1741
168.0747 48.6427 0.1862
168.1007 48.6375 0.1960
168.1267 48.6323 0.2024
168.1527 48.6271 0.2041
168.1787 48.6219 0.1999
168.2046 48.6168 0.1913
168.2306 48.6115 0.1792
168.2566 48.6063 0.1666
168.2825 48.6011 0.1561
168.3085 48.5959 0.1483
168.3344 48.5907 0.1429
168.3603 48.5854 0.1400
166.8022 48.9063 0.1119
166.8284 48.9014 0.1144
166.8547 48.8965 0.1165
166.8809 48.8916 0.1193
166.9071 48.8867 0.1211
166.9334 48.8818 0.1197
166.9596 48.8769 0.1154
166.9858 48.8719 0.1076
167.0120 48.8670 0.0997
167.0383 48.8621 0.0915
167.0645 48.8571 0.0846
167.0907 48.8522 0.0804
167.1169 48.8472 0.0789
167.1431 48.8423 0.0809
167.1693 48.8373 0.0856
167.1954 48.8324 0.0958
167.2216 48.8274 0.1107
167.2478 48.8224 0.1266
167.2740 48.8174 0.1432
167.3001 48.8124 0.1557
167.3263 48.8074 0.1643
167.3524 48.8024 0.1670
167.3786 48.7974 0.1637
167.4047 48.7924 0.1561
167.4308 48.7874 0.1455
167.4570 48.7823 0.1333
167.6919 48.7368 0.1726
167.7180 48.7317 0.1832
167.7441 48.7266 0.1940
167.7701 48.7215 0.2033
167.7962 48.7164 0.2071
167.8223 48.7113 0.2036
167.8483 48.7062 0.1940
167.8743 48.7011 0.1805
167.9004 48.6960 0.1673
167.9264 48.6908 0.1571
167.9525 48.6857 0.1510
167.9785 48.6805 0.1500
168.0045 48.6754 0.1544
168.0305 48.6702 0.1631
168.0565 48.6651 0.1738
168.0825 48.6599 0.1860
168.1085 48.6547 0.1962
168.1345 48.6495 0.2034
168.1605 48.6443 0.2053
168.1865 48.6392 0.2017
168.2125 48.6340 0.1933
168.2384 48.6287 0.1797
168.2644 48.6235 0.1658
168.2904 48.6183 0.1541
168.3163 48.6131 0.1442
168.3423 48.6079 0.1401
168.3682 48.6026 0.1363
166.8096 48.9236 0.1077
166.8358 48.9187 0.1100
166.8621 48.9138 0.1126
166.8883 48.9089 0.1158
166.9146 48.9040 0.1183
166.9408 48.8991 0.1177
166.9671 48.8942 0.1142
166.9933 48.8893 0.1085
167.0195 48.8843 0.1000
167.0458 48.8794 0.0910
167.0720 48.8744 0.0836
167.0982 48.8695 0.0796
167.1244 48.8645 0.0781
167.1506 48.8596 0.0803
167.1768 48.8546 0.0851
167.2030 48.8497 0.0969
167.2292 48.8447 0.1115
167.2553 48.8397 0.1293
167.2815 48.8347 0.1451
167.3077 48.8297 0.1571
167.3339 48.8247 0.1652
167.3600 48.8197 0.1674
167.3862 48.8147 0.1644
167.4123 48.8097 0.1575
167.4385 48.8046 0.1476
167.4646 48.7996 0.1358
167.5952 48.7744 0.1760
167.6996 48.7541 0.1765
167.7257 48.7490 0.1887
167.7518 48.7439 0.2014
167.7778 48.7388 0.2108
167.8039 48.7337 0.2139
167.8300 48.7286 0.2095
167.8560 48.7234 0.1985
167.8821 48.7183 0.1859
167.9081 48.7132 0.1728
167.9342 48.7080 0.1617
167.9602 48.7029 0.1552
167.9863 48.6978 0.1536
168.0123 48.6926 0.1578
168.0383 48.6874 0.1659
168.0643 48.6823 0.1761
168.0903 48.6771 0.1876
168.1163 48.6719 0.1979
168.1423 48.6667 0.2052
168.1683 48.6616 0.2075
168.1943 48.6564 0.2037
168.2203 48.6512 0.1946
168.2463 48.6459 0.1806
168.2723 48.6407 0.1659
168.2982 48.6355 0.1528
168.3502 48.6251 0.1367
168.3761 48.6198 0.1352
166.8170 48.9409 0.1039
166.8433 48.9360 0.1065
166.8695 48.9311 0.1093
166.8958 48.9262 0.1127
166.9221 48.9213 0.1152
166.9483 48.9164 0.1159
166.9745 48.9115 0.1144
167.0008 48.9066 0.1089
167.0270 48.9016 0.1007
167.0533 48.8967 0.0917
167.0795 48.8917 0.0845
167.1057 48.8868 0.0801
167.1319 48.8818 0.0779
167.1581 48.8769 0.0795
167.1843 48.8719 0.0855
167.2105 48.8669 0.0979
167.2367 48.8620 0.1133
167.2629 48.8570 0.1307
167.2891 48.8520 0.1462
167.3153 48.8470 0.1581
167.3414 48.8420 0.1656
167.3676 48.8370 0.1673
167.3938 48.8320 0.1642
167.4199 48.8269 0.1576
167.4461 48.8219 0.1481
167.4722 48.8169 0.1353
167.7073 48.7713 0.1829
167.7334 48.7662 0.1975
167.7595 48.7611 0.2111
167.7856 48.7560 0.2200
167.8116 48.7509 0.2217
167.8377 48.7458 0.2158
167.8638 48.7407 0.2048
167.8898 48.7355 0.1917
167.9159 48.7304 0.1790
167.9420 48.7253 0.1680
167.9680 48.7201 0.1615
167.9940 48.7150 0.1594
168.0201 48.7098 0.1627
168.0461 48.7047 0.1701
168.0721 48.6995 0.1801
168.0982 48.6943 0.1913
168.1242 48.6891 0.2011
168.1502 48.6839 0.2089
168.1762 48.6788 0.2106
168.2022 48.6736 0.2059
168.2282 48.6684 0.1971
168.2542 48.6631 0.1818
168.2801 48.6579 0.1661
168.3061 48.6527 0.1525
168.3321 48.6475 0.1413
168.3581 48.6422 0.1375
168.3840 48.6370 0.1392
166.8244 48.9582 0.1019
166.8507 48.9533 0.1027
166.8770 48.9485 0.1044
166.9033 48.9435 0.1072
166.9295 48.9386 0.1096
166.9558 48.9337 0.1127
166.9820 48.9288 0.1134
167.0083 48.9239 0.1095
167.0345 48.9189 0.1030
167.0608 48.9140 0.0942
167.0870 48.9091 0.0869
167.1132 48.9041 0.0807
167.1394 48.8991 0.0775
167.1657 48.8942 0.0800
167.1919 48.8892 0.0862
167.2181 48.8842 0.0991
167.2443 48.8792 0.1141
167.2705 48.8743 0.1320
167.2967 48.8693 0.1466
167.3228 48.8643 0.1584
167.3490 48.8593 0.1662
167.3752 48.8543 0.1674
167.4014 48.8492 0.1633
167.4275 48.8442 0.1563
167.4537 48.8392 0.1468
167.4799 48.8341 0.1350
167.7150 48.7886 0.1932
167.7411 48.7835 0.2079
167.7672 48.7784 0.2210
167.7933 48.7733 0.2293
167.8194 48.7681 0.2300
167.8455 48.7630 0.2235
167.8715 48.7579 0.2116
167.8976 48.7528 0.1988
167.9237 48.7476 0.1869
167.9497 48.7425 0.1756
167.9758 48.7374 0.1684
168.0018 48.7322 0.1657
168.0279 48.7270 0.1679
168.0539 48.7219 0.1745
168.0799 48.7167 0.1837
168.1060 48.7115 0.1947
168.1320 48.7063 0.2047
168.1580 48.7012 0.2121
168.1840 48.6960 0.2131
168.2100 48.6908 0.2075
168.2360 48.6856 0.1976
168.2620 48.6803 0.1823
168.2880 48.6751 0.1669
168.3140 48.6699 0.1539
168.3400 48.6647 0.1446
168.3660 48.6594 0.1416
166.8319 48.9756 0.1007
166.8582 48.9707 0.0974
166.8844 48.9658 0.0975
166.9107 48.9609 0.1000
166.9370 48.9560 0.1036
166.9633 48.9510 0.1098
166.9895 48.9461 0.1142
167.0158 48.9412 0.1123
167.0420 48.9362 0.1084
167.0683 48.9313 0.1012
167.0945 48.9264 0.0930
167.1207 48.9214 0.0842
167.1470 48.9164 0.0799
167.1732 48.9115 0.0821
167.1994 48.9065 0.0888
167.2256 48.9015 0.1011
167.2518 48.8965 0.1148
167.2780 48.8915 0.1325
167.3042 48.8866 0.1465
167.3304 48.8815 0.1581
167.3566 48.8765 0.1655
167.3828 48.8715 0.1667
167.4090 48.8665 0.1626
167.4352 48.8615 0.1551
167.4613 48.8565 0.1459
167.4875 48.8514 0.1351
167.6182 48.8261 0.1850
167.7227 48.8058 0.2014
167.7488 48.8007 0.2168
167.7749 48.7956 0.2298
167.8010 48.7905 0.2376
167.8271 48.7854 0.2377
167.8532 48.7803 0.2307
167.8793 48.7751 0.2190
167.9054 48.7700 0.2065
167.9314 48.7649 0.1944
167.9575 48.7597 0.1832
167.9836 48.7546 0.1747
168.0096 48.7494 0.1705
168.0357 48.7443 0.1715
168.0617 48.7391 0.1779
168.0878 48.7339 0.1876
168.1138 48.7287 0.1987
168.1398 48.7236 0.2080
168.1659 48.7184 0.2146
168.1919 48.7132 0.2146
168.2179 48.7080 0.2083
168.2439 48.7028 0.1985
168.2699 48.6975 0.1832
168.2959 48.6923 0.1678
168.3219 48.6871 0.1555
168.3479 48.6819 0.1474
168.3739 48.6766 0.1477
168.3998 48.6714 0.1496
166.8393 48.9929 0.0955
166.8656 48.9880 0.0909
166.8919 48.9831 0.0897
166.9182 48.9782 0.0920
166.9445 48.9733 0.0971
166.9707 48.9683 0.1059
166.9970 48.9634 0.1138
167.0233 48.9585 0.1160
167.0495 48.9535 0.1142
167.0758 48.9486 0.1086
167.1020 48.9437 0.1009
167.1283 48.9387 0.0914
167.1545 48.9337 0.0853
167.1807 48.9288 0.0869
167.2070 48.9238 0.0926
167.2332 48.9188 0.1033
167.2594 48.9138 0.1161
167.2856 48.9088 0.1309
167.3118 48.9038 0.1459
167.3380 48.8988 0.1574
167.3642 48.8938 0.1657
167.3904 48.8888 0.1670
167.4166 48.8838 0.1634
167.4428 48.8788 0.1561
167.4690 48.8737 0.1474
167.4951 48.8687 0.1371
167.7304 48.8231 0.2069
167.7566 48.8180 0.2230
167.7827 48.8128 0.2372
167.8088 48.8077 0.2452
167.8349 48.8026 0.2449
167.8610 48.7975 0.2377
167.8871 48.7924 0.2252
167.9131 48.7872 0.2114
167.9392 48.7821 0.1995
167.9653 48.7769 0.1877
167.9914 48.7718 0.1786
168.0174 48.7666 0.1737
168.0435 48.7615 0.1743
168.0695 48.7563 0.1814
168.0956 48.7511 0.1930
168.1216 48.7459 0.2043
168.1477 48.7408 0.2125
168.1737 48.7356 0.2174
168.1997 48.7304 0.2165
168.2258 48.7252 0.2106
168.2518 48.7199 0.1995
168.2778 48.7147 0.1840
168.3038 48.7095 0.1694
168.3298 48.7043 0.1581
168.3558 48.6990 0.1529
168.3818 48.6938 0.1568
168.4078 48.6886 0.1607
166.8468 49.0102 0.0897
166.8731 49.0053 0.0853
166.8994 49.0004 0.0850
166.9257 48.9955 0.0867
166.9519 48.9906 0.0934
166.9782 48.9857 0.1034
167.0045 48.9807 0.1126
167.0308 48.9758 0.1198
167.0570 48.9708 0.1198
167.0833 48.9659 0.1152
167.1096 48.9610 0.1069
167.1358 48.9560 0.0973
167.1621 48.9510 0.0906
167.1883 48.9461 0.0920
167.2145 48.9411 0.0963
167.2408 48.9361 0.1057
167.2670 48.9311 0.1170
167.2932 48.9261 0.1302
167.3194 48.9211 0.1441
167.3456 48.9161 0.1560
167.3718 48.9111 0.1650
167.3980 48.9061 0.1677
167.4242 48.9011 0.1653
167.4504 48.8960 0.1592
167.4766 48.8910 0.1508
167.5028 48.8859 0.1403
167.7382 48.8403 0.2098
167.7643 48.8352 0.2273
167.7904 48.8301 0.2422
167.8165 48.8250 0.2514
167.8426 48.8199 0.2521
167.8687 48.8147 0.2454
167.8948 48.8096 0.2329
167.9209 48.8045 0.2180
167.9470 48.7993 0.2026
167.9731 48.7942 0.1898
167.9992 48.7890 0.1792
168.0252 48.7839 0.1735
168.0513 48.7787 0.1751
168.0774 48.7735 0.1834
168.1034 48.7683 0.1974
168.1295 48.7632 0.2100
168.1555 48.7580 0.2177
168.1816 48.7528 0.2215
168.2076 48.7476 0.2205
168.2336 48.7424 0.2139
168.2597 48.7371 0.2025
168.2857 48.7319 0.1873
168.3117 48.7267 0.1727
168.3377 48.7215 0.1627
168.3637 48.7162 0.1596
168.3897 48.7110 0.1646
168.4157 48.7057 0.1710
166.8542 49.0275 0.0902
166.8805 49.0226 0.0875
166.9068 49.0177 0.0837
166.9331 49.0128 0.0867
166.9594 49.0079 0.0930
166.9857 49.0030 0.1036
167.0120 48.9980 0.1126
167.0383 48.9931 0.1229
167.0646 48.9882 0.1237
167.0908 48.9832 0.1194
167.1171 48.9782 0.1122
167.1434 48.9733 0.1024
167.1696 48.9683 0.0968
167.1959 48.9633 0.0966
167.2221 48.9584 0.1010
167.2483 48.9534 0.1076
167.2746 48.9484 0.1180
167.3008 48.9434 0.1299
167.3270 48.9384 0.1420
167.3532 48.9334 0.1544
167.3795 48.9284 0.1639
167.4057 48.9234 0.1681
167.4319 48.9183 0.1673
167.4581 48.9133 0.1623
167.4843 48.9083 0.1546
167.5104 48.9032 0.1441
167.7459 48.8575 0.2142
167.7720 48.8524 0.2311
167.7981 48.8473 0.2464
167.8243 48.8422 0.2566
167.8504 48.8371 0.2585
167.8765 48.8320 0.2527
167.9026 48.8268 0.2410
167.9287 48.8217 0.2250
167.9548 48.8165 0.2082
167.9809 48.8114 0.1919
168.0070 48.8062 0.1796
168.0331 48.8011 0.1740
168.0591 48.7959 0.1764
168.0852 48.7907 0.1876
168.1113 48.7856 0.2027
168.1373 48.7804 0.2156
168.1634 48.7752 0.2234
168.1894 48.7700 0.2265
168.2155 48.7648 0.2249
168.2415 48.7596 0.2179
168.2675 48.7543 0.2063
168.2936 48.7491 0.1913
168.3196 48.7439 0.1772
168.3456 48.7387 0.1677
168.3716 48.7334 0.1668
168.3976 48.7282 0.1728
168.4236 48.7229 0.1812
166.8617 49.0448 0.0953
166.8880 49.0399 0.0896
166.9143 49.0350 0.0868
166.9406 49.0301 0.0869
166.9669 49.0252 0.0932
166.9932 49.0203 0.1047
167.0195 49.0153 0.1163
167.0458 49.0104 0.1259
167.0721 49.0055 0.1267
167.0984 49.0005 0.1221
167.1246 48.9955 0.1146
167.1509 48.9906 0.1056
167.1772 48.9856 0.1000
167.2034 48.9806 0.1003
167.2297 48.9757 0.1034
167.2559 48.9707 0.1090
167.2822 48.9657 0.1183
167.3084 48.9607 0.1293
167.3346 48.9557 0.1418
167.3609 48.9507 0.1532
167.3871 48.9456 0.1629
167.4133 48.9406 0.1682
167.4395 48.9356 0.1682
167.4657 48.9306 0.1643
167.4919 48.9255 0.1571
167.5181 48.9205 0.1466
167.6490 48.8952 0.1690
167.7536 48.8748 0.2180
167.7798 48.8697 0.2349
167.8059 48.8646 0.2500
167.8320 48.8594 0.2603
167.8582 48.8543 0.2635
167.8843 48.8492 0.2595
167.9104 48.8441 0.2484
167.9365 48.8389 0.2327
167.9626 48.8338 0.2149
167.9887 48.8286 0.1975
168.0148 48.8235 0.1835
168.0409 48.8183 0.1763
168.0670 48.8131 0.1787
168.0930 48.8079 0.1907
168.1191 48.8028 0.2068
168.1452 48.7976 0.2206
168.1712 48.7924 0.2289
168.1973 48.7872 0.2321
168.2233 48.7820 0.2300
168.2494 48.7768 0.2225
168.2754 48.7715 0.2101
168.3015 48.7663 0.1947
168.3275 48.7611 0.1805
168.3535 48.7558 0.1728
168.3795 48.7506 0.1741
168.4055 48.7454 0.1836
168.4316 48.7401 0.1942
166.8691 49.0622 0.0970
166.8955 49.0573 0.0924
166.9218 49.0524 0.0886
166.9481 49.0474 0.0882
166.9744 49.0425 0.0942
167.0007 49.0376 0.1072
167.0270 49.0326 0.1186
167.0533 49.0277 0.1279
167.0796 49.0228 0.1282
167.1059 49.0178 0.1232
167.1322 49.0128 0.1151
167.1585 49.0079 0.1069
167.1847 49.0029 0.1017
167.2110 48.9979 0.1019
167.2373 48.9929 0.1038
167.2635 48.9880 0.1091
167.2898 48.9830 0.1178
167.3160 48.9780 0.1287
167.3423 48.9730 0.1412
167.3685 48.9679 0.1521
167.3947 48.9629 0.1617
167.4209 48.9579 0.1669
167.4472 48.9529 0.1679
167.4734 48.9478 0.1650
167.4996 48.9428 0.1589
167.5258 48.9377 0.1496
167.7614 48.8920 0.2234
167.7875 48.8869 0.2395
167.8137 48.8818 0.2545
167.8398 48.8767 0.2648
167.8659 48.8716 0.2676
167.8921 48.8664 0.2639
167.9182 48.8613 0.2541
167.9443 48.8561 0.2397
167.9704 48.8510 0.2225
167.9965 48.8458 0.2052
168.0226 48.8407 0.1902
168.0487 48.8355 0.1807
168.0748 48.8303 0.1808
168.1009 48.8252 0.1917
168.1270 48.8200 0.2080
168.1530 48.8148 0.2228
168.1791 48.8096 0.2318
168.2052 48.8044 0.2355
168.2312 48.7992 0.2336
168.2573 48.7940 0.2251
168.2833 48.7887 0.2118
168.3094 48.7835 0.1960
168.3354 48.7783 0.1821
168.3614 48.7730 0.1766
168.3875 48.7678 0.1812
168.4135 48.7625 0.1944
168.4395 48.7573 0.2059
166.8766 49.0795 0.0970
166.9030 49.0746 0.0934
166.9293 49.0697 0.0909
166.9556 49.0647 0.0902
166.9819 49.0598 0.0967
167.0082 49.0549 0.1083
167.0346 49.0500 0.1208
167.0609 49.0450 0.1285
167.0872 49.0401 0.1280
167.1135 49.0351 0.1234
167.1397 49.0301 0.1156
167.1660 49.0252 0.1080
167.1923 49.0202 0.1026
167.2186 49.0152 0.1023
167.2448 49.0102 0.1031
167.2711 49.0052 0.1076
167.2974 49.0002 0.1160
167.3236 48.9952 0.1268
167.3499 48.9902 0.1389
167.3761 48.9852 0.1501
167.4023 48.9802 0.1597
167.4286 48.9752 0.1653
167.4548 48.9701 0.1675
167.4810 48.9651 0.1659
167.5072 48.9600 0.1607
167.5335 48.9550 0.1516
167.7691 48.9093 0.2272
167.7953 48.9042 0.2431
167.8214 48.8990 0.2576
167.8476 48.8939 0.2681
167.8737 48.8888 0.2706
167.8998 48.8837 0.2667
167.9260 48.8785 0.2575
167.9521 48.8734 0.2441
167.9782 48.8682 0.2285
168.0043 48.8631 0.2118
168.0304 48.8579 0.1959
168.0565 48.8527 0.1839
168.0826 48.8475 0.1819
168.1087 48.8424 0.1906
168.1348 48.8372 0.2057
168.1609 48.8320 0.2210
168.1870 48.8268 0.2315
168.2131 48.8216 0.2372
168.2391 48.8164 0.2362
168.2652 48.8111 0.2276
168.2912 48.8059 0.2140
168.3173 48.8007 0.1983
168.3433 48.7955 0.1854
168.3694 48.7902 0.1815
168.3954 48.7850 0.1879
168.4214 48.7797 0.2018
168.4474 48.7745 0.2134
166.8841 49.0968 0.0964
166.9104 49.0919 0.0939
166.9368 49.0870 0.0921
166.9631 49.0821 0.0924
166.9894 49.0771 0.0991
167.0158 49.0722 0.1107
167.0421 49.0673 0.1221
167.0684 49.0623 0.1287
167.0947 49.0574 0.1279
167.1210 49.0524 0.1236
167.1473 49.0474 0.1171
167.1736 49.0425 0.1096
167.1999 49.0375 0.1042
167.2262 49.0325 0.1021
167.2524 49.0275 0.1020
167.2787 49.0225 0.1059
167.3050 49.0175 0.1141
167.3312 49.0125 0.1238
167.3575 49.0075 0.1356
167.3837 49.0025 0.1479
167.4100 48.9975 0.1575
167.4362 48.9924 0.1641
167.4625 48.9874 0.1672
167.4887 48.9824 0.1665
167.5149 48.9773 0.1625
167.5411 48.9723 0.1545
167.6721 48.9469 0.2020
167.7769 48.9265 0.2304
167.8030 48.9214 0.2460
167.8292 48.9163 0.2602
167.8553 48.9112 0.2701
167.8815 48.9060 0.2724
167.9076 48.9009 0.2689
167.9338 48.8957 0.2595
167.9599 48.8906 0.2463
167.9860 48.8854 0.2310
168.0122 48.8803 0.2151
168.0383 48.8751 0.1999
168.0644 48.8699 0.1871
168.0905 48.8648 0.1828
168.1166 48.8596 0.1890
168.1427 48.8544 0.2027
168.1688 48.8492 0.2180
168.1949 48.8440 0.2302
168.2209 48.8388 0.2388
168.2470 48.8336 0.2401
168.2731 48.8283 0.2331
168.2991 48.8231 0.2199
168.3252 48.8179 0.2049
168.3513 48.8126 0.1938
168.3773 48.8074 0.1905
168.4033 48.8022 0.1972
168.4294 48.7969 0.2087
168.4554 48.7916 0.2196
166.8916 49.1141 0.0953
166.9179 49.1092 0.0922
166.9443 49.1043 0.0923
166.9706 49.0994 0.0942
166.9970 49.0944 0.1016
167.0233 49.0895 0.1130
167.0496 49.0846 0.1249
167.0759 49.0796 0.1297
167.1023 49.0747 0.1286
167.1286 49.0697 0.1253
167.1549 49.0647 0.1187
167.1812 49.0598 0.1113
167.2075 49.0548 0.1049
167.2338 49.0498 0.1018
167.2600 49.0448 0.1007
167.2863 49.0398 0.1041
167.3126 49.0348 0.1105
167.3389 49.0298 0.1205
167.3651 49.0248 0.1320
167.3914 49.0198 0.1449
167.4176 49.0147 0.1555
167.4439 49.0097 0.1631
167.4701 49.0047 0.1667
167.4964 48.9996 0.1668
167.5226 48.9946 0.1636
167.5488 48.9895 0.1564
167.7846 48.9437 0.2330
167.8108 48.9386 0.2486
167.8370 48.9335 0.2625
167.8631 48.9284 0.2719
167.8893 48.9233 0.2750
167.9154 48.9181 0.2720
167.9416 48.9130 0.2622
167.9677 48.9078 0.2477
167.9939 48.9027 0.2328
168.0200 48.8975 0.2164
168.0461 48.8923 0.2005
168.0722 48.8871 0.1876
168.0983 48.8820 0.1833
168.1245 48.8768 0.1892
168.1506 48.8716 0.2013
168.1767 48.8664 0.2161
168.2027 48.8612 0.2305
168.2288 48.8560 0.2416
168.2549 48.8508 0.2466
168.2810 48.8455 0.2426
168.3071 48.8403 0.2306
168.3331 48.8351 0.2162
168.3592 48.8298 0.2053
168.3852 48.8246 0.2018
168.4113 48.8193 0.2051
168.4373 48.8141 0.2141
168.4634 48.8088 0.2247
166.8991 49.1314 0.0948
166.9254 49.1265 0.0928
166.9518 49.1216 0.0934
166.9781 49.1167 0.0966
167.0045 49.1117 0.1048
167.0308 49.1068 0.1164
167.0572 49.1019 0.1277
167.0835 49.0969 0.1322
167.1098 49.0920 0.1316
167.1361 49.0870 0.1273
167.1624 49.0820 0.1203
167.1888 49.0771 0.1123
167.2151 49.0721 0.1059
167.2414 49.0671 0.1029
167.2676 49.0621 0.1007
167.2939 49.0571 0.1029
167.3202 49.0521 0.1086
167.3465 49.0471 0.1185
167.3728 49.0421 0.1310
167.3990 49.0370 0.1448
167.4253 49.0320 0.1560
167.4515 49.0270 0.1637
167.4778 49.0219 0.1670
167.5040 49.0169 0.1673
167.5303 49.0118 0.1649
167.5565 49.0068 0.1587
167.7924 48.9610 0.2346
167.8186 48.9559 0.2497
167.8447 48.9507 0.2632
167.8709 48.9456 0.2729
167.8971 48.9405 0.2758
167.9232 48.9353 0.2731
167.9494 48.9302 0.2638
167.9755 48.9250 0.2490
168.0017 48.9199 0.2331
168.0278 48.9147 0.2160
168.0540 48.9095 0.1998
168.0801 48.9044 0.1873
168.1062 48.8992 0.1837
168.1323 48.8940 0.1908
168.1584 48.8888 0.2027
168.1845 48.8836 0.2171
168.2106 48.8784 0.2326
168.2367 48.8732 0.2462
168.2628 48.8680 0.2532
168.2889 48.8627 0.2516
168.3150 48.8575 0.2420
168.3411 48.8523 0.2280
168.3671 48.8470 0.2165
168.3932 48.8418 0.2102
168.4192 48.8365 0.2109
168.4453 48.8313 0.2184
168.4713 48.8260 0.2280
166.9066 49.1488 0.0976
166.9329 49.1438 0.0977
166.9593 49.1389 0.0993
166.9857 49.1340 0.0996
167.0120 49.1291 0.1088
167.0384 49.1241 0.1202
167.0647 49.1192 0.1309
167.0910 49.1142 0.1351
167.1174 49.1093 0.1336
167.1437 49.1043 0.1286
167.1700 49.0993 0.1214
167.1963 49.0943 0.1136
167.2227 49.0894 0.1067
167.2490 49.0844 0.1034
167.2753 49.0794 0.1011
167.3016 49.0744 0.1020
167.3278 49.0694 0.1092
167.3541 49.0644 0.1190
167.3804 49.0593 0.1339
167.4067 49.0543 0.1478
167.4330 49.0493 0.1587
167.4592 49.0442 0.1656
167.4855 49.0392 0.1683
167.5117 49.0342 0.1682
167.5380 49.0291 0.1658
167.5642 49.0240 0.1606
167.8002 48.9782 0.2342
167.8263 48.9731 0.2494
167.8525 48.9680 0.2635
167.8787 48.9628 0.2731
167.9049 48.9577 0.2764
167.9310 48.9526 0.2744
167.9572 48.9474 0.2660
167.9834 48.9423 0.2513
168.0095 48.9371 0.2345
168.0357 48.9319 0.2161
168.0618 48.9268 0.1995
168.0879 48.9216 0.1872
168.1141 48.9164 0.1843
168.1402 48.9112 0.1911
168.1663 48.9060 0.2042
168.1924 48.9008 0.2196
168.2185 48.8956 0.2353
168.2446 48.8904 0.2498
168.2707 48.8852 0.2583
168.2968 48.8799 0.2586
168.3229 48.8747 0.2510
168.3490 48.8695 0.2376
168.3751 48.8642 0.2253
168.4011 48.8590 0.2165
168.4272 48.8537 0.2148
168.4533 48.8484 0.2205
168.4793 48.8432 0.2298
166.9141 49.1661 0.1082
166.9405 49.1612 0.1081
166.9668 49.1562 0.1066
166.9932 49.1513 0.1068
167.0196 49.1464 0.1126
167.0459 49.1414 0.1215
167.0723 49.1365 0.1325
167.0986 49.1315 0.1371
167.1249 49.1266 0.1352
167.1513 49.1216 0.1295
167.1776 49.1166 0.1227
167.2039 49.1116 0.1151
167.2303 49.1066 0.1079
167.2566 49.1017 0.1041
167.2829 49.0967 0.1005
167.3092 49.0917 0.1023
167.3355 49.0866 0.1096
167.3618 49.0816 0.1224
167.3881 49.0766 0.1376
167.4143 49.0716 0.1512
167.4406 49.0666 0.1623
167.4669 49.0615 0.1683
167.4932 49.0565 0.1695
167.5194 49.0514 0.1689
167.5457 49.0464 0.1669
167.5719 49.0413 0.1632
167.7031 49.0159 0.2330
167.8079 48.9955 0.2342
167.8341 48.9903 0.2492
167.8603 48.9852 0.2643
167.8865 48.9801 0.2747
167.9127 48.9749 0.2783
167.9389 48.9698 0.2760
167.9650 48.9646 0.2680
167.9912 48.9595 0.2546
168.0174 48.9543 0.2371
168.0435 48.9491 0.2183
168.0697 48.9440 0.2013
168.0958 48.9388 0.1894
168.1219 48.9336 0.1865
168.1481 48.9284 0.1939
168.1742 48.9232 0.2067
168.2003 48.9180 0.2221
168.2264 48.9128 0.2383
168.2526 48.9076 0.2526
168.2787 48.9023 0.2615
168.3048 48.8971 0.2629
168.3309 48.8919 0.2568
168.3569 48.8866 0.2441
168.3830 48.8814 0.2309
168.4091 48.8761 0.2205
168.4352 48.8709 0.2170
168.4612 48.8656 0.2219
168.4873 48.8603 0.2299
166.9216 49.1834 0.1156
166.9480 49.1785 0.1141
166.9743 49.1735 0.1115
167.0007 49.1686 0.1115
167.0271 49.1637 0.1146
167.0535 49.1587 0.1227
167.0798 49.1538 0.1319
167.1062 49.1488 0.1364
167.1325 49.1439 0.1347
167.1589 49.1389 0.1285
167.1852 49.1339 0.1213
167.2115 49.1289 0.1137
167.2379 49.1239 0.1071
167.2642 49.1189 0.1033
167.2905 49.1139 0.0996
167.3168 49.1089 0.1014
167.3431 49.1039 0.1102
167.3694 49.0989 0.1230
167.3957 49.0939 0.1393
167.4220 49.0889 0.1532
167.4483 49.0838 0.1647
167.4746 49.0788 0.1699
167.5008 49.0737 0.1700
167.5271 49.0687 0.1686
167.5534 49.0636 0.1665
167.5796 49.0586 0.1630
167.8157 49.0127 0.2337
167.8419 49.0076 0.2492
167.8681 49.0024 0.2650
167.8943 48.9973 0.2764
167.9205 48.9922 0.2806
167.9467 48.9870 0.2792
167.9729 48.9819 0.2717
167.9990 48.9767 0.2583
168.0252 48.9715 0.2404
168.0514 48.9664 0.2204
168.0775 48.9612 0.2021
168.1037 48.9560 0.1897
168.1298 48.9508 0.1872
168.1560 48.9456 0.1950
168.1821 48.9404 0.2080
168.2082 48.9352 0.2238
168.2344 48.9300 0.2401
168.2605 48.9248 0.2542
168.2866 48.9195 0.2625
168.3127 48.9143 0.2651
168.3388 48.9091 0.2605
168.3649 48.9038 0.2491
168.3910 48.8986 0.2349
168.4171 48.8933 0.2230
168.4431 48.8881 0.2168
168.4692 48.8828 0.2198
168.4953 48.8775 0.2286
166.9291 49.2007 0.1175
166.9555 49.1958 0.1144
166.9819 49.1908 0.1112
167.0083 49.1859 0.1091
167.0346 49.1810 0.1123
167.0610 49.1760 0.1202
167.0874 49.1711 0.1289
167.1137 49.1661 0.1340
167.1401 49.1611 0.1331
167.1665 49.1562 0.1275
167.1928 49.1512 0.1199
167.2191 49.1462 0.1123
167.2455 49.1412 0.1061
167.2718 49.1362 0.1022
167.2981 49.1312 0.0988
167.3245 49.1262 0.1010
167.3508 49.1212 0.1100
167.3771 49.1162 0.1229
167.4034 49.1112 0.1389
167.4297 49.1061 0.1535
167.4560 49.1011 0.1647
167.4823 49.0960 0.1693
167.5085 49.0910 0.1692
167.5348 49.0859 0.1671
167.5611 49.0809 0.1648
167.5874 49.0758 0.1619
167.8235 49.0299 0.2345
167.8497 49.0248 0.2499
167.8759 49.0197 0.2661
167.9021 49.0145 0.2782
167.9283 49.0094 0.2834
167.9545 49.0042 0.2824
167.9807 48.9991 0.2754
168.0069 48.9939 0.2622
168.0331 48.9888 0.2438
168.0592 48.9836 0.2231
168.0854 48.9784 0.2039
168.1116 48.9732 0.1901
168.1377 48.9680 0.1874
168.1639 48.9628 0.1956
168.1900 48.9576 0.2093
168.2161 48.9524 0.2254
168.2423 48.9472 0.2415
168.2684 48.9420 0.2557
168.2945 48.9367 0.2642
168.3206 48.9315 0.2670
168.3467 48.9263 0.2631
168.3728 48.9210 0.2518
168.3989 48.9158 0.2367
168.4250 48.9105 0.2226
168.4511 48.9052 0.2154
168.4772 48.9000 0.2171
168.5033 48.8947 0.2248
166.9366 49.2180 0.1096
166.9630 49.2131 0.1062
166.9894 49.2082 0.1018
167.0158 49.2032 0.1017
167.0422 49.1983 0.1062
167.0686 49.1933 0.1153
167.0950 49.1884 0.1266
167.1213 49.1834 0.1328
167.1477 49.1784 0.1327
167.1740 49.1735 0.1278
167.2004 49.1685 0.1204
167.2268 49.1635 0.1124
167.2531 49.1585 0.1050
167.2794 49.1535 0.1018
167.3058 49.1485 0.0994
167.3321 49.1435 0.1016
167.3584 49.1385 0.1103
167.3847 49.1335 0.1223
167.4110 49.1284 0.1381
167.4374 49.1234 0.1526
167.4637 49.1184 0.1630
167.4900 49.1133 0.1666
167.5162 49.1083 0.1662
167.5425 49.1032 0.1640
167.5688 49.0981 0.1615
167.5951 49.0931 0.1578
167.7264 49.0676 0.2110
167.8313 49.0472 0.2338
167.8575 49.0420 0.2498
167.8837 49.0369 0.2659
167.9100 49.0318 0.2787
167.9362 49.0266 0.2849
167.9624 49.0215 0.2851
167.9886 49.0163 0.2783
168.0147 49.0111 0.2644
168.0409 49.0060 0.2450
168.0671 49.0008 0.2238
168.0933 48.9956 0.2047
168.1194 48.9904 0.1910
168.1456 48.9852 0.1875
168.1718 48.9800 0.1956
168.1979 48.9748 0.2106
168.2241 48.9696 0.2276
168.2502 48.9644 0.2435
168.2763 48.9592 0.2569
168.3025 48.9539 0.2657
168.3286 48.9487 0.2686
168.3547 48.9434 0.2638
168.3808 48.9382 0.2514
168.4069 48.9329 0.2358
168.4330 48.9277 0.2221
168.4591 48.9224 0.2132
168.4852 48.9171 0.2128
168.5113 48.9119 0.2179
166.9441 49.2353 0.0999
166.9706 49.2304 0.0941
166.9970 49.2255 0.0903
167.0234 49.2205 0.0915
167.0498 49.2156 0.0990
167.0761 49.2106 0.1107
167.1025 49.2057 0.1237
167.1289 49.2007 0.1311
167.1553 49.1957 0.1321
167.1816 49.1908 0.1283
167.2080 49.1858 0.1218
167.2344 49.1808 0.1128
167.2607 49.1758 0.1057
167.2871 49.1708 0.1022
167.3134 49.1658 0.1003
167.3397 49.1608 0.1023
167.3661 49.1558 0.1101
167.3924 49.1507 0.1220
167.4187 49.1457 0.1368
167.4450 49.1407 0.1507
167.4713 49.1356 0.1605
167.4976 49.1306 0.1636
167.5239 49.1255 0.1636
167.5502 49.1205 0.1614
167.5765 49.1154 0.1589
167.6028 49.1103 0.1553
167.8391 49.0644 0.2337
167.8653 49.0593 0.2501
167.8916 49.0541 0.2668
167.9178 49.0490 0.2799
167.9440 49.0438 0.2862
167.9702 49.0387 0.2864
167.9964 49.0335 0.2793
168.0226 49.0284 0.2643
168.0488 49.0232 0.2443
168.0750 49.0180 0.2231
168.1012 49.0128 0.2053
168.1273 49.0076 0.1923
168.1535 49.0024 0.1882
168.1797 48.9972 0.1960
168.2058 48.9920 0.2115
168.2320 48.9868 0.2290
168.2581 48.9816 0.2460
168.2843 48.9764 0.2592
168.3104 48.9711 0.2675
168.3365 48.9659 0.2693
168.3627 48.9606 0.2638
168.3888 48.9554 0.2503
168.4149 48.9501 0.2342
168.4410 48.9449 0.2206
168.4671 48.9396 0.2116
168.4932 48.9343 0.2090
168.5193 48.9290 0.2106
166.9517 49.2526 0.0891
166.9781 49.2477 0.0851
167.0045 49.2428 0.0830
167.0309 49.2378 0.0848
167.0573 49.2329 0.0963
167.0837 49.2279 0.1095
167.1101 49.2230 0.1225
167.1365 49.2180 0.1296
167.1629 49.2130 0.1326
167.1893 49.2081 0.1311
167.2156 49.2031 0.1245
167.2420 49.1981 0.1166
167.2684 49.1931 0.1082
167.2947 49.1881 0.1042
167.3211 49.1831 0.1024
167.3474 49.1781 0.1036
167.3737 49.1730 0.1097
167.4001 49.1680 0.1205
167.4264 49.1630 0.1347
167.4527 49.1579 0.1480
167.4790 49.1529 0.1573
167.5054 49.1478 0.1605
167.5317 49.1428 0.1600
167.5580 49.1377 0.1582
167.5843 49.1327 0.1559
167.6106 49.1276 0.1525
167.8469 49.0816 0.2321
167.8732 49.0765 0.2500
167.8994 49.0714 0.2676
167.9256 49.0662 0.2808
167.9518 49.0611 0.2873
167.9781 49.0559 0.2878
168.0043 49.0507 0.2800
168.0305 49.0456 0.2638
168.0567 49.0404 0.2424
168.0829 49.0352 0.2209
168.1090 49.0300 0.2035
168.1352 49.0248 0.1927
168.1614 49.0196 0.1904
168.1876 49.0144 0.1976
168.2137 49.0092 0.2118
168.2399 49.0040 0.2297
168.2661 48.9988 0.2471
168.2922 48.9935 0.2617
168.3184 48.9883 0.2692
168.3445 48.9831 0.2698
168.3706 48.9778 0.2620
168.3968 48.9726 0.2479
168.4229 48.9673 0.2323
168.4490 48.9620 0.2183
168.4751 48.9568 0.2085
168.5012 48.9515 0.2031
168.5273 48.9462 0.2034
166.9592 49.2700 0.0862
166.9856 49.2650 0.0817
167.0121 49.2601 0.0804
167.0385 49.2551 0.0842
167.0649 49.2502 0.0966
167.0913 49.2452 0.1102
167.1177 49.2403 0.1223
167.1441 49.2353 0.1298
167.1705 49.2303 0.1335
167.1969 49.2253 0.1329
167.2233 49.2204 0.1269
167.2496 49.2154 0.1195
167.2760 49.2104 0.1107
167.3024 49.2054 0.1054
167.3287 49.2003 0.1022
167.3551 49.1953 0.1037
167.3814 49.1903 0.1083
167.4078 49.1853 0.1165
167.4341 49.1802 0.1297
167.4604 49.1752 0.1434
167.4867 49.1702 0.1532
167.5131 49.1651 0.1569
167.5394 49.1600 0.1571
167.5657 49.1550 0.1551
167.5920 49.1499 0.1530
167.6183 49.1448 0.1505
167.8547 49.0989 0.2299
167.8810 49.0937 0.2483
167.9072 49.0886 0.2677
167.9335 49.0834 0.2818
167.9597 49.0783 0.2880
167.9859 49.0731 0.2870
168.0121 49.0680 0.2779
168.0383 49.0628 0.2604
168.0645 49.0576 0.2383
168.0908 49.0524 0.2167
168.1169 49.0472 0.1999
168.1431 49.0420 0.1902
168.1693 49.0368 0.1897
168.1955 49.0316 0.1983
168.2217 49.0264 0.2113
168.2478 49.0212 0.2279
168.2740 49.0160 0.2463
168.3002 49.0107 0.2621
168.3263 49.0055 0.2693
168.3525 49.0003 0.2687
168.3786 48.9950 0.2597
168.4047 48.9897 0.2445
168.4309 48.9845 0.2284
168.4570 48.9792 0.2144
168.4831 48.9739 0.2043
168.5092 48.9687 0.1989
168.5353 48.9634 0.1977
166.9668 49.2873 0.0874
166.9932 49.2823 0.0818
167.0196 49.2774 0.0832
167.0461 49.2724 0.0883
167.0725 49.2675 0.0994
167.0989 49.2625 0.1129
167.1253 49.2576 0.1250
167.1517 49.2526 0.1318
167.1781 49.2476 0.1359
167.2045 49.2426 0.1349
167.2309 49.2376 0.1291
167.2573 49.2326 0.1204
167.2836 49.2276 0.1101
167.3100 49.2226 0.1031
167.3364 49.2176 0.1009
167.3627 49.2126 0.1013
167.3891 49.2076 0.1050
167.4154 49.2026 0.1131
167.4418 49.1975 0.1261
167.4681 49.1925 0.1399
167.4945 49.1874 0.1499
167.5208 49.1824 0.1549
167.5471 49.1773 0.1557
167.5734 49.1722 0.1541
167.5997 49.1672 0.1521
167.6260 49.1621 0.1492
167.7575 49.1366 0.2020
167.8626 49.1161 0.2256
167.8888 49.1110 0.2453
167.9151 49.1058 0.2661
167.9413 49.1007 0.2819
167.9675 49.0955 0.2886
167.9938 49.0903 0.2863
168.0200 49.0852 0.2746
168.0462 49.0800 0.2553
168.0724 49.0748 0.2321
168.0986 49.0696 0.2099
168.1248 49.0644 0.1933
168.1510 49.0592 0.1849
168.1772 49.0540 0.1860
168.2034 49.0488 0.1951
168.2296 49.0436 0.2085
168.2558 49.0384 0.2259
168.2820 49.0332 0.2446
168.3081 49.0279 0.2609
168.3343 49.0227 0.2681
168.3604 49.0174 0.2664
168.3866 49.0122 0.2564
168.4127 49.0069 0.2411
168.4389 49.0017 0.2250
168.4650 48.9964 0.2098
168.4911 48.9911 0.1990
168.5172 48.9858 0.1940
168.5434 48.9806 0.1950
166.9743 49.3046 0.0923
167.0008 49.2996 0.0892
167.0272 49.2947 0.0898
167.0536 49.2897 0.0954
167.0801 49.2848 0.1054
167.1065 49.2798 0.1185
167.1329 49.2749 0.1297
167.1593 49.2699 0.1367
167.1857 49.2649 0.1404
167.2121 49.2599 0.1387
167.2385 49.2549 0.1327
167.2649 49.2499 0.1221
167.2913 49.2449 0.1111
167.3177 49.2399 0.1033
167.3440 49.2349 0.0996
167.3704 49.2299 0.1002
167.3968 49.2249 0.1039
167.4231 49.2198 0.1112
167.4495 49.2148 0.1236
167.4758 49.2097 0.1373
167.5022 49.2047 0.1479
167.5285 49.1996 0.1536
167.5548 49.1946 0.1554
167.5812 49.1895 0.1547
167.6075 49.1844 0.1533
167.6338 49.1793 0.1513
167.8704 49.1333 0.2225
167.8967 49.1282 0.2425
167.9229 49.1230 0.2647
167.9492 49.1179 0.2819
167.9754 49.1127 0.2884
168.0016 49.1076 0.2836
168.0279 49.1024 0.2693
168.0541 49.0972 0.2478
168.0803 49.0920 0.2234
168.1065 49.0868 0.2004
168.1328 49.0817 0.1844
168.1590 49.0765 0.1771
168.1852 49.0712 0.1792
168.2114 49.0660 0.1902
168.2375 49.0608 0.2056
168.2637 49.0556 0.2247
168.2899 49.0504 0.2441
168.3161 49.0451 0.2592
168.3423 49.0399 0.2658
168.3684 49.0346 0.2635
168.3946 49.0294 0.2531
168.4207 49.0241 0.2375
168.4469 49.0188 0.2213
168.4730 49.0136 0.2060
168.4991 49.0083 0.1950
168.5253 49.0030 0.1909
168.5514 48.9977 0.1917
166.9819 49.3219 0.0948
167.0083 49.3169 0.0939
167.0348 49.3120 0.0967
167.0612 49.3070 0.1027
167.0877 49.3021 0.1129
167.1141 49.2971 0.1251
167.1405 49.2922 0.1358
167.1669 49.2872 0.1424
167.1933 49.2822 0.1451
167.2198 49.2772 0.1425
167.2462 49.2722 0.1349
167.2726 49.2672 0.1240
167.2989 49.2622 0.1133
167.3253 49.2572 0.1041
167.3517 49.2522 0.0995
167.3781 49.2472 0.0991
167.4045 49.2421 0.1032
167.4308 49.2371 0.1104
167.4572 49.2321 0.1227
167.4835 49.2270 0.1361
167.5099 49.2219 0.1468
167.5362 49.2169 0.1534
167.5626 49.2118 0.1560
167.5889 49.2068 0.1561
167.6152 49.2017 0.1551
167.6416 49.1966 0.1523
167.8782 49.1506 0.2197
167.9045 49.1454 0.2408
167.9308 49.1403 0.2637
167.9570 49.1351 0.2813
167.9833 49.1300 0.2877
168.0095 49.1248 0.2818
168.0358 49.1196 0.2650
168.0620 49.1144 0.2405
168.0882 49.1092 0.2137
168.1145 49.1041 0.1895
168.1407 49.0989 0.1726
168.1669 49.0937 0.1672
168.1931 49.0884 0.1731
168.2193 49.0832 0.1868
168.2455 49.0780 0.2038
168.2717 49.0728 0.2253
168.2979 49.0675 0.2448
168.3241 49.0623 0.2587
168.3502 49.0571 0.2640
168.3764 49.0518 0.2607
168.4026 49.0466 0.2508
168.4287 49.0413 0.2356
168.4549 49.0360 0.2196
168.4810 49.0307 0.2041
168.5072 49.0255 0.1930
168.5333 49.0202 0.1875
168.5594 49.0149 0.1867
166.9894 49.3392 0.0976
167.0159 49.3342 0.0990
167.0424 49.3293 0.1021
167.0688 49.3243 0.1094
167.0953 49.3194 0.1193
167.1217 49.3144 0.1314
167.1481 49.3095 0.1415
167.1746 49.3045 0.1486
167.2010 49.2995 0.1498
167.2274 49.2945 0.1448
167.2538 49.2895 0.1367
167.2802 49.2845 0.1261
167.3066 49.2795 0.1164
167.3330 49.2745 0.1065
167.3594 49.2695 0.1001
167.3858 49.2644 0.1005
167.4122 49.2594 0.1041
167.4385 49.2544 0.1114
167.4649 49.2493 0.1231
167.4913 49.2443 0.1362
167.5176 49.2392 0.1466
167.5440 49.2341 0.1541
167.5703 49.2291 0.1570
167.5967 49.2240 0.1571
167.6230 49.2189 0.1564
167.6493 49.2138 0.1537
167.7809 49.1883 0.2040
167.8861 49.1678 0.2193
167.9123 49.1626 0.2407
167.9386 49.1575 0.2641
167.9649 49.1523 0.2811
167.9911 49.1472 0.2863
168.0174 49.1420 0.2792
168.0437 49.1368 0.2614
168.0699 49.1316 0.2354
168.0961 49.1265 0.2060
168.1224 49.1213 0.1794
168.1486 49.1161 0.1630
168.1748 49.1109 0.1596
168.2010 49.1056 0.1692
168.2272 49.1004 0.1872
168.2534 49.0952 0.2066
168.2797 49.0900 0.2290
168.3058 49.0847 0.2482
168.3320 49.0795 0.2613
168.3582 49.0742 0.2649
168.3844 49.0690 0.2616
168.4106 49.0637 0.2520
168.4367 49.0585 0.2367
168.4629 49.0532 0.2197
168.4891 49.0479 0.2032
168.5152 49.0426 0.1919
168.5413 49.0374 0.1855
168.5675 49.0321 0.1821
166.9970 49.3565 0.1024
167.0235 49.3516 0.1057
167.0499 49.3466 0.1098
167.0764 49.3416 0.1154
167.1029 49.3367 0.1241
167.1293 49.3317 0.1353
167.1557 49.3267 0.1462
167.1822 49.3218 0.1529
167.2086 49.3168 0.1532
167.2350 49.3118 0.1472
167.2615 49.3068 0.1377
167.2879 49.3018 0.1277
167.3143 49.2968 0.1180
167.3407 49.2918 0.1080
167.3671 49.2867 0.1018
167.3935 49.2817 0.1015
167.4199 49.2767 0.1055
167.4462 49.2716 0.1117
167.4726 49.2666 0.1237
167.4990 49.2615 0.1354
167.5254 49.2565 0.1464
167.5517 49.2514 0.1542
167.5781 49.2463 0.1574
167.6044 49.2413 0.1576
167.6308 49.2362 0.1562
167.6571 49.2311 0.1530
167.8939 49.1850 0.2195
167.9202 49.1799 0.2425
167.9465 49.1747 0.2654
167.9728 49.1696 0.2813
167.9990 49.1644 0.2854
168.0253 49.1592 0.2774
168.0515 49.1540 0.2585
168.0778 49.1489 0.2311
168.1040 49.1437 0.1993
168.1303 49.1385 0.1704
168.1565 49.1333 0.1535
168.1828 49.1281 0.1501
168.2090 49.1228 0.1645
168.2352 49.1176 0.1867
168.2614 49.1124 0.2097
168.2876 49.1072 0.2335
168.3138 49.1019 0.2522
168.3400 49.0967 0.2643
168.3662 49.0914 0.2678
168.3924 49.0862 0.2642
168.4186 49.0809 0.2543
168.4448 49.0757 0.2386
168.4709 49.0704 0.2213
168.4971 49.0651 0.2037
168.5232 49.0598 0.1903
168.5494 49.0545 0.1818
168.5755 49.0492 0.1768
167.0046 49.3738 0.1087
167.0311 49.3689 0.1129
167.0575 49.3639 0.1167
167.0840 49.3589 0.1208
167.1105 49.3540 0.1282
167.1369 49.3490 0.1382
167.1634 49.3440 0.1480
167.1898 49.3391 0.1541
167.2163 49.3341 0.1550
167.2427 49.3291 0.1487
167.2691 49.3241 0.1393
167.2955 49.3191 0.1292
167.3220 49.3141 0.1201
167.3484 49.3090 0.1112
167.3748 49.3040 0.1048
167.4012 49.2990 0.1036
167.4276 49.2939 0.1067
167.4540 49.2889 0.1133
167.4803 49.2839 0.1244
167.5067 49.2788 0.1360
167.5331 49.2737 0.1466
167.5595 49.2687 0.1540
167.5858 49.2636 0.1579
167.6122 49.2585 0.1588
167.6385 49.2534 0.1575
167.6649 49.2483 0.1538
167.9018 49.2023 0.2226
167.9281 49.1971 0.2447
167.9544 49.1919 0.2670
167.9806 49.1868 0.2816
168.0069 49.1816 0.2844
168.0332 49.1764 0.2745
168.0594 49.1713 0.2545
168.0857 49.1661 0.2260
168.1120 49.1609 0.1932
168.1382 49.1557 0.1619
168.1645 49.1505 0.1430
168.1907 49.1453 0.1397
168.2169 49.1400 0.1543
168.2432 49.1348 0.1820
168.2694 49.1296 0.2098
168.2956 49.1244 0.2351
168.3218 49.1191 0.2546
168.3480 49.1139 0.2670
168.3742 49.1086 0.2706
168.4004 49.1034 0.2675
168.4266 49.0981 0.2582
168.4528 49.0928 0.2419
168.4790 49.0876 0.2237
168.5051 49.0823 0.2047
168.5313 49.0770 0.1902
168.5574 49.0717 0.1810
168.5836 49.0664 0.1748
167.0122 49.3911 0.1118
167.0387 49.3862 0.1157
167.0651 49.3812 0.1188
167.0916 49.3762 0.1236
167.1181 49.3713 0.1305
167.1445 49.3663 0.1399
167.1710 49.3613 0.1494
167.1975 49.3563 0.1553
167.2239 49.3514 0.1562
167.2503 49.3464 0.1507
167.2768 49.3414 0.1417
167.3032 49.3363 0.1321
167.3296 49.3313 0.1234
167.3561 49.3263 0.1159
167.3825 49.3213 0.1091
167.4089 49.3163 0.1064
167.4353 49.3112 0.1082
167.4617 49.3062 0.1149
167.4881 49.3011 0.1252
167.5145 49.2961 0.1366
167.5408 49.2910 0.1464
167.5672 49.2859 0.1541
167.5936 49.2809 0.1583
167.6200 49.2758 0.1598
167.6463 49.2707 0.1586
167.6727 49.2656 0.1552
167.9096 49.2195 0.2254
167.9359 49.2143 0.2460
167.9622 49.2092 0.2667
167.9885 49.2040 0.2806
168.0148 49.1988 0.2820
168.0411 49.1937 0.2704
168.0674 49.1885 0.2488
168.0936 49.1833 0.2193
168.1199 49.1781 0.1860
168.1461 49.1729 0.1542
168.1724 49.1677 0.1352
168.1986 49.1625 0.1332
168.2249 49.1572 0.1462
168.2511 49.1520 0.1758
168.2774 49.1468 0.2068
168.3036 49.1416 0.2332
168.3298 49.1363 0.2535
168.3560 49.1311 0.2669
168.3822 49.1258 0.2724
168.4084 49.1205 0.2708
168.4346 49.1153 0.2622
168.4608 49.1100 0.2464
168.4870 49.1047 0.2281
168.5132 49.0994 0.2091
168.5393 49.0941 0.1932
168.5655 49.0889 0.1828
168.5917 49.0836 0.1753
167.0198 49.4084 0.1117
167.0463 49.4035 0.1149
167.0727 49.3985 0.1187
167.0992 49.3935 0.1241
167.1257 49.3886 0.1305
167.1522 49.3836 0.1410
167.1786 49.3786 0.1506
167.2051 49.3736 0.1559
167.2316 49.3686 0.1574
167.2580 49.3636 0.1529
167.2845 49.3586 0.1447
167.3109 49.3536 0.1363
167.3373 49.3486 0.1281
167.3638 49.3436 0.1196
167.3902 49.3386 0.1127
167.4166 49.3335 0.1089
167.4430 49.3285 0.1095
167.4694 49.3234 0.1154
167.4958 49.3184 0.1249
167.5222 49.3133 0.1357
167.5486 49.3083 0.1449
167.5750 49.3032 0.1530
167.6014 49.2981 0.1578
167.6277 49.2930 0.1599
167.6541 49.2879 0.1599
167.6805 49.2828 0.1570
167.9175 49.2367 0.2279
167.9438 49.2316 0.2469
167.9701 49.2264 0.2664
167.9964 49.2212 0.2794
168.0227 49.2160 0.2792
168.0490 49.2109 0.2652
168.0753 49.2057 0.2418
168.1016 49.2005 0.2122
168.1278 49.1953 0.1806
168.1541 49.1901 0.1513
168.1803 49.1849 0.1320
168.2066 49.1797 0.1314
168.2328 49.1744 0.1466
168.2591 49.1692 0.1741
168.2853 49.1640 0.2032
168.3116 49.1587 0.2292
168.3378 49.1535 0.2503
168.3640 49.1482 0.2653
168.3902 49.1430 0.2720
168.4164 49.1377 0.2728
168.4426 49.1325 0.2662
168.4688 49.1272 0.2523
168.4950 49.1219 0.2350
168.5212 49.1166 0.2154
168.5474 49.1113 0.1997
168.5736 49.1060 0.1890
168.5997 49.1007 0.1806
167.0274 49.4257 0.1116
167.0539 49.4208 0.1145
167.0804 49.4158 0.1168
167.1068 49.4108 0.1220
167.1333 49.4059 0.1301
167.1598 49.4009 0.1419
167.1863 49.3959 0.1518
167.2128 49.3909 0.1579
167.2392 49.3859 0.1597
167.2657 49.3809 0.1555
167.2921 49.3759 0.1485
167.3186 49.3709 0.1409
167.3450 49.3659 0.1330
167.3715 49.3609 0.1244
167.3979 49.3558 0.1165
167.4243 49.3508 0.1112
167.4507 49.3458 0.1098
167.4771 49.3407 0.1142
167.5036 49.3356 0.1244
167.5300 49.3306 0.1348
167.5564 49.3255 0.1441
167.5828 49.3204 0.1520
167.6091 49.3154 0.1575
167.6355 49.3103 0.1600
167.6619 49.3052 0.1598
167.6883 49.3001 0.1564
167.9254 49.2539 0.2309
167.9517 49.2488 0.2495
167.9780 49.2436 0.2672
168.0043 49.2384 0.2780
168.0306 49.2333 0.2765
168.0569 49.2281 0.2610
168.0832 49.2229 0.2351
168.1095 49.2177 0.2052
168.1358 49.2125 0.1748
168.1620 49.2073 0.1501
168.1883 49.2021 0.1331
168.2146 49.1969 0.1305
168.2408 49.1916 0.1468
168.2671 49.1864 0.1738
168.2933 49.1812 0.2013
168.3196 49.1759 0.2262
168.3458 49.1707 0.2469
168.3720 49.1654 0.2623
168.3982 49.1602 0.2711
168.4245 49.1549 0.2734
168.4507 49.1496 0.2692
168.4769 49.1444 0.2576
168.5031 49.1391 0.2417
168.5293 49.1338 0.2232
168.5555 49.1285 0.2064
168.5816 49.1232 0.1944
168.6078 49.1179 0.1850
167.0350 49.4430 0.1116
167.0615 49.4381 0.1130
167.0880 49.4331 0.1153
167.1145 49.4281 0.1205
167.1410 49.4232 0.1299
167.1675 49.4182 0.1430
167.1939 49.4132 0.1540
167.2204 49.4082 0.1608
167.2469 49.4032 0.1631
167.2734 49.3982 0.1594
167.2998 49.3932 0.1524
167.3263 49.3882 0.1446
167.3527 49.3832 0.1369
167.3792 49.3781 0.1283
167.4056 49.3731 0.1189
167.4320 49.3681 0.1117
167.4585 49.3630 0.1091
167.4849 49.3580 0.1134
167.5113 49.3529 0.1232
167.5377 49.3478 0.1333
167.5641 49.3428 0.1431
167.5905 49.3377 0.1513
167.6169 49.3326 0.1575
167.6433 49.3275 0.1599
167.6697 49.3224 0.1597
167.6961 49.3173 0.1564
167.9333 49.2712 0.2365
167.9596 49.2660 0.2534
167.9859 49.2608 0.2690
168.0122 49.2557 0.2782
168.0385 49.2505 0.2755
168.0648 49.2453 0.2585
168.0911 49.2401 0.2317
168.1174 49.2349 0.1999
168.1437 49.2297 0.1718
168.1700 49.2245 0.1498
168.1963 49.2193 0.1359
168.2225 49.2141 0.1354
168.2488 49.2088 0.1510
168.2751 49.2036 0.1755
168.3013 49.1984 0.2009
168.3276 49.1931 0.2244
168.3538 49.1879 0.2444
168.3800 49.1826 0.2599
168.4063 49.1774 0.2687
168.4325 49.1721 0.2724
168.4587 49.1668 0.2696
168.4849 49.1615 0.2603
168.5111 49.1562 0.2471
168.5373 49.1510 0.2294
168.5635 49.1457 0.2119
168.5897 49.1403 0.1982
168.6159 49.1350 0.1886
167.0426 49.4603 0.1077
167.0691 49.4554 0.1086
167.0956 49.4504 0.1121
167.1221 49.4454 0.1190
167.1486 49.4405 0.1305
167.1751 49.4355 0.1450
167.2016 49.4305 0.1568
167.2281 49.4255 0.1642
167.2546 49.4205 0.1675
167.2810 49.4155 0.1643
167.3075 49.4105 0.1570
167.3340 49.4055 0.1482
167.3604 49.4004 0.1389
167.3869 49.3954 0.1294
167.4133 49.3904 0.1202
167.4398 49.3853 0.1125
167.4662 49.3803 0.1095
167.4926 49.3752 0.1137
167.5191 49.3702 0.1226
167.5455 49.3651 0.1332
167.5719 49.3600 0.1430
167.5983 49.3550 0.1520
167.6247 49.3499 0.1583
167.6511 49.3448 0.1610
167.6775 49.3397 0.1607
167.7039 49.3346 0.1579
167.8358 49.3090 0.2190
167.9411 49.2884 0.2418
167.9675 49.2832 0.2571
167.9938 49.2781 0.2712
168.0201 49.2729 0.2797
168.0464 49.2677 0.2756
168.0728 49.2625 0.2576
168.0991 49.2573 0.2301
168.1254 49.2521 0.1986
168.1517 49.2469 0.1688
168.1779 49.2417 0.1475
168.2042 49.2365 0.1364
168.2305 49.2313 0.1395
168.2568 49.2260 0.1554
168.2830 49.2208 0.1779
168.3093 49.2156 0.2011
168.3356 49.2103 0.2230
168.3618 49.2051 0.2425
168.3881 49.1998 0.2572
168.4143 49.1945 0.2664
168.4405 49.1893 0.2710
168.4668 49.1840 0.2701
168.4930 49.1787 0.2626
168.5192 49.1734 0.2507
168.5454 49.1681 0.2334
168.5716 49.1628 0.2152
168.5978 49.1575 0.2004
168.6240 49.1522 0.1898
167.0502 49.4776 0.1031
167.0767 49.4727 0.1051
167.1032 49.4677 0.1097
167.1297 49.4627 0.1187
167.1563 49.4578 0.1302
167.1828 49.4528 0.1480
167.2093 49.4478 0.1608
167.2358 49.4428 0.1693
167.2622 49.4378 0.1731
167.2887 49.4328 0.1703
167.3152 49.4278 0.1624
167.3417 49.4227 0.1520
167.3681 49.4177 0.1413
167.3946 49.4127 0.1310
167.4211 49.4076 0.1214
167.4475 49.4026 0.1144
167.4740 49.3976 0.1114
167.5004 49.3925 0.1149
167.5268 49.3874 0.1242
167.5533 49.3824 0.1354
167.5797 49.3773 0.1454
167.6061 49.3722 0.1545
167.6325 49.3671 0.1615
167.6589 49.3620 0.1639
167.6853 49.3569 0.1644
167.7117 49.3518 0.1630
167.9490 49.3056 0.2470
167.9754 49.3004 0.2611
168.0017 49.2953 0.2737
168.0280 49.2901 0.2809
168.0544 49.2849 0.2757
168.0807 49.2797 0.2569
168.1070 49.2745 0.2290
168.1333 49.2693 0.1984
168.1596 49.2641 0.1693
168.1859 49.2589 0.1485
168.2122 49.2537 0.1396
168.2385 49.2485 0.1466
168.2648 49.2432 0.1616
168.2910 49.2380 0.1815
168.3173 49.2327 0.2017
168.3436 49.2275 0.2221
168.3698 49.2222 0.2411
168.3961 49.2170 0.2561
168.4223 49.2117 0.2652
168.4486 49.2064 0.2702
168.4748 49.2012 0.2697
168.5010 49.1959 0.2634
168.5273 49.1906 0.2522
168.5535 49.1853 0.2352
168.5797 49.1800 0.2173
168.6059 49.1747 0.2024
168.6321 49.1694 0.1907
167.0578 49.4949 0.0993
167.0843 49.4900 0.1023
167.1109 49.4850 0.1086
167.1374 49.4800 0.1185
167.1639 49.4751 0.1318
167.1904 49.4701 0.1523
167.2169 49.4651 0.1658
167.2434 49.4601 0.1752
167.2699 49.4551 0.1787
167.2964 49.4501 0.1753
167.3229 49.4450 0.1669
167.3494 49.4400 0.1555
167.3759 49.4350 0.1432
167.4023 49.4300 0.1320
167.4288 49.4249 0.1221
167.4553 49.4199 0.1161
167.4817 49.4148 0.1139
167.5082 49.4098 0.1173
167.5346 49.4047 0.1265
167.5610 49.3996 0.1380
167.5875 49.3945 0.1494
167.6139 49.3895 0.1596
167.6403 49.3844 0.1666
167.6667 49.3793 0.1699
167.6931 49.3742 0.1708
167.7195 49.3691 0.1699
167.9569 49.3228 0.2514
167.9833 49.3177 0.2639
168.0096 49.3125 0.2747
168.0360 49.3073 0.2801
168.0623 49.3021 0.2736
168.0886 49.2969 0.2545
168.1149 49.2917 0.2275
168.1413 49.2865 0.1978
168.1676 49.2813 0.1698
168.1939 49.2761 0.1508
168.2202 49.2709 0.1445
168.2465 49.2657 0.1509
168.2728 49.2604 0.1658
168.2990 49.2552 0.1838
168.3253 49.2499 0.2023
168.3516 49.2447 0.2210
168.3779 49.2394 0.2389
168.4041 49.2342 0.2534
168.4304 49.2289 0.2633
168.4566 49.2236 0.2687
168.4829 49.2183 0.2690
168.5091 49.2130 0.2630
168.5353 49.2078 0.2516
168.5616 49.2025 0.2352
168.5878 49.1972 0.2179
168.6140 49.1918 0.2030
168.6402 49.1865 0.1917
167.0654 49.5122 0.0974
167.0920 49.5073 0.0997
167.1185 49.5023 0.1082
167.1450 49.4973 0.1197
167.1716 49.4923 0.1361
167.1981 49.4874 0.1571
167.2246 49.4824 0.1718
167.2511 49.4774 0.1810
167.2776 49.4724 0.1834
167.3041 49.4673 0.1789
167.3306 49.4623 0.1702
167.3571 49.4573 0.1580
167.3836 49.4523 0.1444
167.4101 49.4472 0.1323
167.4365 49.4422 0.1229
167.4630 49.4371 0.1171
167.4895 49.4321 0.1168
167.5159 49.4270 0.1205
167.5424 49.4220 0.1297
167.5688 49.4169 0.1417
167.5953 49.4118 0.1546
167.6217 49.4067 0.1654
167.6481 49.4016 0.1733
167.6745 49.3965 0.1775
167.7010 49.3914 0.1791
167.7274 49.3863 0.1782
167.9648 49.3401 0.2545
167.9912 49.3349 0.2649
168.0175 49.3297 0.2738
168.0439 49.3245 0.2772
168.0702 49.3193 0.2704
168.0966 49.3141 0.2523
168.1229 49.3089 0.2261
168.1492 49.3037 0.1985
168.1755 49.2985 0.1736
168.2019 49.2933 0.1574
168.2282 49.2881 0.1527
168.2545 49.2829 0.1577
168.2808 49.2776 0.1689
168.3071 49.2724 0.1838
168.3333 49.2671 0.2012
168.3596 49.2619 0.2192
168.3859 49.2566 0.2364
168.4122 49.2513 0.2510
168.4384 49.2461 0.2606
168.4647 49.2408 0.2663
168.4909 49.2355 0.2664
168.5172 49.2302 0.2599
168.5434 49.2249 0.2497
168.5697 49.2196 0.2341
168.5959 49.2143 0.2181
168.6221 49.2090 0.2041
168.6483 49.2037 0.1929
167.0731 49.5295 0.0978
167.0996 49.5246 0.1007
167.1262 49.5196 0.1097
167.1527 49.5146 0.1225
167.1792 49.5096 0.1408
167.2058 49.5046 0.1621
167.2323 49.4996 0.1765
167.2588 49.4946 0.1851
167.2853 49.4896 0.1862
167.3118 49.4846 0.1811
167.3383 49.4796 0.1709
167.3648 49.4746 0.1586
167.3913 49.4695 0.1441
167.4178 49.4645 0.1321
167.4443 49.4595 0.1223
167.4708 49.4544 0.1169
167.4972 49.4493 0.1170
167.5237 49.4443 0.1225
167.5502 49.4392 0.1336
167.5766 49.4341 0.1460
167.6031 49.4291 0.1589
167.6295 49.4240 0.1713
167.6559 49.4189 0.1800
167.6824 49.4138 0.1854
167.7088 49.4087 0.1878
167.7352 49.4036 0.1874
167.8672 49.3779 0.2370
167.9728 49.3573 0.2561
167.9991 49.3521 0.2659
168.0255 49.3469 0.2727
168.0518 49.3417 0.2740
168.0782 49.3365 0.2662
168.1045 49.3314 0.2488
168.1309 49.3261 0.2248
168.1572 49.3209 0.1995
168.1835 49.3157 0.1768
168.2098 49.3105 0.1623
168.2362 49.3053 0.1583
168.2625 49.3000 0.1618
168.2888 49.2948 0.1702
168.3151 49.2896 0.1827
168.3414 49.2843 0.1981
168.3677 49.2791 0.2151
168.3939 49.2738 0.2316
168.4202 49.2685 0.2453
168.4465 49.2632 0.2552
168.4727 49.2580 0.2611
168.4990 49.2527 0.2610
168.5253 49.2474 0.2548
168.5515 49.2421 0.2446
168.5778 49.2368 0.2310
168.6040 49.2315 0.2176
168.6302 49.2262 0.2052
168.6564 49.2208 0.1937
167.0807 49.5468 0.0984
167.1073 49.5419 0.1028
167.1338 49.5369 0.1104
167.1604 49.5319 0.1252
167.1869 49.5269 0.1443
167.2134 49.5219 0.1650
167.2400 49.5169 0.1796
167.2665 49.5119 0.1879
167.2930 49.5069 0.1889
167.3195 49.5019 0.1824
167.3461 49.4969 0.1714
167.3726 49.4918 0.1586
167.3991 49.4868 0.1445
167.4256 49.4818 0.1321
167.4520 49.4767 0.1216
167.4785 49.4717 0.1162
167.5050 49.4666 0.1165
167.5315 49.4615 0.1232
167.5579 49.4565 0.1351
167.5844 49.4514 0.1487
167.6109 49.4463 0.1618
167.6373 49.4412 0.1750
167.6638 49.4361 0.1852
167.6902 49.4310 0.1915
167.7166 49.4259 0.1955
167.7431 49.4208 0.1967
167.9807 49.3745 0.2565
168.0070 49.3693 0.2664
168.0334 49.3641 0.2712
168.0598 49.3590 0.2704
168.0861 49.3538 0.2616
168.1125 49.3486 0.2449
168.1388 49.3434 0.2225
168.1652 49.3381 0.1996
168.1915 49.3329 0.1801
168.2178 49.3277 0.1661
168.2442 49.3225 0.1612
168.2705 49.3172 0.1630
168.2968 49.3120 0.1691
168.3231 49.3068 0.1796
168.3494 49.3015 0.1935
168.3757 49.2962 0.2101
168.4020 49.2910 0.2265
168.4283 49.2857 0.2408
168.4545 49.2804 0.2500
168.4808 49.2751 0.2549
168.5071 49.2699 0.2530
168.5334 49.2646 0.2466
168.5596 49.2593 0.2369
168.5859 49.2540 0.2255
168.6121 49.2486 0.2146
168.6383 49.2433 0.2046
168.6646 49.2380 0.1934
167.0883 49.5641 0.1000
167.1149 49.5592 0.1053
167.1415 49.5542 0.1137
167.1680 49.5492 0.1281
167.1946 49.5442 0.1483
167.2211 49.5392 0.1664
167.2477 49.5342 0.1812
167.2742 49.5292 0.1897
167.3007 49.5242 0.1900
167.3273 49.5192 0.1831
167.3538 49.5142 0.1718
167.3803 49.5091 0.1587
167.4068 49.5041 0.1444
167.4333 49.4990 0.1311
167.4598 49.4940 0.1195
167.4863 49.4889 0.1144
167.5128 49.4839 0.1150
167.5393 49.4788 0.1223
167.5657 49.4737 0.1352
167.5922 49.4686 0.1492
167.6187 49.4636 0.1639
167.6451 49.4585 0.1773
167.6716 49.4534 0.1883
167.6980 49.4483 0.1962
167.7245 49.4432 0.2013
167.7509 49.4380 0.2029
167.9886 49.3917 0.2556
168.0150 49.3865 0.2644
168.0414 49.3814 0.2682
168.0677 49.3762 0.2661
168.0941 49.3710 0.2556
168.1205 49.3658 0.2387
168.1468 49.3606 0.2181
168.1732 49.3553 0.1970
168.1995 49.3501 0.1788
168.2258 49.3449 0.1656
168.2522 49.3397 0.1604
168.2785 49.3344 0.1612
168.3048 49.3292 0.1665
168.3311 49.3239 0.1764
168.3574 49.3187 0.1896
168.3837 49.3134 0.2055
168.4100 49.3082 0.2210
168.4363 49.3029 0.2353
168.4626 49.2976 0.2446
168.4889 49.2923 0.2483
168.5152 49.2870 0.2454
168.5414 49.2817 0.2377
168.5677 49.2764 0.2281
168.5940 49.2711 0.2170
168.6202 49.2658 0.2084
168.6465 49.2605 0.2019
168.6727 49.2552 0.1928
167.0960 49.5814 0.1017
167.1226 49.5765 0.1078
167.1491 49.5715 0.1175
167.1757 49.5665 0.1311
167.2023 49.5615 0.1499
167.2288 49.5565 0.1671
167.2554 49.5515 0.1818
167.2819 49.5465 0.1893
167.3085 49.5415 0.1894
167.3350 49.5365 0.1828
167.3615 49.5314 0.1719
167.3880 49.5264 0.1585
167.4146 49.5214 0.1440
167.4411 49.5163 0.1302
167.4676 49.5113 0.1183
167.4941 49.5062 0.1116
167.5206 49.5011 0.1118
167.5471 49.4961 0.1180
167.5735 49.4910 0.1319
167.6000 49.4859 0.1480
167.6265 49.4808 0.1634
167.6530 49.4757 0.1781
167.6794 49.4706 0.1901
167.7059 49.4655 0.1981
167.7323 49.4604 0.2037
167.7588 49.4553 0.2055
167.9965 49.4089 0.2530
168.0229 49.4038 0.2605
168.0493 49.3986 0.2629
168.0757 49.3934 0.2598
168.1021 49.3882 0.2499
168.1284 49.3830 0.2333
168.1548 49.3778 0.2129
168.1811 49.3725 0.1926
168.2075 49.3673 0.1756
168.2338 49.3621 0.1633
168.2602 49.3569 0.1581
168.2865 49.3516 0.1587
168.3128 49.3464 0.1639
168.3392 49.3411 0.1737
168.3655 49.3359 0.1871
168.3918 49.3306 0.2013
168.4181 49.3253 0.2157
168.4444 49.3201 0.2289
168.4707 49.3148 0.2369
168.4970 49.3095 0.2399
168.5233 49.3042 0.2362
168.5495 49.2989 0.2285
168.5758 49.2936 0.2200
168.6021 49.2883 0.2099
168.6283 49.2830 0.2026
168.6546 49.2776 0.1977
168.6808 49.2723 0.1907
167.1037 49.5987 0.1042
167.1302 49.5938 0.1105
167.1568 49.5888 0.1201
167.1834 49.5838 0.1346
167.2100 49.5788 0.1507
167.2365 49.5738 0.1665
167.2631 49.5688 0.1796
167.2896 49.5638 0.1863
167.3162 49.5588 0.1869
167.3427 49.5537 0.1816
167.3693 49.5487 0.1708
167.3958 49.5437 0.1577
167.4223 49.5386 0.1427
167.4488 49.5336 0.1282
167.4753 49.5285 0.1163
167.5019 49.5235 0.1084
167.5284 49.5184 0.1084
167.5549 49.5133 0.1149
167.5813 49.5082 0.1298
167.6078 49.5032 0.1462
167.6343 49.4981 0.1622
167.6608 49.4930 0.1775
167.6873 49.4879 0.1896
167.7137 49.4828 0.1978
167.7402 49.4776 0.2029
167.7666 49.4725 0.2042
167.8988 49.4468 0.2460
168.0045 49.4261 0.2470
168.0309 49.4210 0.2537
168.0573 49.4158 0.2549
168.0836 49.4106 0.2513
168.1100 49.4054 0.2411
168.1364 49.4002 0.2254
168.1628 49.3950 0.2072
168.1891 49.3897 0.1878
168.2155 49.3845 0.1714
168.2418 49.3793 0.1594
168.2682 49.3741 0.1542
168.2945 49.3688 0.1553
168.3209 49.3636 0.1619
168.3472 49.3583 0.1721
168.3735 49.3531 0.1844
168.3998 49.3478 0.1973
168.4262 49.3425 0.2095
168.4525 49.3372 0.2208
168.4788 49.3320 0.2279
168.5051 49.3267 0.2303
168.5314 49.3214 0.2271
168.5577 49.3161 0.2202
168.5839 49.3108 0.2129
168.6102 49.3054 0.2043
168.6365 49.3001 0.1978
168.6627 49.2948 0.1927
168.6890 49.2895 0.1865
167.1113 49.6160 0.1049
167.1379 49.6111 0.1105
167.1645 49.6061 0.1201
167.1911 49.6011 0.1350
167.2177 49.5961 0.1502
167.2442 49.5911 0.1646
167.2708 49.5861 0.1763
167.2974 49.5811 0.1827
167.3239 49.5760 0.1840
167.3505 49.5710 0.1801
167.3770 49.5660 0.1695
167.4035 49.5609 0.1564
167.4301 49.5559 0.1417
167.4566 49.5508 0.1268
167.4831 49.5458 0.1147
167.5096 49.5407 0.1067
167.5362 49.5357 0.1062
167.5627 49.5306 0.1149
167.5892 49.5255 0.1303
167.6157 49.5204 0.1464
167.6421 49.5153 0.1620
167.6686 49.5102 0.1772
167.6951 49.5051 0.1884
167.7216 49.5000 0.1962
167.7480 49.4949 0.2014
167.7745 49.4898 0.2034
168.0124 49.4434 0.2394
168.0388 49.4382 0.2446
168.0652 49.4330 0.2449
168.0916 49.4278 0.2413
168.1180 49.4226 0.2319
168.1444 49.4174 0.2179
168.1708 49.4122 0.2012
168.1971 49.4070 0.1833
168.2235 49.4017 0.1676
168.2499 49.3965 0.1569
168.2762 49.3913 0.1525
168.3026 49.3860 0.1544
168.3289 49.3808 0.1616
168.3553 49.3755 0.1722
168.3816 49.3702 0.1834
168.4079 49.3650 0.1943
168.4342 49.3597 0.2051
168.4606 49.3544 0.2151
168.4869 49.3491 0.2202
168.5132 49.3438 0.2221
168.5395 49.3385 0.2190
168.5658 49.3332 0.2125
168.5921 49.3279 0.2068
168.6183 49.3226 0.1998
168.6446 49.3173 0.1942
168.6709 49.3120 0.1890
168.6971 49.3066 0.1822
167.1190 49.6333 0.1027
167.1456 49.6283 0.1103
167.1722 49.6234 0.1182
167.1988 49.6184 0.1325
167.2254 49.6134 0.1484
167.2519 49.6084 0.1615
167.2785 49.6034 0.1718
167.3051 49.5983 0.1785
167.3316 49.5933 0.1805
167.3582 49.5883 0.1770
167.3848 49.5833 0.1672
167.4113 49.5782 0.1543
167.4378 49.5732 0.1393
167.4644 49.5681 0.1237
167.4909 49.5630 0.1116
167.5174 49.5580 0.1044
167.5440 49.5529 0.1057
167.5705 49.5478 0.1148
167.5970 49.5428 0.1297
167.6235 49.5377 0.1463
167.6500 49.5326 0.1619
167.6765 49.5275 0.1764
167.7030 49.5224 0.1872
167.7294 49.5172 0.1940
167.7559 49.5121 0.1984
167.7824 49.5070 0.2003
168.0204 49.4606 0.2313
168.0468 49.4554 0.2345
168.0732 49.4502 0.2340
168.0996 49.4450 0.2298
168.1260 49.4398 0.2209
168.1524 49.4346 0.2085
168.1788 49.4294 0.1943
168.2051 49.4241 0.1788
168.2315 49.4189 0.1657
168.2579 49.4137 0.1559
168.2843 49.4084 0.1517
168.3106 49.4032 0.1541
168.3370 49.3979 0.1616
168.3633 49.3927 0.1720
168.3897 49.3874 0.1821
168.4160 49.3821 0.1919
168.4423 49.3769 0.2015
168.4686 49.3716 0.2097
168.4950 49.3663 0.2139
168.5213 49.3610 0.2146
168.5476 49.3557 0.2117
168.5739 49.3504 0.2057
168.6002 49.3451 0.2001
168.6265 49.3398 0.1936
168.6528 49.3344 0.1888
168.6790 49.3291 0.1836
168.7053 49.3238 0.1768
167.1267 49.6506 0.1018
167.1533 49.6456 0.1098
167.1799 49.6407 0.1195
167.2065 49.6357 0.1322
167.2331 49.6307 0.1463
167.2597 49.6257 0.1584
167.2862 49.6206 0.1684
167.3128 49.6156 0.1748
167.3394 49.6106 0.1767
167.3660 49.6056 0.1731
167.3925 49.6005 0.1637
167.4191 49.5955 0.1511
167.4456 49.5904 0.1367
167.4722 49.5854 0.1212
167.4987 49.5803 0.1084
167.5252 49.5752 0.1024
167.5518 49.5702 0.1057
167.5783 49.5651 0.1154
167.6048 49.5600 0.1300
167.6313 49.5549 0.1460
167.6578 49.5498 0.1609
167.6843 49.5447 0.1748
167.7108 49.5396 0.1848
167.7373 49.5345 0.1908
167.7638 49.5294 0.1947
167.7903 49.5242 0.1962
167.9226 49.4985 0.2270
168.0283 49.4778 0.2233
168.0547 49.4726 0.2246
168.0812 49.4674 0.2225
168.1076 49.4622 0.2178
168.1340 49.4570 0.2100
168.1604 49.4518 0.1993
168.1868 49.4466 0.1871
168.2132 49.4413 0.1738
168.2395 49.4361 0.1630
168.2659 49.4309 0.1552
168.2923 49.4256 0.1526
168.3187 49.4204 0.1553
168.3450 49.4151 0.1624
168.3714 49.4099 0.1719
168.3977 49.4046 0.1810
168.4241 49.3993 0.1900
168.4504 49.3940 0.1989
168.4767 49.3888 0.2064
168.5031 49.3835 0.2102
168.5294 49.3782 0.2091
168.5557 49.3729 0.2050
168.5820 49.3676 0.1989
168.6083 49.3622 0.1931
168.6346 49.3569 0.1873
168.6609 49.3516 0.1812
168.6872 49.3463 0.1766
168.7135 49.3409 0.1708
167.1343 49.6679 0.1030
167.1610 49.6629 0.1086
167.1876 49.6579 0.1189
167.2142 49.6529 0.1329
167.2408 49.6479 0.1456
167.2674 49.6429 0.1566
167.2940 49.6379 0.1658
167.3206 49.6329 0.1715
167.3471 49.6279 0.1728
167.3737 49.6228 0.1695
167.4003 49.6178 0.1603
167.4268 49.6128 0.1484
167.4534 49.6077 0.1337
167.4800 49.6026 0.1185
167.5065 49.5976 0.1057
167.5330 49.5925 0.1009
167.5596 49.5874 0.1056
167.5861 49.5823 0.1155
167.6126 49.5773 0.1304
167.6392 49.5722 0.1450
167.6657 49.5671 0.1592
167.6922 49.5620 0.1724
167.7187 49.5568 0.1819
167.7452 49.5517 0.1878
167.7717 49.5466 0.1908
167.7982 49.5415 0.1920
168.0363 49.4950 0.2151
168.0627 49.4898 0.2151
168.0891 49.4846 0.2111
168.1156 49.4794 0.2048
168.1420 49.4742 0.1970
168.1684 49.4690 0.1882
168.1948 49.4638 0.1786
168.2212 49.4585 0.1686
168.2476 49.4533 0.1606
168.2740 49.4481 0.1556
168.3003 49.4428 0.1551
168.3267 49.4376 0.1586
168.3531 49.4323 0.1652
168.3794 49.4271 0.1732
168.4058 49.4218 0.1813
168.4322 49.4165 0.1897
168.4585 49.4112 0.1978
168.4848 49.4059 0.2045
168.5112 49.4006 0.2065
168.5375 49.3953 0.2044
168.5638 49.3900 0.1995
168.5901 49.3847 0.1928
168.6165 49.3794 0.1866
168.6428 49.3741 0.1802
168.6691 49.3688 0.1745
168.6954 49.3634 0.1697
168.7216 49.3581 0.1657
167.1420 49.6852 0.1054
167.1687 49.6802 0.1100
167.1953 49.6752 0.1172
167.2219 49.6702 0.1310
167.2485 49.6652 0.1435
167.2751 49.6602 0.1544
167.3017 49.6552 0.1628
167.3283 49.6502 0.1671
167.3549 49.6451 0.1688
167.3815 49.6401 0.1658
167.4081 49.6351 0.1570
167.4346 49.6300 0.1455
167.4612 49.6250 0.1309
167.4878 49.6199 0.1165
167.5143 49.6148 0.1049
167.5409 49.6098 0.0995
167.5674 49.6047 0.1032
167.5939 49.5996 0.1138
167.6205 49.5945 0.1287
167.6470 49.5894 0.1431
167.6735 49.5843 0.1566
167.7000 49.5792 0.1695
167.7266 49.5741 0.1786
167.7531 49.5690 0.1837
167.7796 49.5638 0.1862
167.8061 49.5587 0.1870
168.0443 49.5122 0.2058
168.0707 49.5070 0.2033
168.0971 49.5018 0.1976
168.1236 49.4966 0.1900
168.1500 49.4914 0.1817
168.1764 49.4862 0.1738
168.2028 49.4810 0.1669
168.2292 49.4757 0.1603
168.2556 49.4705 0.1564
168.2820 49.4653 0.1550
168.3084 49.4600 0.1572
168.3348 49.4548 0.1623
168.3611 49.4495 0.1687
168.3875 49.4442 0.1757
168.4139 49.4390 0.1824
168.4402 49.4337 0.1895
168.4666 49.4284 0.1974
168.4929 49.4231 0.2026
168.5193 49.4178 0.2027
168.5456 49.4125 0.1994
168.5720 49.4072 0.1939
168.5983 49.4019 0.1870
168.6246 49.3966 0.1808
168.6509 49.3912 0.1748
168.6772 49.3859 0.1693
168.7035 49.3806 0.1659
168.7298 49.3752 0.1633
167.1497 49.7025 0.1046
167.1764 49.6975 0.1093
167.2030 49.6925 0.1170
167.2296 49.6875 0.1276
167.2562 49.6825 0.1409
167.2829 49.6775 0.1514
167.3095 49.6725 0.1591
167.3361 49.6675 0.1631
167.3627 49.6624 0.1648
167.3892 49.6574 0.1623
167.4158 49.6523 0.1541
167.4424 49.6473 0.1432
167.4690 49.6422 0.1292
167.4956 49.6372 0.1158
167.5221 49.6321 0.1051
167.5487 49.6270 0.1003
167.5752 49.6219 0.1031
167.6018 49.6169 0.1108
167.6283 49.6118 0.1254
167.6549 49.6067 0.1396
167.6814 49.6016 0.1531
167.7079 49.5964 0.1654
167.7344 49.5913 0.1746
167.7609 49.5862 0.1788
167.7875 49.5811 0.1800
167.8140 49.5759 0.1796
168.0522 49.5294 0.1929
168.0787 49.5242 0.1891
168.1051 49.5190 0.1813
168.1316 49.5138 0.1725
168.1580 49.5086 0.1645
168.1844 49.5034 0.1578
168.2108 49.4982 0.1527
168.2372 49.4929 0.1501
168.2636 49.4877 0.1507
168.2901 49.4825 0.1541
168.3164 49.4772 0.1594
168.3428 49.4719 0.1659
168.3692 49.4667 0.1720
168.3956 49.4614 0.1783
168.4220 49.4561 0.1844
168.4483 49.4509 0.1904
168.4747 49.4456 0.1961
168.5011 49.4403 0.1989
168.5274 49.4350 0.1972
168.5538 49.4297 0.1929
168.5801 49.4244 0.1876
168.6064 49.4190 0.1810
168.6328 49.4137 0.1751
168.6591 49.4084 0.1694
168.6854 49.4031 0.1655
168.7117 49.3977 0.1636
168.7380 49.3924 0.1629
167.1574 49.7198 0.1032
167.1841 49.7148 0.1092
167.2107 49.7098 0.1169
167.2373 49.7048 0.1272
167.2640 49.6998 0.1387
167.2906 49.6948 0.1488
167.3172 49.6898 0.1562
167.3438 49.6847 0.1608
167.3704 49.6797 0.1627
167.3970 49.6747 0.1597
167.4236 49.6696 0.1519
167.4502 49.6646 0.1413
167.4768 49.6595 0.1284
167.5034 49.6544 0.1147
167.5299 49.6494 0.1034
167.5565 49.6443 0.0986
167.5831 49.6392 0.1008
167.6096 49.6341 0.1083
167.6362 49.6290 0.1211
167.6627 49.6239 0.1352
167.6893 49.6188 0.1492
167.7158 49.6137 0.1611
167.7423 49.6086 0.1697
167.7688 49.6034 0.1730
167.7954 49.5983 0.1731
167.8219 49.5932 0.1717
167.9543 49.5674 0.2010
168.0602 49.5467 0.1798
168.0867 49.5415 0.1739
168.1131 49.5363 0.1640
168.1396 49.5310 0.1536
168.1660 49.5258 0.1452
168.1924 49.5206 0.1389
168.2189 49.5154 0.1363
168.2453 49.5101 0.1372
168.2717 49.5049 0.1436
168.2981 49.4996 0.1510
168.3245 49.4944 0.1594
168.3509 49.4891 0.1673
168.3773 49.4839 0.1738
168.4037 49.4786 0.1795
168.4301 49.4733 0.1845
168.4564 49.4680 0.1895
168.4828 49.4627 0.1933
168.5092 49.4575 0.1937
168.5355 49.4522 0.1907
168.5619 49.4468 0.1856
168.5882 49.4415 0.1802
168.6146 49.4362 0.1746
168.6409 49.4309 0.1696
168.6673 49.4256 0.1652
168.6936 49.4202 0.1626
168.7199 49.4149 0.1628
168.7462 49.4095 0.1644
167.1651 49.7371 0.1034
167.1918 49.7321 0.1101
167.2184 49.7271 0.1187
167.2451 49.7221 0.1291
167.2717 49.7171 0.1386
167.2983 49.7121 0.1482
167.3250 49.7070 0.1557
167.3516 49.7020 0.1598
167.3782 49.6970 0.1615
167.4048 49.6919 0.1582
167.4314 49.6869 0.1499
167.4580 49.6818 0.1395
167.4846 49.6768 0.1271
167.5112 49.6717 0.1134
167.5378 49.6666 0.1014
167.5643 49.6615 0.0971
167.5909 49.6565 0.0980
167.6175 49.6514 0.1049
167.6440 49.6463 0.1161
167.6706 49.6412 0.1315
167.6971 49.6360 0.1459
167.7237 49.6309 0.1584
167.7502 49.6258 0.1657
167.7767 49.6207 0.1669
167.8033 49.6155 0.1645
167.8298 49.6104 0.1608
168.0682 49.5639 0.1665
168.0947 49.5587 0.1585
168.1211 49.5535 0.1462
168.1476 49.5482 0.1331
168.1740 49.5430 0.1229
168.2005 49.5378 0.1180
168.2269 49.5326 0.1187
168.2533 49.5273 0.1249
168.2798 49.5221 0.1345
168.3062 49.5168 0.1476
168.3326 49.5116 0.1588
168.3590 49.5063 0.1680
168.3854 49.5011 0.1744
168.4118 49.4958 0.1802
168.4382 49.4905 0.1842
168.4646 49.4852 0.1868
168.4909 49.4799 0.1879
168.5173 49.4746 0.1863
168.5437 49.4693 0.1817
168.5700 49.4640 0.1764
168.5964 49.4587 0.1716
168.6227 49.4534 0.1672
168.6491 49.4480 0.1635
168.6754 49.4427 0.1604
168.7018 49.4374 0.1599
168.7281 49.4320 0.1616
168.7544 49.4267 0.1649
167.1729 49.7544 0.1070
167.1995 49.7494 0.1140
167.2262 49.7444 0.1234
167.2528 49.7394 0.1329
167.2795 49.7344 0.1414
167.3061 49.7293 0.1498
167.3327 49.7243 0.1569
167.3594 49.7193 0.1606
167.3860 49.7142 0.1616
167.4126 49.7092 0.1577
167.4392 49.7041 0.1492
167.4658 49.6991 0.1387
167.4924 49.6940 0.1260
167.5190 49.6890 0.1122
167.5456 49.6839 0.1000
167.5722 49.6788 0.0951
167.5988 49.6737 0.0954
167.6253 49.6686 0.1027
167.6519 49.6635 0.1140
167.6785 49.6584 0.1289
167.7050 49.6533 0.1434
167.7316 49.6482 0.1566
167.7581 49.6431 0.1626
167.7846 49.6379 0.1609
167.8112 49.6328 0.1564
167.8377 49.6276 0.1503
168.0762 49.5811 0.1545
168.1027 49.5759 0.1443
168.1291 49.5707 0.1298
168.1556 49.5654 0.1151
168.1821 49.5602 0.1039
168.2085 49.5550 0.0985
168.2349 49.5498 0.1031
168.2614 49.5445 0.1157
168.2878 49.5393 0.1284
168.3142 49.5340 0.1456
168.3407 49.5288 0.1588
168.3671 49.5235 0.1697
168.3935 49.5182 0.1762
168.4199 49.5130 0.1812
168.4463 49.5077 0.1835
168.4727 49.5024 0.1833
168.4991 49.4971 0.1816
168.5254 49.4918 0.1778
168.5518 49.4865 0.1723
168.5782 49.4812 0.1667
168.6046 49.4759 0.1624
168.6309 49.4705 0.1583
168.6573 49.4652 0.1559
168.6836 49.4599 0.1555
168.7100 49.4545 0.1574
168.7363 49.4492 0.1611
168.7626 49.4438 0.1648
167.1806 49.7717 0.1112
167.2072 49.7667 0.1189
167.2339 49.7617 0.1287
167.2606 49.7567 0.1374
167.2872 49.7516 0.1461
167.3139 49.7466 0.1537
167.3405 49.7416 0.1597
167.3671 49.7366 0.1628
167.3938 49.7315 0.1625
167.4204 49.7265 0.1578
167.4470 49.7214 0.1494
167.4736 49.7164 0.1388
167.5002 49.7113 0.1255
167.5268 49.7062 0.1117
167.5534 49.7011 0.0992
167.5800 49.6961 0.0948
167.6066 49.6910 0.0949
167.6332 49.6859 0.1021
167.6598 49.6808 0.1130
167.6863 49.6757 0.1276
167.7129 49.6705 0.1429
167.7395 49.6654 0.1555
167.7660 49.6603 0.1595
167.7926 49.6552 0.1555
167.8191 49.6500 0.1479
167.8456 49.6449 0.1394
167.9782 49.6191 0.2090
168.0842 49.5983 0.1447
168.1107 49.5931 0.1317
168.1372 49.5879 0.1154
168.1636 49.5827 0.0991
168.1901 49.5774 0.0857
168.2165 49.5722 0.0811
168.2430 49.5670 0.0897
168.2694 49.5617 0.1063
168.2959 49.5565 0.1256
168.3223 49.5512 0.1456
168.3487 49.5460 0.1612
168.3752 49.5407 0.1736
168.4016 49.5354 0.1804
168.4280 49.5301 0.1831
168.4544 49.5249 0.1826
168.4808 49.5196 0.1795
168.5072 49.5143 0.1742
168.5336 49.5090 0.1677
168.5600 49.5037 0.1614
168.5863 49.4983 0.1559
168.6127 49.4930 0.1517
168.6391 49.4877 0.1481
168.6654 49.4824 0.1469
168.6918 49.4770 0.1484
168.7181 49.4717 0.1528
168.7445 49.4663 0.1584
168.7708 49.4610 0.1643
167.1883 49.7890 0.1212
167.2150 49.7840 0.1272
167.2417 49.7790 0.1341
167.2683 49.7739 0.1431
167.2950 49.7689 0.1513
167.3216 49.7639 0.1586
167.3483 49.7589 0.1640
167.3749 49.7538 0.1664
167.4016 49.7488 0.1650
167.4282 49.7437 0.1596
167.4548 49.7387 0.1505
167.4814 49.7336 0.1396
167.5081 49.7285 0.1257
167.5347 49.7235 0.1115
167.5613 49.7184 0.0985
167.5879 49.7133 0.0948
167.6145 49.7082 0.0972
167.6411 49.7031 0.1050
167.6676 49.6980 0.1164
167.6942 49.6929 0.1300
167.7208 49.6878 0.1441
167.7474 49.6827 0.1533
167.7739 49.6775 0.1548
167.8005 49.6724 0.1500
167.8270 49.6673 0.1414
167.8536 49.6621 0.1308
168.0922 49.6155 0.1370
168.1187 49.6103 0.1217
168.1452 49.6051 0.1054
168.1717 49.5999 0.0855
168.1981 49.5946 0.0724
168.2246 49.5894 0.0701
168.2511 49.5842 0.0816
168.2775 49.5789 0.1030
168.3040 49.5737 0.1258
168.3304 49.5684 0.1484
168.3568 49.5631 0.1658
168.3833 49.5579 0.1785
168.4097 49.5526 0.1841
168.4361 49.5473 0.1842
168.4625 49.5420 0.1800
168.4889 49.5367 0.1737
168.5153 49.5314 0.1658
168.5417 49.5261 0.1574
168.5681 49.5208 0.1503
168.5945 49.5155 0.1445
168.6209 49.5102 0.1402
168.6473 49.5048 0.1370
168.6736 49.4995 0.1370
168.7000 49.4942 0.1399
168.7264 49.4888 0.1460
168.7527 49.4835 0.1535
168.7790 49.4781 0.1611
167.1960 49.8063 0.1230
167.2227 49.8013 0.1302
167.2494 49.7962 0.1380
167.2761 49.7912 0.1478
167.3027 49.7862 0.1566
167.3294 49.7812 0.1631
167.3561 49.7761 0.1690
167.3827 49.7711 0.1718
167.4094 49.7661 0.1696
167.4360 49.7610 0.1627
167.4626 49.7559 0.1523
167.4893 49.7509 0.1399
167.5159 49.7458 0.1254
167.5425 49.7407 0.1107
167.5691 49.7357 0.0983
167.5957 49.7306 0.0969
167.6223 49.7255 0.1010
167.6489 49.7204 0.1096
167.6755 49.7153 0.1219
167.7021 49.7101 0.1346
167.7287 49.7050 0.1468
167.7553 49.6999 0.1530
167.7818 49.6948 0.1516
167.8084 49.6896 0.1453
167.8350 49.6845 0.1357
167.8615 49.6793 0.1254
168.1002 49.6327 0.1321
168.1267 49.6275 0.1141
168.1532 49.6223 0.0939
168.1797 49.6171 0.0733
168.2062 49.6118 0.0630
168.2327 49.6066 0.0635
168.2591 49.6014 0.0787
168.2856 49.5961 0.1056
168.3120 49.5909 0.1310
168.3385 49.5856 0.1533
168.3649 49.5803 0.1714
168.3914 49.5751 0.1836
168.4178 49.5698 0.1869
168.4442 49.5645 0.1837
168.4707 49.5592 0.1763
168.4971 49.5539 0.1659
168.5235 49.5486 0.1550
168.5499 49.5433 0.1453
168.5763 49.5380 0.1382
168.6027 49.5327 0.1327
168.6291 49.5273 0.1286
168.6555 49.5220 0.1266
168.6818 49.5167 0.1280
168.7082 49.5113 0.1319
168.7346 49.5060 0.1390
168.7609 49.5006 0.1483
168.7873 49.4953 0.1570
167.2038 49.8235 0.1216
167.2305 49.8185 0.1291
167.2572 49.8135 0.1407
167.2838 49.8085 0.1513
167.3105 49.8035 0.1609
167.3372 49.7985 0.1682
167.3639 49.7934 0.1745
167.3905 49.7884 0.1776
167.4172 49.7833 0.1751
167.4438 49.7783 0.1674
167.4705 49.7732 0.1550
167.4971 49.7681 0.1416
167.5237 49.7631 0.1261
167.5504 49.7580 0.1110
167.5770 49.7529 0.1002
167.6036 49.7478 0.1015
167.6302 49.7427 0.1073
167.6568 49.7376 0.1171
167.6834 49.7325 0.1297
167.7100 49.7274 0.1415
167.7366 49.7223 0.1518
167.7632 49.7171 0.1549
167.7898 49.7120 0.1506
167.8163 49.7069 0.1426
167.8429 49.7017 0.1323
167.8695 49.6966 0.1239
168.1083 49.6499 0.1245
168.1348 49.6447 0.1058
168.1613 49.6395 0.0844
168.1877 49.6343 0.0665
168.2142 49.6290 0.0566
168.2407 49.6238 0.0600
168.2672 49.6185 0.0790
168.2937 49.6133 0.1059
168.3201 49.6080 0.1359
168.3466 49.6028 0.1606
168.3730 49.5975 0.1782
168.3995 49.5922 0.1884
168.4259 49.5870 0.1893
168.4524 49.5817 0.1829
168.4788 49.5764 0.1717
168.5052 49.5711 0.1585
168.5316 49.5658 0.1451
168.5581 49.5605 0.1333
168.5845 49.5551 0.1256
168.6109 49.5498 0.1198
168.6373 49.5445 0.1169
168.6636 49.5392 0.1163
168.6900 49.5338 0.1193
168.7164 49.5285 0.1233
168.7428 49.5231 0.1306
168.7691 49.5178 0.1424
168.7955 49.5124 0.1512
167.2115 49.8408 0.1209
167.2382 49.8358 0.1283
167.2649 49.8308 0.1406
167.2916 49.8258 0.1542
167.3183 49.8208 0.1656
167.3450 49.8157 0.1747
167.3717 49.8107 0.1810
167.3983 49.8056 0.1826
167.4250 49.8006 0.1789
167.4516 49.7955 0.1700
167.4783 49.7905 0.1563
167.5049 49.7854 0.1419
167.5316 49.7803 0.1263
167.5582 49.7752 0.1133
167.5849 49.7702 0.1067
167.6115 49.7651 0.1075
167.6381 49.7600 0.1154
167.6647 49.7549 0.1259
167.6913 49.7497 0.1389
167.7179 49.7446 0.1498
167.7445 49.7395 0.1591
167.7711 49.7344 0.1611
167.7977 49.7292 0.1543
167.8243 49.7241 0.1422
167.8508 49.7189 0.1295
167.8774 49.7138 0.1199
168.0102 49.6879 0.1800
168.1428 49.6619 0.1005
168.1693 49.6567 0.0797
168.1958 49.6515 0.0629
168.2223 49.6462 0.0546
168.2488 49.6410 0.0604
168.2753 49.6357 0.0833
168.3017 49.6305 0.1144
168.3282 49.6252 0.1438
168.3547 49.6200 0.1683
168.3812 49.6147 0.1850
168.4076 49.6094 0.1928
168.4341 49.6041 0.1910
168.4605 49.5988 0.1816
168.4869 49.5936 0.1670
168.5134 49.5882 0.1509
168.5398 49.5829 0.1343
168.5662 49.5776 0.1204
168.5926 49.5723 0.1115
168.6190 49.5670 0.1066
168.6454 49.5617 0.1048
168.6718 49.5563 0.1054
168.6982 49.5510 0.1100
168.7246 49.5456 0.1164
168.7510 49.5403 0.1237
168.7774 49.5349 0.1361
168.8038 49.5295 0.1463
167.2193 49.8581 0.1178
167.2460 49.8531 0.1285
167.2727 49.8481 0.1426
167.2994 49.8431 0.1569
167.3261 49.8380 0.1703
167.3528 49.8330 0.1811
167.3795 49.8280 0.1869
167.4061 49.8229 0.1867
167.4328 49.8179 0.1804
167.4595 49.8128 0.1695
167.4861 49.8077 0.1551
167.5128 49.8027 0.1406
167.5394 49.7976 0.1252
167.5661 49.7925 0.1139
167.5927 49.7874 0.1091
167.6194 49.7823 0.1122
167.6460 49.7772 0.1220
167.6726 49.7721 0.1345
167.6992 49.7670 0.1474
167.7258 49.7619 0.1591
167.7524 49.7567 0.1677
167.7790 49.7516 0.1679
167.8056 49.7465 0.1587
167.8322 49.7413 0.1453
167.8588 49.7362 0.1316
167.8854 49.7310 0.1177
168.1243 49.6843 0.1103
168.1508 49.6791 0.0969
168.1774 49.6739 0.0781
168.2039 49.6687 0.0634
168.2304 49.6634 0.0560
168.2569 49.6582 0.0632
168.2834 49.6529 0.0897
168.3098 49.6477 0.1201
168.3363 49.6424 0.1521
168.3628 49.6371 0.1750
168.3893 49.6319 0.1908
168.4157 49.6266 0.1953
168.4422 49.6213 0.1906
168.4686 49.6160 0.1782
168.4951 49.6107 0.1610
168.5215 49.6054 0.1417
168.5480 49.6001 0.1229
168.5744 49.5948 0.1074
168.6008 49.5895 0.0975
168.6272 49.5841 0.0922
168.6536 49.5788 0.0915
168.6801 49.5735 0.0939
168.7065 49.5681 0.1023
168.7328 49.5628 0.1124
168.7592 49.5574 0.1216
168.7856 49.5521 0.1357
168.8120 49.5467 0.1448
167.2270 49.8754 0.1140
167.2538 49.8704 0.1271
167.2805 49.8654 0.1428
167.3072 49.8603 0.1586
167.3339 49.8553 0.1737
167.3606 49.8503 0.1849
167.3873 49.8452 0.1902
167.4140 49.8402 0.1878
167.4406 49.8351 0.1791
167.4673 49.8301 0.1662
167.4940 49.8250 0.1514
167.5206 49.8199 0.1369
167.5473 49.8148 0.1230
167.5740 49.8098 0.1144
167.6006 49.8047 0.1120
167.6272 49.7996 0.1166
167.6539 49.7945 0.1276
167.6805 49.7894 0.1405
167.7071 49.7842 0.1543
167.7338 49.7791 0.1671
167.7604 49.7740 0.1754
167.7870 49.7689 0.1740
167.8136 49.7637 0.1626
167.8402 49.7586 0.1475
167.8668 49.7534 0.1307
167.8933 49.7482 0.1157
168.1324 49.7015 0.1096
168.1589 49.6963 0.0969
168.1854 49.6911 0.0793
168.2119 49.6859 0.0664
168.2384 49.6806 0.0613
168.2649 49.6754 0.0701
168.2914 49.6701 0.0976
168.3179 49.6649 0.1265
168.3444 49.6596 0.1574
168.3709 49.6543 0.1791
168.3974 49.6491 0.1937
168.4239 49.6438 0.1954
168.4503 49.6385 0.1877
168.4768 49.6332 0.1725
168.5032 49.6279 0.1526
168.5297 49.6226 0.1305
168.5561 49.6173 0.1105
168.5826 49.6120 0.0940
168.6090 49.6066 0.0830
168.6354 49.6013 0.0781
168.6619 49.5960 0.0783
168.6883 49.5906 0.0829
168.7147 49.5853 0.0961
168.7411 49.5799 0.1097
168.7675 49.5746 0.1209
168.7939 49.5692 0.1360
168.8203 49.5638 0.1449
167.2348 49.8927 0.1110
167.2615 49.8877 0.1251
167.2882 49.8827 0.1424
167.3150 49.8776 0.1598
167.3417 49.8726 0.1752
167.3684 49.8676 0.1860
167.3951 49.8625 0.1911
167.4218 49.8575 0.1875
167.4485 49.8524 0.1773
167.4751 49.8473 0.1636
167.5018 49.8423 0.1484
167.5285 49.8372 0.1344
167.5552 49.8321 0.1230
167.5818 49.8270 0.1164
167.6085 49.8219 0.1167
167.6351 49.8168 0.1227
167.6618 49.8117 0.1338
167.6884 49.8066 0.1471
167.7150 49.8015 0.1605
167.7417 49.7964 0.1735
167.7683 49.7912 0.1812
167.7949 49.7861 0.1781
167.8215 49.7809 0.1657
167.8481 49.7758 0.1484
167.8747 49.7706 0.1325
167.9013 49.7655 0.1199
168.0342 49.7396 0.1790
168.1404 49.7187 0.1113
168.1669 49.7135 0.0995
168.1935 49.7083 0.0830
168.2200 49.7031 0.0702
168.2465 49.6978 0.0659
168.2730 49.6926 0.0757
168.2995 49.6873 0.1014
168.3261 49.6821 0.1301
168.3525 49.6768 0.1596
168.3790 49.6715 0.1802
168.4055 49.6662 0.1924
168.4320 49.6610 0.1924
168.4585 49.6557 0.1820
168.4849 49.6504 0.1634
168.5114 49.6451 0.1420
168.5379 49.6398 0.1174
168.5643 49.6344 0.0949
168.5908 49.6291 0.0778
168.6172 49.6238 0.0690
168.6436 49.6185 0.0656
168.6701 49.6131 0.0680
168.6965 49.6078 0.0756
168.7229 49.6024 0.0918
168.7493 49.5971 0.1074
168.7757 49.5917 0.1221
168.8021 49.5863 0.1364
168.8285 49.5810 0.1445
167.2426 49.9100 0.1084
167.2693 49.9050 0.1229
167.2960 49.8999 0.1410
167.3228 49.8949 0.1590
167.3495 49.8899 0.1747
167.3762 49.8848 0.1858
167.4029 49.8798 0.1895
167.4296 49.8747 0.1853
167.4563 49.8697 0.1747
167.4830 49.8646 0.1609
167.5097 49.8595 0.1465
167.5364 49.8544 0.1337
167.5630 49.8494 0.1242
167.5897 49.8443 0.1191
167.6164 49.8392 0.1202
167.6430 49.8341 0.1273
167.6697 49.8290 0.1399
167.6963 49.8238 0.1535
167.7230 49.8187 0.1674
167.7496 49.8136 0.1793
167.7762 49.8085 0.1846
167.8029 49.8033 0.1810
167.8295 49.7982 0.1679
167.8561 49.7930 0.1509
167.8827 49.7879 0.1360
167.9093 49.7827 0.1239
168.1485 49.7359 0.1171
168.1750 49.7307 0.1025
168.2016 49.7255 0.0863
168.2281 49.7203 0.0755
168.2546 49.7150 0.0721
168.2811 49.7098 0.0840
168.3077 49.7045 0.1072
168.3342 49.6992 0.1335
168.3607 49.6940 0.1601
168.3872 49.6887 0.1780
168.4137 49.6834 0.1877
168.4402 49.6781 0.1849
168.4666 49.6728 0.1719
168.4931 49.6675 0.1506
168.5196 49.6622 0.1254
168.5460 49.6569 0.1004
168.5725 49.6516 0.0760
168.5990 49.6463 0.0620
168.6254 49.6410 0.0547
168.6518 49.6356 0.0540
168.6783 49.6303 0.0594
168.7047 49.6249 0.0708
168.7311 49.6196 0.0883
168.7576 49.6142 0.1058
168.7840 49.6089 0.1219
168.8104 49.6035 0.1327
168.8368 49.5981 0.1426
167.2503 49.9273 0.1074
167.2771 49.9222 0.1204
167.3038 49.9172 0.1376
167.3306 49.9122 0.1567
167.3573 49.9071 0.1723
167.3840 49.9021 0.1835
167.4107 49.8971 0.1872
167.4374 49.8920 0.1833
167.4642 49.8869 0.1724
167.4909 49.8819 0.1585
167.5175 49.8768 0.1442
167.5442 49.8717 0.1321
167.5709 49.8666 0.1241
167.5976 49.8615 0.1198
167.6243 49.8564 0.1233
167.6509 49.8513 0.1329
167.6776 49.8462 0.1462
167.7043 49.8411 0.1598
167.7309 49.8360 0.1738
167.7575 49.8308 0.1838
167.7842 49.8257 0.1866
167.8108 49.8206 0.1824
167.8374 49.8154 0.1702
167.8641 49.8103 0.1549
167.8907 49.8051 0.1399
167.9173 49.7999 0.1281
168.1565 49.7531 0.1194
168.1831 49.7479 0.1036
168.2096 49.7427 0.0912
168.2362 49.7374 0.0813
168.2627 49.7322 0.0789
168.2892 49.7269 0.0909
168.3158 49.7217 0.1128
168.3423 49.7164 0.1357
168.3688 49.7112 0.1611
168.3953 49.7059 0.1769
168.4218 49.7006 0.1823
168.4483 49.6953 0.1753
168.4748 49.6900 0.1589
168.5013 49.6847 0.1359
168.5278 49.6794 0.1105
168.5542 49.6741 0.0824
168.5807 49.6688 0.0593
168.6072 49.6634 0.0464
168.6336 49.6581 0.0418
168.6601 49.6528 0.0448
168.6865 49.6474 0.0541
168.7129 49.6421 0.0681
168.7394 49.6367 0.0866
168.7658 49.6314 0.1049
168.7922 49.6260 0.1201
168.8186 49.6206 0.1319
168.8451 49.6152 0.1414
167.2581 49.9445 0.1060
167.2849 49.9395 0.1181
167.3116 49.9345 0.1349
167.3384 49.9295 0.1530
167.3651 49.9244 0.1685
167.3918 49.9194 0.1794
167.4186 49.9143 0.1832
167.4453 49.9093 0.1799
167.4720 49.9042 0.1692
167.4987 49.8991 0.1555
167.5254 49.8940 0.1414
167.5521 49.8890 0.1294
167.5788 49.8839 0.1214
167.6055 49.8788 0.1192
167.6322 49.8737 0.1244
167.6588 49.8686 0.1367
167.6855 49.8635 0.1520
167.7122 49.8583 0.1660
167.7388 49.8532 0.1801
167.7655 49.8481 0.1880
167.7921 49.8429 0.1881
167.8188 49.8378 0.1829
167.8454 49.8326 0.1716
167.8720 49.8275 0.1582
167.8987 49.8223 0.1443
167.9253 49.8172 0.1327
168.1646 49.7704 0.1184
168.1912 49.7651 0.1069
168.2177 49.7599 0.0966
168.2443 49.7546 0.0880
168.2708 49.7494 0.0874
168.2974 49.7441 0.0990
168.3239 49.7389 0.1158
168.3504 49.7336 0.1371
168.3769 49.7283 0.1615
168.4034 49.7231 0.1741
168.4300 49.7178 0.1750
168.4565 49.7125 0.1647
168.4830 49.7072 0.1455
168.5095 49.7019 0.1209
168.5359 49.6966 0.0944
168.5624 49.6913 0.0651
168.5889 49.6859 0.0437
168.6154 49.6806 0.0331
168.6418 49.6753 0.0306
168.6683 49.6699 0.0378
168.6947 49.6646 0.0504
168.7212 49.6592 0.0667
168.7476 49.6539 0.0864
168.7741 49.6485 0.1043
168.8005 49.6431 0.1202
168.8269 49.6378 0.1329
168.8533 49.6324 0.1438
167.2659 49.9618 0.1048
167.2927 49.9568 0.1162
167.3194 49.9518 0.1314
167.3462 49.9467 0.1486
167.3729 49.9417 0.1633
167.3997 49.9366 0.1734
167.4264 49.9316 0.1768
167.4531 49.9265 0.1734
167.4799 49.9215 0.1640
167.5066 49.9164 0.1510
167.5333 49.9113 0.1372
167.5600 49.9062 0.1249
167.5867 49.9011 0.1180
167.6134 49.8960 0.1181
167.6401 49.8909 0.1255
167.6668 49.8858 0.1406
167.6934 49.8807 0.1562
167.7201 49.8756 0.1714
167.7468 49.8704 0.1842
167.7734 49.8653 0.1903
167.8001 49.8602 0.1890
167.8267 49.8550 0.1832
167.8534 49.8499 0.1722
167.8800 49.8447 0.1590
167.9067 49.8395 0.1464
167.9333 49.8344 0.1351
168.0663 49.8084 0.1670
168.1727 49.7876 0.1177
168.1992 49.7823 0.1095
168.2258 49.7771 0.1011
168.2524 49.7718 0.0937
168.2789 49.7666 0.0936
168.3055 49.7613 0.1041
168.3320 49.7561 0.1200
168.3585 49.7508 0.1385
168.3851 49.7455 0.1596
168.4116 49.7402 0.1701
168.4381 49.7349 0.1678
168.4646 49.7297 0.1555
168.4911 49.7244 0.1340
168.5176 49.7190 0.1089
168.5441 49.7137 0.0812
168.5706 49.7084 0.0537
168.5971 49.7031 0.0331
168.6236 49.6978 0.0238
168.6501 49.6924 0.0240
168.6765 49.6871 0.0337
168.7030 49.6817 0.0492
168.7294 49.6764 0.0672
168.7559 49.6710 0.0861
168.7823 49.6657 0.1041
168.8088 49.6603 0.1204
168.8352 49.6549 0.1351
168.8616 49.6495 0.1460
167.2737 49.9791 0.1025
167.3005 49.9741 0.1136
167.3273 49.9691 0.1278
167.3540 49.9640 0.1443
167.3808 49.9590 0.1571
167.4075 49.9539 0.1656
167.4343 49.9489 0.1677
167.4610 49.9438 0.1642
167.4877 49.9387 0.1554
167.5145 49.9336 0.1432
167.5412 49.9286 0.1301
167.5679 49.9235 0.1189
167.5946 49.9184 0.1131
167.6213 49.9133 0.1156
167.6480 49.9082 0.1256
167.6747 49.9031 0.1434
167.7014 49.8979 0.1599
167.7281 49.8928 0.1747
167.7547 49.8877 0.1859
167.7814 49.8826 0.1911
167.8081 49.8774 0.1892
167.8347 49.8723 0.1825
167.8614 49.8671 0.1715
167.8880 49.8619 0.1585
167.9147 49.8568 0.1462
167.9413 49.8516 0.1345
168.1808 49.8048 0.1193
168.2073 49.7995 0.1133
168.2339 49.7943 0.1065
168.2605 49.7890 0.1004
168.2870 49.7838 0.1010
168.3136 49.7785 0.1099
168.3401 49.7732 0.1239
168.3667 49.7680 0.1403
168.3932 49.7627 0.1565
168.4198 49.7574 0.1642
168.4463 49.7521 0.1607
168.4728 49.7468 0.1476
168.4993 49.7415 0.1254
168.5258 49.7362 0.1016
168.5523 49.7309 0.0733
168.5788 49.7256 0.0476
168.6053 49.7203 0.0275
168.6318 49.7149 0.0195
168.6583 49.7096 0.0209
168.6848 49.7042 0.0326
168.7112 49.6989 0.0487
168.7377 49.6935 0.0671
168.7641 49.6882 0.0861
168.7906 49.6828 0.1042
168.8170 49.6774 0.1211
168.8435 49.6720 0.1360
168.8699 49.6667 0.1475
167.2815 49.9964 0.1008
167.3083 49.9914 0.1114
167.3351 49.9863 0.1228
167.3618 49.9813 0.1392
167.3886 49.9762 0.1500
167.4154 49.9712 0.1568
167.4421 49.9661 0.1584
167.4689 49.9611 0.1545
167.4956 49.9560 0.1464
167.5223 49.9509 0.1361
167.5491 49.9458 0.1234
167.5758 49.9407 0.1132
167.6025 49.9356 0.1098
167.6292 49.9305 0.1152
167.6559 49.9254 0.1269
167.6826 49.9203 0.1445
167.7093 49.9152 0.1608
167.7360 49.9101 0.1751
167.7627 49.9049 0.1858
167.7894 49.8998 0.1896
167.8160 49.8946 0.1880
167.8427 49.8895 0.1815
167.8694 49.8843 0.1703
167.8960 49.8792 0.1569
167.9227 49.8740 0.1444
167.9493 49.8688 0.1325
168.1888 49.8220 0.1221
168.2154 49.8167 0.1165
168.2420 49.8115 0.1115
168.2686 49.8062 0.1079
168.2952 49.8010 0.1097
168.3217 49.7957 0.1173
168.3483 49.7904 0.1285
168.3748 49.7852 0.1415
168.4014 49.7799 0.1539
168.4279 49.7746 0.1608
168.4545 49.7693 0.1561
168.4810 49.7640 0.1425
168.5075 49.7587 0.1206
168.5340 49.7534 0.0957
168.5605 49.7481 0.0682
168.5870 49.7427 0.0439
168.6135 49.7374 0.0249
168.6400 49.7321 0.0173
168.6665 49.7267 0.0205
168.6930 49.7214 0.0321
168.7195 49.7160 0.0485
168.7460 49.7107 0.0666
168.7724 49.7053 0.0856
168.7989 49.6999 0.1049
168.8253 49.6946 0.1213
168.8518 49.6892 0.1371
168.8782 49.6838 0.1497
167.2893 50.0137 0.0998
167.3161 50.0086 0.1098
167.3429 50.0036 0.1204
167.3697 49.9986 0.1342
167.3964 49.9935 0.1425
167.4232 49.9885 0.1476
167.4500 49.9834 0.1485
167.4767 49.9783 0.1451
167.5035 49.9732 0.1383
167.5302 49.9682 0.1296
167.5570 49.9631 0.1181
167.5837 49.9580 0.1102
167.6104 49.9529 0.1100
167.6371 49.9478 0.1157
167.6638 49.9427 0.1299
167.6906 49.9376 0.1458
167.7173 49.9324 0.1614
167.7440 49.9273 0.1748
167.7706 49.9222 0.1850
167.7973 49.9170 0.1891
167.8240 49.9119 0.1869
167.8507 49.9067 0.1795
167.8774 49.9016 0.1678
167.9040 49.8964 0.1536
167.9307 49.8912 0.1408
167.9573 49.8860 0.1296
168.0905 49.8601 0.1640
168.1969 49.8392 0.1249
168.2235 49.8339 0.1209
168.2501 49.8287 0.1172
168.2767 49.8234 0.1151
168.3033 49.8182 0.1173
168.3299 49.8129 0.1247
168.3564 49.8076 0.1336
168.3830 49.8023 0.1432
168.4095 49.7971 0.1520
168.4361 49.7918 0.1566
168.4626 49.7865 0.1519
168.4892 49.7812 0.1387
168.5157 49.7759 0.1173
168.5422 49.7706 0.0932
168.5687 49.7652 0.0664
168.5953 49.7599 0.0432
168.6218 49.7546 0.0261
168.6483 49.7492 0.0202
168.6748 49.7439 0.0237
168.7013 49.7385 0.0347
168.7277 49.7332 0.0498
168.7542 49.7278 0.0667
168.7807 49.7225 0.0859
168.8072 49.7171 0.1045
168.8336 49.7117 0.1210
168.8601 49.7063 0.1365
168.8865 49.7009 0.1506
167.2971 50.0310 0.0999
167.3239 50.0259 0.1087
167.3507 50.0209 0.1182
167.3775 50.0158 0.1293
167.4043 50.0108 0.1356
167.4311 50.0057 0.1387
167.4578 50.0007 0.1391
167.4846 49.9956 0.1363
167.5114 49.9905 0.1305
167.5381 49.9854 0.1242
167.5649 49.9803 0.1149
167.5916 49.9752 0.1092
167.6183 49.9701 0.1107
167.6451 49.9650 0.1194
167.6718 49.9599 0.1327
167.6985 49.9548 0.1475
167.7252 49.9497 0.1616
167.7519 49.9445 0.1747
167.7786 49.9394 0.1846
167.8053 49.9343 0.1879
167.8320 49.9291 0.1847
167.8587 49.9239 0.1764
167.8854 49.9188 0.1637
167.9120 49.9136 0.1492
167.9387 49.9084 0.1358
167.9654 49.9033 0.1251
168.2050 49.8564 0.1287
168.2316 49.8511 0.1255
168.2582 49.8459 0.1232
168.2848 49.8406 0.1220
168.3114 49.8353 0.1244
168.3380 49.8301 0.1305
168.3646 49.8248 0.1375
168.3911 49.8195 0.1443
168.4177 49.8142 0.1503
168.4443 49.8089 0.1533
168.4708 49.8036 0.1475
168.4974 49.7983 0.1352
168.5239 49.7930 0.1150
168.5504 49.7877 0.0917
168.5770 49.7824 0.0663
168.6035 49.7771 0.0450
168.6300 49.7717 0.0300
168.6565 49.7664 0.0250
168.6830 49.7610 0.0287
168.7095 49.7557 0.0386
168.7360 49.7503 0.0522
168.7625 49.7450 0.0682
168.7890 49.7396 0.0863
168.8154 49.7342 0.1046
168.8419 49.7288 0.1212
168.8684 49.7235 0.1371
168.8948 49.7181 0.1514
167.3050 50.0482 0.0984
167.3318 50.0432 0.1063
167.3586 50.0382 0.1150
167.3854 50.0331 0.1241
167.4122 50.0281 0.1279
167.4389 50.0230 0.1300
167.4657 50.0179 0.1302
167.4925 50.0129 0.1283
167.5193 50.0078 0.1242
167.5460 50.0027 0.1192
167.5728 49.9976 0.1129
167.5995 49.9925 0.1104
167.6263 49.9874 0.1138
167.6530 49.9823 0.1218
167.6797 49.9772 0.1347
167.7065 49.9720 0.1485
167.7332 49.9669 0.1623
167.7599 49.9618 0.1749
167.7866 49.9566 0.1839
167.8133 49.9515 0.1863
167.8400 49.9463 0.1812
167.8667 49.9412 0.1703
167.8934 49.9360 0.1565
167.9201 49.9308 0.1423
167.9467 49.9257 0.1297
167.9734 49.9205 0.1198
168.2132 49.8735 0.1326
168.2398 49.8683 0.1302
168.2664 49.8631 0.1278
168.2930 49.8578 0.1271
168.3196 49.8525 0.1291
168.3462 49.8473 0.1335
168.3727 49.8420 0.1393
168.3993 49.8367 0.1450
168.4259 49.8314 0.1485
168.4524 49.8261 0.1494
168.4790 49.8208 0.1424
168.5056 49.8155 0.1313
168.5321 49.8102 0.1130
168.5587 49.8049 0.0915
168.5852 49.7996 0.0682
168.6117 49.7942 0.0485
168.6382 49.7889 0.0365
168.6648 49.7836 0.0323
168.6913 49.7782 0.0350
168.7178 49.7728 0.0441
168.7443 49.7675 0.0559
168.7708 49.7621 0.0705
168.7973 49.7567 0.0879
168.8237 49.7514 0.1050
168.8502 49.7460 0.1211
168.8767 49.7406 0.1366
168.9032 49.7352 0.1514
167.3128 50.0655 0.0958
167.3396 50.0605 0.1029
167.3664 50.0554 0.1084
167.3932 50.0504 0.1173
167.4200 50.0453 0.1204
167.4468 50.0403 0.1222
167.4736 50.0352 0.1224
167.5004 50.0301 0.1210
167.5272 50.0250 0.1178
167.5539 50.0199 0.1139
167.5807 50.0148 0.1097
167.6074 50.0097 0.1101
167.6342 50.0046 0.1144
167.6609 49.9995 0.1243
167.6877 49.9944 0.1372
167.7144 49.9893 0.1507
167.7411 49.9842 0.1646
167.7679 49.9790 0.1763
167.7946 49.9739 0.1829
167.8213 49.9687 0.1824
167.8480 49.9636 0.1750
167.8747 49.9584 0.1623
167.9014 49.9532 0.1473
167.9281 49.9481 0.1327
167.9548 49.9429 0.1217
167.9814 49.9377 0.1108
168.2213 49.8907 0.1362
168.2479 49.8855 0.1340
168.2745 49.8802 0.1319
168.3011 49.8750 0.1303
168.3277 49.8697 0.1317
168.3543 49.8644 0.1344
168.3809 49.8592 0.1388
168.4075 49.8539 0.1437
168.4341 49.8486 0.1460
168.4606 49.8433 0.1459
168.4872 49.8380 0.1383
168.5138 49.8327 0.1272
168.5403 49.8274 0.1117
168.5669 49.8220 0.0917
168.5934 49.8167 0.0713
168.6200 49.8114 0.0543
168.6465 49.8061 0.0436
168.6730 49.8007 0.0393
168.6995 49.7954 0.0411
168.7261 49.7900 0.0488
168.7526 49.7846 0.0599
168.7791 49.7793 0.0733
168.8056 49.7739 0.0890
168.8321 49.7685 0.1056
168.8585 49.7631 0.1198
168.8850 49.7577 0.1345
168.9115 49.7523 0.1481
167.3206 50.0828 0.0921
167.3475 50.0777 0.0987
167.3743 50.0727 0.1041
167.4011 50.0676 0.1107
167.4279 50.0626 0.1134
167.4547 50.0575 0.1154
167.4815 50.0525 0.1155
167.5083 50.0474 0.1140
167.5351 50.0423 0.1110
167.5618 50.0372 0.1084
167.5886 50.0321 0.1063
167.6154 50.0270 0.1084
167.6421 50.0219 0.1141
167.6689 50.0168 0.1254
167.6956 50.0117 0.1398
167.7224 50.0065 0.1538
167.7491 50.0014 0.1676
167.7758 49.9963 0.1773
167.8026 49.9911 0.1808
167.8293 49.9860 0.1772
167.8560 49.9808 0.1670
167.8827 49.9756 0.1520
167.9094 49.9705 0.1357
167.9361 49.9653 0.1203
167.9628 49.9601 0.1096
167.9895 49.9549 0.1043
168.1228 49.9289 0.1740
168.2294 49.9079 0.1385
168.2560 49.9027 0.1366
168.2826 49.8974 0.1339
168.3093 49.8922 0.1325
168.3359 49.8869 0.1333
168.3625 49.8816 0.1357
168.3891 49.8763 0.1393
168.4157 49.8711 0.1430
168.4423 49.8658 0.1441
168.4688 49.8605 0.1428
168.4954 49.8552 0.1357
168.5220 49.8499 0.1260
168.5485 49.8445 0.1119
168.5751 49.8392 0.0944
168.6017 49.8339 0.0765
168.6282 49.8285 0.0620
168.6547 49.8232 0.0522
168.6813 49.8179 0.0485
168.7078 49.8125 0.0489
168.7343 49.8071 0.0545
168.7608 49.8018 0.0641
168.7874 49.7964 0.0759
168.8139 49.7910 0.0904
168.8404 49.7856 0.1045
168.8669 49.7803 0.1183
168.8933 49.7749 0.1309
168.9198 49.7695 0.1433
167.3285 50.1001 0.0895
167.3553 50.0950 0.0948
167.3821 50.0900 0.0993
167.4090 50.0849 0.1044
167.4358 50.0799 0.1076
167.4626 50.0748 0.1096
167.4894 50.0697 0.1094
167.5162 50.0646 0.1075
167.5430 50.0595 0.1045
167.5698 50.0545 0.1024
167.5965 50.0494 0.1020
167.6233 50.0443 0.1066
167.6501 50.0391 0.1150
167.6768 50.0340 0.1296
167.7036 50.0289 0.1441
167.7303 50.0238 0.1589
167.7571 50.0186 0.1708
167.7838 50.0135 0.1777
167.8106 50.0083 0.1776
167.8373 50.0032 0.1709
167.8640 49.9980 0.1584
167.8907 49.9929 0.1419
167.9174 49.9877 0.1234
167.9441 49.9825 0.1078
167.9708 49.9773 0.0978
167.9975 49.9721 0.0947
168.2375 49.9251 0.1385
168.2642 49.9199 0.1380
168.2908 49.9146 0.1352
168.3174 49.9094 0.1333
168.3440 49.9041 0.1344
168.3706 49.8988 0.1371
168.3973 49.8935 0.1406
168.4239 49.8882 0.1431
168.4504 49.8829 0.1437
168.4770 49.8776 0.1425
168.5036 49.8723 0.1364
168.5302 49.8670 0.1273
168.5568 49.8617 0.1139
168.5833 49.8564 0.0979
168.6099 49.8510 0.0828
168.6365 49.8457 0.0701
168.6630 49.8404 0.0614
168.6895 49.8350 0.0568
168.7161 49.8297 0.0563
168.7426 49.8243 0.0599
168.7691 49.8189 0.0678
168.7957 49.8136 0.0779
168.8222 49.8082 0.0907
168.8487 49.8028 0.1036
168.8752 49.7974 0.1159
168.9017 49.7920 0.1268
168.9282 49.7866 0.1382
167.3363 50.1173 0.0874
167.3632 50.1123 0.0912
167.3900 50.1072 0.0951
167.4168 50.1022 0.0998
167.4437 50.0971 0.1033
167.4705 50.0921 0.1049
167.4973 50.0870 0.1039
167.5241 50.0819 0.1014
167.5509 50.0768 0.0984
167.5777 50.0717 0.0965
167.6045 50.0666 0.0978
167.6312 50.0615 0.1049
167.6580 50.0564 0.1160
167.6848 50.0513 0.1327
167.7116 50.0461 0.1483
167.7383 50.0410 0.1626
167.7651 50.0359 0.1724
167.7918 50.0307 0.1767
167.8186 50.0256 0.1737
167.8453 50.0204 0.1637
167.8720 50.0153 0.1484
167.8988 50.0101 0.1292
167.9255 50.0049 0.1112
167.9522 49.9997 0.0966
167.9789 49.9945 0.0879
168.0056 49.9894 0.0869
168.2457 49.9423 0.1357
168.2723 49.9371 0.1358
168.2989 49.9318 0.1348
168.3256 49.9265 0.1342
168.3522 49.9213 0.1362
168.3788 49.9160 0.1397
168.4054 49.9107 0.1427
168.4320 49.9054 0.1449
168.4587 49.9001 0.1448
168.4853 49.8948 0.1436
168.5118 49.8895 0.1389
168.5384 49.8842 0.1301
168.5650 49.8789 0.1173
168.5916 49.8735 0.1034
168.6182 49.8682 0.0902
168.6447 49.8629 0.0785
168.6713 49.8575 0.0698
168.6978 49.8522 0.0645
168.7244 49.8468 0.0627
168.7509 49.8414 0.0651
168.7774 49.8361 0.0703
168.8040 49.8307 0.0782
168.8305 49.8253 0.0890
168.8570 49.8199 0.1007
168.8835 49.8145 0.1135
168.9100 49.8091 0.1243
168.9365 49.8037 0.1333
167.3442 50.1346 0.0847
167.3710 50.1296 0.0886
167.3979 50.1245 0.0924
167.4247 50.1195 0.0970
167.4515 50.1144 0.1002
167.4784 50.1093 0.1009
167.5052 50.1042 0.0992
167.5320 50.0992 0.0961
167.5588 50.0941 0.0931
167.5856 50.0890 0.0914
167.6124 50.0839 0.0940
167.6392 50.0788 0.1025
167.6660 50.0736 0.1166
167.6928 50.0685 0.1341
167.7195 50.0634 0.1506
167.7463 50.0583 0.1637
167.7731 50.0531 0.1720
167.7998 50.0480 0.1735
167.8266 50.0428 0.1681
167.8533 50.0377 0.1554
167.8801 50.0325 0.1386
167.9068 50.0273 0.1181
167.9335 50.0221 0.1009
167.9602 50.0170 0.0872
167.9870 50.0118 0.0805
168.0137 50.0066 0.0804
168.1471 49.9805 0.1690
168.2538 49.9595 0.1298
168.2805 49.9543 0.1315
168.3071 49.9490 0.1322
168.3337 49.9437 0.1332
168.3604 49.9385 0.1369
168.3870 49.9332 0.1414
168.4136 49.9279 0.1450
168.4402 49.9226 0.1475
168.4669 49.9173 0.1476
168.4935 49.9120 0.1461
168.5201 49.9067 0.1418
168.5467 49.9014 0.1338
168.5733 49.8960 0.1223
168.5998 49.8907 0.1098
168.6264 49.8854 0.0964
168.6530 49.8800 0.0851
168.6795 49.8747 0.0763
168.7061 49.8693 0.0705
168.7327 49.8640 0.0678
168.7592 49.8586 0.0688
168.7858 49.8532 0.0720
168.8123 49.8478 0.0784
168.8388 49.8424 0.0876
168.8653 49.8371 0.0983
168.8919 49.8317 0.1113
168.9184 49.8263 0.1218
168.9449 49.8208 0.1297
167.3520 50.1519 0.0827
167.3789 50.1468 0.0875
167.4058 50.1418 0.0913
167.4326 50.1367 0.0954
167.4594 50.1317 0.0974
167.4863 50.1266 0.0977
167.5131 50.1215 0.0953
167.5399 50.1164 0.0920
167.5667 50.1113 0.0889
167.5935 50.1062 0.0873
167.6204 50.1011 0.0903
167.6472 50.0960 0.0999
167.6739 50.0909 0.1149
167.7007 50.0858 0.1331
167.7275 50.0806 0.1498
167.7543 50.0755 0.1621
167.7811 50.0703 0.1687
167.8078 50.0652 0.1684
167.8346 50.0600 0.1603
167.8613 50.0549 0.1455
167.8881 50.0497 0.1262
167.9148 50.0445 0.1073
167.9416 50.0394 0.0913
167.9683 50.0342 0.0803
167.9950 50.0290 0.0754
168.0217 50.0238 0.0758
168.2620 49.9767 0.1230
168.2886 49.9715 0.1258
168.3153 49.9662 0.1281
168.3419 49.9609 0.1309
168.3686 49.9556 0.1357
168.3952 49.9504 0.1412
168.4218 49.9451 0.1459
168.4485 49.9398 0.1495
168.4751 49.9345 0.1499
168.5017 49.9292 0.1483
168.5283 49.9238 0.1439
168.5549 49.9185 0.1364
168.5815 49.9132 0.1256
168.6081 49.9079 0.1138
168.6347 49.9025 0.1012
168.6613 49.8972 0.0894
168.6878 49.8918 0.0806
168.7144 49.8865 0.0741
168.7410 49.8811 0.0708
168.7675 49.8757 0.0705
168.7941 49.8704 0.0728
168.8206 49.8650 0.0780
168.8471 49.8596 0.0859
168.8737 49.8542 0.0965
168.9002 49.8488 0.1071
168.9267 49.8434 0.1177
168.9532 49.8380 0.1259
167.3599 50.1692 0.0813
167.3868 50.1641 0.0873
167.4136 50.1591 0.0913
167.4405 50.1540 0.0944
167.4673 50.1489 0.0956
167.4942 50.1438 0.0951
167.5210 50.1388 0.0924
167.5479 50.1337 0.0892
167.5747 50.1286 0.0853
167.6015 50.1235 0.0842
167.6283 50.1184 0.0879
167.6551 50.1132 0.0980
167.6819 50.1081 0.1151
167.7087 50.1030 0.1325
167.7355 50.0979 0.1477
167.7623 50.0927 0.1583
167.7891 50.0876 0.1637
167.8158 50.0824 0.1614
167.8426 50.0773 0.1506
167.8694 50.0721 0.1343
167.8961 50.0669 0.1146
167.9229 50.0618 0.0958
167.9496 50.0566 0.0812
167.9764 50.0514 0.0733
168.0031 50.0462 0.0698
168.0298 50.0410 0.0712
168.2701 49.9939 0.1157
168.2968 49.9886 0.1192
168.3234 49.9834 0.1226
168.3501 49.9781 0.1269
168.3768 49.9728 0.1326
168.4034 49.9675 0.1392
168.4300 49.9622 0.1453
168.4567 49.9569 0.1499
168.4833 49.9516 0.1511
168.5099 49.9463 0.1499
168.5365 49.9410 0.1449
168.5632 49.9357 0.1372
168.5898 49.9304 0.1272
168.6164 49.9250 0.1157
168.6429 49.9197 0.1038
168.6695 49.9143 0.0919
168.6961 49.9090 0.0821
168.7227 49.9036 0.0749
168.7493 49.8982 0.0713
168.7758 49.8929 0.0705
168.8024 49.8875 0.0722
168.8289 49.8821 0.0771
168.8555 49.8767 0.0846
168.8820 49.8713 0.0939
168.9086 49.8659 0.1038
168.9351 49.8605 0.1132
168.9616 49.8551 0.1204
167.3678 50.1864 0.0805
167.3947 50.1814 0.0874
167.4215 50.1763 0.0914
167.4484 50.1713 0.0939
167.4753 50.1662 0.0939
167.5021 50.1611 0.0927
167.5289 50.1560 0.0903
167.5558 50.1509 0.0862
167.5826 50.1458 0.0826
167.6094 50.1407 0.0815
167.6363 50.1356 0.0864
167.6631 50.1305 0.0980
167.6899 50.1254 0.1148
167.7167 50.1202 0.1314
167.7435 50.1151 0.1443
167.7703 50.1100 0.1534
167.7971 50.1048 0.1569
167.8239 50.0997 0.1525
167.8506 50.0945 0.1404
167.8774 50.0893 0.1214
167.9042 50.0842 0.1025
167.9309 50.0790 0.0838
167.9577 50.0738 0.0718
167.9844 50.0686 0.0654
168.0112 50.0634 0.0640
168.0379 50.0582 0.0659
168.2783 50.0111 0.1086
168.3049 50.0058 0.1125
168.3316 50.0006 0.1176
168.3583 49.9953 0.1225
168.3849 49.9900 0.1288
168.4116 49.9847 0.1357
168.4383 49.9794 0.1430
168.4649 49.9741 0.1481
168.4915 49.9688 0.1493
168.5182 49.9635 0.1483
168.5448 49.9582 0.1434
168.5714 49.9528 0.1356
168.5980 49.9475 0.1252
168.6246 49.9422 0.1141
168.6512 49.9368 0.1033
168.6778 49.9315 0.0912
168.7044 49.9261 0.0809
168.7310 49.9208 0.0738
168.7576 49.9154 0.0698
168.7841 49.9100 0.0688
168.8107 49.9046 0.0706
168.8373 49.8993 0.0756
168.8638 49.8939 0.0825
168.8904 49.8885 0.0903
168.9169 49.8831 0.0999
168.9435 49.8776 0.1067
168.9700 49.8722 0.1118
167.3757 50.2037 0.0796
167.4026 50.1987 0.0867
167.4294 50.1936 0.0907
167.4563 50.1885 0.0926
167.4832 50.1834 0.0925
167.5100 50.1784 0.0907
167.5369 50.1733 0.0878
167.5637 50.1682 0.0847
167.5906 50.1631 0.0805
167.6174 50.1580 0.0796
167.6442 50.1529 0.0856
167.6711 50.1477 0.0969
167.6979 50.1426 0.1142
167.7247 50.1375 0.1296
167.7515 50.1323 0.1410
167.7783 50.1272 0.1483
167.8051 50.1221 0.1498
167.8319 50.1169 0.1436
167.8587 50.1117 0.1300
167.8855 50.1066 0.1114
167.9122 50.1014 0.0912
167.9390 50.0962 0.0737
167.9658 50.0910 0.0622
167.9925 50.0858 0.0570
168.0193 50.0806 0.0575
168.0460 50.0754 0.0603
168.1796 50.0493 0.1540
168.2864 50.0283 0.1018
168.3131 50.0230 0.1066
168.3398 50.0178 0.1115
168.3665 50.0125 0.1168
168.3932 50.0072 0.1234
168.4198 50.0019 0.1297
168.4465 49.9966 0.1377
168.4731 49.9913 0.1435
168.4998 49.9860 0.1455
168.5264 49.9807 0.1449
168.5530 49.9753 0.1400
168.5797 49.9700 0.1327
168.6063 49.9647 0.1226
168.6329 49.9593 0.1110
168.6595 49.9540 0.0999
168.6861 49.9486 0.0874
168.7127 49.9433 0.0775
168.7393 49.9379 0.0704
168.7659 49.9325 0.0663
168.7925 49.9272 0.0657
168.8190 49.9218 0.0676
168.8456 49.9164 0.0725
168.8722 49.9110 0.0793
168.8987 49.9056 0.0863
168.9253 49.9002 0.0943
168.9518 49.8948 0.1001
168.9784 49.8894 0.1043
167.3836 50.2210 0.0791
167.4105 50.2159 0.0852
167.4373 50.2109 0.0891
167.4642 50.2058 0.0909
167.4911 50.2007 0.0909
167.5180 50.1956 0.0894
167.5448 50.1905 0.0864
167.5717 50.1854 0.0831
167.5985 50.1803 0.0794
167.6254 50.1752 0.0787
167.6522 50.1701 0.0844
167.6790 50.1650 0.0954
167.7059 50.1599 0.1112
167.7327 50.1547 0.1251
167.7595 50.1496 0.1360
167.7863 50.1444 0.1416
167.8131 50.1393 0.1414
167.8399 50.1341 0.1336
167.8667 50.1290 0.1183
167.8935 50.1238 0.1008
167.9203 50.1186 0.0796
167.9471 50.1134 0.0631
167.9738 50.1082 0.0521
168.0006 50.1030 0.0482
168.0274 50.0978 0.0503
168.0541 50.0926 0.0549
168.2946 50.0455 0.0949
168.3213 50.0402 0.1002
168.3480 50.0349 0.1061
168.3747 50.0297 0.1119
168.4014 50.0244 0.1193
168.4280 50.0191 0.1256
168.4547 50.0138 0.1332
168.4814 50.0085 0.1386
168.5080 50.0032 0.1408
168.5347 49.9978 0.1399
168.5613 49.9925 0.1352
168.5879 49.9872 0.1280
168.6146 49.9818 0.1167
168.6412 49.9765 0.1057
168.6678 49.9711 0.0941
168.6944 49.9658 0.0822
168.7210 49.9604 0.0730
168.7476 49.9551 0.0662
168.7742 49.9497 0.0626
168.8008 49.9443 0.0623
168.8274 49.9389 0.0643
168.8540 49.9335 0.0690
168.8805 49.9281 0.0754
168.9071 49.9227 0.0818
168.9337 49.9173 0.0884
168.9602 49.9119 0.0932
168.9868 49.9065 0.0978
167.3915 50.2383 0.0784
167.4184 50.2332 0.0839
167.4452 50.2281 0.0880
167.4721 50.2231 0.0900
167.4990 50.2180 0.0897
167.5259 50.2129 0.0880
167.5528 50.2078 0.0851
167.5796 50.2027 0.0821
167.6065 50.1976 0.0787
167.6333 50.1925 0.0784
167.6602 50.1874 0.0828
167.6870 50.1822 0.0923
167.7139 50.1771 0.1054
167.7407 50.1720 0.1186
167.7675 50.1668 0.1295
167.7943 50.1617 0.1342
167.8212 50.1565 0.1327
167.8480 50.1514 0.1234
167.8748 50.1462 0.1088
167.9016 50.1410 0.0904
167.9284 50.1358 0.0691
167.9551 50.1307 0.0521
167.9819 50.1255 0.0413
168.0087 50.1203 0.0387
168.0355 50.1151 0.0425
168.0622 50.1098 0.0494
168.3028 50.0627 0.0886
168.3295 50.0574 0.0934
168.3562 50.0521 0.0995
168.3829 50.0468 0.1061
168.4096 50.0415 0.1134
168.4363 50.0362 0.1208
168.4629 50.0309 0.1276
168.4896 50.0256 0.1336
168.5163 50.0203 0.1348
168.5429 50.0150 0.1331
168.5696 50.0097 0.1283
168.5962 50.0043 0.1213
168.6228 49.9990 0.1100
168.6495 49.9937 0.0988
168.6761 49.9883 0.0865
168.7027 49.9829 0.0748
168.7293 49.9776 0.0663
168.7560 49.9722 0.0605
168.7826 49.9668 0.0577
168.8091 49.9614 0.0580
168.8357 49.9561 0.0604
168.8623 49.9507 0.0653
168.8889 49.9453 0.0713
168.9155 49.9399 0.0773
168.9420 49.9344 0.0831
168.9686 49.9290 0.0876
168.9952 49.9236 0.0922
167.3994 50.2555 0.0782
167.4263 50.2505 0.0834
167.4532 50.2454 0.0876
167.4801 50.2403 0.0893
167.5070 50.2352 0.0893
167.5338 50.2301 0.0875
167.5607 50.2250 0.0848
167.5876 50.2199 0.0819
167.6145 50.2148 0.0791
167.6413 50.2097 0.0790
167.6682 50.2046 0.0823
167.6950 50.1995 0.0893
167.7219 50.1943 0.0994
167.7487 50.1892 0.1104
167.7755 50.1841 0.1212
167.8024 50.1789 0.1250
167.8292 50.1737 0.1229
167.8560 50.1686 0.1122
167.8828 50.1634 0.0986
167.9096 50.1582 0.0789
167.9364 50.1531 0.0583
167.9632 50.1479 0.0414
167.9900 50.1427 0.0319
168.0168 50.1375 0.0305
168.0436 50.1323 0.0361
168.0703 50.1271 0.0449
168.2041 50.1009 0.1250
168.3110 50.0799 0.0822
168.3377 50.0746 0.0878
168.3644 50.0693 0.0940
168.3911 50.0640 0.1009
168.4178 50.0587 0.1094
168.4445 50.0534 0.1171
168.4712 50.0481 0.1240
168.4978 50.0428 0.1285
168.5245 50.0375 0.1282
168.5512 50.0322 0.1254
168.5778 50.0268 0.1197
168.6045 50.0215 0.1113
168.6311 50.0162 0.1012
168.6578 50.0108 0.0888
168.6844 50.0055 0.0773
168.7110 50.0001 0.0658
168.7377 49.9947 0.0579
168.7643 49.9894 0.0528
168.7909 49.9840 0.0516
168.8175 49.9786 0.0530
168.8441 49.9732 0.0563
168.8707 49.9678 0.0616
168.8973 49.9624 0.0671
168.9239 49.9570 0.0724
168.9504 49.9516 0.0777
168.9770 49.9461 0.0822
169.0036 49.9407 0.0865
167.4073 50.2728 0.0788
167.4342 50.2677 0.0836
167.4611 50.2627 0.0874
167.4880 50.2576 0.0897
167.5149 50.2525 0.0892
167.5418 50.2474 0.0874
167.5687 50.2423 0.0846
167.5956 50.2372 0.0823
167.6224 50.2321 0.0799
167.6493 50.2270 0.0802
167.6762 50.2218 0.0829
167.7030 50.2167 0.0877
167.7299 50.2116 0.0955
167.7567 50.2064 0.1040
167.7836 50.2013 0.1143
167.8104 50.1961 0.1170
167.8372 50.1910 0.1130
167.8641 50.1858 0.1026
167.8909 50.1806 0.0874
167.9177 50.1755 0.0683
167.9445 50.1703 0.0475
167.9713 50.1651 0.0312
167.9981 50.1599 0.0228
168.0249 50.1547 0.0233
168.0517 50.1495 0.0306
168.0785 50.1443 0.0402
168.3192 50.0970 0.0769
168.3459 50.0918 0.0826
168.3726 50.0865 0.0888
168.3993 50.0812 0.0959
168.4260 50.0759 0.1043
168.4527 50.0706 0.1124
168.4794 50.0653 0.1185
168.5061 50.0600 0.1229
168.5328 50.0547 0.1221
168.5595 50.0493 0.1170
168.5861 50.0440 0.1092
168.6128 50.0387 0.1011
168.6394 50.0333 0.0903
168.6661 50.0280 0.0779
168.6927 50.0226 0.0659
168.7194 50.0172 0.0545
168.7460 50.0119 0.0472
168.7726 50.0065 0.0432
168.7992 50.0011 0.0434
168.8259 49.9957 0.0467
168.8525 49.9903 0.0515
168.8791 49.9849 0.0573
168.9057 49.9795 0.0629
168.9322 49.9741 0.0680
168.9588 49.9687 0.0730
168.9854 49.9633 0.0774
169.0120 49.9578 0.0813
167.4152 50.2901 0.0787
167.4421 50.2850 0.0834
167.4690 50.2799 0.0873
167.4959 50.2748 0.0890
167.5228 50.2698 0.0885
167.5497 50.2647 0.0866
167.5766 50.2596 0.0842
167.6035 50.2544 0.0821
167.6304 50.2493 0.0809
167.6573 50.2442 0.0814
167.6842 50.2391 0.0837
167.7110 50.2340 0.0878
167.7379 50.2288 0.0933
167.7648 50.2237 0.0999
167.7916 50.2185 0.1071
167.8185 50.2134 0.1073
167.8453 50.2082 0.1026
167.8721 50.2030 0.0910
167.8990 50.1979 0.0756
167.9258 50.1927 0.0562
167.9526 50.1875 0.0372
167.9794 50.1823 0.0225
168.0062 50.1771 0.0161
168.0330 50.1719 0.0181
168.0598 50.1667 0.0260
168.0866 50.1615 0.0366
168.3274 50.1142 0.0734
168.3541 50.1090 0.0789
168.3808 50.1037 0.0851
168.4076 50.0984 0.0921
168.4343 50.0931 0.0997
168.4610 50.0878 0.1071
168.4877 50.0825 0.1130
168.5144 50.0771 0.1162
168.5411 50.0718 0.1133
168.5677 50.0665 0.1071
168.5944 50.0612 0.0987
168.6211 50.0558 0.0889
168.6477 50.0505 0.0770
168.6744 50.0451 0.0640
168.7010 50.0398 0.0519
168.7277 50.0344 0.0413
168.7543 50.0290 0.0346
168.7810 50.0236 0.0321
168.8076 50.0183 0.0342
168.8342 50.0129 0.0396
168.8608 50.0075 0.0464
168.8874 50.0021 0.0531
168.9140 49.9967 0.0589
168.9406 49.9912 0.0639
168.9672 49.9858 0.0685
168.9938 49.9804 0.0722
169.0204 49.9750 0.0757
167.4231 50.3073 0.0781
167.4500 50.3023 0.0826
167.4770 50.2972 0.0860
167.5039 50.2921 0.0873
167.5308 50.2870 0.0867
167.5577 50.2819 0.0851
167.5846 50.2768 0.0832
167.6115 50.2717 0.0818
167.6384 50.2666 0.0811
167.6653 50.2615 0.0819
167.6922 50.2563 0.0844
167.7191 50.2512 0.0882
167.7459 50.2461 0.0930
167.7728 50.2409 0.0977
167.7997 50.2358 0.1014
167.8265 50.2306 0.0993
167.8534 50.2254 0.0927
167.8802 50.2203 0.0802
167.9070 50.2151 0.0642
167.9339 50.2099 0.0455
167.9607 50.2047 0.0278
167.9875 50.1995 0.0150
168.0143 50.1943 0.0108
168.0411 50.1891 0.0142
168.0679 50.1839 0.0230
168.0947 50.1787 0.0331
168.3356 50.1314 0.0718
168.3623 50.1261 0.0770
168.3891 50.1208 0.0831
168.4158 50.1156 0.0901
168.4425 50.1103 0.0964
168.4692 50.1049 0.1038
168.4959 50.0996 0.1084
168.5226 50.0943 0.1109
168.5493 50.0890 0.1074
168.5760 50.0837 0.0997
168.6027 50.0783 0.0890
168.6294 50.0730 0.0763
168.6560 50.0676 0.0632
168.6827 50.0623 0.0495
168.7094 50.0569 0.0373
168.7360 50.0515 0.0275
168.7627 50.0462 0.0217
168.7893 50.0408 0.0211
168.8160 50.0354 0.0247
168.8426 50.0300 0.0320
168.8692 50.0246 0.0400
168.8958 50.0192 0.0479
168.9224 50.0138 0.0540
168.9490 50.0084 0.0590
168.9756 50.0029 0.0634
169.0022 49.9975 0.0663
169.0288 49.9921 0.0696
167.4310 50.3246 0.0769
167.4580 50.3195 0.0809
167.4849 50.3144 0.0838
167.5118 50.3094 0.0851
167.5388 50.3043 0.0846
167.5657 50.2992 0.0833
167.5926 50.2941 0.0819
167.6195 50.2890 0.0811
167.6464 50.2838 0.0812
167.6733 50.2787 0.0822
167.7002 50.2736 0.0850
167.7271 50.2684 0.0888
167.7540 50.2633 0.0931
167.7808 50.2582 0.0963
167.8077 50.2530 0.0968
167.8346 50.2478 0.0912
167.8614 50.2427 0.0831
167.8883 50.2375 0.0695
167.9151 50.2323 0.0530
167.9419 50.2271 0.0346
167.9688 50.2219 0.0189
167.9956 50.2167 0.0082
168.0224 50.2115 0.0065
168.0492 50.2063 0.0112
168.0761 50.2011 0.0204
168.1029 50.1959 0.0308
168.2368 50.1697 0.1010
168.3438 50.1486 0.0713
168.3706 50.1433 0.0770
168.3973 50.1380 0.0833
168.4240 50.1327 0.0901
168.4508 50.1274 0.0963
168.4775 50.1221 0.1024
168.5042 50.1168 0.1058
168.5309 50.1115 0.1058
168.5576 50.1062 0.1009
168.5843 50.1008 0.0929
168.6110 50.0955 0.0803
168.6377 50.0901 0.0657
168.6644 50.0848 0.0505
168.6910 50.0794 0.0361
168.7177 50.0741 0.0234
168.7444 50.0687 0.0142
168.7710 50.0633 0.0097
168.7977 50.0579 0.0106
168.8243 50.0525 0.0162
168.8510 50.0471 0.0249
168.8776 50.0417 0.0342
168.9042 50.0363 0.0426
168.9308 50.0309 0.0492
168.9574 50.0255 0.0544
168.9841 50.0201 0.0587
169.0107 50.0146 0.0615
169.0373 50.0092 0.0647
167.4390 50.3419 0.0744
167.4659 50.3368 0.0789
167.4929 50.3317 0.0816
167.5198 50.3266 0.0826
167.5467 50.3215 0.0822
167.5737 50.3164 0.0814
167.6006 50.3113 0.0805
167.6275 50.3062 0.0801
167.6544 50.3011 0.0805
167.6813 50.2960 0.0818
167.7082 50.2908 0.0846
167.7351 50.2857 0.0883
167.7620 50.2805 0.0925
167.7889 50.2754 0.0944
167.8158 50.2702 0.0918
167.8426 50.2651 0.0840
167.8695 50.2599 0.0739
167.8963 50.2547 0.0594
167.9232 50.2495 0.0419
167.9500 50.2444 0.0240
167.9769 50.2392 0.0101
168.0037 50.2340 0.0018
168.0306 50.2288 0.0019
168.0574 50.2235 0.0078
168.0842 50.2183 0.0178
168.1110 50.2131 0.0285
168.3520 50.1658 0.0729
168.3788 50.1605 0.0796
168.4055 50.1552 0.0863
168.4323 50.1499 0.0927
168.4590 50.1446 0.0983
168.4858 50.1393 0.1029
168.5125 50.1340 0.1046
168.5392 50.1286 0.1029
168.5659 50.1233 0.0968
168.5926 50.1180 0.0865
168.6193 50.1126 0.0727
168.6460 50.1073 0.0559
168.6727 50.1019 0.0392
168.6994 50.0966 0.0238
168.7260 50.0912 0.0109
168.7527 50.0858 0.0026
168.7794 50.0805 -0.0005
168.8060 50.0751 0.0022
168.8327 50.0697 0.0094
168.8593 50.0643 0.0196
168.8860 50.0589 0.0294
168.9126 50.0535 0.0383
168.9392 50.0480 0.0456
168.9659 50.0426 0.0508
168.9925 50.0372 0.0555
169.0191 50.0318 0.0584
169.0457 50.0263 0.0622
167.4469 50.3591 0.0703
167.4739 50.3541 0.0755
167.5008 50.3490 0.0786
167.5278 50.3439 0.0802
167.5547 50.3388 0.0804
167.5816 50.3337 0.0800
167.6086 50.3286 0.0795
167.6355 50.3235 0.0796
167.6624 50.3183 0.0802
167.6893 50.3132 0.0814
167.7162 50.3081 0.0838
167.7431 50.3029 0.0868
167.7700 50.2978 0.0902
167.7969 50.2926 0.0900
167.8238 50.2875 0.0862
167.8507 50.2823 0.0771
167.8776 50.2771 0.0653
167.9044 50.2719 0.0500
167.9313 50.2668 0.0322
167.9581 50.2616 0.0149
167.9850 50.2564 0.0025
168.0118 50.2512 -0.0037
168.0387 50.2460 -0.0022
168.0655 50.2407 0.0048
168.0923 50.2355 0.0151
168.1192 50.2303 0.0263
168.3603 50.1830 0.0750
168.3870 50.1777 0.0819
168.4138 50.1724 0.0885
168.4405 50.1671 0.0947
168.4673 50.1618 0.0988
168.4940 50.1565 0.1017
168.5208 50.1511 0.1015
168.5475 50.1458 0.0982
168.5742 50.1405 0.0902
168.6009 50.1351 0.0791
168.6276 50.1298 0.0637
168.6543 50.1244 0.0469
168.6810 50.1191 0.0297
168.7077 50.1137 0.0141
168.7344 50.1084 0.0013
168.7611 50.1030 -0.0066
168.7877 50.0976 -0.0085
168.8144 50.0922 -0.0045
168.8411 50.0868 0.0043
168.8677 50.0814 0.0153
168.8944 50.0760 0.0260
168.9210 50.0706 0.0354
168.9477 50.0652 0.0434
168.9743 50.0597 0.0494
169.0009 50.0543 0.0541
169.0275 50.0489 0.0573
169.0541 50.0434 0.0610
167.4549 50.3764 0.0665
167.4818 50.3713 0.0716
167.5088 50.3662 0.0754
167.5357 50.3611 0.0779
167.5627 50.3560 0.0790
167.5896 50.3509 0.0790
167.6166 50.3458 0.0791
167.6435 50.3407 0.0794
167.6704 50.3356 0.0800
167.6974 50.3304 0.0810
167.7243 50.3253 0.0830
167.7512 50.3202 0.0855
167.7781 50.3150 0.0877
167.8050 50.3099 0.0865
167.8319 50.3047 0.0815
167.8588 50.2995 0.0712
167.8857 50.2944 0.0579
167.9125 50.2892 0.0419
167.9394 50.2840 0.0240
167.9663 50.2788 0.0078
167.9931 50.2736 -0.0038
168.0200 50.2684 -0.0089
168.0468 50.2632 -0.0064
168.0737 50.2580 0.0015
168.1005 50.2527 0.0126
168.1273 50.2475 0.0249
168.2614 50.2213 0.1180
168.3685 50.2002 0.0769
168.3953 50.1949 0.0835
168.4220 50.1896 0.0890
168.4488 50.1843 0.0937
168.4756 50.1789 0.0969
168.5023 50.1736 0.0978
168.5290 50.1683 0.0958
168.5558 50.1630 0.0905
168.5825 50.1576 0.0813
168.6092 50.1523 0.0688
168.6359 50.1470 0.0536
168.6627 50.1416 0.0367
168.6894 50.1362 0.0203
168.7161 50.1309 0.0049
168.7428 50.1255 -0.0070
168.7694 50.1201 -0.0145
168.7961 50.1147 -0.0152
168.8228 50.1093 -0.0098
168.8495 50.1039 0.0002
168.8761 50.0985 0.0123
168.9028 50.0931 0.0241
168.9294 50.0877 0.0344
168.9561 50.0823 0.0430
168.9827 50.0769 0.0500
169.0093 50.0714 0.0552
169.0360 50.0660 0.0584
169.0626 50.0606 0.0609
167.4628 50.3937 0.0639
167.4898 50.3886 0.0682
167.5168 50.3835 0.0726
167.5437 50.3784 0.0761
167.5707 50.3733 0.0780
167.5976 50.3682 0.0787
167.6246 50.3631 0.0793
167.6515 50.3579 0.0795
167.6785 50.3528 0.0802
167.7054 50.3477 0.0813
167.7323 50.3425 0.0827
167.7592 50.3374 0.0844
167.7861 50.3322 0.0855
167.8131 50.3271 0.0834
167.8400 50.3219 0.0773
167.8669 50.3168 0.0663
167.8937 50.3116 0.0528
167.9206 50.3064 0.0363
167.9475 50.3012 0.0187
167.9744 50.2960 0.0025
168.0012 50.2908 -0.0081
168.0281 50.2856 -0.0120
168.0550 50.2804 -0.0084
168.0818 50.2752 0.0003
168.1087 50.2699 0.0121
168.1355 50.2647 0.0256
168.3768 50.2173 0.0762
168.4035 50.2120 0.0817
168.4303 50.2067 0.0858
168.4571 50.2014 0.0888
168.4838 50.1961 0.0905
168.5106 50.1908 0.0904
168.5373 50.1855 0.0867
168.5641 50.1801 0.0798
168.5908 50.1748 0.0693
168.6175 50.1695 0.0565
168.6443 50.1641 0.0415
168.6710 50.1588 0.0253
168.6977 50.1534 0.0097
168.7244 50.1480 -0.0047
168.7511 50.1426 -0.0160
168.7778 50.1373 -0.0221
168.8045 50.1319 -0.0213
168.8312 50.1265 -0.0143
168.8579 50.1211 -0.0028
168.8845 50.1157 0.0104
168.9112 50.1103 0.0233
168.9379 50.1048 0.0346
168.9645 50.0994 0.0443
168.9912 50.0940 0.0521
169.0178 50.0886 0.0581
169.0444 50.0831 0.0610
169.0711 50.0777 0.0615
167.4708 50.4109 0.0623
167.4978 50.4058 0.0658
167.5247 50.4007 0.0700
167.5517 50.3956 0.0736
167.5787 50.3905 0.0764
167.6056 50.3854 0.0778
167.6326 50.3803 0.0789
167.6595 50.3752 0.0795
167.6865 50.3701 0.0803
167.7134 50.3649 0.0815
167.7404 50.3598 0.0828
167.7673 50.3546 0.0838
167.7942 50.3495 0.0840
167.8211 50.3443 0.0809
167.8480 50.3392 0.0740
167.8749 50.3340 0.0624
167.9018 50.3288 0.0480
167.9287 50.3236 0.0316
167.9556 50.3184 0.0141
167.9825 50.3132 -0.0015
168.0094 50.3080 -0.0111
168.0362 50.3028 -0.0144
168.0631 50.2976 -0.0095
168.0900 50.2924 0.0010
168.1168 50.2871 0.0144
168.1437 50.2819 0.0282
168.3850 50.2345 0.0745
168.4118 50.2292 0.0780
168.4386 50.2239 0.0804
168.4654 50.2186 0.0816
168.4921 50.2133 0.0817
168.5189 50.2080 0.0797
168.5456 50.2026 0.0748
168.5724 50.1973 0.0669
168.5991 50.1920 0.0556
168.6259 50.1866 0.0425
168.6526 50.1813 0.0278
168.6793 50.1759 0.0127
168.7061 50.1705 -0.0015
168.7328 50.1652 -0.0147
168.7595 50.1598 -0.0243
168.7862 50.1544 -0.0282
168.8129 50.1490 -0.0264
168.8396 50.1436 -0.0179
168.8663 50.1382 -0.0050
168.8929 50.1328 0.0096
168.9196 50.1274 0.0236
168.9463 50.1220 0.0360
168.9729 50.1166 0.0467
168.9996 50.1111 0.0551
169.0262 50.1057 0.0616
169.0529 50.1002 0.0645
169.0795 50.0948 0.0654
167.4787 50.4282 0.0609
167.5057 50.4231 0.0639
167.5327 50.4180 0.0675
167.5597 50.4129 0.0714
167.5867 50.4078 0.0746
167.6137 50.4027 0.0765
167.6406 50.3976 0.0778
167.6676 50.3924 0.0789
167.6945 50.3873 0.0803
167.7215 50.3822 0.0814
167.7484 50.3770 0.0826
167.7754 50.3719 0.0830
167.8023 50.3667 0.0818
167.8292 50.3616 0.0772
167.8561 50.3564 0.0703
167.8830 50.3512 0.0588
167.9099 50.3460 0.0447
167.9368 50.3408 0.0285
167.9637 50.3356 0.0109
167.9906 50.3304 -0.0042
168.0175 50.3252 -0.0129
168.0444 50.3200 -0.0142
168.0713 50.3148 -0.0072
168.0981 50.3096 0.0053
168.1250 50.3043 0.0193
168.1518 50.2991 0.0330
168.3933 50.2517 0.0715
168.4201 50.2464 0.0722
168.4469 50.2411 0.0726
168.4736 50.2358 0.0727
168.5004 50.2305 0.0713
168.5272 50.2251 0.0676
168.5540 50.2198 0.0611
168.5807 50.2145 0.0519
168.6075 50.2091 0.0403
168.6342 50.2038 0.0276
168.6610 50.1984 0.0133
168.6877 50.1931 -0.0003
168.7144 50.1877 -0.0132
168.7411 50.1823 -0.0248
168.7679 50.1769 -0.0322
168.7946 50.1715 -0.0342
168.8213 50.1662 -0.0307
168.8480 50.1608 -0.0202
168.8747 50.1554 -0.0058
168.9014 50.1499 0.0097
168.9280 50.1445 0.0250
168.9547 50.1391 0.0383
168.9814 50.1337 0.0498
169.0080 50.1282 0.0588
169.0347 50.1228 0.0652
169.0614 50.1174 0.0685
169.0880 50.1119 0.0675
167.4867 50.4455 0.0605
167.5137 50.4404 0.0623
167.5407 50.4353 0.0656
167.5677 50.4302 0.0694
167.5947 50.4250 0.0727
167.6217 50.4199 0.0746
167.6486 50.4148 0.0763
167.6756 50.4097 0.0777
167.7026 50.4046 0.0796
167.7295 50.3994 0.0809
167.7565 50.3943 0.0818
167.7834 50.3891 0.0813
167.8104 50.3840 0.0792
167.8373 50.3788 0.0742
167.8642 50.3736 0.0667
167.8911 50.3684 0.0559
167.9181 50.3633 0.0417
167.9450 50.3581 0.0254
167.9719 50.3529 0.0083
167.9988 50.3477 -0.0057
168.0257 50.3425 -0.0130
168.0526 50.3372 -0.0123
168.0794 50.3320 -0.0032
168.1063 50.3268 0.0106
168.1332 50.3216 0.0251
168.1600 50.3163 0.0376
168.2943 50.2900 0.1150
168.4015 50.2689 0.0665
168.4283 50.2636 0.0648
168.4551 50.2583 0.0644
168.4819 50.2529 0.0630
168.5087 50.2476 0.0603
168.5355 50.2423 0.0551
168.5623 50.2370 0.0465
168.5890 50.2316 0.0365
168.6158 50.2263 0.0251
168.6426 50.2209 0.0130
168.6693 50.2156 0.0001
168.6960 50.2102 -0.0128
168.7228 50.2048 -0.0241
168.7495 50.1995 -0.0340
168.7762 50.1941 -0.0393
168.8030 50.1887 -0.0396
168.8297 50.1833 -0.0338
168.8564 50.1779 -0.0217
168.8831 50.1725 -0.0062
168.9098 50.1671 0.0103
168.9365 50.1617 0.0261
168.9632 50.1562 0.0402
168.9898 50.1508 0.0522
169.0165 50.1454 0.0615
169.0432 50.1399 0.0673
169.0698 50.1345 0.0690
169.0965 50.1290 0.0677
167.4947 50.4627 0.0602
167.5217 50.4576 0.0616
167.5487 50.4525 0.0644
167.5757 50.4474 0.0681
167.6027 50.4423 0.0709
167.6297 50.4372 0.0729
167.6567 50.4321 0.0744
167.6837 50.4269 0.0760
167.7106 50.4218 0.0780
167.7376 50.4166 0.0796
167.7645 50.4115 0.0802
167.7915 50.4063 0.0789
167.8184 50.4012 0.0763
167.8454 50.3960 0.0712
167.8723 50.3908 0.0639
167.8993 50.3857 0.0535
167.9262 50.3805 0.0400
167.9531 50.3753 0.0240
167.9800 50.3701 0.0080
168.0069 50.3649 -0.0047
168.0338 50.3597 -0.0102
168.0607 50.3544 -0.0072
168.0876 50.3492 0.0032
168.1145 50.3440 0.0170
168.1414 50.3388 0.0308
168.1682 50.3335 0.0428
168.4098 50.2861 0.0567
168.4366 50.2807 0.0562
168.4634 50.2754 0.0553
168.4902 50.2701 0.0531
168.5170 50.2648 0.0488
168.5438 50.2595 0.0418
168.5706 50.2541 0.0325
168.5974 50.2488 0.0223
168.6241 50.2434 0.0116
168.6509 50.2381 0.0006
168.6777 50.2327 -0.0116
168.7044 50.2274 -0.0234
168.7312 50.2220 -0.0336
168.7579 50.2166 -0.0418
168.7846 50.2112 -0.0452
168.8114 50.2058 -0.0432
168.8381 50.2004 -0.0353
168.8648 50.1950 -0.0219
168.8915 50.1896 -0.0055
168.9182 50.1842 0.0116
168.9449 50.1788 0.0279
168.9716 50.1734 0.0421
168.9983 50.1679 0.0544
169.0250 50.1625 0.0632
169.0516 50.1570 0.0684
169.0783 50.1516 0.0685
169.1050 50.1461 0.0644
167.5027 50.4800 0.0617
167.5297 50.4749 0.0629
167.5567 50.4698 0.0657
167.5837 50.4647 0.0684
167.6107 50.4596 0.0706
167.6377 50.4544 0.0721
167.6647 50.4493 0.0733
167.6917 50.4442 0.0746
167.7187 50.4390 0.0764
167.7457 50.4339 0.0776
167.7726 50.4287 0.0780
167.7996 50.4236 0.0767
167.8265 50.4184 0.0739
167.8535 50.4132 0.0692
167.8804 50.4081 0.0624
167.9074 50.4029 0.0522
167.9343 50.3977 0.0391
167.9612 50.3925 0.0238
167.9882 50.3873 0.0091
168.0151 50.3821 -0.0015
168.0420 50.3769 -0.0051
168.0689 50.3717 -0.0007
168.0958 50.3664 0.0103
168.1227 50.3612 0.0237
168.1496 50.3560 0.0364
168.1764 50.3507 0.0461
168.4181 50.3032 0.0495
168.4449 50.2979 0.0481
168.4717 50.2926 0.0465
168.4985 50.2873 0.0434
168.5253 50.2820 0.0377
168.5521 50.2766 0.0300
168.5789 50.2713 0.0205
168.6057 50.2659 0.0103
168.6325 50.2606 0.0002
168.6593 50.2552 -0.0105
168.6860 50.2499 -0.0219
168.7128 50.2445 -0.0330
168.7395 50.2391 -0.0423
168.7663 50.2338 -0.0490
168.7930 50.2284 -0.0504
168.8198 50.2230 -0.0462
168.8465 50.2176 -0.0362
168.8732 50.2122 -0.0213
168.8999 50.2068 -0.0041
168.9266 50.2013 0.0135
168.9534 50.1959 0.0296
168.9801 50.1905 0.0436
169.0067 50.1850 0.0553
169.0334 50.1796 0.0631
169.0601 50.1741 0.0676
169.0868 50.1687 0.0662
169.1135 50.1632 0.0627
167.5107 50.4972 0.0637
167.5377 50.4921 0.0659
167.5647 50.4870 0.0681
167.5917 50.4819 0.0700
167.6188 50.4768 0.0713
167.6458 50.4717 0.0719
167.6728 50.4666 0.0724
167.6998 50.4614 0.0731
167.7267 50.4563 0.0742
167.7537 50.4511 0.0749
167.7807 50.4460 0.0751
167.8077 50.4408 0.0738
167.8346 50.4356 0.0715
167.8616 50.4305 0.0669
167.8886 50.4253 0.0609
167.9155 50.4201 0.0514
167.9424 50.4149 0.0395
167.9694 50.4097 0.0252
167.9963 50.4045 0.0121
168.0232 50.3993 0.0039
168.0501 50.3941 0.0030
168.0771 50.3889 0.0085
168.1040 50.3836 0.0188
168.1309 50.3784 0.0309
168.1578 50.3732 0.0412
168.1846 50.3679 0.0494
168.3190 50.3416 0.0920
168.4264 50.3204 0.0431
168.4532 50.3151 0.0401
168.4800 50.3098 0.0376
168.5068 50.3045 0.0338
168.5337 50.2991 0.0276
168.5605 50.2938 0.0195
168.5873 50.2885 0.0099
168.6140 50.2831 0.0005
168.6408 50.2778 -0.0092
168.6676 50.2724 -0.0189
168.6944 50.2670 -0.0297
168.7212 50.2617 -0.0401
168.7479 50.2563 -0.0488
168.7747 50.2509 -0.0537
168.8014 50.2455 -0.0528
168.8282 50.2401 -0.0464
168.8549 50.2347 -0.0347
168.8816 50.2293 -0.0186
168.9084 50.2239 -0.0007
168.9351 50.2185 0.0167
168.9618 50.2130 0.0327
168.9885 50.2076 0.0453
169.0152 50.2022 0.0555
169.0419 50.1967 0.0624
169.0686 50.1913 0.0654
169.0953 50.1858 0.0645
169.1220 50.1803 0.0605
167.5187 50.5145 0.0682
167.5457 50.5094 0.0702
167.5727 50.5043 0.0717
167.5998 50.4992 0.0725
167.6268 50.4941 0.0724
167.6538 50.4889 0.0719
167.6808 50.4838 0.0714
167.7078 50.4787 0.0713
167.7348 50.4735 0.0714
167.7618 50.4684 0.0717
167.7888 50.4632 0.0716
167.8158 50.4580 0.0706
167.8427 50.4529 0.0688
167.8697 50.4477 0.0651
167.8967 50.4425 0.0591
167.9236 50.4373 0.0505
167.9506 50.4321 0.0397
167.9775 50.4269 0.0275
168.0045 50.4217 0.0166
168.0314 50.4165 0.0106
168.0583 50.4113 0.0112
168.0852 50.4061 0.0173
168.1122 50.4008 0.0266
168.1391 50.3956 0.0369
168.1660 50.3904 0.0453
168.1929 50.3851 0.0514
168.4347 50.3376 0.0356
168.4615 50.3323 0.0321
168.4883 50.3269 0.0288
168.5152 50.3216 0.0244
168.5420 50.3163 0.0180
168.5688 50.3110 0.0098
168.5956 50.3056 0.0006
168.6224 50.3003 -0.0083
168.6492 50.2949 -0.0171
168.6760 50.2895 -0.0264
168.7028 50.2842 -0.0363
168.7295 50.2788 -0.0458
168.7563 50.2734 -0.0530
168.7831 50.2680 -0.0560
168.8098 50.2626 -0.0533
168.8366 50.2572 -0.0447
168.8633 50.2518 -0.0313
168.8901 50.2464 -0.0140
168.9168 50.2410 0.0043
168.9435 50.2356 0.0216
168.9703 50.2302 0.0366
168.9970 50.2247 0.0482
169.0237 50.2193 0.0567
169.0504 50.2138 0.0619
169.0771 50.2084 0.0636
169.1038 50.2029 0.0621
169.1305 50.1975 0.0588
167.5267 50.5317 0.0744
167.5537 50.5266 0.0752
167.5808 50.5215 0.0754
167.6078 50.5164 0.0750
167.6348 50.5113 0.0739
167.6619 50.5062 0.0722
167.6889 50.5010 0.0705
167.7159 50.4959 0.0693
167.7429 50.4908 0.0684
167.7699 50.4856 0.0678
167.7969 50.4804 0.0674
167.8239 50.4753 0.0663
167.8509 50.4701 0.0649
167.8778 50.4649 0.0614
167.9048 50.4597 0.0559
167.9318 50.4546 0.0484
167.9587 50.4494 0.0392
167.9857 50.4442 0.0292
168.0126 50.4389 0.0212
168.0396 50.4337 0.0173
168.0665 50.4285 0.0193
168.0934 50.4233 0.0254
168.1204 50.4180 0.0331
168.1473 50.4128 0.0416
168.1742 50.4076 0.0481
168.2011 50.4023 0.0534
168.4430 50.3548 0.0268
168.4698 50.3494 0.0228
168.4967 50.3441 0.0191
168.5235 50.3388 0.0148
168.5503 50.3335 0.0086
168.5771 50.3281 0.0006
168.6040 50.3228 -0.0080
168.6308 50.3174 -0.0160
168.6576 50.3121 -0.0240
168.6844 50.3067 -0.0323
168.7112 50.3013 -0.0413
168.7379 50.2960 -0.0492
168.7647 50.2906 -0.0547
168.7915 50.2852 -0.0555
168.8183 50.2798 -0.0511
168.8450 50.2744 -0.0406
168.8718 50.2690 -0.0256
168.8985 50.2636 -0.0080
168.9253 50.2581 0.0104
168.9520 50.2527 0.0267
168.9787 50.2473 0.0407
169.0055 50.2418 0.0510
169.0322 50.2364 0.0589
169.0589 50.2309 0.0631
169.0856 50.2255 0.0647
169.1123 50.2200 0.0617
169.1390 50.2146 0.0566
167.5347 50.5490 0.0779
167.5618 50.5439 0.0780
167.5888 50.5388 0.0778
167.6158 50.5337 0.0767
167.6429 50.5285 0.0747
167.6699 50.5234 0.0722
167.6969 50.5183 0.0694
167.7240 50.5131 0.0671
167.7510 50.5080 0.0649
167.7780 50.5028 0.0634
167.8050 50.4977 0.0623
167.8320 50.4925 0.0610
167.8590 50.4873 0.0595
167.8860 50.4822 0.0562
167.9129 50.4770 0.0514
167.9399 50.4718 0.0453
167.9669 50.4666 0.0373
167.9938 50.4614 0.0294
168.0208 50.4562 0.0237
168.0477 50.4509 0.0220
168.0747 50.4457 0.0250
168.1016 50.4405 0.0311
168.1286 50.4353 0.0383
168.1555 50.4300 0.0452
168.1824 50.4248 0.0507
168.2093 50.4195 0.0542
168.4513 50.3719 0.0165
168.4781 50.3666 0.0138
168.5050 50.3613 0.0101
168.5318 50.3560 0.0056
168.5587 50.3506 -0.0007
168.5855 50.3453 -0.0081
168.6123 50.3399 -0.0156
168.6391 50.3346 -0.0223
168.6659 50.3292 -0.0290
168.6927 50.3238 -0.0361
168.7195 50.3185 -0.0433
168.7463 50.3131 -0.0493
168.7731 50.3077 -0.0530
168.7999 50.3023 -0.0526
168.8267 50.2969 -0.0462
168.8535 50.2915 -0.0345
168.8802 50.2861 -0.0188
168.9070 50.2807 -0.0010
168.9337 50.2753 0.0168
168.9605 50.2698 0.0324
168.9872 50.2644 0.0451
169.0139 50.2590 0.0547
169.0407 50.2535 0.0615
169.0674 50.2481 0.0648
169.0941 50.2426 0.0659
169.1208 50.2371 0.0613
169.1475 50.2317 0.0541
167.5427 50.5663 0.0811
167.5698 50.5612 0.0803
167.5968 50.5560 0.0795
167.6239 50.5509 0.0778
167.6509 50.5458 0.0752
167.6780 50.5407 0.0718
167.7050 50.5355 0.0685
167.7320 50.5304 0.0651
167.7591 50.5252 0.0619
167.7861 50.5201 0.0592
167.8131 50.5149 0.0573
167.8401 50.5097 0.0553
167.8671 50.5046 0.0540
167.8941 50.4994 0.0511
167.9211 50.4942 0.0469
167.9481 50.4890 0.0415
167.9750 50.4838 0.0346
168.0020 50.4786 0.0285
168.0290 50.4734 0.0249
168.0559 50.4682 0.0253
168.0829 50.4629 0.0294
168.1098 50.4577 0.0354
168.1368 50.4525 0.0419
168.1637 50.4472 0.0479
168.1906 50.4420 0.0525
168.2176 50.4367 0.0553
168.3521 50.4103 0.0760
168.4596 50.3891 0.0075
168.4865 50.3838 0.0053
168.5133 50.3785 0.0017
168.5402 50.3731 -0.0030
168.5670 50.3678 -0.0090
168.5938 50.3624 -0.0155
168.6207 50.3571 -0.0216
168.6475 50.3517 -0.0267
168.6743 50.3464 -0.0319
168.7011 50.3410 -0.0374
168.7279 50.3356 -0.0426
168.7547 50.3302 -0.0467
168.7815 50.3249 -0.0488
168.8083 50.3195 -0.0464
168.8351 50.3141 -0.0391
168.8619 50.3087 -0.0267
168.8887 50.3032 -0.0108
168.9154 50.2978 0.0061
168.9422 50.2924 0.0224
168.9689 50.2870 0.0359
168.9957 50.2815 0.0473
169.0224 50.2761 0.0555
169.0492 50.2706 0.0612
169.0759 50.2652 0.0642
169.1026 50.2597 0.0642
169.1293 50.2542 0.0585
169.1561 50.2488 0.0494
167.5507 50.5835 0.0839
167.5778 50.5784 0.0824
167.6049 50.5733 0.0811
167.6319 50.5682 0.0786
167.6590 50.5630 0.0757
167.6861 50.5579 0.0717
167.7131 50.5528 0.0675
167.7401 50.5476 0.0636
167.7672 50.5425 0.0597
167.7942 50.5373 0.0562
167.8212 50.5321 0.0535
167.8482 50.5270 0.0511
167.8752 50.5218 0.0491
167.9022 50.5166 0.0463
167.9292 50.5114 0.0421
167.9562 50.5062 0.0369
167.9832 50.5010 0.0310
168.0102 50.4958 0.0263
168.0372 50.4906 0.0248
168.0641 50.4854 0.0267
168.0911 50.4801 0.0320
168.1180 50.4749 0.0382
168.1450 50.4697 0.0444
168.1719 50.4644 0.0502
168.1989 50.4592 0.0547
168.2258 50.4539 0.0565
168.4679 50.4063 0.0016
168.4948 50.4010 -0.0018
168.5216 50.3956 -0.0056
168.5485 50.3903 -0.0099
168.5754 50.3849 -0.0153
168.6022 50.3796 -0.0205
168.6290 50.3742 -0.0253
168.6559 50.3689 -0.0289
168.6827 50.3635 -0.0322
168.7095 50.3581 -0.0361
168.7363 50.3528 -0.0394
168.7632 50.3474 -0.0418
168.7900 50.3420 -0.0423
168.8168 50.3366 -0.0393
168.8436 50.3312 -0.0318
168.8703 50.3258 -0.0194
168.8971 50.3204 -0.0042
168.9239 50.3150 0.0114
168.9507 50.3095 0.0259
168.9774 50.3041 0.0376
169.0042 50.2987 0.0471
169.0309 50.2932 0.0536
169.0577 50.2878 0.0575
169.0844 50.2823 0.0594
169.1111 50.2768 0.0567
169.1379 50.2714 0.0499
169.1646 50.2659 0.0411
167.5588 50.6008 0.0865
167.5859 50.5957 0.0841
167.6129 50.5905 0.0824
167.6400 50.5854 0.0792
167.6671 50.5803 0.0758
167.6941 50.5752 0.0712
167.7212 50.5700 0.0665
167.7482 50.5649 0.0618
167.7753 50.5597 0.0576
167.8023 50.5545 0.0536
167.8293 50.5494 0.0502
167.8564 50.5442 0.0472
167.8834 50.5390 0.0448
167.9104 50.5338 0.0414
167.9374 50.5286 0.0371
167.9644 50.5234 0.0318
167.9914 50.5182 0.0264
168.0184 50.5130 0.0234
168.0454 50.5078 0.0237
168.0723 50.5026 0.0272
168.0993 50.4973 0.0331
168.1263 50.4921 0.0392
168.1532 50.4869 0.0451
168.1802 50.4816 0.0511
168.2071 50.4764 0.0552
168.2341 50.4711 0.0569
168.4762 50.4234 -0.0016
168.5031 50.4181 -0.0065
168.5300 50.4128 -0.0109
168.5569 50.4075 -0.0150
168.5837 50.4021 -0.0195
168.6106 50.3968 -0.0234
168.6374 50.3914 -0.0265
168.6643 50.3860 -0.0287
168.6911 50.3807 -0.0307
168.7179 50.3753 -0.0329
168.7448 50.3699 -0.0346
168.7716 50.3645 -0.0356
168.7984 50.3591 -0.0357
168.8252 50.3537 -0.0327
168.8520 50.3483 -0.0251
168.8788 50.3429 -0.0135
168.9056 50.3375 0.0003
168.9324 50.3321 0.0140
168.9591 50.3266 0.0265
168.9859 50.3212 0.0362
169.0127 50.3158 0.0441
169.0394 50.3103 0.0487
169.0662 50.3049 0.0504
169.0929 50.2994 0.0494
169.1197 50.2939 0.0459
169.1464 50.2885 0.0392
169.1731 50.2830 0.0321
167.5668 50.6180 0.0893
167.5939 50.6129 0.0853
167.6210 50.6078 0.0830
167.6481 50.6027 0.0792
167.6751 50.5975 0.0750
167.7022 50.5924 0.0697
167.7293 50.5872 0.0645
167.7563 50.5821 0.0595
167.7834 50.5769 0.0552
167.8104 50.5718 0.0513
167.8375 50.5666 0.0475
167.8645 50.5614 0.0439
167.8915 50.5562 0.0407
167.9185 50.5510 0.0365
167.9456 50.5459 0.0317
167.9726 50.5406 0.0264
167.9996 50.5354 0.0218
168.0266 50.5302 0.0198
168.0535 50.5250 0.0217
168.0805 50.5198 0.0262
168.1075 50.5145 0.0328
168.1345 50.5093 0.0392
168.1614 50.5041 0.0455
168.1884 50.4988 0.0516
168.2154 50.4935 0.0555
168.2423 50.4883 0.0562
168.3770 50.4619 0.0360
168.4846 50.4406 -0.0030
168.5115 50.4353 -0.0089
168.5383 50.4300 -0.0135
168.5652 50.4246 -0.0176
168.5921 50.4193 -0.0213
168.6190 50.4139 -0.0239
168.6458 50.4086 -0.0258
168.6727 50.4032 -0.0265
168.6995 50.3978 -0.0276
168.7263 50.3924 -0.0289
168.7532 50.3871 -0.0297
168.7800 50.3817 -0.0303
168.8068 50.3763 -0.0298
168.8336 50.3709 -0.0272
168.8605 50.3655 -0.0201
168.8873 50.3601 -0.0095
168.9141 50.3546 0.0028
168.9408 50.3492 0.0151
168.9676 50.3438 0.0254
168.9944 50.3383 0.0329
169.0212 50.3329 0.0382
169.0479 50.3274 0.0406
169.0747 50.3220 0.0405
169.1015 50.3165 0.0383
169.1282 50.3110 0.0337
169.1550 50.3056 0.0285
169.1817 50.3001 0.0233
167.5749 50.6353 0.0893
167.6020 50.6302 0.0852
167.6291 50.6250 0.0821
167.6561 50.6199 0.0774
167.6832 50.6148 0.0727
167.7103 50.6096 0.0669
167.7374 50.6045 0.0613
167.7644 50.5993 0.0559
167.7915 50.5942 0.0514
167.8186 50.5890 0.0473
167.8456 50.5838 0.0435
167.8726 50.5787 0.0392
167.8997 50.5735 0.0357
167.9267 50.5683 0.0311
167.9537 50.5631 0.0258
167.9807 50.5579 0.0210
168.0077 50.5527 0.0173
168.0348 50.5474 0.0166
168.0618 50.5422 0.0194
168.0887 50.5370 0.0246
168.1157 50.5317 0.0315
168.1427 50.5265 0.0381
168.1697 50.5213 0.0446
168.1967 50.5160 0.0505
168.2236 50.5107 0.0539
168.2506 50.5055 0.0546
168.4929 50.4578 -0.0016
168.5198 50.4525 -0.0078
168.5467 50.4471 -0.0130
168.5736 50.4418 -0.0174
168.6005 50.4364 -0.0207
168.6273 50.4311 -0.0224
168.6542 50.4257 -0.0231
168.6811 50.4203 -0.0234
168.7079 50.4150 -0.0238
168.7348 50.4096 -0.0244
168.7616 50.4042 -0.0245
168.7884 50.3988 -0.0249
168.8153 50.3934 -0.0248
168.8421 50.3880 -0.0223
168.8689 50.3826 -0.0157
168.8957 50.3772 -0.0061
168.9225 50.3718 0.0051
168.9493 50.3663 0.0151
168.9761 50.3609 0.0228
169.0029 50.3555 0.0279
169.0297 50.3500 0.0307
169.0565 50.3446 0.0315
169.0832 50.3391 0.0298
169.1100 50.3336 0.0269
169.1368 50.3282 0.0226
169.1635 50.3227 0.0180
169.1902 50.3172 0.0141
167.5829 50.6525 0.0866
167.6100 50.6474 0.0829
167.6371 50.6423 0.0794
167.6642 50.6372 0.0742
167.6913 50.6320 0.0693
167.7184 50.6269 0.0630
167.7455 50.6217 0.0570
167.7726 50.6166 0.0510
167.7996 50.6114 0.0463
167.8267 50.6062 0.0420
167.8537 50.6011 0.0380
167.8808 50.5959 0.0339
167.9078 50.5907 0.0299
167.9349 50.5855 0.0253
167.9619 50.5803 0.0200
167.9889 50.5751 0.0157
168.0159 50.5699 0.0133
168.0430 50.5647 0.0134
168.0700 50.5594 0.0166
168.0970 50.5542 0.0219
168.1240 50.5490 0.0287
168.1509 50.5437 0.0354
168.1779 50.5385 0.0422
168.2049 50.5332 0.0479
168.2319 50.5279 0.0510
168.2588 50.5227 0.0516
168.5013 50.4750 0.0010
168.5282 50.4696 -0.0056
168.5551 50.4643 -0.0106
168.5820 50.4589 -0.0149
168.6088 50.4536 -0.0177
168.6357 50.4482 -0.0186
168.6626 50.4429 -0.0184
168.6895 50.4375 -0.0181
168.7163 50.4321 -0.0181
168.7432 50.4267 -0.0185
168.7700 50.4213 -0.0189
168.7969 50.4160 -0.0196
168.8237 50.4106 -0.0195
168.8506 50.4051 -0.0177
168.8774 50.3997 -0.0120
168.9042 50.3943 -0.0032
168.9310 50.3889 0.0065
168.9578 50.3835 0.0144
168.9846 50.3780 0.0200
169.0114 50.3726 0.0226
169.0382 50.3671 0.0232
169.0650 50.3617 0.0221
169.0918 50.3562 0.0197
169.1185 50.3507 0.0163
169.1453 50.3453 0.0127
169.1721 50.3398 0.0087
169.1988 50.3343 0.0053
167.5910 50.6698 0.0826
167.6181 50.6647 0.0783
167.6452 50.6595 0.0742
167.6723 50.6544 0.0686
167.6994 50.6493 0.0632
167.7265 50.6441 0.0571
167.7536 50.6390 0.0506
167.7807 50.6338 0.0445
167.8078 50.6286 0.0394
167.8348 50.6235 0.0349
167.8619 50.6183 0.0309
167.8889 50.6131 0.0270
167.9160 50.6079 0.0234
167.9430 50.6027 0.0190
167.9701 50.5975 0.0144
167.9971 50.5923 0.0110
168.0241 50.5871 0.0095
168.0512 50.5819 0.0105
168.0782 50.5766 0.0139
168.1052 50.5714 0.0189
168.1322 50.5662 0.0250
168.1592 50.5609 0.0318
168.1862 50.5557 0.0384
168.2132 50.5504 0.0442
168.2402 50.5451 0.0472
168.2671 50.5399 0.0477
168.5096 50.4921 0.0048
168.5365 50.4868 -0.0016
168.5634 50.4814 -0.0068
168.5903 50.4761 -0.0111
168.6172 50.4707 -0.0131
168.6441 50.4654 -0.0132
168.6710 50.4600 -0.0124
168.6979 50.4546 -0.0118
168.7248 50.4493 -0.0115
168.7516 50.4439 -0.0120
168.7785 50.4385 -0.0127
168.8053 50.4331 -0.0137
168.8322 50.4277 -0.0143
168.8590 50.4223 -0.0132
168.8859 50.4169 -0.0084
168.9127 50.4114 -0.0014
168.9395 50.4060 0.0068
168.9663 50.4006 0.0129
168.9931 50.3951 0.0162
169.0199 50.3897 0.0169
169.0467 50.3842 0.0156
169.0735 50.3788 0.0134
169.1003 50.3733 0.0109
169.1271 50.3678 0.0079
169.1539 50.3624 0.0049
169.1806 50.3569 0.0011
169.2074 50.3514 -0.0025
167.5991 50.6870 0.0787
167.6262 50.6819 0.0730
167.6533 50.6768 0.0684
167.6804 50.6716 0.0621
167.7075 50.6665 0.0562
167.7346 50.6614 0.0500
167.7617 50.6562 0.0432
167.7888 50.6510 0.0369
167.8159 50.6459 0.0314
167.8430 50.6407 0.0268
167.8700 50.6355 0.0229
167.8971 50.6303 0.0194
167.9242 50.6251 0.0162
167.9512 50.6199 0.0124
167.9783 50.6147 0.0086
168.0053 50.6095 0.0064
168.0324 50.6043 0.0060
168.0594 50.5991 0.0077
168.0864 50.5938 0.0111
168.1134 50.5886 0.0155
168.1404 50.5834 0.0210
168.1674 50.5781 0.0273
168.1944 50.5729 0.0337
168.2214 50.5676 0.0395
168.2484 50.5623 0.0422
168.2754 50.5570 0.0430
168.4102 50.5306 0.0560
168.5180 50.5093 0.0086
168.5449 50.5040 0.0023
168.5718 50.4986 -0.0027
168.5987 50.4933 -0.0063
168.6256 50.4879 -0.0079
168.6525 50.4825 -0.0074
168.6794 50.4772 -0.0060
168.7063 50.4718 -0.0053
168.7332 50.4664 -0.0051
168.7601 50.4610 -0.0060
168.7869 50.4556 -0.0071
168.8138 50.4502 -0.0089
168.8406 50.4448 -0.0098
168.8675 50.4394 -0.0091
168.8943 50.4340 -0.0054
168.9212 50.4286 0.0000
168.9480 50.4231 0.0061
168.9748 50.4177 0.0105
169.0016 50.4123 0.0118
169.0285 50.4068 0.0110
169.0553 50.4014 0.0089
169.0821 50.3959 0.0061
169.1089 50.3904 0.0036
169.1356 50.3850 0.0012
169.1624 50.3795 -0.0020
169.1892 50.3740 -0.0054
169.2160 50.3685 -0.0093
167.6071 50.7043 0.0730
167.6343 50.6992 0.0668
167.6614 50.6940 0.0616
167.6885 50.6889 0.0543
167.7156 50.6837 0.0478
167.7427 50.6786 0.0410
167.7698 50.6734 0.0340
167.7969 50.6683 0.0272
167.8240 50.6631 0.0216
167.8511 50.6579 0.0167
167.8782 50.6527 0.0131
167.9053 50.6476 0.0103
167.9324 50.6424 0.0079
167.9594 50.6372 0.0053
167.9865 50.6319 0.0026
168.0135 50.6267 0.0016
168.0406 50.6215 0.0023
168.0676 50.6163 0.0046
168.0946 50.6110 0.0082
168.1217 50.6058 0.0124
168.1487 50.6006 0.0175
168.1757 50.5953 0.0231
168.2027 50.5900 0.0290
168.2297 50.5848 0.0346
168.2567 50.5795 0.0378
168.2837 50.5742 0.0391
168.5264 50.5265 0.0115
168.5533 50.5211 0.0063
168.5802 50.5158 0.0015
168.6071 50.5104 -0.0018
168.6340 50.5051 -0.0028
168.6609 50.4997 -0.0023
168.6878 50.4943 -0.0010
168.7147 50.4889 -0.0005
168.7416 50.4836 -0.0007
168.7685 50.4782 -0.0023
168.7954 50.4728 -0.0042
168.8223 50.4674 -0.0059
168.8491 50.4620 -0.0069
168.8760 50.4566 -0.0064
168.9028 50.4511 -0.0036
168.9297 50.4457 0.0002
168.9565 50.4403 0.0041
168.9833 50.4348 0.0068
169.0102 50.4294 0.0070
169.0370 50.4239 0.0054
169.0638 50.4185 0.0028
169.0906 50.4130 0.0002
169.1174 50.4075 -0.0022
169.1442 50.4021 -0.0042
169.1710 50.3966 -0.0068
169.1978 50.3911 -0.0098
169.2246 50.3856 -0.0141
167.6152 50.7215 0.0674
167.6424 50.7164 0.0606
167.6695 50.7113 0.0544
167.6966 50.7061 0.0465
167.7237 50.7010 0.0390
167.7509 50.6958 0.0314
167.7780 50.6907 0.0240
167.8051 50.6855 0.0169
167.8322 50.6803 0.0108
167.8593 50.6752 0.0054
167.8864 50.6700 0.0021
167.9135 50.6648 0.0001
167.9405 50.6596 -0.0013
167.9676 50.6544 -0.0024
167.9947 50.6492 -0.0036
168.0217 50.6439 -0.0032
168.0488 50.6387 -0.0012
168.0758 50.6335 0.0019
168.1029 50.6283 0.0059
168.1299 50.6230 0.0102
168.1569 50.6178 0.0150
168.1840 50.6125 0.0202
168.2110 50.6072 0.0259
168.2380 50.6020 0.0313
168.2650 50.5967 0.0345
168.2920 50.5914 0.0362
168.5347 50.5436 0.0138
168.5617 50.5383 0.0092
168.5886 50.5329 0.0051
168.6155 50.5276 0.0019
168.6425 50.5222 0.0008
168.6694 50.5168 0.0011
168.6963 50.5115 0.0018
168.7232 50.5061 0.0013
168.7501 50.5007 0.0002
168.7770 50.4953 -0.0021
168.8038 50.4899 -0.0044
168.8307 50.4845 -0.0062
168.8576 50.4791 -0.0071
168.8845 50.4737 -0.0064
168.9113 50.4683 -0.0039
168.9382 50.4628 -0.0011
168.9650 50.4574 0.0018
168.9919 50.4520 0.0029
169.0187 50.4465 0.0021
169.0455 50.4410 -0.0005
169.0724 50.4356 -0.0034
169.0992 50.4301 -0.0054
169.1260 50.4246 -0.0073
169.1528 50.4192 -0.0088
169.1796 50.4137 -0.0107
169.2064 50.4082 -0.0142
169.2332 50.4027 -0.0181
167.6233 50.7388 0.0614
167.6505 50.7337 0.0540
167.6776 50.7285 0.0473
167.7047 50.7234 0.0383
167.7319 50.7182 0.0302
167.7590 50.7131 0.0218
167.7861 50.7079 0.0136
167.8132 50.7027 0.0059
167.8404 50.6976 -0.0008
167.8675 50.6924 -0.0060
167.8946 50.6872 -0.0091
167.9216 50.6820 -0.0102
167.9487 50.6768 -0.0104
167.9758 50.6716 -0.0099
168.0029 50.6664 -0.0093
168.0300 50.6612 -0.0075
168.0570 50.6559 -0.0046
168.0841 50.6507 -0.0009
168.1111 50.6455 0.0037
168.1382 50.6402 0.0082
168.1652 50.6350 0.0129
168.1922 50.6297 0.0180
168.2193 50.6244 0.0234
168.2463 50.6192 0.0289
168.2733 50.6139 0.0326
168.3003 50.6086 0.0351
168.4353 50.5821 0.0650
168.5431 50.5608 0.0151
168.5701 50.5554 0.0111
168.5970 50.5501 0.0070
168.6239 50.5447 0.0036
168.6509 50.5394 0.0022
168.6778 50.5340 0.0015
168.7047 50.5286 0.0013
168.7316 50.5232 -0.0001
168.7585 50.5179 -0.0021
168.7854 50.5125 -0.0051
168.8123 50.5071 -0.0076
168.8392 50.5016 -0.0093
168.8661 50.4962 -0.0098
168.8930 50.4908 -0.0089
168.9198 50.4854 -0.0068
168.9467 50.4800 -0.0044
168.9735 50.4745 -0.0026
169.0004 50.4691 -0.0022
169.0272 50.4636 -0.0038
169.0541 50.4582 -0.0069
169.0809 50.4527 -0.0100
169.1077 50.4472 -0.0121
169.1345 50.4418 -0.0131
169.1614 50.4363 -0.0137
169.1882 50.4308 -0.0152
169.2150 50.4253 -0.0185
169.2418 50.4198 -0.0238
167.6314 50.7560 0.0545
167.6586 50.7509 0.0470
167.6857 50.7458 0.0399
167.7129 50.7406 0.0304
167.7400 50.7355 0.0214
167.7671 50.7303 0.0121
167.7943 50.7251 0.0032
167.8214 50.7200 -0.0051
167.8485 50.7148 -0.0120
167.8756 50.7096 -0.0169
167.9027 50.7044 -0.0193
167.9298 50.6992 -0.0195
167.9569 50.6940 -0.0183
167.9840 50.6888 -0.0164
168.0111 50.6836 -0.0143
168.0382 50.6784 -0.0113
168.0653 50.6731 -0.0074
168.0923 50.6679 -0.0033
168.1194 50.6627 0.0015
168.1464 50.6574 0.0064
168.1735 50.6522 0.0111
168.2005 50.6469 0.0160
168.2276 50.6416 0.0215
168.2546 50.6364 0.0271
168.2816 50.6311 0.0315
168.3086 50.6258 0.0347
168.5515 50.5780 0.0166
168.5785 50.5726 0.0122
168.6054 50.5672 0.0081
168.6324 50.5619 0.0041
168.6593 50.5565 0.0019
168.6862 50.5511 -0.0002
168.7132 50.5458 -0.0018
168.7401 50.5404 -0.0047
168.7670 50.5350 -0.0078
168.7939 50.5296 -0.0114
168.8208 50.5242 -0.0142
168.8477 50.5188 -0.0158
168.8746 50.5134 -0.0159
168.9015 50.5079 -0.0149
168.9283 50.5025 -0.0124
168.9552 50.4971 -0.0101
168.9821 50.4916 -0.0086
169.0089 50.4862 -0.0088
169.0358 50.4807 -0.0110
169.0626 50.4753 -0.0141
169.0895 50.4698 -0.0171
169.1163 50.4643 -0.0186
169.1431 50.4589 -0.0188
169.1699 50.4534 -0.0185
169.1968 50.4479 -0.0195
169.2236 50.4424 -0.0229
169.2504 50.4369 -0.0271
167.6395 50.7733 0.0487
167.6667 50.7681 0.0408
167.6938 50.7630 0.0333
167.7210 50.7579 0.0229
167.7481 50.7527 0.0131
167.7753 50.7475 0.0030
167.8024 50.7424 -0.0063
167.8296 50.7372 -0.0145
167.8567 50.7320 -0.0211
167.8838 50.7268 -0.0257
167.9109 50.7216 -0.0274
167.9380 50.7164 -0.0264
167.9651 50.7112 -0.0242
167.9922 50.7060 -0.0213
168.0193 50.7008 -0.0180
168.0464 50.6956 -0.0142
168.0735 50.6903 -0.0097
168.1006 50.6851 -0.0052
168.1276 50.6799 -0.0003
168.1547 50.6746 0.0046
168.1818 50.6694 0.0091
168.2088 50.6641 0.0141
168.2359 50.6588 0.0196
168.2629 50.6536 0.0256
168.2899 50.6483 0.0307
168.3169 50.6430 0.0348
168.5599 50.5951 0.0167
168.5869 50.5898 0.0126
168.6138 50.5844 0.0081
168.6408 50.5790 0.0034
168.6677 50.5737 -0.0002
168.6947 50.5683 -0.0034
168.7216 50.5629 -0.0070
168.7485 50.5575 -0.0108
168.7755 50.5521 -0.0147
168.8024 50.5467 -0.0185
168.8293 50.5413 -0.0217
168.8562 50.5359 -0.0235
168.8831 50.5305 -0.0236
168.9100 50.5251 -0.0222
168.9369 50.5196 -0.0194
168.9637 50.5142 -0.0167
168.9906 50.5088 -0.0154
169.0175 50.5033 -0.0157
169.0443 50.4979 -0.0178
169.0712 50.4924 -0.0206
169.0980 50.4869 -0.0230
169.1249 50.4815 -0.0235
169.1517 50.4760 -0.0229
169.1785 50.4705 -0.0220
169.2054 50.4650 -0.0227
169.2322 50.4595 -0.0251
169.2590 50.4540 -0.0292
167.6476 50.7905 0.0430
167.6748 50.7854 0.0348
167.7020 50.7802 0.0265
167.7291 50.7751 0.0153
167.7563 50.7699 0.0048
167.7834 50.7648 -0.0057
167.8106 50.7596 -0.0151
167.8377 50.7544 -0.0234
167.8649 50.7492 -0.0298
167.8920 50.7441 -0.0338
167.9191 50.7389 -0.0348
167.9462 50.7337 -0.0324
167.9734 50.7284 -0.0291
168.0005 50.7232 -0.0253
168.0276 50.7180 -0.0210
168.0547 50.7128 -0.0166
168.0817 50.7076 -0.0117
168.1088 50.7023 -0.0070
168.1359 50.6971 -0.0021
168.1630 50.6918 0.0025
168.1900 50.6866 0.0070
168.2171 50.6813 0.0122
168.2442 50.6760 0.0183
168.2712 50.6707 0.0249
168.2982 50.6655 0.0305
168.3253 50.6602 0.0347
168.5683 50.6123 0.0160
168.5953 50.6069 0.0121
168.6223 50.6016 0.0073
168.6492 50.5962 0.0022
168.6762 50.5908 -0.0026
168.7031 50.5854 -0.0076
168.7301 50.5801 -0.0127
168.7570 50.5747 -0.0175
168.7839 50.5693 -0.0219
168.8108 50.5639 -0.0265
168.8378 50.5585 -0.0301
168.8647 50.5531 -0.0322
168.8916 50.5476 -0.0319
168.9185 50.5422 -0.0300
168.9454 50.5368 -0.0263
168.9723 50.5313 -0.0231
168.9991 50.5259 -0.0215
169.0260 50.5204 -0.0214
169.0529 50.5150 -0.0230
169.0798 50.5095 -0.0250
169.1066 50.5040 -0.0260
169.1335 50.4986 -0.0254
169.1603 50.4931 -0.0240
169.1871 50.4876 -0.0228
169.2140 50.4821 -0.0230
169.2408 50.4766 -0.0243
169.2676 50.4711 -0.0258
167.6557 50.8078 0.0383
167.6829 50.8026 0.0288
167.7101 50.7975 0.0196
167.7373 50.7923 0.0074
167.7644 50.7872 -0.0041
167.7916 50.7820 -0.0147
167.8188 50.7768 -0.0242
167.8459 50.7717 -0.0324
167.8731 50.7665 -0.0384
167.9002 50.7613 -0.0415
167.9273 50.7561 -0.0410
167.9545 50.7509 -0.0376
167.9816 50.7457 -0.0331
168.0087 50.7404 -0.0280
168.0358 50.7352 -0.0227
168.0629 50.7300 -0.0178
168.0900 50.7248 -0.0128
168.1171 50.7195 -0.0081
168.1442 50.7143 -0.0034
168.1713 50.7090 0.0011
168.1983 50.7038 0.0055
168.2254 50.6985 0.0106
168.2525 50.6932 0.0169
168.2795 50.6879 0.0239
168.3066 50.6826 0.0298
168.3336 50.6774 0.0354
168.4687 50.6508 0.0830
168.5767 50.6294 0.0136
168.6037 50.6241 0.0096
168.6307 50.6187 0.0051
168.6576 50.6134 -0.0003
168.6846 50.6080 -0.0057
168.7116 50.6026 -0.0117
168.7385 50.5972 -0.0180
168.7655 50.5918 -0.0236
168.7924 50.5864 -0.0288
168.8193 50.5810 -0.0340
168.8463 50.5756 -0.0382
168.8732 50.5702 -0.0402
168.9001 50.5648 -0.0393
168.9270 50.5593 -0.0362
168.9539 50.5539 -0.0319
168.9808 50.5485 -0.0283
169.0077 50.5430 -0.0261
169.0346 50.5375 -0.0256
169.0615 50.5321 -0.0260
169.0883 50.5266 -0.0266
169.1152 50.5211 -0.0259
169.1420 50.5157 -0.0238
169.1689 50.5102 -0.0223
169.1957 50.5047 -0.0207
169.2226 50.4992 -0.0205
169.2494 50.4937 -0.0199
169.2762 50.4882 -0.0191
167.6638 50.8250 0.0350
167.6910 50.8199 0.0243
167.7182 50.8147 0.0141
167.7454 50.8096 0.0008
167.7726 50.8044 -0.0116
167.7998 50.7992 -0.0226
167.8269 50.7941 -0.0324
167.8541 50.7889 -0.0406
167.8813 50.7837 -0.0457
167.9084 50.7785 -0.0479
167.9355 50.7733 -0.0462
167.9627 50.7681 -0.0415
167.9898 50.7629 -0.0355
168.0169 50.7577 -0.0292
168.0441 50.7524 -0.0232
168.0712 50.7472 -0.0176
168.0983 50.7420 -0.0124
168.1254 50.7367 -0.0077
168.1525 50.7315 -0.0035
168.1796 50.7262 0.0006
168.2066 50.7209 0.0042
168.2337 50.7157 0.0089
168.2608 50.7104 0.0147
168.2878 50.7051 0.0218
168.3149 50.6998 0.0287
168.3420 50.6945 0.0350
168.5851 50.6466 0.0084
168.6121 50.6412 0.0044
168.6391 50.6359 0.0000
168.6661 50.6305 -0.0050
168.6931 50.6251 -0.0109
168.7200 50.6197 -0.0171
168.7470 50.6144 -0.0239
168.7739 50.6090 -0.0303
168.8009 50.6036 -0.0364
168.8278 50.5982 -0.0417
168.8548 50.5927 -0.0457
168.8817 50.5873 -0.0471
168.9086 50.5819 -0.0451
168.9355 50.5765 -0.0415
168.9624 50.5710 -0.0367
168.9894 50.5656 -0.0328
169.0162 50.5601 -0.0301
169.0431 50.5547 -0.0284
169.0700 50.5492 -0.0272
169.0969 50.5437 -0.0257
169.1238 50.5383 -0.0231
169.1506 50.5328 -0.0202
169.1775 50.5273 -0.0179
169.2044 50.5218 -0.0163
169.2312 50.5163 -0.0154
169.2580 50.5108 -0.0143
169.2849 50.5053 -0.0121
167.6720 50.8423 0.0333
167.6992 50.8371 0.0214
167.7264 50.8320 0.0100
167.7536 50.8268 -0.0047
167.7808 50.8216 -0.0183
167.8079 50.8165 -0.0301
167.8351 50.8113 -0.0401
167.8623 50.8061 -0.0482
167.8895 50.8009 -0.0526
167.9166 50.7957 -0.0535
167.9438 50.7905 -0.0504
167.9709 50.7853 -0.0440
167.9980 50.7801 -0.0369
168.0252 50.7749 -0.0296
168.0523 50.7696 -0.0223
168.0794 50.7644 -0.0160
168.1065 50.7592 -0.0106
168.1336 50.7539 -0.0061
168.1608 50.7487 -0.0020
168.1878 50.7434 0.0014
168.2149 50.7381 0.0041
168.2420 50.7329 0.0075
168.2691 50.7276 0.0124
168.2962 50.7223 0.0202
168.3232 50.7170 0.0269
168.3503 50.7117 0.0343
168.5936 50.6638 0.0010
168.6206 50.6584 -0.0038
168.6476 50.6530 -0.0079
168.6745 50.6477 -0.0125
168.7015 50.6423 -0.0177
168.7285 50.6369 -0.0234
168.7555 50.6315 -0.0298
168.7824 50.6261 -0.0364
168.8094 50.6207 -0.0426
168.8363 50.6153 -0.0480
168.8633 50.6099 -0.0516
168.8902 50.6044 -0.0520
168.9171 50.5990 -0.0492
168.9441 50.5936 -0.0448
168.9710 50.5881 -0.0400
168.9979 50.5827 -0.0358
169.0248 50.5772 -0.0327
169.0517 50.5718 -0.0300
169.0786 50.5663 -0.0273
169.1055 50.5608 -0.0239
169.1324 50.5554 -0.0195
169.1592 50.5499 -0.0153
169.1861 50.5444 -0.0124
169.2130 50.5389 -0.0104
169.2398 50.5334 -0.0093
169.2667 50.5279 -0.0079
169.2935 50.5224 -0.0048
167.6801 50.8595 0.0309
167.7073 50.8544 0.0190
167.7345 50.8492 0.0065
167.7617 50.8440 -0.0093
167.7889 50.8389 -0.0243
167.8161 50.8337 -0.0374
167.8433 50.8285 -0.0476
167.8705 50.8233 -0.0552
167.8977 50.8181 -0.0583
167.9248 50.8129 -0.0575
167.9520 50.8077 -0.0525
167.9791 50.8025 -0.0445
168.0063 50.7973 -0.0356
168.0334 50.7921 -0.0268
168.0606 50.7869 -0.0186
168.0877 50.7816 -0.0119
168.1148 50.7764 -0.0066
168.1419 50.7711 -0.0024
168.1690 50.7659 0.0009
168.1962 50.7606 0.0035
168.2233 50.7553 0.0049
168.2503 50.7501 0.0071
168.2774 50.7448 0.0118
168.3045 50.7395 0.0194
168.3316 50.7342 0.0265
168.3587 50.7289 0.0355
168.6020 50.6809 -0.0075
168.6290 50.6756 -0.0130
168.6560 50.6702 -0.0172
168.6830 50.6648 -0.0215
168.7100 50.6594 -0.0258
168.7370 50.6540 -0.0311
168.7640 50.6486 -0.0368
168.7909 50.6432 -0.0427
168.8179 50.6378 -0.0482
168.8448 50.6324 -0.0526
168.8718 50.6270 -0.0550
168.8987 50.6216 -0.0545
168.9257 50.6161 -0.0511
168.9526 50.6107 -0.0464
168.9795 50.6053 -0.0414
169.0065 50.5998 -0.0373
169.0334 50.5944 -0.0340
169.0603 50.5889 -0.0307
169.0872 50.5834 -0.0265
169.1141 50.5780 -0.0216
169.1410 50.5725 -0.0156
169.1679 50.5670 -0.0100
169.1947 50.5615 -0.0063
169.2216 50.5560 -0.0042
169.2485 50.5505 -0.0027
169.2753 50.5450 -0.0012
169.3022 50.5395 0.0020
167.6883 50.8768 0.0270
167.7155 50.8716 0.0153
167.7427 50.8664 0.0027
167.7699 50.8613 -0.0142
167.7971 50.8561 -0.0302
167.8243 50.8509 -0.0439
167.8515 50.8458 -0.0539
167.8787 50.8406 -0.0603
167.9059 50.8354 -0.0613
167.9330 50.8302 -0.0584
167.9602 50.8250 -0.0513
167.9874 50.8197 -0.0412
168.0145 50.8145 -0.0306
168.0417 50.8093 -0.0206
168.0688 50.8041 -0.0120
168.0960 50.7988 -0.0053
168.1231 50.7936 -0.0005
168.1502 50.7883 0.0032
168.1773 50.7831 0.0055
168.2045 50.7778 0.0066
168.2316 50.7725 0.0069
168.2587 50.7673 0.0085
168.2858 50.7620 0.0121
168.3129 50.7567 0.0193
168.3399 50.7514 0.0284
168.3670 50.7461 0.0365
168.5023 50.7195 0.0490
168.6104 50.6981 -0.0160
168.6375 50.6927 -0.0213
168.6645 50.6873 -0.0256
168.6915 50.6820 -0.0298
168.7185 50.6766 -0.0339
168.7455 50.6712 -0.0387
168.7724 50.6658 -0.0434
168.7994 50.6604 -0.0480
168.8264 50.6550 -0.0516
168.8534 50.6496 -0.0539
168.8803 50.6441 -0.0548
168.9073 50.6387 -0.0533
168.9342 50.6333 -0.0502
168.9612 50.6278 -0.0456
168.9881 50.6224 -0.0410
169.0150 50.6169 -0.0369
169.0420 50.6115 -0.0330
169.0689 50.6060 -0.0289
169.0958 50.6005 -0.0239
169.1227 50.5951 -0.0177
169.1496 50.5896 -0.0106
169.1765 50.5841 -0.0047
169.2034 50.5786 -0.0001
169.2302 50.5731 0.0028
169.2571 50.5676 0.0043
169.2840 50.5621 0.0059
169.3108 50.5565 0.0088
167.6964 50.8940 0.0239
167.7236 50.8888 0.0113
167.7509 50.8837 -0.0021
167.7781 50.8785 -0.0193
167.8053 50.8733 -0.0362
167.8325 50.8682 -0.0499
167.8597 50.8630 -0.0588
167.8869 50.8578 -0.0632
167.9141 50.8526 -0.0621
167.9413 50.8474 -0.0565
167.9685 50.8422 -0.0472
167.9956 50.8370 -0.0357
168.0228 50.8317 -0.0237
168.0500 50.8265 -0.0128
168.0771 50.8213 -0.0041
168.1043 50.8160 0.0022
168.1314 50.8108 0.0058
168.1585 50.8055 0.0084
168.1857 50.8003 0.0094
168.2128 50.7950 0.0095
168.2399 50.7897 0.0086
168.2670 50.7844 0.0093
168.2941 50.7792 0.0125
168.3212 50.7739 0.0188
168.3483 50.7686 0.0271
168.3754 50.7633 0.0317
168.6189 50.7152 -0.0239
168.6459 50.7099 -0.0294
168.6729 50.7045 -0.0336
168.6999 50.6991 -0.0379
168.7270 50.6937 -0.0422
168.7540 50.6883 -0.0469
168.7809 50.6829 -0.0504
168.8079 50.6775 -0.0527
168.8349 50.6721 -0.0535
168.8619 50.6667 -0.0535
168.8889 50.6613 -0.0526
168.9158 50.6558 -0.0509
168.9428 50.6504 -0.0480
168.9697 50.6450 -0.0441
168.9967 50.6395 -0.0395
169.0236 50.6341 -0.0355
169.0505 50.6286 -0.0310
169.0775 50.6231 -0.0260
169.1044 50.6176 -0.0203
169.1313 50.6122 -0.0134
169.1582 50.6067 -0.0063
169.1851 50.6012 -0.0004
169.2120 50.5957 0.0049
169.2389 50.5902 0.0079
169.2658 50.5847 0.0096
169.2926 50.5792 0.0108
169.3195 50.5736 0.0133
167.7046 50.9112 0.0198
167.7318 50.9061 0.0063
167.7590 50.9009 -0.0076
167.7863 50.8957 -0.0250
167.8135 50.8906 -0.0413
167.8407 50.8854 -0.0538
167.8679 50.8802 -0.0615
167.8951 50.8750 -0.0638
167.9223 50.8698 -0.0606
167.9495 50.8646 -0.0530
167.9767 50.8594 -0.0420
168.0039 50.8542 -0.0289
168.0311 50.8489 -0.0163
168.0582 50.8437 -0.0049
168.0854 50.8385 0.0034
168.1125 50.8332 0.0086
168.1397 50.8280 0.0110
168.1668 50.8227 0.0121
168.1940 50.8175 0.0120
168.2211 50.8122 0.0110
168.2482 50.8069 0.0091
168.2754 50.8016 0.0083
168.3025 50.7963 0.0099
168.3296 50.7910 0.0145
168.3567 50.7857 0.0196
168.3838 50.7804 0.0221
168.6273 50.7324 -0.0324
168.6544 50.7270 -0.0374
168.6814 50.7216 -0.0414
168.7084 50.7163 -0.0453
168.7354 50.7109 -0.0496
168.7625 50.7055 -0.0538
168.7895 50.7001 -0.0558
168.8164 50.6947 -0.0561
168.8434 50.6892 -0.0545
168.8704 50.6838 -0.0519
168.8974 50.6784 -0.0503
168.9244 50.6730 -0.0482
168.9513 50.6675 -0.0460
168.9783 50.6621 -0.0428
169.0052 50.6566 -0.0385
169.0322 50.6512 -0.0337
169.0591 50.6457 -0.0288
169.0861 50.6402 -0.0233
169.1130 50.6348 -0.0170
169.1399 50.6293 -0.0102
169.1668 50.6238 -0.0032
169.1937 50.6183 0.0028
169.2206 50.6128 0.0077
169.2475 50.6073 0.0107
169.2744 50.6018 0.0126
169.3013 50.5962 0.0146
169.3282 50.5907 0.0159
167.7127 50.9285 0.0158
167.7400 50.9233 0.0009
167.7672 50.9182 -0.0133
167.7945 50.9130 -0.0300
167.8217 50.9078 -0.0451
167.8489 50.9026 -0.0562
167.8761 50.8974 -0.0625
167.9034 50.8922 -0.0637
167.9306 50.8870 -0.0588
167.9578 50.8818 -0.0492
167.9850 50.8766 -0.0362
168.0121 50.8714 -0.0218
168.0393 50.8662 -0.0084
168.0665 50.8609 0.0027
168.0937 50.8557 0.0100
168.1208 50.8504 0.0137
168.1480 50.8452 0.0148
168.1752 50.8399 0.0148
168.2023 50.8347 0.0136
168.2294 50.8294 0.0115
168.2566 50.8241 0.0084
168.2837 50.8188 0.0061
168.3108 50.8135 0.0063
168.3379 50.8082 0.0090
168.3650 50.8029 0.0110
168.3922 50.7976 0.0116
168.5276 50.7710 0.0010
168.6358 50.7495 -0.0406
168.6628 50.7442 -0.0448
168.6899 50.7388 -0.0480
168.7169 50.7334 -0.0515
168.7439 50.7280 -0.0552
168.7710 50.7226 -0.0584
168.7980 50.7172 -0.0592
168.8250 50.7118 -0.0574
168.8520 50.7064 -0.0540
168.8790 50.7010 -0.0502
168.9059 50.6955 -0.0474
168.9329 50.6901 -0.0453
168.9599 50.6847 -0.0429
168.9869 50.6792 -0.0399
169.0138 50.6737 -0.0360
169.0408 50.6683 -0.0315
169.0677 50.6628 -0.0270
169.0947 50.6573 -0.0215
169.1216 50.6519 -0.0153
169.1485 50.6464 -0.0090
169.1755 50.6409 -0.0024
169.2024 50.6354 0.0032
169.2293 50.6299 0.0077
169.2562 50.6244 0.0107
169.2831 50.6189 0.0132
169.3100 50.6133 0.0151
169.3369 50.6078 0.0176
167.7209 50.9457 0.0100
167.7482 50.9406 -0.0049
167.7754 50.9354 -0.0195
167.8027 50.9302 -0.0347
167.8299 50.9250 -0.0480
167.8571 50.9198 -0.0576
167.8844 50.9147 -0.0625
167.9116 50.9095 -0.0624
167.9388 50.9043 -0.0557
167.9660 50.8990 -0.0440
167.9932 50.8938 -0.0293
168.0204 50.8886 -0.0136
168.0476 50.8834 0.0001
168.0748 50.8781 0.0104
168.1020 50.8729 0.0163
168.1291 50.8676 0.0182
168.1563 50.8624 0.0180
168.1835 50.8571 0.0167
168.2106 50.8519 0.0146
168.2378 50.8466 0.0114
168.2649 50.8413 0.0074
168.2921 50.8360 0.0037
168.3192 50.8307 0.0019
168.3463 50.8254 0.0026
168.3734 50.8201 0.0025
168.4005 50.8148 0.0011
168.6443 50.7667 -0.0488
168.6713 50.7613 -0.0514
168.6984 50.7559 -0.0536
168.7254 50.7505 -0.0563
168.7524 50.7452 -0.0592
168.7795 50.7398 -0.0611
168.8065 50.7343 -0.0601
168.8335 50.7289 -0.0567
168.8605 50.7235 -0.0520
168.8875 50.7181 -0.0471
168.9145 50.7127 -0.0434
168.9415 50.7072 -0.0404
168.9685 50.7018 -0.0373
168.9954 50.6963 -0.0340
169.0224 50.6909 -0.0309
169.0494 50.6854 -0.0273
169.0763 50.6799 -0.0239
169.1033 50.6745 -0.0193
169.1302 50.6690 -0.0141
169.1572 50.6635 -0.0085
169.1841 50.6580 -0.0027
169.2110 50.6525 0.0025
169.2380 50.6470 0.0064
169.2649 50.6415 0.0099
169.2918 50.6360 0.0126
169.3187 50.6304 0.0151
169.3456 50.6249 0.0175
167.7291 50.9630 0.0037
167.7563 50.9578 -0.0113
167.7836 50.9526 -0.0253
167.8109 50.9474 -0.0388
167.8381 50.9423 -0.0505
167.8654 50.9371 -0.0584
167.8926 50.9319 -0.0618
167.9198 50.9267 -0.0598
167.9471 50.9215 -0.0519
167.9743 50.9163 -0.0385
168.0015 50.9110 -0.0217
168.0287 50.9058 -0.0051
168.0559 50.9006 0.0084
168.0831 50.8953 0.0174
168.1103 50.8901 0.0215
168.1375 50.8848 0.0221
168.1646 50.8796 0.0207
168.1918 50.8743 0.0182
168.2190 50.8690 0.0150
168.2461 50.8638 0.0111
168.2733 50.8585 0.0061
168.3004 50.8532 0.0014
168.3276 50.8479 -0.0018
168.3547 50.8426 -0.0034
168.3818 50.8373 -0.0057
168.4089 50.8320 -0.0077
168.6528 50.7839 -0.0566
168.6798 50.7785 -0.0584
168.7069 50.7731 -0.0598
168.7339 50.7677 -0.0612
168.7610 50.7623 -0.0623
168.7880 50.7569 -0.0624
168.8150 50.7515 -0.0599
168.8420 50.7461 -0.0551
168.8691 50.7406 -0.0487
168.8961 50.7352 -0.0424
168.9231 50.7298 -0.0372
168.9501 50.7243 -0.0323
168.9771 50.7189 -0.0283
169.0040 50.7134 -0.0250
169.0310 50.7080 -0.0223
169.0580 50.7025 -0.0200
169.0850 50.6970 -0.0179
169.1119 50.6916 -0.0151
169.1389 50.6861 -0.0112
169.1658 50.6806 -0.0070
169.1928 50.6751 -0.0021
169.2197 50.6696 0.0022
169.2466 50.6641 0.0063
169.2735 50.6586 0.0095
169.3005 50.6530 0.0133
169.3274 50.6475 0.0166
169.3543 50.6420 0.0201
167.7373 50.9802 -0.0027
167.7645 50.9750 -0.0173
167.7918 50.9699 -0.0301
167.8191 50.9647 -0.0427
167.8463 50.9595 -0.0525
167.8736 50.9543 -0.0581
167.9008 50.9491 -0.0595
167.9281 50.9439 -0.0561
167.9553 50.9387 -0.0466
167.9825 50.9335 -0.0317
168.0098 50.9283 -0.0140
168.0370 50.9230 0.0029
168.0642 50.9178 0.0158
168.0914 50.9125 0.0236
168.1186 50.9073 0.0266
168.1458 50.9020 0.0257
168.1730 50.8968 0.0236
168.2001 50.8915 0.0198
168.2273 50.8862 0.0155
168.2545 50.8810 0.0107
168.2816 50.8757 0.0051
168.3088 50.8704 -0.0006
168.3359 50.8651 -0.0050
168.3631 50.8598 -0.0084
168.3902 50.8545 -0.0117
168.4173 50.8491 -0.0147
168.6612 50.8010 -0.0629
168.6883 50.7956 -0.0640
168.7154 50.7902 -0.0644
168.7424 50.7848 -0.0644
168.7695 50.7794 -0.0637
168.7965 50.7740 -0.0618
168.8236 50.7686 -0.0577
168.8506 50.7632 -0.0513
168.8776 50.7578 -0.0439
168.9046 50.7523 -0.0362
168.9316 50.7469 -0.0296
168.9586 50.7415 -0.0233
168.9856 50.7360 -0.0182
169.0126 50.7306 -0.0148
169.0396 50.7251 -0.0125
169.0666 50.7196 -0.0112
169.0936 50.7142 -0.0100
169.1205 50.7087 -0.0089
169.1475 50.7032 -0.0067
169.1745 50.6977 -0.0040
169.2014 50.6922 -0.0003
169.2283 50.6867 0.0030
169.2553 50.6812 0.0069
169.2822 50.6757 0.0107
169.3091 50.6701 0.0149
169.3361 50.6646 0.0194
169.3630 50.6591 0.0214
167.7455 50.9974 -0.0099
167.7727 50.9923 -0.0236
167.8000 50.9871 -0.0364
167.8273 50.9819 -0.0479
167.8546 50.9767 -0.0557
167.8818 50.9715 -0.0594
167.9091 50.9663 -0.0583
167.9363 50.9611 -0.0524
167.9636 50.9559 -0.0405
167.9908 50.9507 -0.0243
168.0180 50.9455 -0.0062
168.0453 50.9402 0.0105
168.0725 50.9350 0.0226
168.0997 50.9297 0.0293
168.1269 50.9245 0.0316
168.1541 50.9192 0.0297
168.1813 50.9140 0.0264
168.2085 50.9087 0.0215
168.2357 50.9034 0.0162
168.2628 50.8981 0.0100
168.2900 50.8929 0.0036
168.3172 50.8876 -0.0026
168.3443 50.8823 -0.0079
168.3715 50.8770 -0.0122
168.3986 50.8716 -0.0165
168.4258 50.8663 -0.0205
168.5614 50.8396 -0.0180
168.6697 50.8182 -0.0684
168.6968 50.8128 -0.0686
168.7239 50.8074 -0.0682
168.7509 50.8020 -0.0664
168.7780 50.7966 -0.0638
168.8050 50.7912 -0.0597
168.8321 50.7858 -0.0537
168.8591 50.7803 -0.0461
168.8862 50.7749 -0.0375
168.9132 50.7695 -0.0291
168.9402 50.7640 -0.0215
168.9672 50.7586 -0.0145
168.9942 50.7531 -0.0093
169.0212 50.7477 -0.0057
169.0482 50.7422 -0.0034
169.0752 50.7367 -0.0030
169.1022 50.7313 -0.0027
169.1292 50.7258 -0.0026
169.1561 50.7203 -0.0019
169.1831 50.7148 -0.0003
169.2101 50.7093 0.0022
169.2370 50.7038 0.0049
169.2640 50.6983 0.0083
169.2909 50.6928 0.0118
169.3178 50.6872 0.0160
169.3448 50.6817 0.0197
169.3717 50.6761 0.0226
167.7537 51.0147 -0.0166
167.7810 51.0095 -0.0298
167.8082 51.0043 -0.0420
167.8355 50.9991 -0.0526
167.8628 50.9939 -0.0586
167.8901 50.9888 -0.0602
167.9173 50.9835 -0.0558
167.9446 50.9783 -0.0466
167.9718 50.9731 -0.0326
167.9991 50.9679 -0.0153
168.0263 50.9627 0.0022
168.0536 50.9574 0.0177
168.0808 50.9522 0.0287
168.1080 50.9470 0.0345
168.1352 50.9417 0.0358
168.1624 50.9364 0.0331
168.1896 50.9312 0.0290
168.2168 50.9259 0.0234
168.2440 50.9206 0.0171
168.2712 50.9153 0.0097
168.2984 50.9100 0.0020
168.3256 50.9047 -0.0049
168.3527 50.8994 -0.0107
168.3799 50.8941 -0.0152
168.4070 50.8888 -0.0195
168.4342 50.8835 -0.0236
168.6782 50.8353 -0.0721
168.7053 50.8299 -0.0717
168.7324 50.8245 -0.0695
168.7595 50.8191 -0.0661
168.7865 50.8137 -0.0619
168.8136 50.8083 -0.0558
168.8406 50.8029 -0.0485
168.8677 50.7975 -0.0400
168.8947 50.7920 -0.0310
168.9218 50.7866 -0.0225
168.9488 50.7812 -0.0146
168.9758 50.7757 -0.0081
169.0028 50.7703 -0.0035
169.0298 50.7648 -0.0007
169.0568 50.7593 0.0009
169.0838 50.7539 0.0012
169.1108 50.7484 0.0013
169.1378 50.7429 0.0006
169.1648 50.7374 0.0002
169.1918 50.7319 0.0005
169.2187 50.7264 0.0020
169.2457 50.7209 0.0043
169.2726 50.7154 0.0069
169.2996 50.7098 0.0101
169.3265 50.7043 0.0133
169.3535 50.6988 0.0149
169.3804 50.6932 0.0177
167.7619 51.0319 -0.0238
167.7892 51.0267 -0.0368
167.8165 51.0216 -0.0482
167.8438 51.0164 -0.0572
167.8710 51.0112 -0.0611
167.8983 51.0060 -0.0597
167.9256 51.0008 -0.0521
167.9529 50.9956 -0.0399
167.9801 50.9903 -0.0240
168.0074 50.9851 -0.0061
168.0346 50.9799 0.0109
168.0619 50.9746 0.0252
168.0891 50.9694 0.0349
168.1163 50.9642 0.0395
168.1436 50.9589 0.0399
168.1708 50.9536 0.0366
168.1980 50.9484 0.0316
168.2252 50.9431 0.0250
168.2524 50.9378 0.0175
168.2796 50.9325 0.0088
168.3068 50.9272 0.0002
168.3339 50.9219 -0.0072
168.3611 50.9166 -0.0129
168.3883 50.9113 -0.0169
168.4155 50.9060 -0.0198
168.4426 50.9007 -0.0236
168.6867 50.8525 -0.0741
168.7138 50.8471 -0.0727
168.7409 50.8417 -0.0695
168.7680 50.8363 -0.0648
168.7951 50.8309 -0.0591
168.8221 50.8254 -0.0516
168.8492 50.8200 -0.0430
168.8763 50.8146 -0.0338
168.9033 50.8092 -0.0249
168.9304 50.8037 -0.0169
168.9574 50.7983 -0.0100
168.9844 50.7928 -0.0048
169.0114 50.7874 -0.0012
169.0385 50.7819 0.0008
169.0655 50.7764 0.0018
169.0925 50.7710 0.0015
169.1195 50.7655 0.0009
169.1465 50.7600 -0.0001
169.1735 50.7545 -0.0011
169.2004 50.7490 -0.0015
169.2274 50.7435 -0.0005
169.2544 50.7380 0.0011
169.2813 50.7325 0.0030
169.3083 50.7269 0.0049
169.3352 50.7214 0.0066
169.3622 50.7159 0.0075
169.3891 50.7103 0.0088
167.7701 51.0491 -0.0318
167.7974 51.0440 -0.0442
167.8247 51.0388 -0.0546
167.8520 51.0336 -0.0614
167.8793 51.0284 -0.0624
167.9066 51.0232 -0.0573
167.9339 51.0180 -0.0466
167.9611 51.0128 -0.0319
167.9884 51.0076 -0.0146
168.0157 51.0023 0.0033
168.0429 50.9971 0.0191
168.0702 50.9919 0.0315
168.0974 50.9866 0.0395
168.1247 50.9814 0.0427
168.1519 50.9761 0.0430
168.1791 50.9708 0.0392
168.2063 50.9656 0.0333
168.2336 50.9603 0.0252
168.2608 50.9550 0.0169
168.2880 50.9497 0.0076
168.3152 50.9444 -0.0017
168.3423 50.9391 -0.0092
168.3695 50.9338 -0.0148
168.3967 50.9285 -0.0178
168.4239 50.9232 -0.0193
168.4510 50.9178 -0.0212
168.5868 50.8911 -0.0380
168.6952 50.8696 -0.0740
168.7223 50.8642 -0.0724
168.7494 50.8588 -0.0688
168.7765 50.8534 -0.0629
168.8036 50.8480 -0.0560
168.8307 50.8426 -0.0476
168.8578 50.8372 -0.0387
168.8848 50.8317 -0.0298
168.9119 50.8263 -0.0216
168.9389 50.8209 -0.0148
168.9660 50.8154 -0.0088
168.9930 50.8100 -0.0045
169.0201 50.8045 -0.0021
169.0471 50.7990 -0.0011
169.0741 50.7936 -0.0011
169.1011 50.7881 -0.0025
169.1281 50.7826 -0.0036
169.1551 50.7771 -0.0051
169.1821 50.7716 -0.0066
169.2091 50.7661 -0.0073
169.2361 50.7606 -0.0072
169.2631 50.7551 -0.0057
169.2900 50.7495 -0.0038
169.3170 50.7440 -0.0025
169.3440 50.7385 -0.0007
169.3709 50.7329 -0.0009
169.3979 50.7274 -0.0007
167.7783 51.0664 -0.0404
167.8056 51.0612 -0.0517
167.8329 51.0560 -0.0600
167.8602 51.0508 -0.0641
167.8875 51.0456 -0.0617
167.9148 51.0404 -0.0536
167.9421 51.0352 -0.0405
167.9694 51.0300 -0.0242
167.9967 51.0248 -0.0061
168.0240 51.0195 0.0111
168.0512 51.0143 0.0257
168.0785 51.0091 0.0367
168.1057 51.0038 0.0431
168.1330 50.9986 0.0454
168.1602 50.9933 0.0443
168.1875 50.9880 0.0395
168.2147 50.9828 0.0323
168.2419 50.9775 0.0237
168.2691 50.9722 0.0149
168.2963 50.9669 0.0056
168.3236 50.9616 -0.0031
168.3508 50.9563 -0.0103
168.3779 50.9510 -0.0152
168.4051 50.9457 -0.0174
168.4323 50.9403 -0.0181
168.4595 50.9350 -0.0172
168.7038 50.8868 -0.0709
168.7309 50.8814 -0.0695
168.7580 50.8760 -0.0655
168.7851 50.8706 -0.0593
168.8122 50.8651 -0.0513
168.8393 50.8597 -0.0426
168.8663 50.8543 -0.0337
168.8934 50.8489 -0.0259
168.9205 50.8434 -0.0195
168.9475 50.8380 -0.0144
168.9746 50.8325 -0.0099
169.0016 50.8271 -0.0069
169.0287 50.8216 -0.0056
169.0557 50.8161 -0.0056
169.0827 50.8107 -0.0063
169.1098 50.8052 -0.0085
169.1368 50.7997 -0.0102
169.1638 50.7942 -0.0119
169.1908 50.7887 -0.0138
169.2178 50.7832 -0.0147
169.2448 50.7777 -0.0144
169.2718 50.7722 -0.0132
169.2988 50.7666 -0.0110
169.3257 50.7611 -0.0091
169.3527 50.7556 -0.0075
169.3796 50.7500 -0.0072
169.4066 50.7445 -0.0077
167.7865 51.0836 -0.0501
167.8139 51.0784 -0.0592
167.8412 51.0732 -0.0658
167.8685 51.0680 -0.0663
167.8958 51.0628 -0.0604
167.9231 51.0576 -0.0494
167.9504 51.0524 -0.0341
167.9777 51.0472 -0.0165
168.0050 51.0420 0.0014
168.0323 51.0368 0.0174
168.0595 51.0315 0.0306
168.0868 51.0263 0.0399
168.1141 51.0210 0.0447
168.1413 51.0158 0.0458
168.1686 51.0105 0.0428
168.1958 51.0052 0.0365
168.2231 51.0000 0.0285
168.2503 50.9947 0.0198
168.2775 50.9894 0.0115
168.3047 50.9841 0.0033
168.3320 50.9788 -0.0041
168.3592 50.9735 -0.0109
168.3864 50.9682 -0.0159
168.4136 50.9628 -0.0181
168.4408 50.9575 -0.0180
168.4679 50.9522 -0.0142
168.7123 50.9039 -0.0668
168.7394 50.8985 -0.0652
168.7665 50.8931 -0.0605
168.7936 50.8877 -0.0534
168.8207 50.8823 -0.0451
168.8478 50.8769 -0.0360
168.8749 50.8714 -0.0281
168.9020 50.8660 -0.0226
168.9291 50.8606 -0.0186
168.9561 50.8551 -0.0161
168.9832 50.8497 -0.0138
169.0103 50.8442 -0.0121
169.0373 50.8387 -0.0115
169.0644 50.8333 -0.0122
169.0914 50.8278 -0.0140
169.1184 50.8223 -0.0161
169.1455 50.8168 -0.0182
169.1725 50.8113 -0.0201
169.1995 50.8058 -0.0222
169.2265 50.8003 -0.0230
169.2535 50.7948 -0.0227
169.2805 50.7893 -0.0209
169.3075 50.7837 -0.0183
169.3344 50.7782 -0.0152
169.3614 50.7727 -0.0131
169.3884 50.7671 -0.0111
169.4154 50.7616 -0.0076
167.7948 51.1008 -0.0582
167.8221 51.0957 -0.0668
167.8494 51.0905 -0.0707
167.8768 51.0853 -0.0681
167.9041 51.0801 -0.0589
167.9314 51.0749 -0.0450
167.9587 51.0696 -0.0279
167.9860 51.0644 -0.0100
168.0133 51.0592 0.0074
168.0406 51.0540 0.0224
168.0679 51.0487 0.0339
168.0951 51.0435 0.0416
168.1224 51.0382 0.0450
168.1497 51.0330 0.0442
168.1769 51.0277 0.0398
168.2042 51.0224 0.0323
168.2314 51.0171 0.0237
168.2587 51.0119 0.0150
168.2859 51.0066 0.0079
168.3131 51.0013 0.0015
168.3404 50.9960 -0.0048
168.3676 50.9907 -0.0114
168.3948 50.9853 -0.0174
168.4220 50.9800 -0.0206
168.4492 50.9747 -0.0209
168.4764 50.9694 -0.0178
168.7208 50.9210 -0.0632
168.7480 50.9156 -0.0607
168.7751 50.9102 -0.0551
168.8022 50.9048 -0.0472
168.8293 50.8994 -0.0382
168.8564 50.8940 -0.0291
168.8835 50.8886 -0.0226
168.9106 50.8831 -0.0192
168.9377 50.8777 -0.0189
168.9648 50.8722 -0.0195
168.9918 50.8668 -0.0192
169.0189 50.8613 -0.0184
169.0460 50.8558 -0.0184
169.0730 50.8504 -0.0196
169.1000 50.8449 -0.0217
169.1271 50.8394 -0.0244
169.1541 50.8339 -0.0267
169.1812 50.8284 -0.0288
169.2082 50.8229 -0.0302
169.2352 50.8174 -0.0306
169.2622 50.8119 -0.0299
169.2892 50.8064 -0.0274
169.3162 50.8008 -0.0236
169.3432 50.7953 -0.0196
169.3702 50.7897 -0.0158
169.3971 50.7842 -0.0106
169.4241 50.7786 -0.0038
167.8030 51.1181 -0.0642
167.8303 51.1129 -0.0716
167.8577 51.1077 -0.0726
167.8850 51.1025 -0.0669
167.9124 51.0973 -0.0550
167.9397 51.0921 -0.0392
167.9670 51.0869 -0.0215
167.9943 51.0816 -0.0034
168.0216 51.0764 0.0128
168.0489 51.0712 0.0264
168.0762 51.0659 0.0363
168.1035 51.0607 0.0420
168.1308 51.0554 0.0437
168.1580 51.0502 0.0413
168.1853 51.0449 0.0352
168.2126 51.0396 0.0271
168.2398 51.0343 0.0182
168.2671 51.0290 0.0108
168.2943 51.0238 0.0052
168.3216 51.0185 0.0003
168.3488 51.0132 -0.0049
168.3760 51.0078 -0.0116
168.4032 51.0025 -0.0203
168.4304 50.9972 -0.0251
168.4577 50.9919 -0.0269
168.4849 50.9865 -0.0257
168.6208 50.9597 -0.0300
168.7294 50.9382 -0.0596
168.7565 50.9328 -0.0554
168.7836 50.9274 -0.0492
168.8108 50.9220 -0.0412
168.8379 50.9166 -0.0322
168.8650 50.9111 -0.0245
168.8921 50.9057 -0.0195
168.9192 50.9003 -0.0191
168.9463 50.8948 -0.0228
168.9734 50.8894 -0.0258
169.0005 50.8839 -0.0262
169.0275 50.8784 -0.0257
169.0546 50.8730 -0.0261
169.0817 50.8675 -0.0274
169.1087 50.8620 -0.0300
169.1358 50.8565 -0.0328
169.1628 50.8510 -0.0355
169.1898 50.8455 -0.0373
169.2169 50.8400 -0.0380
169.2439 50.8345 -0.0374
169.2709 50.8290 -0.0352
169.2979 50.8234 -0.0318
169.3249 50.8179 -0.0271
169.3519 50.8124 -0.0214
169.3789 50.8068 -0.0149
169.4059 50.8013 -0.0077
169.4329 50.7957 0.0028
167.8112 51.1353 -0.0685
167.8386 51.1301 -0.0738
167.8660 51.1249 -0.0722
167.8933 51.1197 -0.0638
167.9206 51.1145 -0.0497
167.9480 51.1093 -0.0327
167.9753 51.1041 -0.0148
168.0026 51.0989 0.0028
168.0299 51.0936 0.0181
168.0572 51.0884 0.0301
168.0845 51.0831 0.0382
168.1118 51.0779 0.0417
168.1391 51.0726 0.0415
168.1664 51.0674 0.0372
168.1937 51.0621 0.0304
168.2210 51.0568 0.0220
168.2482 51.0515 0.0137
168.2755 51.0462 0.0073
168.3027 51.0409 0.0029
168.3300 51.0356 -0.0011
168.3572 51.0303 -0.0062
168.3844 51.0250 -0.0141
168.4117 51.0197 -0.0254
168.4389 51.0144 -0.0308
168.4661 51.0090 -0.0330
168.4933 51.0037 -0.0325
168.7379 50.9553 -0.0556
168.7651 50.9499 -0.0504
168.7922 50.9445 -0.0440
168.8193 50.9391 -0.0364
168.8465 50.9337 -0.0297
168.8736 50.9283 -0.0244
168.9007 50.9228 -0.0221
168.9278 50.9174 -0.0242
168.9549 50.9119 -0.0290
168.9820 50.9065 -0.0328
169.0091 50.9010 -0.0340
169.0362 50.8955 -0.0332
169.0632 50.8901 -0.0330
169.0903 50.8846 -0.0348
169.1174 50.8791 -0.0377
169.1444 50.8736 -0.0410
169.1715 50.8681 -0.0442
169.1985 50.8626 -0.0455
169.2256 50.8571 -0.0453
169.2526 50.8516 -0.0431
169.2796 50.8461 -0.0391
169.3066 50.8405 -0.0340
169.3337 50.8350 -0.0279
169.3607 50.8295 -0.0201
169.3877 50.8239 -0.0116
169.4147 50.8184 -0.0021
169.4416 50.8128 0.0101
167.8195 51.1525 -0.0715
167.8469 51.1473 -0.0738
167.8742 51.1421 -0.0692
167.9016 51.1369 -0.0579
167.9289 51.1317 -0.0423
167.9563 51.1265 -0.0246
167.9836 51.1213 -0.0072
168.0109 51.1161 0.0096
168.0383 51.1108 0.0232
168.0656 51.1056 0.0334
168.0929 51.1003 0.0391
168.1202 51.0951 0.0404
168.1475 51.0898 0.0387
168.1748 51.0846 0.0333
168.2021 51.0793 0.0254
168.2293 51.0740 0.0172
168.2566 51.0687 0.0099
168.2839 51.0634 0.0046
168.3111 51.0581 0.0010
168.3384 51.0528 -0.0031
168.3656 51.0475 -0.0091
168.3929 51.0422 -0.0203
168.4201 51.0369 -0.0311
168.4474 51.0315 -0.0371
168.4746 51.0262 -0.0385
168.5018 51.0209 -0.0371
168.7465 50.9725 -0.0496
168.7736 50.9671 -0.0445
168.8008 50.9617 -0.0390
168.8279 50.9562 -0.0338
168.8551 50.9508 -0.0298
168.8822 50.9454 -0.0270
168.9093 50.9399 -0.0267
168.9364 50.9345 -0.0297
168.9635 50.9291 -0.0345
168.9906 50.9236 -0.0383
169.0177 50.9181 -0.0402
169.0448 50.9127 -0.0396
169.0719 50.9072 -0.0400
169.0990 50.9017 -0.0418
169.1261 50.8962 -0.0453
169.1531 50.8907 -0.0486
169.1802 50.8852 -0.0520
169.2072 50.8797 -0.0529
169.2343 50.8742 -0.0511
169.2613 50.8687 -0.0472
169.2884 50.8632 -0.0414
169.3154 50.8576 -0.0340
169.3424 50.8521 -0.0259
169.3694 50.8465 -0.0158
169.3964 50.8410 -0.0053
169.4234 50.8354 0.0057
169.4504 50.8299 0.0194
167.8278 51.1698 -0.0722
167.8551 51.1646 -0.0720
167.8825 51.1594 -0.0649
167.9099 51.1542 -0.0517
167.9372 51.1490 -0.0348
167.9646 51.1437 -0.0166
167.9919 51.1385 0.0005
168.0193 51.1333 0.0157
168.0466 51.1280 0.0280
168.0739 51.1228 0.0362
168.1012 51.1175 0.0399
168.1286 51.1123 0.0394
168.1559 51.1070 0.0359
168.1832 51.1018 0.0292
168.2105 51.0965 0.0210
168.2377 51.0912 0.0127
168.2650 51.0859 0.0057
168.2923 51.0806 0.0012
168.3196 51.0753 -0.0029
168.3468 51.0700 -0.0071
168.3741 51.0647 -0.0157
168.4013 51.0594 -0.0272
168.4286 51.0540 -0.0366
168.4558 51.0487 -0.0412
168.4831 51.0434 -0.0411
168.5103 51.0380 -0.0404
168.6463 51.0112 -0.0530
168.7550 50.9896 -0.0449
168.7822 50.9842 -0.0392
168.8094 50.9788 -0.0347
168.8365 50.9734 -0.0315
168.8636 50.9680 -0.0293
168.8908 50.9625 -0.0283
168.9179 50.9571 -0.0289
168.9450 50.9516 -0.0319
168.9722 50.9462 -0.0362
168.9993 50.9407 -0.0406
169.0264 50.9353 -0.0434
169.0535 50.9298 -0.0450
169.0806 50.9243 -0.0463
169.1077 50.9188 -0.0487
169.1347 50.9133 -0.0523
169.1618 50.9078 -0.0555
169.1889 50.9023 -0.0584
169.2159 50.8968 -0.0579
169.2430 50.8913 -0.0550
169.2700 50.8858 -0.0493
169.2971 50.8802 -0.0415
169.3241 50.8747 -0.0324
169.3512 50.8692 -0.0221
169.3782 50.8636 -0.0098
169.4052 50.8581 0.0036
169.4322 50.8525 0.0174
169.4592 50.8469 0.0315
167.8360 51.1870 -0.0712
167.8634 51.1818 -0.0691
167.8908 51.1766 -0.0602
167.9182 51.1714 -0.0452
167.9455 51.1662 -0.0277
167.9729 51.1609 -0.0089
168.0002 51.1557 0.0080
168.0276 51.1505 0.0218
168.0549 51.1452 0.0322
168.0823 51.1400 0.0381
168.1096 51.1347 0.0400
168.1369 51.1295 0.0378
168.1642 51.1242 0.0329
168.1915 51.1190 0.0258
168.2188 51.1137 0.0175
168.2461 51.1084 0.0095
168.2734 51.1031 0.0027
168.3007 51.0978 -0.0024
168.3280 51.0925 -0.0074
168.3553 51.0872 -0.0137
168.3825 51.0819 -0.0226
168.4098 51.0765 -0.0322
168.4371 51.0712 -0.0391
168.4643 51.0659 -0.0411
168.4915 51.0605 -0.0409
168.5188 51.0552 -0.0414
168.7636 51.0068 -0.0432
168.7908 51.0014 -0.0362
168.8179 50.9959 -0.0321
168.8451 50.9905 -0.0290
168.8723 50.9851 -0.0278
168.8994 50.9796 -0.0275
168.9265 50.9742 -0.0280
168.9537 50.9688 -0.0298
168.9808 50.9633 -0.0340
169.0079 50.9578 -0.0404
169.0350 50.9524 -0.0462
169.0621 50.9469 -0.0503
169.0892 50.9414 -0.0540
169.1163 50.9359 -0.0566
169.1434 50.9304 -0.0591
169.1705 50.9249 -0.0614
169.1976 50.9194 -0.0626
169.2247 50.9139 -0.0608
169.2517 50.9084 -0.0563
169.2788 50.9029 -0.0488
169.3058 50.8973 -0.0394
169.3329 50.8918 -0.0283
169.3599 50.8863 -0.0162
169.3869 50.8807 -0.0015
169.4140 50.8751 0.0150
169.4410 50.8696 0.0314
169.4680 50.8640 0.0488
167.8443 51.2042 -0.0690
167.8717 51.1990 -0.0655
167.8991 51.1938 -0.0549
167.9265 51.1886 -0.0390
167.9538 51.1834 -0.0206
167.9812 51.1782 -0.0017
168.0086 51.1729 0.0149
168.0359 51.1677 0.0277
168.0633 51.1625 0.0363
168.0906 51.1572 0.0402
168.1180 51.1520 0.0400
168.1453 51.1467 0.0360
168.1726 51.1414 0.0298
168.1999 51.1361 0.0221
168.2272 51.1309 0.0139
168.2546 51.1256 0.0060
168.2819 51.1203 -0.0008
168.3091 51.1150 -0.0070
168.3364 51.1097 -0.0134
168.3637 51.1044 -0.0210
168.3910 51.0990 -0.0288
168.4183 51.0937 -0.0353
168.4455 51.0884 -0.0383
168.4728 51.0831 -0.0384
168.5000 51.0777 -0.0398
168.5273 51.0724 -0.0428
168.7722 51.0239 -0.0439
168.7994 51.0185 -0.0362
168.8265 51.0131 -0.0309
168.8537 51.0076 -0.0273
168.8809 51.0022 -0.0260
168.9080 50.9968 -0.0256
168.9352 50.9913 -0.0256
168.9623 50.9859 -0.0270
168.9894 50.9804 -0.0321
169.0166 50.9750 -0.0407
169.0437 50.9695 -0.0488
169.0708 50.9640 -0.0552
169.0979 50.9585 -0.0604
169.1250 50.9530 -0.0631
169.1521 50.9475 -0.0646
169.1792 50.9420 -0.0645
169.2063 50.9365 -0.0637
169.2334 50.9310 -0.0597
169.2605 50.9255 -0.0532
169.2875 50.9200 -0.0443
169.3146 50.9144 -0.0336
169.3416 50.9089 -0.0215
169.3687 50.9033 -0.0080
169.3957 50.8978 0.0088
169.4228 50.8922 0.0275
169.4498 50.8867 0.0444
169.4768 50.8811 0.0639
167.8526 51.2214 -0.0651
167.8800 51.2162 -0.0596
167.9074 51.2110 -0.0482
167.9348 51.2058 -0.0313
167.9622 51.2006 -0.0125
167.9895 51.1954 0.0060
168.0169 51.1901 0.0216
168.0443 51.1849 0.0329
168.0716 51.1797 0.0396
168.0990 51.1744 0.0415
168.1263 51.1692 0.0393
168.1537 51.1639 0.0333
168.1810 51.1586 0.0257
168.2083 51.1533 0.0178
168.2357 51.1481 0.0100
168.2630 51.1428 0.0027
168.2903 51.1375 -0.0037
168.3176 51.1322 -0.0105
168.3449 51.1269 -0.0178
168.3722 51.1215 -0.0251
168.3995 51.1162 -0.0310
168.4267 51.1109 -0.0344
168.4540 51.1056 -0.0349
168.4813 51.1002 -0.0350
168.5085 51.0949 -0.0391
168.5358 51.0895 -0.0441
168.7808 51.0411 -0.0436
168.8080 51.0356 -0.0364
168.8351 51.0302 -0.0307
168.8623 51.0248 -0.0264
168.8895 51.0193 -0.0252
168.9167 51.0139 -0.0249
168.9438 51.0085 -0.0259
168.9710 51.0030 -0.0287
168.9981 50.9975 -0.0349
169.0252 50.9921 -0.0432
169.0524 50.9866 -0.0519
169.0795 50.9811 -0.0591
169.1066 50.9756 -0.0644
169.1337 50.9701 -0.0670
169.1608 50.9646 -0.0669
169.1879 50.9591 -0.0652
169.2150 50.9536 -0.0617
169.2421 50.9481 -0.0552
169.2692 50.9426 -0.0472
169.2963 50.9370 -0.0367
169.3233 50.9315 -0.0250
169.3504 50.9260 -0.0117
169.3775 50.9204 0.0031
169.4045 50.9149 0.0202
169.4315 50.9093 0.0403
169.4586 50.9037 0.0579
169.4856 50.8982 0.0802
167.8609 51.2387 -0.0605
167.8883 51.2335 -0.0539
167.9157 51.2283 -0.0409
167.9431 51.2230 -0.0235
167.9705 51.2178 -0.0046
167.9979 51.2126 0.0135
168.0253 51.2074 0.0278
168.0526 51.2021 0.0369
168.0800 51.1969 0.0418
168.1074 51.1916 0.0413
168.1347 51.1864 0.0370
168.1621 51.1811 0.0296
168.1894 51.1758 0.0209
168.2167 51.1705 0.0132
168.2441 51.1652 0.0060
168.2714 51.1600 -0.0004
168.2987 51.1547 -0.0064
168.3260 51.1494 -0.0127
168.3533 51.1440 -0.0195
168.3806 51.1387 -0.0257
168.4079 51.1334 -0.0295
168.4352 51.1281 -0.0314
168.4625 51.1227 -0.0318
168.4898 51.1174 -0.0334
168.5170 51.1120 -0.0399
168.5443 51.1067 -0.0467
168.6805 51.0798 -0.0370
168.7894 51.0582 -0.0413
168.8166 51.0528 -0.0355
168.8438 51.0473 -0.0301
168.8709 51.0419 -0.0263
168.8981 51.0365 -0.0252
168.9253 51.0310 -0.0260
168.9525 51.0256 -0.0287
168.9796 51.0201 -0.0330
169.0068 51.0147 -0.0405
169.0339 51.0092 -0.0479
169.0611 51.0037 -0.0552
169.0882 50.9982 -0.0614
169.1153 50.9927 -0.0659
169.1424 50.9872 -0.0676
169.1696 50.9817 -0.0663
169.1967 50.9762 -0.0631
169.2238 50.9707 -0.0574
169.2509 50.9652 -0.0490
169.2779 50.9597 -0.0393
169.3050 50.9541 -0.0277
169.3321 50.9486 -0.0149
169.3592 50.9431 -0.0003
169.3862 50.9375 0.0155
169.4133 50.9319 0.0328
169.4403 50.9264 0.0525
169.4674 50.9208 0.0729
169.4944 50.9152 0.0907
167.8692 51.2559 -0.0571
167.8966 51.2507 -0.0480
167.9240 51.2455 -0.0341
167.9514 51.2403 -0.0157
167.9788 51.2350 0.0031
168.0062 51.2298 0.0200
168.0336 51.2246 0.0323
168.0610 51.2193 0.0389
168.0884 51.2141 0.0409
168.1157 51.2088 0.0384
168.1431 51.2036 0.0323
168.1705 51.1983 0.0243
168.1978 51.1930 0.0156
168.2252 51.1877 0.0082
168.2525 51.1824 0.0019
168.2798 51.1771 -0.0037
168.3072 51.1718 -0.0086
168.3345 51.1665 -0.0137
168.3618 51.1612 -0.0187
168.3891 51.1559 -0.0234
168.4164 51.1506 -0.0262
168.4437 51.1452 -0.0277
168.4710 51.1399 -0.0295
168.4983 51.1346 -0.0341
168.5255 51.1292 -0.0419
168.5528 51.1238 -0.0499
168.7980 51.0753 -0.0373
168.8252 51.0699 -0.0327
168.8524 51.0645 -0.0287
168.8796 51.0590 -0.0259
168.9067 51.0536 -0.0248
168.9339 51.0482 -0.0266
168.9611 51.0427 -0.0303
168.9883 51.0372 -0.0366
169.0154 51.0318 -0.0446
169.0426 51.0263 -0.0514
169.0697 51.0208 -0.0569
169.0969 51.0153 -0.0614
169.1240 51.0098 -0.0646
169.1511 51.0043 -0.0654
169.1783 50.9988 -0.0631
169.2054 50.9933 -0.0583
169.2325 50.9878 -0.0513
169.2596 50.9823 -0.0420
169.2867 50.9768 -0.0310
169.3138 50.9712 -0.0180
169.3409 50.9657 -0.0038
169.3680 50.9601 0.0117
169.3950 50.9546 0.0281
169.4221 50.9490 0.0459
169.4492 50.9435 0.0656
169.4762 50.9379 0.0850
169.5033 50.9323 0.1025
167.8775 51.2731 -0.0534
167.9049 51.2679 -0.0429
167.9323 51.2627 -0.0271
167.9598 51.2575 -0.0081
167.9872 51.2523 0.0102
168.0146 51.2470 0.0255
168.0420 51.2418 0.0355
168.0694 51.2365 0.0392
168.0967 51.2313 0.0386
168.1241 51.2260 0.0341
168.1515 51.2208 0.0269
168.1789 51.2155 0.0186
168.2062 51.2102 0.0101
168.2336 51.2049 0.0032
168.2609 51.1996 -0.0025
168.2883 51.1943 -0.0070
168.3156 51.1890 -0.0107
168.3429 51.1837 -0.0144
168.3703 51.1784 -0.0176
168.3976 51.1731 -0.0205
168.4249 51.1677 -0.0231
168.4522 51.1624 -0.0253
168.4795 51.1571 -0.0289
168.5068 51.1517 -0.0351
168.5341 51.1464 -0.0440
168.5613 51.1410 -0.0519
168.8066 51.0925 -0.0323
168.8338 51.0870 -0.0285
168.8610 51.0816 -0.0255
168.8882 51.0762 -0.0229
168.9154 51.0707 -0.0220
168.9426 51.0653 -0.0224
168.9698 51.0598 -0.0267
168.9969 51.0544 -0.0342
169.0241 51.0489 -0.0435
169.0513 51.0434 -0.0507
169.0784 51.0379 -0.0551
169.1056 51.0324 -0.0583
169.1327 51.0270 -0.0603
169.1599 51.0215 -0.0602
169.1870 51.0159 -0.0575
169.2141 51.0104 -0.0520
169.2412 51.0049 -0.0441
169.2684 50.9994 -0.0338
169.2955 50.9939 -0.0218
169.3226 50.9883 -0.0077
169.3497 50.9828 0.0077
169.3767 50.9772 0.0241
169.4038 50.9717 0.0412
169.4309 50.9661 0.0591
169.4580 50.9605 0.0803
169.4850 50.9550 0.0997
169.5121 50.9494 0.1145
167.8858 51.2903 -0.0495
167.9132 51.2851 -0.0367
167.9407 51.2799 -0.0198
167.9681 51.2747 -0.0007
167.9955 51.2695 0.0165
168.0229 51.2642 0.0296
168.0503 51.2590 0.0369
168.0777 51.2537 0.0382
168.1051 51.2485 0.0354
168.1325 51.2432 0.0288
168.1599 51.2380 0.0204
168.1873 51.2327 0.0121
168.2146 51.2274 0.0042
168.2420 51.2221 -0.0021
168.2694 51.2168 -0.0069
168.2967 51.2115 -0.0104
168.3241 51.2062 -0.0131
168.3514 51.2009 -0.0153
168.3787 51.1956 -0.0172
168.4061 51.1903 -0.0191
168.4334 51.1849 -0.0212
168.4607 51.1796 -0.0242
168.4880 51.1742 -0.0287
168.5153 51.1689 -0.0363
168.5426 51.1635 -0.0454
168.5699 51.1582 -0.0539
168.7062 51.1313 -0.0240
168.8152 51.1096 -0.0260
168.8424 51.1042 -0.0230
168.8696 51.0987 -0.0210
168.8968 51.0933 -0.0186
168.9240 51.0879 -0.0157
168.9512 51.0824 -0.0111
168.9784 51.0769 -0.0138
169.0056 51.0715 -0.0244
169.0328 51.0660 -0.0370
169.0600 51.0605 -0.0446
169.0871 51.0550 -0.0491
169.1143 51.0496 -0.0513
169.1414 51.0441 -0.0536
169.1686 51.0386 -0.0528
169.1957 51.0330 -0.0497
169.2229 51.0275 -0.0434
169.2500 51.0220 -0.0351
169.2771 51.0165 -0.0241
169.3042 51.0109 -0.0113
169.3313 51.0054 0.0031
169.3584 50.9999 0.0193
169.3855 50.9943 0.0360
169.4126 50.9887 0.0530
169.4397 50.9832 0.0718
169.4668 50.9776 0.0927
169.4939 50.9720 0.1140
169.5209 50.9664 0.1298
167.8941 51.3076 -0.0435
167.9216 51.3024 -0.0293
167.9490 51.2971 -0.0110
167.9764 51.2919 0.0071
168.0039 51.2867 0.0224
168.0313 51.2814 0.0325
168.0587 51.2762 0.0367
168.0861 51.2709 0.0357
168.1135 51.2657 0.0311
168.1409 51.2604 0.0230
168.1683 51.2552 0.0139
168.1957 51.2499 0.0057
168.2231 51.2446 -0.0020
168.2504 51.2393 -0.0077
168.2778 51.2340 -0.0117
168.3052 51.2287 -0.0144
168.3325 51.2234 -0.0160
168.3599 51.2181 -0.0172
168.3872 51.2128 -0.0180
168.4145 51.2074 -0.0195
168.4419 51.2021 -0.0217
168.4692 51.1968 -0.0253
168.4965 51.1914 -0.0306
168.5238 51.1861 -0.0380
168.5511 51.1807 -0.0478
168.5784 51.1753 -0.0557
168.8238 51.1267 -0.0181
168.8510 51.1213 -0.0176
168.8783 51.1159 -0.0173
168.9055 51.1104 -0.0153
168.9327 51.1050 -0.0114
168.9599 51.0995 -0.0059
168.9871 51.0941 -0.0079
169.0143 51.0886 -0.0167
169.0415 51.0831 -0.0295
169.0687 51.0776 -0.0369
169.0958 51.0722 -0.0416
169.1230 51.0667 -0.0438
169.1502 51.0612 -0.0450
169.1773 51.0557 -0.0439
169.2045 51.0501 -0.0402
169.2316 51.0446 -0.0334
169.2588 51.0391 -0.0244
169.2859 51.0336 -0.0126
169.3130 51.0280 0.0003
169.3401 51.0225 0.0147
169.3672 51.0169 0.0311
169.3943 51.0114 0.0476
169.4214 51.0058 0.0643
169.4485 51.0002 0.0835
169.4756 50.9947 0.1035
169.5027 50.9891 0.1249
169.5298 50.9835 0.1415
167.9024 51.3248 -0.0351
167.9299 51.3196 -0.0198
167.9573 51.3144 -0.0025
167.9848 51.3091 0.0140
168.0122 51.3039 0.0260
168.0397 51.2986 0.0327
168.0671 51.2934 0.0341
168.0945 51.2881 0.0314
168.1219 51.2829 0.0254
168.1493 51.2776 0.0170
168.1767 51.2723 0.0077
168.2041 51.2671 -0.0006
168.2315 51.2618 -0.0080
168.2589 51.2565 -0.0133
168.2863 51.2512 -0.0165
168.3136 51.2459 -0.0186
168.3410 51.2406 -0.0194
168.3683 51.2353 -0.0202
168.3957 51.2299 -0.0207
168.4230 51.2246 -0.0221
168.4504 51.2193 -0.0243
168.4777 51.2139 -0.0278
168.5050 51.2086 -0.0331
168.5324 51.2032 -0.0408
168.5597 51.1979 -0.0496
168.5870 51.1925 -0.0573
168.8324 51.1439 -0.0098
168.8597 51.1384 -0.0117
168.8869 51.1330 -0.0148
168.9141 51.1276 -0.0157
168.9414 51.1221 -0.0158
168.9686 51.1166 -0.0158
168.9958 51.1112 -0.0170
169.0230 51.1057 -0.0228
169.0502 51.1002 -0.0301
169.0774 51.0948 -0.0337
169.1046 51.0893 -0.0357
169.1317 51.0838 -0.0361
169.1589 51.0783 -0.0361
169.1861 51.0728 -0.0340
169.2132 51.0672 -0.0295
169.2404 51.0617 -0.0217
169.2675 51.0562 -0.0121
169.2947 51.0507 -0.0003
169.3218 51.0451 0.0124
169.3489 51.0396 0.0267
169.3760 51.0340 0.0426
169.4032 51.0285 0.0583
169.4303 51.0229 0.0755
169.4574 51.0173 0.0938
169.4845 51.0117 0.1134
169.5115 51.0062 0.1337
169.5386 51.0006 0.1508
167.9108 51.3420 -0.0259
167.9382 51.3368 -0.0106
167.9657 51.3316 0.0051
167.9932 51.3263 0.0194
168.0206 51.3211 0.0280
168.0480 51.3159 0.0312
168.0755 51.3106 0.0298
168.1029 51.3054 0.0253
168.1303 51.3001 0.0180
168.1577 51.2948 0.0098
168.1851 51.2895 0.0009
168.2126 51.2843 -0.0075
168.2399 51.2790 -0.0148
168.2673 51.2737 -0.0196
168.2947 51.2684 -0.0222
168.3221 51.2631 -0.0233
168.3495 51.2578 -0.0233
168.3768 51.2524 -0.0233
168.4042 51.2471 -0.0240
168.4315 51.2418 -0.0253
168.4589 51.2364 -0.0279
168.4862 51.2311 -0.0314
168.5136 51.2257 -0.0368
168.5409 51.2204 -0.0437
168.5682 51.2150 -0.0521
168.5955 51.2096 -0.0590
168.8411 51.1610 -0.0036
168.8683 51.1556 -0.0069
168.8956 51.1501 -0.0131
168.9228 51.1447 -0.0189
168.9500 51.1392 -0.0218
168.9773 51.1338 -0.0250
169.0045 51.1283 -0.0276
169.0317 51.1228 -0.0306
169.0589 51.1174 -0.0328
169.0861 51.1119 -0.0325
169.1133 51.1064 -0.0308
169.1405 51.1009 -0.0288
169.1677 51.0954 -0.0270
169.1948 51.0899 -0.0238
169.2220 51.0843 -0.0181
169.2491 51.0788 -0.0096
169.2763 51.0733 0.0006
169.3035 51.0677 0.0120
169.3306 51.0622 0.0242
169.3577 51.0567 0.0382
169.3849 51.0511 0.0531
169.4120 51.0455 0.0682
169.4391 51.0400 0.0857
169.4662 51.0344 0.1047
169.4933 51.0288 0.1243
169.5204 51.0232 0.1445
169.5475 51.0176 0.1585
167.9191 51.3592 -0.0156
167.9466 51.3540 -0.0023
167.9741 51.3488 0.0107
168.0015 51.3436 0.0217
168.0290 51.3383 0.0269
168.0564 51.3331 0.0272
168.0839 51.3278 0.0241
168.1113 51.3226 0.0183
168.1387 51.3173 0.0105
168.1662 51.3120 0.0025
168.1936 51.3067 -0.0062
168.2210 51.3015 -0.0145
168.2484 51.2962 -0.0215
168.2758 51.2909 -0.0259
168.3032 51.2856 -0.0276
168.3306 51.2803 -0.0278
168.3580 51.2749 -0.0270
168.3853 51.2696 -0.0270
168.4127 51.2643 -0.0279
168.4401 51.2589 -0.0296
168.4674 51.2536 -0.0323
168.4948 51.2483 -0.0350
168.5221 51.2429 -0.0397
168.5494 51.2375 -0.0466
168.5768 51.2322 -0.0534
168.6041 51.2268 -0.0589
168.7406 51.1998 -0.0050
168.8497 51.1781 -0.0011
168.8770 51.1727 -0.0051
168.9042 51.1673 -0.0131
168.9315 51.1618 -0.0206
168.9587 51.1564 -0.0245
168.9859 51.1509 -0.0275
169.0132 51.1454 -0.0294
169.0404 51.1399 -0.0323
169.0676 51.1345 -0.0333
169.0948 51.1290 -0.0304
169.1220 51.1235 -0.0262
169.1492 51.1180 -0.0216
169.1764 51.1125 -0.0178
169.2036 51.1070 -0.0128
169.2308 51.1014 -0.0061
169.2579 51.0959 0.0027
169.2851 51.0904 0.0126
169.3122 51.0848 0.0237
169.3394 51.0793 0.0360
169.3665 51.0737 0.0491
169.3937 51.0682 0.0633
169.4208 51.0626 0.0786
169.4479 51.0570 0.0962
169.4750 51.0515 0.1155
169.5022 51.0459 0.1345
169.5293 51.0403 0.1527
169.5564 51.0347 0.1642
167.9275 51.3765 -0.0073
167.9549 51.3712 0.0044
167.9824 51.3660 0.0144
168.0099 51.3608 0.0219
168.0374 51.3555 0.0242
168.0648 51.3503 0.0223
168.0923 51.3450 0.0176
168.1197 51.3398 0.0110
168.1472 51.3345 0.0031
168.1746 51.3292 -0.0049
168.2020 51.3239 -0.0136
168.2294 51.3186 -0.0214
168.2569 51.3134 -0.0278
168.2843 51.3081 -0.0316
168.3117 51.3027 -0.0323
168.3391 51.2974 -0.0315
168.3664 51.2921 -0.0304
168.3938 51.2868 -0.0301
168.4212 51.2815 -0.0316
168.4486 51.2761 -0.0337
168.4759 51.2708 -0.0366
168.5033 51.2654 -0.0395
168.5306 51.2601 -0.0438
168.5580 51.2547 -0.0495
168.5853 51.2493 -0.0557
168.6127 51.2440 -0.0599
168.8584 51.1953 -0.0010
168.8856 51.1898 -0.0058
168.9129 51.1844 -0.0135
168.9401 51.1789 -0.0192
168.9674 51.1735 -0.0208
168.9946 51.1680 -0.0195
169.0219 51.1625 -0.0218
169.0491 51.1571 -0.0278
169.0763 51.1516 -0.0292
169.1035 51.1461 -0.0261
169.1308 51.1406 -0.0206
169.1580 51.1351 -0.0147
169.1852 51.1296 -0.0086
169.2123 51.1241 -0.0022
169.2395 51.1185 0.0054
169.2667 51.1130 0.0142
169.2939 51.1075 0.0238
169.3210 51.1019 0.0349
169.3482 51.0964 0.0473
169.3754 51.0908 0.0594
169.4025 51.0853 0.0732
169.4296 51.0797 0.0889
169.4568 51.0741 0.1065
169.4839 51.0685 0.1249
169.5110 51.0630 0.1427
169.5381 51.0574 0.1580
169.5652 51.0518 0.1671
167.9358 51.3937 -0.0010
167.9633 51.3884 0.0086
167.9908 51.3832 0.0159
168.0183 51.3780 0.0202
168.0458 51.3727 0.0206
168.0732 51.3675 0.0170
168.1007 51.3622 0.0114
168.1281 51.3570 0.0040
168.1556 51.3517 -0.0040
168.1830 51.3464 -0.0121
168.2105 51.3411 -0.0207
168.2379 51.3358 -0.0282
168.2653 51.3305 -0.0339
168.2927 51.3252 -0.0367
168.3201 51.3199 -0.0364
168.3475 51.3146 -0.0348
168.3749 51.3093 -0.0330
168.4023 51.3040 -0.0328
168.4297 51.2986 -0.0343
168.4571 51.2933 -0.0368
168.4845 51.2879 -0.0396
168.5118 51.2826 -0.0428
168.5392 51.2772 -0.0469
168.5666 51.2719 -0.0522
168.5939 51.2665 -0.0572
168.6212 51.2611 -0.0599
168.8670 51.2124 -0.0014
168.8943 51.2070 -0.0063
168.9216 51.2015 -0.0122
168.9488 51.1961 -0.0153
168.9761 51.1906 -0.0146
169.0033 51.1851 -0.0132
169.0306 51.1797 -0.0167
169.0578 51.1742 -0.0214
169.0851 51.1687 -0.0228
169.1123 51.1632 -0.0201
169.1395 51.1577 -0.0147
169.1667 51.1522 -0.0079
169.1939 51.1467 -0.0004
169.2211 51.1412 0.0074
169.2483 51.1356 0.0158
169.2755 51.1301 0.0249
169.3027 51.1246 0.0346
169.3298 51.1190 0.0454
169.3570 51.1135 0.0571
169.3842 51.1079 0.0695
169.4113 51.1023 0.0841
169.4385 51.0968 0.0983
169.4656 51.0912 0.1162
169.4928 51.0856 0.1323
169.5199 51.0800 0.1476
169.5470 51.0744 0.1595
169.5741 51.0688 0.1681
167.9442 51.4109 0.0046
167.9717 51.4057 0.0118
167.9992 51.4004 0.0160
168.0267 51.3952 0.0175
168.0541 51.3899 0.0159
168.0816 51.3847 0.0109
168.1091 51.3794 0.0045
168.1366 51.3742 -0.0029
168.1640 51.3689 -0.0113
168.1915 51.3636 -0.0196
168.2189 51.3583 -0.0281
168.2464 51.3530 -0.0350
168.2738 51.3477 -0.0400
168.3012 51.3424 -0.0421
168.3286 51.3371 -0.0408
168.3560 51.3318 -0.0381
168.3835 51.3265 -0.0361
168.4109 51.3211 -0.0357
168.4382 51.3158 -0.0369
168.4656 51.3105 -0.0393
168.4930 51.3051 -0.0424
168.5204 51.2998 -0.0459
168.5478 51.2944 -0.0502
168.5751 51.2890 -0.0546
168.6025 51.2836 -0.0583
168.6298 51.2783 -0.0595
168.7665 51.2513 0.0100
168.8757 51.2295 0.0017
168.9030 51.2241 -0.0028
168.9303 51.2186 -0.0087
168.9575 51.2132 -0.0133
168.9848 51.2077 -0.0145
169.0121 51.2022 -0.0153
169.0393 51.1968 -0.0167
169.0666 51.1913 -0.0181
169.0938 51.1858 -0.0179
169.1210 51.1803 -0.0151
169.1483 51.1748 -0.0094
169.1755 51.1693 -0.0020
169.2027 51.1638 0.0066
169.2299 51.1582 0.0157
169.2571 51.1527 0.0249
169.2843 51.1472 0.0342
169.3115 51.1416 0.0443
169.3387 51.1361 0.0547
169.3658 51.1305 0.0658
169.3930 51.1250 0.0781
169.4202 51.1194 0.0928
169.4473 51.1138 0.1073
169.4745 51.1083 0.1236
169.5016 51.1027 0.1383
169.5288 51.0971 0.1506
169.5559 51.0915 0.1609
169.5830 51.0859 0.1689
167.9526 51.4281 0.0090
167.9801 51.4229 0.0131
168.0076 51.4176 0.0147
168.0351 51.4124 0.0139
168.0626 51.4071 0.0110
168.0900 51.4019 0.0053
168.1175 51.3966 -0.0014
168.1450 51.3914 -0.0092
168.1725 51.3861 -0.0179
168.1999 51.3808 -0.0266
168.2274 51.3755 -0.0350
168.2548 51.3702 -0.0415
168.2823 51.3649 -0.0458
168.3097 51.3596 -0.0470
168.3371 51.3543 -0.0450
168.3646 51.3490 -0.0419
168.3920 51.3436 -0.0391
168.4194 51.3383 -0.0385
168.4468 51.3330 -0.0391
168.4742 51.3276 -0.0413
168.5016 51.3223 -0.0442
168.5290 51.3169 -0.0477
168.5563 51.3116 -0.0516
168.5837 51.3062 -0.0555
168.6111 51.3008 -0.0573
168.6384 51.2954 -0.0572
168.8844 51.2467 0.0077
168.9117 51.2412 0.0036
168.9389 51.2358 -0.0046
168.9662 51.2303 -0.0138
168.9935 51.2248 -0.0189
169.0208 51.2194 -0.0207
169.0480 51.2139 -0.0196
169.0753 51.2084 -0.0171
169.1025 51.2029 -0.0145
169.1298 51.1974 -0.0107
169.1570 51.1919 -0.0046
169.1842 51.1864 0.0036
169.2115 51.1809 0.0132
169.2387 51.1753 0.0231
169.2659 51.1698 0.0332
169.2931 51.1643 0.0426
169.3203 51.1587 0.0528
169.3475 51.1532 0.0628
169.3747 51.1476 0.0736
169.4018 51.1421 0.0861
169.4290 51.1365 0.0999
169.4562 51.1309 0.1141
169.4833 51.1253 0.1281
169.5105 51.1198 0.1411
169.5376 51.1142 0.1520
169.5648 51.1086 0.1609
169.5919 51.1029 0.1688
167.9609 51.4453 0.0118
167.9884 51.4401 0.0138
168.0160 51.4348 0.0134
168.0435 51.4296 0.0112
168.0710 51.4244 0.0070
168.0985 51.4191 0.0007
168.1260 51.4138 -0.0067
168.1534 51.4086 -0.0153
168.1809 51.4033 -0.0245
168.2084 51.3980 -0.0334
168.2358 51.3927 -0.0416
168.2633 51.3874 -0.0478
168.2907 51.3821 -0.0514
168.3182 51.3768 -0.0519
168.3456 51.3715 -0.0493
168.3731 51.3662 -0.0454
168.4005 51.3608 -0.0423
168.4279 51.3555 -0.0411
168.4553 51.3501 -0.0413
168.4827 51.3448 -0.0431
168.5101 51.3394 -0.0459
168.5375 51.3341 -0.0492
168.5649 51.3287 -0.0526
168.5923 51.3233 -0.0547
168.6197 51.3180 -0.0554
168.6470 51.3126 -0.0543
168.8930 51.2638 0.0116
168.9203 51.2583 0.0061
168.9476 51.2529 -0.0031
168.9749 51.2474 -0.0164
169.0022 51.2420 -0.0239
169.0295 51.2365 -0.0262
169.0568 51.2310 -0.0233
169.0840 51.2255 -0.0181
169.1113 51.2200 -0.0132
169.1385 51.2145 -0.0075
169.1658 51.2090 -0.0002
169.1930 51.2035 0.0088
169.2203 51.1980 0.0191
169.2475 51.1924 0.0299
169.2747 51.1869 0.0404
169.3019 51.1814 0.0502
169.3291 51.1758 0.0598
169.3563 51.1703 0.0700
169.3835 51.1647 0.0813
169.4107 51.1591 0.0931
169.4379 51.1536 0.1065
169.4650 51.1480 0.1190
169.4922 51.1424 0.1309
169.5194 51.1368 0.1431
169.5465 51.1312 0.1534
169.5737 51.1256 0.1609
169.6008 51.1200 0.1668
167.9693 51.4625 0.0136
167.9968 51.4573 0.0135
168.0244 51.4521 0.0115
168.0519 51.4468 0.0079
168.0794 51.4416 0.0031
168.1069 51.4363 -0.0037
168.1344 51.4310 -0.0119
168.1619 51.4258 -0.0209
168.1894 51.4205 -0.0302
168.2168 51.4152 -0.0388
168.2443 51.4099 -0.0465
168.2718 51.4046 -0.0522
168.2992 51.3993 -0.0553
168.3267 51.3940 -0.0553
168.3541 51.3887 -0.0522
168.3816 51.3833 -0.0479
168.4090 51.3780 -0.0445
168.4364 51.3727 -0.0428
168.4639 51.3673 -0.0427
168.4913 51.3620 -0.0443
168.5187 51.3566 -0.0466
168.5461 51.3512 -0.0492
168.5735 51.3459 -0.0513
168.6009 51.3405 -0.0527
168.6283 51.3351 -0.0527
168.6556 51.3297 -0.0511
168.9017 51.2809 0.0086
168.9290 51.2755 0.0019
168.9563 51.2700 -0.0086
168.9836 51.2645 -0.0215
169.0109 51.2591 -0.0294
169.0382 51.2536 -0.0309
169.0655 51.2481 -0.0268
169.0928 51.2426 -0.0199
169.1200 51.2371 -0.0133
169.1473 51.2316 -0.0058
169.1746 51.2261 0.0030
169.2018 51.2206 0.0135
169.2290 51.2151 0.0251
169.2563 51.2095 0.0365
169.2835 51.2040 0.0473
169.3107 51.1985 0.0571
169.3379 51.1929 0.0662
169.3652 51.1874 0.0764
169.3924 51.1818 0.0875
169.4195 51.1762 0.0986
169.4467 51.1706 0.1111
169.4739 51.1651 0.1219
169.5011 51.1595 0.1327
169.5283 51.1539 0.1434
169.5554 51.1483 0.1519
169.5826 51.1427 0.1573
169.6097 51.1371 0.1606
167.9777 51.4798 0.0135
168.0052 51.4745 0.0119
168.0328 51.4693 0.0085
168.0603 51.4640 0.0038
168.0878 51.4588 -0.0020
168.1153 51.4535 -0.0091
168.1428 51.4482 -0.0177
168.1703 51.4430 -0.0265
168.1978 51.4377 -0.0357
168.2253 51.4324 -0.0438
168.2528 51.4271 -0.0506
168.2803 51.4218 -0.0548
168.3077 51.4165 -0.0570
168.3352 51.4112 -0.0565
168.3627 51.4058 -0.0534
168.3901 51.4005 -0.0490
168.4176 51.3952 -0.0455
168.4450 51.3898 -0.0434
168.4724 51.3845 -0.0432
168.4998 51.3791 -0.0443
168.5273 51.3738 -0.0465
168.5547 51.3684 -0.0488
168.5821 51.3630 -0.0507
168.6095 51.3577 -0.0514
168.6369 51.3523 -0.0514
168.6643 51.3469 -0.0505
168.8011 51.3198 0.0110
168.9104 51.2981 0.0029
168.9377 51.2926 -0.0059
168.9651 51.2871 -0.0166
168.9924 51.2817 -0.0278
169.0197 51.2762 -0.0335
169.0470 51.2707 -0.0338
169.0743 51.2652 -0.0291
169.1015 51.2597 -0.0217
169.1288 51.2542 -0.0140
169.1561 51.2487 -0.0051
169.1833 51.2432 0.0054
169.2106 51.2377 0.0174
169.2378 51.2322 0.0298
169.2651 51.2266 0.0419
169.2923 51.2211 0.0525
169.3196 51.2155 0.0621
169.3468 51.2100 0.0714
169.3740 51.2044 0.0813
169.4012 51.1989 0.0917
169.4284 51.1933 0.1031
169.4556 51.1877 0.1139
169.4828 51.1821 0.1237
169.5100 51.1765 0.1335
169.5372 51.1710 0.1415
169.5643 51.1653 0.1482
169.5915 51.1597 0.1507
169.6186 51.1541 0.1513
167.9861 51.4970 0.0135
168.0136 51.4917 0.0096
168.0412 51.4865 0.0047
168.0687 51.4812 -0.0017
168.0962 51.4760 -0.0082
168.1238 51.4707 -0.0158
168.1513 51.4654 -0.0246
168.1788 51.4601 -0.0333
168.2063 51.4549 -0.0413
168.2338 51.4496 -0.0483
168.2613 51.4443 -0.0530
168.2888 51.4390 -0.0558
168.3162 51.4337 -0.0564
168.3437 51.4283 -0.0557
168.3712 51.4230 -0.0527
168.3986 51.4177 -0.0490
168.4261 51.4123 -0.0453
168.4535 51.4070 -0.0432
168.4810 51.4017 -0.0427
168.5084 51.3963 -0.0438
168.5358 51.3909 -0.0457
168.5633 51.3856 -0.0481
168.5907 51.3802 -0.0496
168.6181 51.3748 -0.0504
168.6455 51.3694 -0.0507
168.6729 51.3640 -0.0497
168.9191 51.3152 -0.0067
168.9465 51.3097 -0.0151
168.9738 51.3043 -0.0252
169.0011 51.2988 -0.0336
169.0284 51.2933 -0.0370
169.0557 51.2878 -0.0356
169.0830 51.2823 -0.0304
169.1103 51.2768 -0.0230
169.1376 51.2713 -0.0148
169.1649 51.2658 -0.0048
169.1921 51.2603 0.0074
169.2194 51.2548 0.0207
169.2467 51.2493 0.0342
169.2739 51.2437 0.0461
169.3012 51.2382 0.0565
169.3284 51.2326 0.0654
169.3556 51.2271 0.0744
169.3828 51.2215 0.0835
169.4101 51.2159 0.0939
169.4373 51.2104 0.1044
169.4645 51.2048 0.1141
169.4917 51.1992 0.1232
169.5189 51.1936 0.1314
169.5461 51.1880 0.1366
169.5732 51.1824 0.1397
169.6004 51.1768 0.1396
169.6276 51.1712 0.1378
167.9945 51.5142 0.0129
168.0221 51.5089 0.0068
168.0496 51.5037 0.0001
168.0772 51.4984 -0.0080
168.1047 51.4932 -0.0155
168.1322 51.4879 -0.0237
168.1597 51.4826 -0.0325
168.1873 51.4773 -0.0405
168.2148 51.4721 -0.0473
168.2423 51.4668 -0.0525
168.2698 51.4615 -0.0549
168.2973 51.4562 -0.0557
168.3248 51.4508 -0.0555
168.3522 51.4455 -0.0543
168.3797 51.4402 -0.0520
168.4072 51.4349 -0.0488
168.4346 51.4295 -0.0458
168.4621 51.4242 -0.0436
168.4895 51.4188 -0.0432
168.5170 51.4135 -0.0442
168.5444 51.4081 -0.0460
168.5719 51.4027 -0.0481
168.5993 51.3973 -0.0495
168.6267 51.3920 -0.0501
168.6541 51.3866 -0.0505
168.6815 51.3812 -0.0503
168.9278 51.3323 -0.0178
168.9552 51.3268 -0.0248
168.9825 51.3214 -0.0335
169.0098 51.3159 -0.0397
169.0372 51.3104 -0.0414
169.0645 51.3049 -0.0386
169.0918 51.2994 -0.0325
169.1191 51.2939 -0.0251
169.1464 51.2884 -0.0158
169.1737 51.2829 -0.0044
169.2009 51.2774 0.0087
169.2282 51.2719 0.0232
169.2555 51.2663 0.0371
169.2827 51.2608 0.0492
169.3100 51.2553 0.0588
169.3372 51.2497 0.0675
169.3645 51.2442 0.0753
169.3917 51.2386 0.0842
169.4189 51.2330 0.0940
169.4462 51.2274 0.1037
169.4734 51.2219 0.1124
169.5006 51.2163 0.1197
169.5278 51.2107 0.1253
169.5550 51.2051 0.1283
169.5822 51.1995 0.1293
169.6093 51.1939 0.1277
169.6365 51.1882 0.1251
168.0029 51.5314 0.0108
168.0305 51.5261 0.0031
168.0580 51.5209 -0.0055
168.0856 51.5156 -0.0150
168.1131 51.5104 -0.0238
168.1407 51.5051 -0.0322
168.1682 51.4998 -0.0407
168.1957 51.4945 -0.0479
168.2233 51.4892 -0.0535
168.2508 51.4840 -0.0566
168.2783 51.4786 -0.0569
168.3058 51.4733 -0.0558
168.3333 51.4680 -0.0545
168.3608 51.4627 -0.0531
168.3883 51.4574 -0.0515
168.4157 51.4520 -0.0493
168.4432 51.4467 -0.0469
168.4707 51.4413 -0.0449
168.4981 51.4360 -0.0447
168.5256 51.4306 -0.0455
168.5530 51.4253 -0.0471
168.5805 51.4199 -0.0485
168.6079 51.4145 -0.0491
168.6353 51.4091 -0.0495
168.6627 51.4037 -0.0500
168.6901 51.3983 -0.0492
168.8271 51.3712 0.0140
168.9366 51.3494 -0.0260
168.9639 51.3440 -0.0333
168.9912 51.3385 -0.0409
169.0186 51.3330 -0.0460
169.0459 51.3275 -0.0466
169.0732 51.3220 -0.0427
169.1005 51.3165 -0.0357
169.1279 51.3110 -0.0269
169.1552 51.3055 -0.0167
169.1824 51.3000 -0.0041
169.2097 51.2945 0.0103
169.2370 51.2890 0.0251
169.2643 51.2834 0.0394
169.2916 51.2779 0.0512
169.3188 51.2724 0.0604
169.3461 51.2668 0.0681
169.3733 51.2612 0.0757
169.4006 51.2557 0.0837
169.4278 51.2501 0.0925
169.4550 51.2445 0.1010
169.4823 51.2389 0.1083
169.5095 51.2333 0.1136
169.5367 51.2277 0.1173
169.5639 51.2221 0.1187
169.5911 51.2165 0.1192
169.6183 51.2109 0.1182
169.6455 51.2053 0.1174
168.0113 51.5486 0.0078
168.0389 51.5434 -0.0015
168.0665 51.5381 -0.0110
168.0940 51.5328 -0.0214
168.1216 51.5276 -0.0306
168.1491 51.5223 -0.0393
168.1767 51.5170 -0.0472
168.2042 51.5117 -0.0537
168.2318 51.5064 -0.0582
168.2593 51.5011 -0.0601
168.2868 51.4958 -0.0590
168.3143 51.4905 -0.0560
168.3418 51.4852 -0.0538
168.3693 51.4799 -0.0521
168.3968 51.4745 -0.0508
168.4243 51.4692 -0.0490
168.4518 51.4639 -0.0474
168.4792 51.4585 -0.0462
168.5067 51.4532 -0.0463
168.5342 51.4478 -0.0472
168.5616 51.4424 -0.0486
168.5891 51.4370 -0.0496
168.6165 51.4317 -0.0499
168.6439 51.4263 -0.0496
168.6714 51.4209 -0.0493
168.6988 51.4155 -0.0485
168.9453 51.3666 -0.0356
168.9726 51.3611 -0.0440
169.0000 51.3556 -0.0513
169.0273 51.3501 -0.0550
169.0547 51.3446 -0.0542
169.0820 51.3392 -0.0490
169.1093 51.3337 -0.0403
169.1366 51.3282 -0.0296
169.1640 51.3226 -0.0175
169.1913 51.3171 -0.0032
169.2186 51.3116 0.0119
169.2458 51.3061 0.0272
169.2731 51.3005 0.0409
169.3004 51.2950 0.0518
169.3277 51.2894 0.0602
169.3549 51.2839 0.0676
169.3822 51.2783 0.0745
169.4094 51.2728 0.0822
169.4367 51.2672 0.0889
169.4639 51.2616 0.0961
169.4912 51.2560 0.1011
169.5184 51.2504 0.1051
169.5456 51.2448 0.1071
169.5728 51.2392 0.1079
169.6000 51.2336 0.1081
169.6272 51.2280 0.1097
169.6544 51.2223 0.1106
168.0198 51.5658 0.0046
168.0473 51.5606 -0.0053
168.0749 51.5553 -0.0157
168.1025 51.5500 -0.0262
168.1301 51.5448 -0.0356
168.1576 51.5395 -0.0441
168.1852 51.5342 -0.0517
168.2127 51.5289 -0.0572
168.2403 51.5236 -0.0610
168.2678 51.5183 -0.0619
168.2953 51.5130 -0.0600
168.3228 51.5077 -0.0564
168.3503 51.5024 -0.0529
168.3779 51.4971 -0.0511
168.4054 51.4917 -0.0499
168.4329 51.4864 -0.0488
168.4603 51.4810 -0.0476
168.4878 51.4757 -0.0469
168.5153 51.4703 -0.0473
168.5428 51.4650 -0.0482
168.5702 51.4596 -0.0495
168.5977 51.4542 -0.0504
168.6251 51.4488 -0.0502
168.6526 51.4434 -0.0493
168.6800 51.4380 -0.0489
168.7074 51.4326 -0.0471
168.9540 51.3837 -0.0490
168.9814 51.3782 -0.0591
169.0087 51.3727 -0.0648
169.0361 51.3672 -0.0663
169.0634 51.3618 -0.0632
169.0908 51.3563 -0.0559
169.1181 51.3508 -0.0454
169.1454 51.3453 -0.0324
169.1728 51.3397 -0.0180
169.2001 51.3342 -0.0022
169.2274 51.3287 0.0140
169.2547 51.3232 0.0289
169.2820 51.3176 0.0417
169.3093 51.3121 0.0515
169.3365 51.3065 0.0594
169.3638 51.3010 0.0661
169.3911 51.2954 0.0725
169.4183 51.2898 0.0789
169.4456 51.2843 0.0843
169.4728 51.2787 0.0896
169.5001 51.2731 0.0929
169.5273 51.2675 0.0951
169.5545 51.2619 0.0966
169.5818 51.2563 0.0971
169.6090 51.2507 0.0988
169.6362 51.2450 0.1025
169.6634 51.2394 0.1045
168.0282 51.5830 0.0016
168.0558 51.5778 -0.0089
168.0834 51.5725 -0.0187
168.1110 51.5672 -0.0295
168.1385 51.5620 -0.0391
168.1661 51.5567 -0.0471
168.1937 51.5514 -0.0541
168.2212 51.5461 -0.0592
168.2488 51.5408 -0.0622
168.2763 51.5355 -0.0623
168.3038 51.5302 -0.0598
168.3314 51.5249 -0.0558
168.3589 51.5196 -0.0524
168.3864 51.5142 -0.0502
168.4139 51.5089 -0.0492
168.4414 51.5035 -0.0481
168.4689 51.4982 -0.0474
168.4964 51.4928 -0.0472
168.5239 51.4875 -0.0483
168.5514 51.4821 -0.0495
168.5788 51.4767 -0.0509
168.6063 51.4714 -0.0512
168.6338 51.4660 -0.0503
168.6612 51.4606 -0.0486
168.6887 51.4552 -0.0468
168.7161 51.4498 -0.0448
168.9628 51.4008 -0.0693
168.9901 51.3953 -0.0765
169.0175 51.3898 -0.0798
169.0449 51.3844 -0.0783
169.0722 51.3789 -0.0724
169.0996 51.3734 -0.0627
169.1269 51.3679 -0.0504
169.1542 51.3624 -0.0352
169.1816 51.3568 -0.0186
169.2089 51.3513 -0.0010
169.2362 51.3458 0.0155
169.2635 51.3403 0.0299
169.2908 51.3347 0.0415
169.3181 51.3292 0.0503
169.3454 51.3236 0.0573
169.3727 51.3180 0.0635
169.4000 51.3125 0.0695
169.4272 51.3069 0.0748
169.4545 51.3013 0.0789
169.4817 51.2957 0.0826
169.5090 51.2901 0.0844
169.5362 51.2845 0.0863
169.5635 51.2789 0.0877
169.5907 51.2733 0.0884
169.6179 51.2677 0.0913
169.6451 51.2621 0.0962
169.6723 51.2565 0.1005
168.0366 51.6002 0.0013
168.0642 51.5950 -0.0105
168.0918 51.5897 -0.0207
168.1194 51.5844 -0.0315
168.1470 51.5792 -0.0414
168.1746 51.5739 -0.0493
168.2022 51.5686 -0.0556
168.2297 51.5633 -0.0599
168.2573 51.5580 -0.0619
168.2848 51.5527 -0.0612
168.3124 51.5474 -0.0582
168.3399 51.5421 -0.0546
168.3674 51.5367 -0.0513
168.3950 51.5314 -0.0494
168.4225 51.5261 -0.0484
168.4500 51.5207 -0.0476
168.4775 51.5154 -0.0471
168.5050 51.5100 -0.0478
168.5325 51.5046 -0.0492
168.5600 51.4993 -0.0508
168.5875 51.4939 -0.0517
168.6149 51.4885 -0.0508
168.6424 51.4831 -0.0488
168.6699 51.4777 -0.0456
168.6973 51.4723 -0.0433
168.7248 51.4669 -0.0406
168.9715 51.4179 -0.0916
168.9989 51.4124 -0.0949
169.0263 51.4070 -0.0951
169.0536 51.4015 -0.0898
169.0810 51.3960 -0.0812
169.1084 51.3905 -0.0688
169.1357 51.3850 -0.0545
169.1630 51.3795 -0.0371
169.1904 51.3739 -0.0188
169.2177 51.3684 -0.0002
169.2450 51.3629 0.0167
169.2724 51.3573 0.0306
169.2997 51.3518 0.0411
169.3270 51.3463 0.0490
169.3543 51.3407 0.0552
169.3816 51.3351 0.0605
169.4088 51.3296 0.0655
169.4361 51.3240 0.0700
169.4634 51.3184 0.0733
169.4907 51.3128 0.0758
169.5179 51.3072 0.0768
169.5452 51.3016 0.0777
169.5724 51.2960 0.0790
169.5996 51.2904 0.0810
169.6269 51.2848 0.0852
169.6541 51.2791 0.0917
169.6813 51.2735 0.0978
168.0451 51.6174 0.0010
168.0727 51.6122 -0.0121
168.1003 51.6069 -0.0225
168.1279 51.6016 -0.0336
168.1555 51.5964 -0.0435
168.1831 51.5911 -0.0513
168.2107 51.5858 -0.0573
168.2382 51.5805 -0.0604
168.2658 51.5752 -0.0614
168.2934 51.5699 -0.0600
168.3209 51.5646 -0.0571
168.3485 51.5592 -0.0536
168.3760 51.5539 -0.0508
168.4035 51.5486 -0.0490
168.4311 51.5432 -0.0481
168.4586 51.5379 -0.0472
168.4861 51.5325 -0.0474
168.5136 51.5272 -0.0488
168.5411 51.5218 -0.0508
168.5686 51.5164 -0.0519
168.5961 51.5110 -0.0518
168.6236 51.5057 -0.0495
168.6511 51.5003 -0.0454
168.6785 51.4949 -0.0409
168.7060 51.4895 -0.0379
168.7334 51.4840 -0.0371
168.9803 51.4350 -0.1066
169.0077 51.4296 -0.1090
169.0350 51.4241 -0.1059
169.0624 51.4186 -0.0981
169.0898 51.4131 -0.0872
169.1172 51.4076 -0.0731
169.1445 51.4021 -0.0568
169.1719 51.3966 -0.0375
169.1992 51.3910 -0.0181
169.2266 51.3855 0.0009
169.2539 51.3800 0.0177
169.2812 51.3744 0.0311
169.3085 51.3689 0.0411
169.3358 51.3633 0.0485
169.3631 51.3578 0.0540
169.3904 51.3522 0.0586
169.4177 51.3466 0.0627
169.4450 51.3411 0.0660
169.4723 51.3355 0.0684
169.4996 51.3299 0.0702
169.5268 51.3243 0.0714
169.5541 51.3187 0.0724
169.5814 51.3131 0.0746
169.6086 51.3074 0.0771
169.6358 51.3018 0.0825
169.6631 51.2962 0.0881
169.6903 51.2906 0.0957
168.0535 51.6346 -0.0025
168.0812 51.6294 -0.0139
168.1088 51.6241 -0.0244
168.1364 51.6188 -0.0357
168.1640 51.6136 -0.0455
168.1916 51.6083 -0.0531
168.2192 51.6030 -0.0587
168.2468 51.5977 -0.0610
168.2743 51.5924 -0.0606
168.3019 51.5871 -0.0590
168.3295 51.5818 -0.0562
168.3570 51.5764 -0.0530
168.3846 51.5711 -0.0505
168.4121 51.5658 -0.0486
168.4396 51.5604 -0.0475
168.4672 51.5551 -0.0471
168.4947 51.5497 -0.0478
168.5222 51.5443 -0.0497
168.5497 51.5390 -0.0519
168.5772 51.5336 -0.0522
168.6047 51.5282 -0.0506
168.6322 51.5228 -0.0469
168.6597 51.5174 -0.0415
168.6872 51.5120 -0.0357
168.7147 51.5066 -0.0336
168.7421 51.5012 -0.0342
168.9890 51.4522 -0.1153
169.0164 51.4467 -0.1172
169.0438 51.4412 -0.1120
169.0712 51.4357 -0.1022
169.0986 51.4302 -0.0901
169.1260 51.4247 -0.0744
169.1533 51.4192 -0.0562
169.1807 51.4137 -0.0360
169.2080 51.4081 -0.0161
169.2354 51.4026 0.0028
169.2627 51.3971 0.0192
169.2901 51.3915 0.0319
169.3174 51.3860 0.0413
169.3447 51.3804 0.0484
169.3720 51.3749 0.0534
169.3993 51.3693 0.0575
169.4266 51.3637 0.0607
169.4539 51.3581 0.0632
169.4812 51.3525 0.0649
169.5085 51.3469 0.0663
169.5358 51.3413 0.0677
169.5631 51.3357 0.0692
169.5903 51.3301 0.0721
169.6176 51.3245 0.0765
169.6448 51.3189 0.0816
169.6721 51.3132 0.0863
169.6993 51.3076 0.0929
168.0620 51.6519 -0.0062
168.0896 51.6466 -0.0175
168.1173 51.6413 -0.0272
168.1449 51.6360 -0.0379
168.1725 51.6308 -0.0478
168.2001 51.6255 -0.0550
168.2277 51.6202 -0.0597
168.2553 51.6149 -0.0617
168.2829 51.6096 -0.0608
168.3104 51.6043 -0.0587
168.3380 51.5989 -0.0558
168.3656 51.5936 -0.0524
168.3931 51.5883 -0.0501
168.4207 51.5829 -0.0481
168.4482 51.5776 -0.0470
168.4758 51.5722 -0.0467
168.5033 51.5669 -0.0479
168.5308 51.5615 -0.0496
168.5584 51.5561 -0.0512
168.5859 51.5507 -0.0508
168.6134 51.5454 -0.0481
168.6409 51.5400 -0.0433
168.6684 51.5346 -0.0369
168.6959 51.5292 -0.0317
168.7233 51.5238 -0.0300
168.7508 51.5183 -0.0325
168.8881 51.4911 -0.0630
168.9978 51.4693 -0.1197
169.0252 51.4638 -0.1204
169.0526 51.4583 -0.1138
169.0800 51.4528 -0.1030
169.1074 51.4473 -0.0892
169.1348 51.4418 -0.0720
169.1622 51.4363 -0.0531
169.1895 51.4308 -0.0325
169.2169 51.4252 -0.0126
169.2442 51.4197 0.0058
169.2716 51.4142 0.0214
169.2989 51.4086 0.0333
169.3263 51.4031 0.0420
169.3536 51.3975 0.0487
169.3809 51.3919 0.0533
169.4082 51.3864 0.0565
169.4356 51.3808 0.0587
169.4629 51.3752 0.0603
169.4902 51.3696 0.0617
169.5174 51.3640 0.0630
169.5447 51.3584 0.0647
169.5720 51.3528 0.0668
169.5993 51.3472 0.0712
169.6265 51.3416 0.0758
169.6538 51.3359 0.0809
169.6810 51.3303 0.0861
169.7083 51.3247 0.0909
168.0705 51.6691 -0.0092
168.0981 51.6638 -0.0207
168.1257 51.6585 -0.0306
168.1534 51.6532 -0.0413
168.1810 51.6480 -0.0505
168.2086 51.6427 -0.0574
168.2362 51.6374 -0.0615
168.2638 51.6321 -0.0623
168.2914 51.6268 -0.0608
168.3190 51.6214 -0.0581
168.3466 51.6161 -0.0545
168.3742 51.6108 -0.0513
168.4017 51.6054 -0.0488
168.4293 51.6001 -0.0469
168.4568 51.5948 -0.0461
168.4844 51.5894 -0.0460
168.5119 51.5840 -0.0470
168.5395 51.5787 -0.0484
168.5670 51.5733 -0.0494
168.5945 51.5679 -0.0482
168.6220 51.5625 -0.0445
168.6495 51.5571 -0.0396
168.6770 51.5517 -0.0341
168.7045 51.5463 -0.0292
168.7320 51.5409 -0.0288
168.7595 51.5355 -0.0322
169.0066 51.4864 -0.1195
169.0340 51.4809 -0.1184
169.0614 51.4754 -0.1116
169.0888 51.4699 -0.0992
169.1162 51.4644 -0.0844
169.1436 51.4589 -0.0664
169.1710 51.4534 -0.0473
169.1984 51.4479 -0.0271
169.2257 51.4423 -0.0075
169.2531 51.4368 0.0099
169.2805 51.4313 0.0247
169.3078 51.4257 0.0357
169.3352 51.4201 0.0438
169.3625 51.4146 0.0494
169.3898 51.4090 0.0529
169.4172 51.4034 0.0551
169.4445 51.3979 0.0562
169.4718 51.3923 0.0570
169.4991 51.3867 0.0580
169.5264 51.3811 0.0595
169.5537 51.3755 0.0615
169.5810 51.3699 0.0643
169.6082 51.3642 0.0693
169.6355 51.3586 0.0744
169.6628 51.3530 0.0799
169.6900 51.3473 0.0853
169.7173 51.3417 0.0902
168.0790 51.6863 -0.0122
168.1066 51.6810 -0.0240
168.1342 51.6757 -0.0341
168.1619 51.6704 -0.0450
168.1895 51.6652 -0.0536
168.2171 51.6599 -0.0597
168.2447 51.6546 -0.0631
168.2724 51.6493 -0.0629
168.3000 51.6439 -0.0607
168.3276 51.6386 -0.0571
168.3551 51.6333 -0.0530
168.3827 51.6280 -0.0494
168.4103 51.6226 -0.0469
168.4379 51.6173 -0.0454
168.4654 51.6119 -0.0448
168.4930 51.6066 -0.0450
168.5206 51.6012 -0.0459
168.5481 51.5958 -0.0466
168.5756 51.5904 -0.0468
168.6032 51.5851 -0.0448
168.6307 51.5797 -0.0409
168.6582 51.5743 -0.0361
168.6857 51.5689 -0.0312
168.7132 51.5635 -0.0273
168.7407 51.5580 -0.0280
168.7682 51.5526 -0.0323
169.0154 51.5035 -0.1164
169.0428 51.4980 -0.1148
169.0702 51.4925 -0.1062
169.0976 51.4870 -0.0929
169.1250 51.4815 -0.0774
169.1524 51.4760 -0.0592
169.1798 51.4705 -0.0398
169.2072 51.4650 -0.0196
169.2346 51.4594 -0.0007
169.2620 51.4539 0.0155
169.2893 51.4483 0.0291
169.3167 51.4428 0.0391
169.3441 51.4372 0.0463
169.3714 51.4317 0.0508
169.3987 51.4261 0.0531
169.4261 51.4205 0.0539
169.4534 51.4149 0.0539
169.4807 51.4093 0.0541
169.5080 51.4037 0.0549
169.5353 51.3981 0.0563
169.5626 51.3925 0.0588
169.5899 51.3869 0.0623
169.6172 51.3813 0.0679
169.6445 51.3757 0.0732
169.6718 51.3700 0.0796
169.6990 51.3644 0.0851
169.7263 51.3587 0.0901
168.0874 51.7035 -0.0153
168.1151 51.6982 -0.0271
168.1427 51.6929 -0.0373
168.1704 51.6876 -0.0483
168.1980 51.6823 -0.0563
168.2257 51.6771 -0.0615
168.2533 51.6717 -0.0634
168.2809 51.6664 -0.0625
168.3085 51.6611 -0.0595
168.3361 51.6558 -0.0553
168.3637 51.6505 -0.0506
168.3913 51.6451 -0.0473
168.4189 51.6398 -0.0449
168.4465 51.6344 -0.0437
168.4741 51.6291 -0.0433
168.5016 51.6237 -0.0437
168.5292 51.6184 -0.0445
168.5567 51.6130 -0.0450
168.5843 51.6076 -0.0441
168.6118 51.6022 -0.0412
168.6394 51.5968 -0.0369
168.6669 51.5914 -0.0326
168.6944 51.5860 -0.0284
168.7219 51.5806 -0.0259
168.7494 51.5752 -0.0264
168.7769 51.5698 -0.0302
169.0242 51.5206 -0.1112
169.0516 51.5151 -0.1084
169.0790 51.5096 -0.0989
169.1064 51.5041 -0.0846
169.1339 51.4986 -0.0681
169.1613 51.4931 -0.0495
169.1887 51.4876 -0.0302
169.2161 51.4821 -0.0112
169.2435 51.4765 0.0064
169.2708 51.4710 0.0215
169.2982 51.4654 0.0340
169.3256 51.4599 0.0431
169.3529 51.4543 0.0492
169.3803 51.4487 0.0521
169.4077 51.4432 0.0527
169.4350 51.4376 0.0523
169.4623 51.4320 0.0515
169.4897 51.4264 0.0512
169.5170 51.4208 0.0520
169.5443 51.4152 0.0536
169.5716 51.4096 0.0564
169.5989 51.4040 0.0603
169.6262 51.3984 0.0664
169.6535 51.3927 0.0724
169.6808 51.3871 0.0793
169.7081 51.3814 0.0864
169.7353 51.3758 0.0928
168.0959 51.7207 -0.0189
168.1236 51.7154 -0.0314
168.1513 51.7101 -0.0416
168.1789 51.7048 -0.0519
168.2066 51.6995 -0.0591
168.2342 51.6942 -0.0630
168.2618 51.6889 -0.0635
168.2895 51.6836 -0.0613
168.3171 51.6783 -0.0576
168.3447 51.6730 -0.0529
168.3723 51.6676 -0.0482
168.3999 51.6623 -0.0448
168.4275 51.6570 -0.0430
168.4551 51.6516 -0.0420
168.4827 51.6463 -0.0423
168.5103 51.6409 -0.0429
168.5378 51.6355 -0.0436
168.5654 51.6301 -0.0435
168.5929 51.6248 -0.0418
168.6205 51.6194 -0.0380
168.6480 51.6140 -0.0331
168.6756 51.6086 -0.0282
168.7031 51.6032 -0.0244
168.7306 51.5977 -0.0222
168.7581 51.5923 -0.0227
168.7857 51.5869 -0.0268
168.9231 51.5597 -0.0580
169.0330 51.5377 -0.1050
169.0604 51.5322 -0.1007
169.0878 51.5267 -0.0903
169.1153 51.5212 -0.0752
169.1427 51.5157 -0.0579
169.1701 51.5102 -0.0391
169.1975 51.5047 -0.0203
169.2249 51.4992 -0.0024
169.2523 51.4936 0.0138
169.2797 51.4881 0.0279
169.3071 51.4825 0.0393
169.3345 51.4770 0.0474
169.3619 51.4714 0.0520
169.3892 51.4658 0.0536
169.4166 51.4603 0.0528
169.4439 51.4547 0.0511
169.4713 51.4491 0.0497
169.4986 51.4435 0.0493
169.5259 51.4379 0.0500
169.5533 51.4323 0.0522
169.5806 51.4267 0.0555
169.6079 51.4210 0.0601
169.6352 51.4154 0.0660
169.6625 51.4098 0.0732
169.6898 51.4041 0.0810
169.7171 51.3985 0.0904
169.7444 51.3928 0.0982
168.1044 51.7379 -0.0239
168.1321 51.7326 -0.0356
168.1598 51.7273 -0.0459
168.1874 51.7220 -0.0554
168.2151 51.7167 -0.0610
168.2427 51.7114 -0.0632
168.2704 51.7061 -0.0622
168.2980 51.7008 -0.0592
168.3257 51.6955 -0.0548
168.3533 51.6902 -0.0499
168.3809 51.6848 -0.0456
168.4085 51.6795 -0.0427
168.4361 51.6741 -0.0411
168.4637 51.6688 -0.0409
168.4913 51.6634 -0.0413
168.5189 51.6581 -0.0422
168.5465 51.6527 -0.0427
168.5740 51.6473 -0.0419
168.6016 51.6419 -0.0393
168.6292 51.6365 -0.0346
168.6567 51.6311 -0.0288
168.6843 51.6257 -0.0235
168.7118 51.6203 -0.0195
168.7393 51.6149 -0.0170
168.7669 51.6095 -0.0174
168.7944 51.6040 -0.0213
169.0418 51.5549 -0.0962
169.0692 51.5494 -0.0917
169.0967 51.5439 -0.0809
169.1241 51.5383 -0.0652
169.1515 51.5328 -0.0478
169.1790 51.5273 -0.0292
169.2064 51.5218 -0.0112
169.2338 51.5162 0.0056
169.2612 51.5107 0.0204
169.2886 51.5052 0.0336
169.3160 51.4996 0.0442
169.3434 51.4940 0.0511
169.3708 51.4885 0.0542
169.3981 51.4829 0.0544
169.4255 51.4773 0.0523
169.4529 51.4717 0.0495
169.4802 51.4662 0.0477
169.5076 51.4606 0.0473
169.5349 51.4549 0.0487
169.5623 51.4493 0.0514
169.5896 51.4437 0.0557
169.6169 51.4381 0.0612
169.6442 51.4325 0.0674
169.6715 51.4268 0.0760
169.6988 51.4212 0.0850
169.7261 51.4155 0.0959
169.7534 51.4099 0.1043
168.1129 51.7551 -0.0284
168.1406 51.7498 -0.0399
168.1683 51.7445 -0.0494
168.1960 51.7392 -0.0578
168.2236 51.7339 -0.0619
168.2513 51.7286 -0.0628
168.2790 51.7233 -0.0605
168.3066 51.7180 -0.0565
168.3342 51.7127 -0.0519
168.3619 51.7073 -0.0471
168.3895 51.7020 -0.0432
168.4171 51.6967 -0.0404
168.4447 51.6913 -0.0396
168.4723 51.6860 -0.0396
168.4999 51.6806 -0.0401
168.5275 51.6752 -0.0411
168.5551 51.6698 -0.0418
168.5827 51.6645 -0.0403
168.6103 51.6591 -0.0368
168.6378 51.6537 -0.0309
168.6654 51.6483 -0.0241
168.6930 51.6429 -0.0181
168.7205 51.6375 -0.0135
168.7481 51.6320 -0.0107
168.7756 51.6266 -0.0113
168.8031 51.6212 -0.0149
169.0506 51.5720 -0.0875
169.0780 51.5665 -0.0825
169.1055 51.5610 -0.0711
169.1329 51.5555 -0.0552
169.1604 51.5499 -0.0381
169.1878 51.5444 -0.0202
169.2153 51.5389 -0.0030
169.2427 51.5333 0.0131
169.2701 51.5278 0.0272
169.2975 51.5222 0.0394
169.3249 51.5167 0.0489
169.3523 51.5111 0.0541
169.3797 51.5056 0.0557
169.4071 51.5000 0.0549
169.4345 51.4944 0.0520
169.4618 51.4888 0.0487
169.4892 51.4832 0.0467
169.5165 51.4776 0.0466
169.5439 51.4720 0.0488
169.5712 51.4664 0.0530
169.5986 51.4608 0.0581
169.6259 51.4552 0.0642
169.6532 51.4495 0.0712
169.6805 51.4439 0.0811
169.7078 51.4382 0.0925
169.7352 51.4326 0.1029
169.7624 51.4269 0.1126
168.1215 51.7723 -0.0320
168.1491 51.7670 -0.0428
168.1768 51.7617 -0.0517
168.2045 51.7564 -0.0588
168.2322 51.7511 -0.0618
168.2599 51.7458 -0.0618
168.2875 51.7405 -0.0587
168.3152 51.7352 -0.0540
168.3428 51.7298 -0.0493
168.3705 51.7245 -0.0446
168.3981 51.7192 -0.0406
168.4257 51.7138 -0.0382
168.4534 51.7085 -0.0373
168.4810 51.7031 -0.0375
168.5086 51.6978 -0.0382
168.5362 51.6924 -0.0395
168.5638 51.6870 -0.0399
168.5914 51.6816 -0.0380
168.6190 51.6762 -0.0334
168.6465 51.6708 -0.0266
168.6741 51.6654 -0.0190
168.7017 51.6600 -0.0125
168.7292 51.6546 -0.0076
168.7568 51.6492 -0.0045
168.7843 51.6437 -0.0048
168.8119 51.6383 -0.0082
168.9495 51.6110 -0.0300
169.0594 51.5891 -0.0773
169.0869 51.5836 -0.0718
169.1143 51.5781 -0.0607
169.1418 51.5726 -0.0449
169.1693 51.5670 -0.0284
169.1967 51.5615 -0.0110
169.2241 51.5560 0.0056
169.2516 51.5504 0.0209
169.2790 51.5449 0.0343
169.3064 51.5393 0.0455
169.3338 51.5338 0.0534
169.3612 51.5282 0.0572
169.3886 51.5226 0.0577
169.4160 51.5171 0.0560
169.4434 51.5115 0.0523
169.4708 51.5059 0.0485
169.4982 51.5003 0.0464
169.5255 51.4947 0.0466
169.5529 51.4891 0.0497
169.5802 51.4835 0.0551
169.6076 51.4778 0.0611
169.6349 51.4722 0.0682
169.6622 51.4666 0.0769
169.6896 51.4609 0.0873
169.7169 51.4553 0.0985
169.7442 51.4496 0.1095
169.7715 51.4440 0.1189
168.1300 51.7895 -0.0345
168.1577 51.7842 -0.0449
168.1854 51.7789 -0.0535
168.2131 51.7736 -0.0595
168.2408 51.7683 -0.0618
168.2684 51.7630 -0.0612
168.2961 51.7577 -0.0579
168.3238 51.7524 -0.0531
168.3514 51.7470 -0.0481
168.3791 51.7417 -0.0429
168.4067 51.7364 -0.0387
168.4344 51.7310 -0.0359
168.4620 51.7256 -0.0352
168.4896 51.7203 -0.0352
168.5172 51.7149 -0.0365
168.5448 51.7095 -0.0377
168.5725 51.7042 -0.0379
168.6001 51.6988 -0.0357
168.6276 51.6934 -0.0306
168.6552 51.6880 -0.0230
168.6828 51.6826 -0.0147
168.7104 51.6772 -0.0073
168.7380 51.6717 -0.0020
168.7655 51.6663 0.0015
168.7931 51.6609 0.0013
168.8206 51.6554 -0.0026
169.0682 51.6062 -0.0671
169.0957 51.6007 -0.0610
169.1232 51.5952 -0.0500
169.1507 51.5897 -0.0348
169.1781 51.5841 -0.0188
169.2056 51.5786 -0.0019
169.2330 51.5731 0.0141
169.2605 51.5675 0.0287
169.2879 51.5620 0.0414
169.3153 51.5564 0.0514
169.3427 51.5509 0.0578
169.3702 51.5453 0.0604
169.3976 51.5397 0.0601
169.4250 51.5341 0.0579
169.4524 51.5286 0.0538
169.4797 51.5230 0.0500
169.5071 51.5174 0.0478
169.5345 51.5118 0.0484
169.5619 51.5061 0.0517
169.5892 51.5005 0.0581
169.6166 51.4949 0.0647
169.6439 51.4893 0.0731
169.6713 51.4836 0.0833
169.6986 51.4780 0.0941
169.7259 51.4723 0.1053
169.7532 51.4667 0.1168
169.7806 51.4610 0.1268
168.1385 51.8067 -0.0379
168.1662 51.8014 -0.0473
168.1939 51.7961 -0.0550
168.2216 51.7908 -0.0603
168.2493 51.7855 -0.0625
168.2770 51.7802 -0.0611
168.3047 51.7749 -0.0576
168.3324 51.7695 -0.0526
168.3600 51.7642 -0.0474
168.3877 51.7589 -0.0420
168.4153 51.7535 -0.0375
168.4430 51.7482 -0.0346
168.4706 51.7428 -0.0336
168.4983 51.7375 -0.0340
168.5259 51.7321 -0.0352
168.5535 51.7267 -0.0368
168.5811 51.7213 -0.0369
168.6087 51.7159 -0.0341
168.6363 51.7105 -0.0283
168.6639 51.7051 -0.0199
168.6915 51.6997 -0.0110
168.7191 51.6943 -0.0030
168.7467 51.6889 0.0029
168.7743 51.6835 0.0068
168.8018 51.6780 0.0064
168.8294 51.6726 0.0026
169.0771 51.6233 -0.0568
169.1046 51.6178 -0.0502
169.1320 51.6123 -0.0393
169.1595 51.6068 -0.0246
169.1870 51.6012 -0.0091
169.2145 51.5957 0.0069
169.2419 51.5902 0.0224
169.2694 51.5846 0.0362
169.2968 51.5791 0.0479
169.3242 51.5735 0.0567
169.3517 51.5679 0.0619
169.3791 51.5624 0.0637
169.4065 51.5568 0.0626
169.4339 51.5512 0.0598
169.4613 51.5456 0.0561
169.4887 51.5400 0.0524
169.5161 51.5344 0.0504
169.5435 51.5288 0.0512
169.5709 51.5232 0.0548
169.5982 51.5176 0.0613
169.6256 51.5119 0.0686
169.6530 51.5063 0.0780
169.6803 51.5007 0.0892
169.7076 51.4950 0.1003
169.7350 51.4894 0.1124
169.7623 51.4837 0.1240
169.7896 51.4780 0.1347
168.1470 51.8239 -0.0419
168.1748 51.8186 -0.0507
168.2025 51.8133 -0.0575
168.2302 51.8080 -0.0624
168.2579 51.8027 -0.0640
168.2856 51.7974 -0.0625
168.3133 51.7920 -0.0585
168.3410 51.7867 -0.0528
168.3686 51.7814 -0.0467
168.3963 51.7760 -0.0410
168.4240 51.7707 -0.0363
168.4516 51.7653 -0.0334
168.4793 51.7600 -0.0332
168.5069 51.7546 -0.0342
168.5346 51.7492 -0.0360
168.5622 51.7439 -0.0374
168.5898 51.7385 -0.0368
168.6174 51.7331 -0.0332
168.6450 51.7277 -0.0264
168.6726 51.7223 -0.0172
168.7002 51.7169 -0.0078
168.7278 51.7114 0.0009
168.7554 51.7060 0.0072
168.7830 51.7006 0.0108
168.8106 51.6951 0.0100
168.8381 51.6897 0.0064
169.0859 51.6404 -0.0482
169.1134 51.6349 -0.0408
169.1409 51.6294 -0.0295
169.1684 51.6239 -0.0150
169.1959 51.6183 0.0001
169.2233 51.6128 0.0154
169.2508 51.6073 0.0299
169.2783 51.6017 0.0432
169.3057 51.5962 0.0541
169.3332 51.5906 0.0622
169.3606 51.5850 0.0664
169.3880 51.5795 0.0674
169.4155 51.5739 0.0657
169.4429 51.5683 0.0627
169.4703 51.5627 0.0592
169.4977 51.5571 0.0563
169.5251 51.5515 0.0545
169.5525 51.5459 0.0552
169.5799 51.5403 0.0588
169.6072 51.5346 0.0651
169.6346 51.5290 0.0734
169.6620 51.5234 0.0837
169.6893 51.5177 0.0950
169.7167 51.5121 0.1071
169.7440 51.5064 0.1191
169.7714 51.5008 0.1310
169.7987 51.4951 0.1429
168.1556 51.8411 -0.0452
168.1833 51.8358 -0.0530
168.2110 51.8305 -0.0592
168.2388 51.8252 -0.0637
168.2665 51.8199 -0.0650
168.2942 51.8146 -0.0632
168.3219 51.8092 -0.0583
168.3496 51.8039 -0.0518
168.3773 51.7986 -0.0453
168.4049 51.7932 -0.0395
168.4326 51.7879 -0.0351
168.4603 51.7825 -0.0331
168.4879 51.7771 -0.0337
168.5156 51.7718 -0.0353
168.5432 51.7664 -0.0371
168.5709 51.7610 -0.0378
168.5985 51.7556 -0.0363
168.6261 51.7502 -0.0317
168.6538 51.7448 -0.0240
168.6814 51.7394 -0.0142
168.7090 51.7340 -0.0041
168.7366 51.7286 0.0046
168.7642 51.7232 0.0110
168.7918 51.7177 0.0138
168.8193 51.7123 0.0129
168.8469 51.7068 0.0092
168.9847 51.6795 -0.0180
169.0948 51.6575 -0.0395
169.1223 51.6520 -0.0318
169.1498 51.6465 -0.0200
169.1773 51.6410 -0.0058
169.2048 51.6354 0.0089
169.2322 51.6299 0.0235
169.2597 51.6244 0.0373
169.2872 51.6188 0.0498
169.3146 51.6132 0.0601
169.3421 51.6077 0.0673
169.3696 51.6021 0.0703
169.3970 51.5965 0.0710
169.4244 51.5910 0.0686
169.4519 51.5854 0.0656
169.4793 51.5798 0.0625
169.5067 51.5742 0.0600
169.5341 51.5686 0.0587
169.5615 51.5629 0.0597
169.5889 51.5573 0.0632
169.6163 51.5517 0.0696
169.6437 51.5461 0.0783
169.6710 51.5404 0.0889
169.6984 51.5348 0.1008
169.7258 51.5291 0.1134
169.7531 51.5235 0.1258
169.7804 51.5178 0.1385
169.8078 51.5121 0.1512
168.1641 51.8583 -0.0474
168.1919 51.8530 -0.0540
168.2196 51.8477 -0.0595
168.2473 51.8424 -0.0634
168.2751 51.8371 -0.0644
168.3028 51.8317 -0.0622
168.3305 51.8264 -0.0568
168.3582 51.8211 -0.0497
168.3859 51.8157 -0.0431
168.4136 51.8104 -0.0374
168.4413 51.8050 -0.0336
168.4689 51.7997 -0.0325
168.4966 51.7943 -0.0338
168.5243 51.7889 -0.0362
168.5519 51.7836 -0.0379
168.5796 51.7782 -0.0381
168.6072 51.7728 -0.0355
168.6348 51.7674 -0.0297
168.6625 51.7620 -0.0208
168.6901 51.7566 -0.0103
168.7177 51.7512 0.0000
168.7453 51.7457 0.0084
168.7729 51.7403 0.0140
168.8005 51.7349 0.0161
168.8281 51.7294 0.0151
168.8557 51.7240 0.0107
169.1036 51.6746 -0.0336
169.1312 51.6691 -0.0249
169.1587 51.6636 -0.0126
169.1862 51.6581 0.0019
169.2137 51.6525 0.0164
169.2412 51.6470 0.0310
169.2686 51.6414 0.0446
169.2961 51.6359 0.0568
169.3236 51.6303 0.0661
169.3510 51.6248 0.0722
169.3785 51.6192 0.0743
169.4060 51.6136 0.0743
169.4334 51.6080 0.0720
169.4608 51.6024 0.0686
169.4883 51.5968 0.0655
169.5157 51.5912 0.0633
169.5431 51.5856 0.0625
169.5705 51.5800 0.0641
169.5979 51.5744 0.0680
169.6253 51.5687 0.0743
169.6527 51.5631 0.0832
169.6801 51.5575 0.0939
169.7074 51.5518 0.1059
169.7348 51.5462 0.1181
169.7622 51.5405 0.1305
169.7895 51.5348 0.1443
169.8169 51.5292 0.1575
168.1727 51.8755 -0.0485
168.2004 51.8702 -0.0532
168.2282 51.8649 -0.0577
168.2559 51.8596 -0.0611
168.2837 51.8542 -0.0616
168.3114 51.8489 -0.0589
168.3391 51.8436 -0.0532
168.3668 51.8383 -0.0465
168.3945 51.8329 -0.0401
168.4222 51.8276 -0.0350
168.4499 51.8222 -0.0318
168.4776 51.8168 -0.0315
168.5053 51.8115 -0.0331
168.5329 51.8061 -0.0358
168.5606 51.8007 -0.0375
168.5883 51.7953 -0.0372
168.6159 51.7899 -0.0334
168.6436 51.7845 -0.0262
168.6712 51.7791 -0.0165
168.6988 51.7737 -0.0060
168.7265 51.7683 0.0038
168.7541 51.7629 0.0114
168.7817 51.7574 0.0159
168.8093 51.7520 0.0172
168.8369 51.7466 0.0151
168.8645 51.7411 0.0106
169.1125 51.6917 -0.0278
169.1400 51.6862 -0.0187
169.1676 51.6807 -0.0061
169.1951 51.6752 0.0086
169.2226 51.6696 0.0234
169.2501 51.6641 0.0381
169.2776 51.6585 0.0515
169.3050 51.6530 0.0626
169.3325 51.6474 0.0710
169.3600 51.6418 0.0762
169.3875 51.6363 0.0778
169.4149 51.6307 0.0773
169.4424 51.6251 0.0744
169.4698 51.6195 0.0708
169.4973 51.6139 0.0676
169.5247 51.6083 0.0652
169.5521 51.6027 0.0647
169.5795 51.5971 0.0669
169.6069 51.5914 0.0712
169.6343 51.5858 0.0783
169.6617 51.5802 0.0873
169.6891 51.5745 0.0982
169.7165 51.5689 0.1097
169.7439 51.5632 0.1215
169.7713 51.5575 0.1341
169.7986 51.5519 0.1474
169.8260 51.5462 0.1611
168.1813 51.8927 -0.0465
168.2090 51.8874 -0.0507
168.2368 51.8821 -0.0551
168.2645 51.8767 -0.0575
168.2923 51.8714 -0.0574
168.3200 51.8661 -0.0541
168.3477 51.8608 -0.0487
168.3754 51.8554 -0.0422
168.4032 51.8501 -0.0361
168.4309 51.8447 -0.0314
168.4586 51.8394 -0.0287
168.4863 51.8340 -0.0289
168.5139 51.8286 -0.0312
168.5416 51.8233 -0.0339
168.5693 51.8179 -0.0360
168.5970 51.8125 -0.0353
168.6246 51.8071 -0.0311
168.6523 51.8017 -0.0230
168.6799 51.7963 -0.0125
168.7076 51.7909 -0.0020
168.7352 51.7854 0.0071
168.7628 51.7800 0.0134
168.7905 51.7746 0.0168
168.8181 51.7691 0.0172
168.8457 51.7637 0.0143
168.8733 51.7582 0.0098
169.0112 51.7309 -0.0340
169.1214 51.7088 -0.0242
169.1489 51.7033 -0.0143
169.1764 51.6978 -0.0009
169.2040 51.6923 0.0146
169.2315 51.6867 0.0296
169.2590 51.6812 0.0444
169.2865 51.6756 0.0572
169.3140 51.6701 0.0683
169.3415 51.6645 0.0762
169.3690 51.6589 0.0817
169.3964 51.6533 0.0818
169.4239 51.6478 0.0802
169.4514 51.6422 0.0762
169.4788 51.6366 0.0722
169.5063 51.6310 0.0688
169.5337 51.6254 0.0662
169.5611 51.6197 0.0655
169.5886 51.6141 0.0678
169.6160 51.6085 0.0731
169.6434 51.6029 0.0808
169.6708 51.5972 0.0902
169.6982 51.5916 0.1009
169.7256 51.5859 0.1121
169.7530 51.5802 0.1235
169.7803 51.5746 0.1359
169.8077 51.5689 0.1485
169.8351 51.5632 0.1615
168.1898 51.9099 -0.0444
168.2176 51.9046 -0.0485
168.2454 51.8992 -0.0518
168.2731 51.8939 -0.0533
168.3009 51.8886 -0.0522
168.3286 51.8833 -0.0485
168.3564 51.8779 -0.0429
168.3841 51.8726 -0.0366
168.4118 51.8673 -0.0309
168.4395 51.8619 -0.0269
168.4672 51.8565 -0.0249
168.4949 51.8512 -0.0257
168.5226 51.8458 -0.0283
168.5503 51.8404 -0.0314
168.5780 51.8350 -0.0336
168.6057 51.8296 -0.0329
168.6333 51.8242 -0.0283
168.6610 51.8188 -0.0196
168.6887 51.8134 -0.0092
168.7163 51.8080 0.0010
168.7440 51.8026 0.0097
168.7716 51.7972 0.0152
168.7992 51.7917 0.0179
168.8269 51.7863 0.0173
168.8545 51.7808 0.0140
168.8821 51.7754 0.0093
169.1303 51.7259 -0.0201
169.1578 51.7204 -0.0096
169.1854 51.7149 0.0043
169.2129 51.7094 0.0201
169.2404 51.7038 0.0354
169.2679 51.6983 0.0498
169.2954 51.6927 0.0626
169.3229 51.6872 0.0727
169.3504 51.6816 0.0819
169.3779 51.6760 0.0862
169.4054 51.6704 0.0853
169.4329 51.6648 0.0821
169.4603 51.6592 0.0774
169.4878 51.6536 0.0734
169.5153 51.6480 0.0698
169.5427 51.6424 0.0664
169.5702 51.6368 0.0657
169.5976 51.6312 0.0681
169.6250 51.6255 0.0741
169.6524 51.6199 0.0823
169.6799 51.6143 0.0924
169.7073 51.6086 0.1030
169.7347 51.6030 0.1139
169.7621 51.5973 0.1249
169.7894 51.5916 0.1370
169.8168 51.5859 0.1492
169.8442 51.5803 0.1617
168.1984 51.9270 -0.0425
168.2262 51.9217 -0.0468
168.2540 51.9164 -0.0497
168.2817 51.9111 -0.0499
168.3095 51.9058 -0.0475
168.3372 51.9005 -0.0425
168.3650 51.8951 -0.0363
168.3927 51.8898 -0.0303
168.4205 51.8844 -0.0255
168.4482 51.8791 -0.0223
168.4759 51.8737 -0.0220
168.5036 51.8683 -0.0237
168.5313 51.8630 -0.0268
168.5590 51.8576 -0.0297
168.5867 51.8522 -0.0316
168.6144 51.8468 -0.0305
168.6421 51.8414 -0.0256
168.6698 51.8360 -0.0165
168.6974 51.8306 -0.0059
168.7251 51.8252 0.0043
168.7527 51.8197 0.0125
168.7804 51.8143 0.0174
168.8080 51.8088 0.0193
168.8356 51.8034 0.0183
168.8633 51.7979 0.0139
168.8909 51.7925 0.0090
169.1392 51.7430 -0.0156
169.1667 51.7375 -0.0047
169.1943 51.7320 0.0093
169.2218 51.7265 0.0250
169.2493 51.7209 0.0406
169.2769 51.7154 0.0549
169.3044 51.7098 0.0672
169.3319 51.7042 0.0784
169.3594 51.6987 0.0861
169.3869 51.6931 0.0891
169.4144 51.6875 0.0869
169.4419 51.6819 0.0828
169.4693 51.6763 0.0781
169.4968 51.6707 0.0744
169.5243 51.6651 0.0718
169.5517 51.6595 0.0688
169.5792 51.6539 0.0670
169.6066 51.6482 0.0693
169.6341 51.6426 0.0758
169.6615 51.6370 0.0848
169.6889 51.6313 0.0948
169.7163 51.6257 0.1049
169.7438 51.6200 0.1157
169.7712 51.6143 0.1265
169.7986 51.6087 0.1380
169.8259 51.6030 0.1509
169.8533 51.5973 0.1633
168.2070 51.9442 -0.0415
168.2348 51.9389 -0.0457
168.2626 51.9336 -0.0477
168.2904 51.9283 -0.0468
168.3181 51.9230 -0.0427
168.3459 51.9176 -0.0364
168.3736 51.9123 -0.0295
168.4014 51.9070 -0.0239
168.4291 51.9016 -0.0204
168.4569 51.8962 -0.0195
168.4846 51.8909 -0.0207
168.5123 51.8855 -0.0235
168.5400 51.8801 -0.0268
168.5677 51.8747 -0.0289
168.5954 51.8694 -0.0296
168.6231 51.8640 -0.0276
168.6508 51.8585 -0.0220
168.6785 51.8531 -0.0128
168.7062 51.8477 -0.0023
168.7338 51.8423 0.0073
168.7615 51.8369 0.0149
168.7892 51.8314 0.0193
168.8168 51.8260 0.0212
168.8444 51.8205 0.0198
168.8721 51.8151 0.0142
168.8997 51.8096 0.0083
169.1481 51.7602 -0.0101
169.1756 51.7546 0.0008
169.2032 51.7491 0.0145
169.2307 51.7435 0.0296
169.2583 51.7380 0.0451
169.2858 51.7324 0.0596
169.3133 51.7269 0.0716
169.3409 51.7213 0.0815
169.3684 51.7157 0.0868
169.3959 51.7102 0.0882
169.4234 51.7046 0.0859
169.4509 51.6990 0.0819
169.4784 51.6934 0.0772
169.5058 51.6878 0.0759
169.5333 51.6822 0.0766
169.5608 51.6766 0.0743
169.5882 51.6709 0.0695
169.6157 51.6653 0.0717
169.6431 51.6597 0.0782
169.6706 51.6540 0.0879
169.6980 51.6484 0.0968
169.7254 51.6427 0.1071
169.7529 51.6370 0.1174
169.7803 51.6314 0.1279
169.8077 51.6257 0.1394
169.8351 51.6200 0.1522
169.8625 51.6143 0.1648
168.2156 51.9614 -0.0421
168.2434 51.9561 -0.0456
168.2712 51.9508 -0.0464
168.2990 51.9455 -0.0442
168.3268 51.9402 -0.0386
168.3545 51.9348 -0.0315
168.3823 51.9295 -0.0244
168.4100 51.9241 -0.0191
168.4378 51.9188 -0.0169
168.4655 51.9134 -0.0181
168.4933 51.9080 -0.0211
168.5210 51.9027 -0.0246
168.5487 51.8973 -0.0277
168.5764 51.8919 -0.0287
168.6042 51.8865 -0.0277
168.6319 51.8811 -0.0243
168.6596 51.8757 -0.0179
168.6873 51.8703 -0.0087
168.7149 51.8649 0.0015
168.7426 51.8594 0.0105
168.7703 51.8540 0.0172
168.7979 51.8486 0.0213
168.8256 51.8431 0.0226
168.8533 51.8377 0.0208
168.8809 51.8322 0.0137
168.9085 51.8267 0.0068
169.0466 51.7993 -0.0170
169.1570 51.7773 -0.0045
169.1845 51.7717 0.0061
169.2121 51.7662 0.0196
169.2397 51.7606 0.0344
169.2672 51.7551 0.0492
169.2948 51.7495 0.0627
169.3223 51.7440 0.0747
169.3498 51.7384 0.0827
169.3773 51.7328 0.0860
169.4049 51.7272 0.0866
169.4324 51.7217 0.0840
169.4599 51.7161 0.0798
169.4874 51.7105 0.0761
169.5149 51.7048 0.0785
169.5423 51.6992 0.0759
169.5698 51.6936 0.0732
169.5973 51.6880 0.0745
169.6247 51.6824 0.0768
169.6522 51.6767 0.0821
169.6797 51.6711 0.0905
169.7071 51.6654 0.0990
169.7345 51.6598 0.1087
169.7620 51.6541 0.1188
169.7894 51.6484 0.1292
169.8168 51.6427 0.1404
169.8442 51.6370 0.1523
169.8716 51.6314 0.1647
168.2242 51.9786 -0.0430
168.2520 51.9733 -0.0458
168.2798 51.9680 -0.0453
168.3076 51.9627 -0.0420
168.3354 51.9573 -0.0357
168.3632 51.9520 -0.0284
168.3909 51.9467 -0.0209
168.4187 51.9413 -0.0162
168.4465 51.9359 -0.0150
168.4742 51.9306 -0.0172
168.5020 51.9252 -0.0214
168.5297 51.9198 -0.0251
168.5574 51.9144 -0.0277
168.5852 51.9091 -0.0278
168.6129 51.9037 -0.0252
168.6406 51.8983 -0.0204
168.6683 51.8928 -0.0134
168.6960 51.8874 -0.0047
168.7237 51.8820 0.0043
168.7514 51.8766 0.0118
168.7791 51.8711 0.0177
168.8067 51.8657 0.0214
168.8344 51.8603 0.0221
168.8621 51.8548 0.0191
168.8897 51.8493 0.0116
168.9174 51.8439 0.0041
169.1659 51.7944 0.0007
169.1935 51.7888 0.0112
169.2210 51.7833 0.0244
169.2486 51.7777 0.0383
169.2762 51.7722 0.0521
169.3037 51.7666 0.0649
169.3313 51.7611 0.0755
169.3588 51.7555 0.0825
169.3863 51.7499 0.0844
169.4139 51.7443 0.0844
169.4414 51.7387 0.0815
169.4689 51.7331 0.0777
169.4964 51.7275 0.0745
169.5239 51.7219 0.0722
169.5514 51.7163 0.0714
169.5789 51.7107 0.0730
169.6063 51.7050 0.0763
169.6338 51.6994 0.0804
169.6613 51.6938 0.0848
169.6887 51.6881 0.0912
169.7162 51.6825 0.1000
169.7436 51.6768 0.1092
169.7711 51.6711 0.1194
169.7985 51.6654 0.1297
169.8259 51.6598 0.1404
169.8533 51.6541 0.1514
169.8807 51.6484 0.1625
168.2328 51.9958 -0.0428
168.2606 51.9905 -0.0444
168.2884 51.9852 -0.0436
168.3162 51.9798 -0.0400
168.3440 51.9745 -0.0343
168.3718 51.9692 -0.0269
168.3996 51.9638 -0.0191
168.4274 51.9585 -0.0146
168.4552 51.9531 -0.0140
168.4829 51.9477 -0.0159
168.5107 51.9424 -0.0193
168.5384 51.9370 -0.0226
168.5662 51.9316 -0.0250
168.5939 51.9262 -0.0245
168.6216 51.9208 -0.0211
168.6494 51.9154 -0.0159
168.6771 51.9100 -0.0090
168.7048 51.9046 -0.0010
168.7325 51.8992 0.0068
168.7602 51.8937 0.0132
168.7879 51.8883 0.0180
168.8156 51.8828 0.0204
168.8432 51.8774 0.0201
168.8709 51.8719 0.0163
168.8986 51.8665 0.0086
168.9262 51.8610 0.0007
169.1748 51.8115 0.0027
169.2024 51.8059 0.0141
169.2300 51.8004 0.0271
169.2576 51.7948 0.0406
169.2851 51.7893 0.0534
169.3127 51.7837 0.0652
169.3402 51.7781 0.0744
169.3678 51.7726 0.0803
169.3953 51.7670 0.0824
169.4229 51.7614 0.0822
169.4504 51.7558 0.0797
169.4779 51.7502 0.0761
169.5054 51.7446 0.0727
169.5329 51.7390 0.0699
169.5604 51.7334 0.0684
169.5879 51.7277 0.0702
169.6154 51.7221 0.0757
169.6429 51.7165 0.0798
169.6704 51.7108 0.0848
169.6978 51.7052 0.0905
169.7253 51.6995 0.0986
169.7527 51.6938 0.1080
169.7802 51.6882 0.1184
169.8076 51.6825 0.1284
169.8351 51.6768 0.1388
169.8625 51.6711 0.1489
169.8899 51.6654 0.1589
168.2414 52.0130 -0.0413
168.2693 52.0077 -0.0422
168.2971 52.0024 -0.0411
168.3249 51.9970 -0.0381
168.3527 51.9917 -0.0328
168.3805 51.9864 -0.0259
168.4083 51.9810 -0.0190
168.4361 51.9756 -0.0142
168.4639 51.9703 -0.0125
168.4916 51.9649 -0.0130
168.5194 51.9595 -0.0151
168.5471 51.9542 -0.0178
168.5749 51.9488 -0.0198
168.6026 51.9434 -0.0192
168.6304 51.9380 -0.0160
168.6581 51.9326 -0.0111
168.6858 51.9271 -0.0047
168.7136 51.9217 0.0021
168.7413 51.9163 0.0086
168.7690 51.9109 0.0137
168.7967 51.9054 0.0172
168.8244 51.9000 0.0185
168.8520 51.8945 0.0170
168.8797 51.8891 0.0127
168.9074 51.8836 0.0051
168.9351 51.8781 -0.0033
169.0733 51.8506 -0.0290
169.1837 51.8286 0.0029
169.2113 51.8230 0.0151
169.2389 51.8175 0.0282
169.2665 51.8119 0.0417
169.2941 51.8064 0.0539
169.3217 51.8008 0.0647
169.3492 51.7952 0.0723
169.3768 51.7896 0.0779
169.4043 51.7841 0.0798
169.4319 51.7785 0.0796
169.4594 51.7729 0.0778
169.4869 51.7673 0.0747
169.5145 51.7617 0.0714
169.5420 51.7560 0.0676
169.5695 51.7504 0.0652
169.5970 51.7448 0.0666
169.6245 51.7392 0.0725
169.6520 51.7335 0.0771
169.6795 51.7279 0.0827
169.7069 51.7222 0.0889
169.7344 51.7165 0.0967
169.7619 51.7109 0.1066
169.7893 51.7052 0.1168
169.8168 51.6995 0.1273
169.8442 51.6938 0.1372
169.8716 51.6881 0.1467
169.8991 51.6824 0.1558
168.2501 52.0302 -0.0379
168.2779 52.0249 -0.0389
168.3057 52.0195 -0.0381
168.3336 52.0142 -0.0355
168.3614 52.0089 -0.0306
168.3892 52.0035 -0.0242
168.4170 51.9982 -0.0174
168.4448 51.9928 -0.0123
168.4726 51.9874 -0.0094
168.5003 51.9821 -0.0093
168.5281 51.9767 -0.0106
168.5559 51.9713 -0.0124
168.5836 51.9659 -0.0142
168.6114 51.9605 -0.0140
168.6391 51.9551 -0.0114
168.6669 51.9497 -0.0069
168.6946 51.9443 -0.0013
168.7223 51.9389 0.0048
168.7501 51.9334 0.0106
168.7778 51.9280 0.0148
168.8055 51.9226 0.0171
168.8332 51.9171 0.0170
168.8609 51.9116 0.0146
168.8886 51.9062 0.0093
168.9162 51.9007 0.0012
168.9439 51.8952 -0.0069
169.1927 51.8457 0.0030
169.2203 51.8401 0.0157
169.2479 51.8346 0.0292
169.2755 51.8290 0.0430
169.3031 51.8234 0.0549
169.3306 51.8179 0.0647
169.3582 51.8123 0.0715
169.3858 51.8067 0.0767
169.4133 51.8011 0.0786
169.4409 51.7955 0.0785
169.4684 51.7899 0.0774
169.4960 51.7843 0.0745
169.5235 51.7787 0.0714
169.5510 51.7731 0.0681
169.5786 51.7675 0.0642
169.6061 51.7618 0.0649
169.6336 51.7562 0.0694
169.6611 51.7506 0.0745
169.6886 51.7449 0.0801
169.7160 51.7393 0.0870
169.7435 51.7336 0.0953
169.7710 51.7279 0.1050
169.7985 51.7222 0.1153
169.8259 51.7166 0.1262
169.8534 51.7109 0.1364
169.8808 51.7052 0.1455
169.9082 51.6995 0.1535
168.2587 52.0474 -0.0346
168.2865 52.0421 -0.0356
168.3144 52.0367 -0.0344
168.3422 52.0314 -0.0315
168.3700 52.0260 -0.0269
168.3979 52.0207 -0.0205
168.4257 52.0153 -0.0143
168.4535 52.0100 -0.0094
168.4813 52.0046 -0.0065
168.5091 51.9992 -0.0055
168.5368 51.9939 -0.0062
168.5646 51.9885 -0.0078
168.5924 51.9831 -0.0095
168.6201 51.9777 -0.0098
168.6479 51.9723 -0.0078
168.6757 51.9669 -0.0038
168.7034 51.9614 0.0012
168.7311 51.9560 0.0062
168.7589 51.9506 0.0110
168.7866 51.9451 0.0144
168.8143 51.9397 0.0161
168.8420 51.9342 0.0153
168.8697 51.9288 0.0121
168.8974 51.9233 0.0062
168.9251 51.9178 -0.0020
168.9528 51.9124 -0.0099
169.2016 51.8627 0.0055
169.2292 51.8572 0.0185
169.2569 51.8517 0.0321
169.2845 51.8461 0.0456
169.3121 51.8405 0.0571
169.3396 51.8350 0.0663
169.3672 51.8294 0.0723
169.3948 51.8238 0.0770
169.4224 51.8182 0.0787
169.4499 51.8126 0.0790
169.4775 51.8070 0.0775
169.5050 51.8014 0.0752
169.5326 51.7958 0.0724
169.5601 51.7902 0.0696
169.5876 51.7845 0.0664
169.6151 51.7789 0.0654
169.6427 51.7733 0.0677
169.6702 51.7676 0.0722
169.6977 51.7620 0.0781
169.7252 51.7563 0.0851
169.7526 51.7506 0.0947
169.7801 51.7450 0.1047
169.8076 51.7393 0.1152
169.8351 51.7336 0.1258
169.8625 51.7279 0.1360
169.8900 51.7222 0.1448
169.9174 51.7165 0.1523
168.2673 52.0646 -0.0311
168.2952 52.0592 -0.0323
168.3230 52.0539 -0.0310
168.3509 52.0486 -0.0277
168.3787 52.0432 -0.0228
168.4065 52.0379 -0.0168
168.4344 52.0325 -0.0109
168.4622 52.0272 -0.0064
168.4900 52.0218 -0.0037
168.5178 52.0164 -0.0028
168.5456 52.0110 -0.0036
168.5734 52.0056 -0.0053
168.6011 52.0002 -0.0072
168.6289 51.9948 -0.0074
168.6567 51.9894 -0.0056
168.6844 51.9840 -0.0019
168.7122 51.9786 0.0025
168.7399 51.9731 0.0070
168.7677 51.9677 0.0111
168.7954 51.9623 0.0138
168.8231 51.9568 0.0148
168.8509 51.9514 0.0131
168.8786 51.9459 0.0096
168.9063 51.9404 0.0039
168.9340 51.9350 -0.0042
168.9617 51.9295 -0.0115
169.2106 51.8798 0.0108
169.2382 51.8743 0.0239
169.2658 51.8687 0.0367
169.2934 51.8632 0.0497
169.3210 51.8576 0.0606
169.3486 51.8520 0.0694
169.3762 51.8465 0.0745
169.4038 51.8409 0.0787
169.4314 51.8353 0.0801
169.4590 51.8297 0.0801
169.4865 51.8241 0.0788
169.5141 51.8185 0.0765
169.5416 51.8129 0.0739
169.5692 51.8072 0.0706
169.5967 51.8016 0.0676
169.6242 51.7960 0.0666
169.6518 51.7903 0.0682
169.6793 51.7847 0.0725
169.7068 51.7790 0.0786
169.7343 51.7733 0.0858
169.7618 51.7677 0.0951
169.7893 51.7620 0.1049
169.8167 51.7563 0.1156
169.8442 51.7506 0.1263
169.8717 51.7449 0.1363
169.8991 51.7392 0.1455
169.9266 51.7335 0.1524
168.2760 52.0817 -0.0275
168.3039 52.0764 -0.0283
168.3317 52.0711 -0.0272
168.3596 52.0657 -0.0241
168.3874 52.0604 -0.0191
168.4152 52.0550 -0.0136
168.4431 52.0497 -0.0081
168.4709 52.0443 -0.0038
168.4987 52.0389 -0.0015
168.5265 52.0336 -0.0010
168.5543 52.0282 -0.0020
168.5821 52.0228 -0.0042
168.6099 52.0174 -0.0061
168.6377 52.0120 -0.0061
168.6655 52.0066 -0.0043
168.6932 52.0011 -0.0010
168.7210 51.9957 0.0031
168.7487 51.9903 0.0068
168.7765 51.9849 0.0100
168.8042 51.9794 0.0120
168.8320 51.9740 0.0126
168.8597 51.9685 0.0111
168.8874 51.9630 0.0076
168.9151 51.9576 0.0019
168.9428 51.9521 -0.0049
168.9705 51.9466 -0.0110
169.1089 51.9191 -0.0190
169.2195 51.8969 0.0171
169.2472 51.8914 0.0298
169.2748 51.8858 0.0418
169.3024 51.8803 0.0541
169.3300 51.8747 0.0648
169.3576 51.8691 0.0729
169.3852 51.8635 0.0779
169.4128 51.8580 0.0818
169.4404 51.8524 0.0830
169.4680 51.8468 0.0823
169.4956 51.8412 0.0804
169.5231 51.8355 0.0778
169.5507 51.8299 0.0746
169.5783 51.8243 0.0706
169.6058 51.8187 0.0682
169.6333 51.8130 0.0677
169.6609 51.8074 0.0702
169.6884 51.8017 0.0750
169.7159 51.7961 0.0807
169.7434 51.7904 0.0881
169.7709 51.7847 0.0969
169.7984 51.7790 0.1068
169.8259 51.7734 0.1168
169.8534 51.7677 0.1278
169.8809 51.7620 0.1379
169.9083 51.7563 0.1463
169.9358 51.7505 0.1528
168.2846 52.0989 -0.0233
168.3125 52.0936 -0.0246
168.3404 52.0883 -0.0234
168.3682 52.0829 -0.0206
168.3961 52.0776 -0.0160
168.4239 52.0722 -0.0106
168.4518 52.0669 -0.0056
168.4796 52.0615 -0.0019
168.5074 52.0561 -0.0001
168.5353 52.0507 -0.0002
168.5631 52.0453 -0.0017
168.5909 52.0399 -0.0036
168.6187 52.0345 -0.0052
168.6465 52.0291 -0.0051
168.6742 52.0237 -0.0031
168.7020 52.0183 0.0000
168.7298 52.0129 0.0035
168.7576 52.0074 0.0066
168.7853 52.0020 0.0090
168.8131 51.9965 0.0103
168.8408 51.9911 0.0105
168.8685 51.9856 0.0087
168.8963 51.9802 0.0059
168.9240 51.9747 0.0012
168.9517 51.9692 -0.0043
168.9794 51.9637 -0.0093
169.2285 51.9140 0.0239
169.2562 51.9085 0.0361
169.2838 51.9029 0.0474
169.3114 51.8974 0.0595
169.3390 51.8918 0.0694
169.3667 51.8862 0.0768
169.3943 51.8806 0.0819
169.4219 51.8750 0.0849
169.4495 51.8694 0.0860
169.4771 51.8638 0.0849
169.5046 51.8582 0.0823
169.5322 51.8526 0.0792
169.5598 51.8470 0.0756
169.5873 51.8413 0.0715
169.6149 51.8357 0.0690
169.6424 51.8301 0.0695
169.6700 51.8244 0.0727
169.6975 51.8188 0.0778
169.7250 51.8131 0.0843
169.7526 51.8074 0.0919
169.7801 51.8018 0.1009
169.8076 51.7961 0.1098
169.8351 51.7904 0.1186
169.8626 51.7847 0.1294
169.8900 51.7790 0.1393
169.9175 51.7733 0.1475
169.9450 51.7676 0.1543
168.2933 52.1161 -0.0198
168.3212 52.1108 -0.0214
168.3491 52.1054 -0.0204
168.3769 52.1001 -0.0171
168.4048 52.0947 -0.0126
168.4327 52.0894 -0.0077
168.4605 52.0840 -0.0033
168.4883 52.0787 -0.0003
168.5162 52.0733 0.0013
168.5440 52.0679 0.0011
168.5718 52.0625 -0.0007
168.5996 52.0571 -0.0022
168.6274 52.0517 -0.0031
168.6552 52.0463 -0.0029
168.6830 52.0409 -0.0008
168.7108 52.0354 0.0016
168.7386 52.0300 0.0044
168.7664 52.0246 0.0066
168.7941 52.0191 0.0084
168.8219 52.0137 0.0090
168.8497 52.0082 0.0090
168.8774 52.0028 0.0074
168.9051 51.9973 0.0053
168.9329 51.9918 0.0020
168.9606 51.9863 -0.0028
168.9883 51.9808 -0.0063
169.2375 51.9311 0.0300
169.2652 51.9256 0.0421
169.2928 51.9200 0.0534
169.3204 51.9144 0.0649
169.3481 51.9089 0.0737
169.3757 51.9033 0.0809
169.4033 51.8977 0.0853
169.4309 51.8921 0.0880
169.4585 51.8865 0.0885
169.4861 51.8809 0.0870
169.5137 51.8753 0.0842
169.5413 51.8697 0.0810
169.5689 51.8640 0.0772
169.5964 51.8584 0.0734
169.6240 51.8528 0.0715
169.6516 51.8471 0.0726
169.6791 51.8415 0.0756
169.7066 51.8358 0.0814
169.7342 51.8301 0.0886
169.7617 51.8245 0.0962
169.7892 51.8188 0.1057
169.8167 51.8131 0.1145
169.8442 51.8074 0.1227
169.8717 51.8017 0.1315
169.8992 51.7960 0.1410
169.9267 51.7903 0.1489
169.9542 51.7846 0.1556
168.3020 52.1333 -0.0165
168.3299 52.1280 -0.0178
168.3578 52.1226 -0.0166
168.3856 52.1173 -0.0135
168.4135 52.1119 -0.0090
168.4414 52.1066 -0.0042
168.4692 52.1012 -0.0004
168.4971 52.0958 0.0022
168.5249 52.0904 0.0033
168.5528 52.0850 0.0030
168.5806 52.0797 0.0016
168.6084 52.0743 0.0005
168.6362 52.0688 -0.0001
168.6640 52.0634 0.0006
168.6918 52.0580 0.0025
168.7196 52.0526 0.0043
168.7474 52.0471 0.0062
168.7752 52.0417 0.0076
168.8030 52.0363 0.0086
168.8308 52.0308 0.0087
168.8585 52.0253 0.0081
168.8863 52.0199 0.0068
168.9140 52.0144 0.0053
168.9418 52.0089 0.0032
168.9695 52.0034 0.0006
168.9972 51.9979 -0.0022
169.2465 51.9482 0.0365
169.2741 51.9427 0.0485
169.3018 51.9371 0.0597
169.3294 51.9315 0.0702
169.3571 51.9260 0.0784
169.3847 51.9204 0.0851
169.4123 51.9148 0.0891
169.4400 51.9092 0.0915
169.4676 51.9036 0.0911
169.4952 51.8980 0.0896
169.5228 51.8923 0.0866
169.5504 51.8867 0.0834
169.5780 51.8811 0.0798
169.6055 51.8755 0.0770
169.6331 51.8698 0.0767
169.6607 51.8642 0.0779
169.6882 51.8585 0.0813
169.7158 51.8529 0.0866
169.7433 51.8472 0.0936
169.7709 51.8415 0.1016
169.7984 51.8358 0.1104
169.8259 51.8301 0.1188
169.8534 51.8244 0.1267
169.8809 51.8187 0.1347
169.9084 51.8130 0.1427
169.9359 51.8073 0.1509
169.9634 51.8016 0.1578
168.3107 52.1505 -0.0127
168.3386 52.1451 -0.0134
168.3665 52.1398 -0.0116
168.3943 52.1345 -0.0083
168.4222 52.1291 -0.0038
168.4501 52.1237 0.0004
168.4780 52.1184 0.0037
168.5058 52.1130 0.0059
168.5337 52.1076 0.0065
168.5615 52.1022 0.0061
168.5894 52.0968 0.0053
168.6172 52.0914 0.0047
168.6450 52.0860 0.0046
168.6728 52.0806 0.0056
168.7007 52.0752 0.0071
168.7285 52.0697 0.0082
168.7563 52.0643 0.0091
168.7840 52.0588 0.0095
168.8118 52.0534 0.0094
168.8396 52.0479 0.0088
168.8674 52.0425 0.0079
168.8952 52.0370 0.0064
168.9229 52.0315 0.0054
168.9507 52.0260 0.0045
168.9784 52.0206 0.0049
169.0061 52.0151 0.0036
169.1447 51.9875 -0.0090
169.2555 51.9653 0.0424
169.2831 51.9598 0.0544
169.3108 51.9542 0.0657
169.3385 51.9486 0.0752
169.3661 51.9430 0.0820
169.3938 51.9374 0.0887
169.4214 51.9319 0.0921
169.4490 51.9263 0.0939
169.4766 51.9206 0.0938
169.5043 51.9150 0.0916
169.5319 51.9094 0.0893
169.5595 51.9038 0.0867
169.5871 51.8982 0.0842
169.6147 51.8925 0.0826
169.6422 51.8869 0.0828
169.6698 51.8812 0.0842
169.6974 51.8756 0.0871
169.7249 51.8699 0.0914
169.7525 51.8642 0.0978
169.7800 51.8586 0.1051
169.8076 51.8529 0.1133
169.8351 51.8472 0.1213
169.8626 51.8415 0.1295
169.8901 51.8358 0.1372
169.9177 51.8301 0.1449
169.9452 51.8244 0.1524
169.9727 51.8186 0.1598
168.3194 52.1677 -0.0076
168.3473 52.1623 -0.0079
168.3752 52.1570 -0.0053
168.4031 52.1516 -0.0016
168.4309 52.1463 0.0030
168.4588 52.1409 0.0066
168.4867 52.1355 0.0092
168.5146 52.1301 0.0105
168.5424 52.1248 0.0110
168.5703 52.1194 0.0108
168.5981 52.1140 0.0102
168.6260 52.1086 0.0100
168.6538 52.1031 0.0106
168.6816 52.0977 0.0114
168.7095 52.0923 0.0123
168.7373 52.0869 0.0128
168.7651 52.0814 0.0130
168.7929 52.0760 0.0127
168.8207 52.0705 0.0119
168.8485 52.0651 0.0107
168.8763 52.0596 0.0093
168.9040 52.0541 0.0073
168.9318 52.0487 0.0063
168.9596 52.0432 0.0060
168.9873 52.0377 0.0066
169.0151 52.0322 0.0063
169.2645 51.9824 0.0484
169.2922 51.9768 0.0596
169.3198 51.9713 0.0709
169.3475 51.9657 0.0796
169.3752 51.9601 0.0866
169.4028 51.9545 0.0925
169.4305 51.9489 0.0953
169.4581 51.9433 0.0970
169.4857 51.9377 0.0968
169.5133 51.9321 0.0948
169.5410 51.9265 0.0926
169.5686 51.9208 0.0905
169.5962 51.9152 0.0889
169.6238 51.9096 0.0878
169.6514 51.9039 0.0888
169.6789 51.8983 0.0906
169.7065 51.8926 0.0932
169.7341 51.8869 0.0970
169.7616 51.8813 0.1023
169.7892 51.8756 0.1084
169.8167 51.8699 0.1149
169.8443 51.8642 0.1228
169.8718 51.8585 0.1307
169.8993 51.8528 0.1382
169.9269 51.8471 0.1464
169.9544 51.8414 0.1542
169.9819 51.8356 0.1610
168.3280 52.1848 -0.0016
168.3560 52.1795 -0.0010
168.3839 52.1742 0.0021
168.4118 52.1688 0.0061
168.4397 52.1634 0.0099
168.4676 52.1581 0.0123
168.4955 52.1527 0.0142
168.5233 52.1473 0.0152
168.5512 52.1419 0.0156
168.5791 52.1365 0.0157
168.6069 52.1311 0.0157
168.6348 52.1257 0.0164
168.6626 52.1203 0.0172
168.6905 52.1149 0.0177
168.7183 52.1094 0.0182
168.7461 52.1040 0.0181
168.7739 52.0986 0.0176
168.8017 52.0931 0.0166
168.8296 52.0877 0.0153
168.8573 52.0822 0.0137
168.8851 52.0767 0.0117
168.9129 52.0713 0.0094
168.9407 52.0658 0.0083
168.9685 52.0603 0.0078
168.9962 52.0548 0.0078
169.0240 52.0493 0.0084
169.2735 51.9995 0.0535
169.3012 51.9939 0.0646
169.3289 51.9884 0.0757
169.3565 51.9828 0.0843
169.3842 51.9772 0.0906
169.4119 51.9716 0.0958
169.4395 51.9660 0.0989
169.4672 51.9604 0.1001
169.4948 51.9548 0.0998
169.5224 51.9492 0.0982
169.5501 51.9435 0.0966
169.5777 51.9379 0.0952
169.6053 51.9323 0.0939
169.6329 51.9266 0.0936
169.6605 51.9210 0.0950
169.6881 51.9153 0.0964
169.7157 51.9097 0.0992
169.7432 51.9040 0.1023
169.7708 51.8983 0.1070
169.7984 51.8926 0.1119
169.8259 51.8869 0.1174
169.8535 51.8812 0.1240
169.8810 51.8755 0.1315
169.9086 51.8698 0.1395
169.9361 51.8641 0.1475
169.9636 51.8584 0.1546
169.9911 51.8527 0.1607
168.3367 52.2020 0.0038
168.3647 52.1967 0.0057
168.3926 52.1913 0.0091
168.4205 52.1860 0.0128
168.4484 52.1806 0.0156
168.4763 52.1752 0.0177
168.5042 52.1699 0.0193
168.5321 52.1645 0.0201
168.5600 52.1591 0.0207
168.5879 52.1537 0.0214
168.6157 52.1483 0.0221
168.6436 52.1429 0.0233
168.6714 52.1374 0.0240
168.6993 52.1320 0.0242
168.7271 52.1266 0.0242
168.7550 52.1211 0.0236
168.7828 52.1157 0.0227
168.8106 52.1103 0.0218
168.8384 52.1048 0.0205
168.8662 52.0993 0.0189
168.8940 52.0939 0.0167
168.9218 52.0884 0.0145
168.9496 52.0829 0.0132
168.9774 52.0774 0.0119
169.0052 52.0719 0.0111
169.0329 52.0664 0.0116
169.1717 52.0388 0.0370
169.2825 52.0166 0.0588
169.3102 52.0110 0.0702
169.3379 52.0054 0.0804
169.3656 51.9999 0.0888
169.3933 51.9943 0.0944
169.4209 51.9887 0.0995
169.4486 51.9831 0.1023
169.4762 51.9775 0.1034
169.5039 51.9718 0.1034
169.5315 51.9662 0.1020
169.5592 51.9606 0.1010
169.5868 51.9550 0.1001
169.6144 51.9493 0.0994
169.6420 51.9437 0.0996
169.6696 51.9380 0.1008
169.6972 51.9324 0.1025
169.7248 51.9267 0.1046
169.7524 51.9210 0.1080
169.7800 51.9153 0.1122
169.8076 51.9097 0.1167
169.8351 51.9040 0.1211
169.8627 51.8983 0.1266
169.8902 51.8926 0.1334
169.9178 51.8869 0.1413
169.9453 51.8811 0.1490
169.9729 51.8754 0.1554
168.3455 52.2192 0.0096
168.3734 52.2139 0.0120
168.4013 52.2085 0.0151
168.4293 52.2031 0.0182
168.4572 52.1978 0.0207
168.4851 52.1924 0.0226
168.5130 52.1870 0.0237
168.5409 52.1816 0.0247
168.5688 52.1762 0.0256
168.5967 52.1708 0.0268
168.6245 52.1654 0.0281
168.6524 52.1600 0.0295
168.6803 52.1546 0.0303
168.7081 52.1492 0.0303
168.7360 52.1437 0.0299
168.7638 52.1383 0.0289
168.7917 52.1328 0.0280
168.8195 52.1274 0.0272
168.8473 52.1219 0.0260
168.8751 52.1165 0.0245
168.9029 52.1110 0.0231
168.9307 52.1055 0.0215
168.9585 52.1000 0.0201
168.9863 52.0945 0.0179
169.0141 52.0890 0.0164
169.0419 52.0835 0.0162
169.2915 52.0337 0.0644
169.3192 52.0281 0.0753
169.3469 52.0225 0.0850
169.3746 52.0169 0.0931
169.4023 52.0113 0.0984
169.4300 52.0057 0.1029
169.4577 52.0001 0.1057
169.4853 51.9945 0.1070
169.5130 51.9889 0.1071
169.5406 51.9833 0.1060
169.5683 51.9777 0.1051
169.5959 51.9720 0.1043
169.6236 51.9664 0.1041
169.6512 51.9607 0.1047
169.6788 51.9551 0.1057
169.7064 51.9494 0.1072
169.7340 51.9437 0.1097
169.7616 51.9381 0.1131
169.7892 51.9324 0.1172
169.8168 51.9267 0.1216
169.8443 51.9210 0.1256
169.8719 51.9153 0.1305
169.8995 51.9096 0.1365
169.9270 51.9039 0.1432
169.9546 51.8982 0.1507
169.9821 51.8924 0.1567
168.3542 52.2364 0.0160
168.3821 52.2310 0.0177
168.4101 52.2257 0.0205
168.4380 52.2203 0.0233
168.4659 52.2149 0.0255
168.4938 52.2096 0.0268
168.5218 52.2042 0.0277
168.5497 52.1988 0.0285
168.5776 52.1934 0.0297
168.6055 52.1880 0.0314
168.6333 52.1826 0.0331
168.6612 52.1772 0.0347
168.6891 52.1717 0.0357
168.7170 52.1663 0.0356
168.7448 52.1609 0.0353
168.7727 52.1554 0.0346
168.8005 52.1500 0.0337
168.8284 52.1445 0.0329
168.8562 52.1391 0.0319
168.8840 52.1336 0.0309
168.9118 52.1281 0.0297
168.9396 52.1226 0.0283
168.9674 52.1171 0.0266
168.9952 52.1116 0.0245
169.0230 52.1061 0.0227
169.0508 52.1006 0.0219
169.3006 52.0508 0.0712
169.3283 52.0452 0.0809
169.3560 52.0396 0.0900
169.3837 52.0340 0.0971
169.4114 52.0284 0.1017
169.4391 52.0228 0.1056
169.4668 52.0172 0.1087
169.4944 52.0116 0.1101
169.5221 52.0060 0.1106
169.5498 52.0004 0.1096
169.5774 51.9947 0.1086
169.6051 51.9891 0.1081
169.6327 51.9834 0.1083
169.6603 51.9778 0.1089
169.6880 51.9721 0.1099
169.7156 51.9665 0.1113
169.7432 51.9608 0.1141
169.7708 51.9551 0.1172
169.7984 51.9494 0.1212
169.8260 51.9437 0.1256
169.8536 51.9380 0.1293
169.8811 51.9323 0.1339
169.9087 51.9266 0.1399
169.9363 51.9209 0.1460
169.9638 51.9152 0.1529
169.9914 51.9094 0.1586
168.3629 52.2536 0.0217
168.3909 52.2482 0.0232
168.4188 52.2428 0.0257
168.4468 52.2375 0.0279
168.4747 52.2321 0.0294
168.5026 52.2267 0.0301
168.5305 52.2213 0.0311
168.5585 52.2159 0.0317
168.5864 52.2105 0.0331
168.6143 52.2051 0.0347
168.6422 52.1997 0.0366
168.6701 52.1943 0.0383
168.6979 52.1889 0.0398
168.7258 52.1834 0.0400
168.7537 52.1780 0.0401
168.7815 52.1726 0.0396
168.8094 52.1671 0.0391
168.8372 52.1617 0.0384
168.8651 52.1562 0.0377
168.8929 52.1507 0.0367
168.9207 52.1452 0.0356
168.9486 52.1397 0.0344
168.9764 52.1343 0.0333
169.0042 52.1288 0.0316
169.0320 52.1233 0.0294
169.0598 52.1177 0.0284
169.3096 52.0678 0.0775
169.3373 52.0623 0.0865
169.3650 52.0567 0.0937
169.3928 52.0511 0.1009
169.4205 52.0455 0.1046
169.4482 52.0399 0.1083
169.4759 52.0343 0.1110
169.5035 52.0287 0.1124
169.5312 52.0230 0.1126
169.5589 52.0174 0.1116
169.5865 52.0118 0.1109
169.6142 52.0061 0.1104
169.6418 52.0005 0.1110
169.6695 51.9948 0.1120
169.6971 51.9892 0.1133
169.7247 51.9835 0.1151
169.7524 51.9778 0.1174
169.7800 51.9721 0.1209
169.8076 51.9665 0.1249
169.8352 51.9608 0.1290
169.8628 51.9551 0.1332
169.8904 51.9494 0.1378
169.9179 51.9436 0.1435
169.9455 51.9379 0.1490
169.9731 51.9322 0.1546
168.3716 52.2707 0.0261
168.3996 52.2654 0.0278
168.4276 52.2600 0.0298
168.4555 52.2546 0.0317
168.4835 52.2493 0.0328
168.5114 52.2439 0.0333
168.5393 52.2385 0.0339
168.5673 52.2331 0.0343
168.5952 52.2277 0.0355
168.6231 52.2223 0.0372
168.6510 52.2169 0.0391
168.6789 52.2115 0.0408
168.7068 52.2060 0.0425
168.7347 52.2006 0.0435
168.7625 52.1951 0.0442
168.7904 52.1897 0.0444
168.8183 52.1842 0.0443
168.8461 52.1788 0.0442
168.8740 52.1733 0.0439
168.9018 52.1678 0.0429
168.9297 52.1624 0.0419
168.9575 52.1569 0.0407
168.9853 52.1514 0.0395
169.0131 52.1459 0.0383
169.0409 52.1404 0.0361
169.0687 52.1349 0.0348
169.2077 52.1072 0.0620
169.3187 52.0849 0.0838
169.3464 52.0793 0.0918
169.3741 52.0738 0.0986
169.4018 52.0682 0.1041
169.4296 52.0626 0.1074
169.4573 52.0570 0.1108
169.4850 52.0514 0.1131
169.5126 52.0457 0.1140
169.5403 52.0401 0.1139
169.5680 52.0345 0.1127
169.5957 52.0288 0.1120
169.6233 52.0232 0.1118
169.6510 52.0175 0.1125
169.6787 52.0119 0.1141
169.7063 52.0062 0.1157
169.7339 52.0005 0.1175
169.7616 51.9949 0.1202
169.7892 51.9892 0.1240
169.8168 51.9835 0.1282
169.8444 51.9778 0.1333
169.8720 51.9721 0.1369
169.8996 51.9664 0.1411
169.9272 51.9607 0.1463
169.9548 51.9549 0.1511
169.9823 51.9492 0.1561
168.3804 52.2879 0.0295
168.4084 52.2826 0.0307
168.4363 52.2772 0.0324
168.4643 52.2718 0.0338
168.4922 52.2664 0.0348
168.5202 52.2610 0.0352
168.5481 52.2557 0.0356
168.5761 52.2503 0.0360
168.6040 52.2449 0.0372
168.6319 52.2394 0.0388
168.6598 52.2340 0.0406
168.6877 52.2286 0.0427
168.7156 52.2232 0.0447
168.7435 52.2177 0.0463
168.7714 52.2123 0.0475
168.7993 52.2068 0.0481
168.8272 52.2014 0.0486
168.8550 52.1959 0.0490
168.8829 52.1904 0.0491
168.9107 52.1850 0.0484
168.9386 52.1795 0.0475
168.9664 52.1740 0.0463
168.9943 52.1685 0.0452
169.0221 52.1630 0.0437
169.0499 52.1575 0.0416
169.0777 52.1520 0.0400
169.3277 52.1020 0.0888
169.3555 52.0964 0.0969
169.3832 52.0908 0.1025
169.4109 52.0852 0.1072
169.4386 52.0796 0.1102
169.4664 52.0740 0.1128
169.4941 52.0684 0.1143
169.5218 52.0628 0.1146
169.5495 52.0572 0.1139
169.5771 52.0515 0.1125
169.6048 52.0459 0.1120
169.6325 52.0402 0.1126
169.6602 52.0346 0.1140
169.6878 52.0289 0.1159
169.7155 52.0233 0.1179
169.7431 52.0176 0.1201
169.7708 52.0119 0.1233
169.7984 52.0062 0.1280
169.8260 52.0005 0.1335
169.8536 51.9948 0.1387
169.8812 51.9891 0.1418
169.9088 51.9834 0.1444
169.9364 51.9777 0.1480
169.9640 51.9720 0.1527
169.9916 51.9662 0.1577
168.3891 52.3051 0.0308
168.4171 52.2997 0.0319
168.4451 52.2944 0.0337
168.4731 52.2890 0.0350
168.5010 52.2836 0.0358
168.5290 52.2782 0.0361
168.5569 52.2728 0.0368
168.5849 52.2674 0.0373
168.6128 52.2620 0.0386
168.6407 52.2566 0.0402
168.6687 52.2512 0.0420
168.6966 52.2457 0.0441
168.7245 52.2403 0.0464
168.7524 52.2349 0.0482
168.7803 52.2294 0.0499
168.8082 52.2240 0.0511
168.8361 52.2185 0.0520
168.8639 52.2130 0.0530
168.8918 52.2076 0.0535
168.9197 52.2021 0.0535
168.9475 52.1966 0.0531
168.9754 52.1911 0.0521
169.0032 52.1856 0.0505
169.0311 52.1801 0.0482
169.0589 52.1746 0.0454
169.0867 52.1691 0.0441
169.3368 52.1191 0.0938
169.3645 52.1135 0.1011
169.3923 52.1079 0.1057
169.4200 52.1023 0.1095
169.4477 52.0967 0.1122
169.4755 52.0911 0.1140
169.5032 52.0855 0.1147
169.5309 52.0799 0.1142
169.5586 52.0742 0.1130
169.5863 52.0686 0.1120
169.6140 52.0629 0.1118
169.6417 52.0573 0.1130
169.6693 52.0516 0.1152
169.6970 52.0460 0.1174
169.7247 52.0403 0.1191
169.7523 52.0346 0.1214
169.7800 52.0289 0.1259
169.8076 52.0233 0.1312
169.8352 52.0176 0.1384
169.8629 52.0119 0.1432
169.8905 52.0062 0.1448
169.9181 52.0004 0.1457
169.9457 51.9947 0.1483
169.9733 51.9890 0.1533
168.3979 52.3223 0.0306
168.4259 52.3169 0.0319
168.4539 52.3115 0.0336
168.4818 52.3061 0.0350
168.5098 52.3008 0.0359
168.5378 52.2954 0.0364
168.5657 52.2900 0.0373
168.5937 52.2846 0.0381
168.6216 52.2792 0.0394
168.6496 52.2737 0.0409
168.6775 52.2683 0.0425
168.7054 52.2629 0.0445
168.7334 52.2575 0.0470
168.7613 52.2520 0.0494
168.7892 52.2466 0.0515
168.8171 52.2411 0.0530
168.8450 52.2356 0.0544
168.8729 52.2302 0.0558
168.9007 52.2247 0.0570
168.9286 52.2192 0.0579
168.9565 52.2137 0.0580
168.9843 52.2082 0.0575
169.0122 52.2027 0.0554
169.0400 52.1972 0.0522
169.0679 52.1917 0.0492
169.0957 52.1862 0.0482
169.2347 52.1585 0.0720
169.3459 52.1362 0.0982
169.3736 52.1306 0.1044
169.4014 52.1250 0.1081
169.4291 52.1194 0.1112
169.4569 52.1138 0.1134
169.4846 52.1082 0.1146
169.5123 52.1026 0.1144
169.5400 52.0969 0.1134
169.5677 52.0913 0.1121
169.5954 52.0857 0.1109
169.6231 52.0800 0.1115
169.6508 52.0744 0.1135
169.6785 52.0687 0.1160
169.7062 52.0630 0.1183
169.7339 52.0574 0.1199
169.7615 52.0517 0.1224
169.7892 52.0460 0.1266
169.8168 52.0403 0.1328
169.8445 52.0346 0.1404
169.8721 52.0289 0.1450
169.8997 52.0232 0.1456
169.9274 52.0175 0.1459
169.9550 52.0117 0.1485
169.9826 52.0060 0.1541
168.4066 52.3394 0.0297
168.4347 52.3341 0.0318
168.4626 52.3287 0.0338
168.4906 52.3233 0.0352
168.5186 52.3179 0.0360
168.5466 52.3125 0.0368
168.5746 52.3071 0.0379
168.6025 52.3017 0.0390
168.6305 52.2963 0.0403
168.6584 52.2909 0.0415
168.6864 52.2855 0.0429
168.7143 52.2800 0.0450
168.7422 52.2746 0.0477
168.7702 52.2691 0.0504
168.7981 52.2637 0.0530
168.8260 52.2582 0.0548
168.8539 52.2528 0.0565
168.8818 52.2473 0.0584
168.9097 52.2418 0.0598
168.9375 52.2363 0.0612
168.9654 52.2308 0.0616
168.9933 52.2253 0.0612
169.0212 52.2198 0.0595
169.0490 52.2143 0.0564
169.0769 52.2088 0.0528
169.1047 52.2033 0.0518
169.3549 52.1533 0.1013
169.3827 52.1477 0.1064
169.4105 52.1421 0.1096
169.4382 52.1365 0.1121
169.4660 52.1309 0.1139
169.4937 52.1252 0.1146
169.5214 52.1196 0.1142
169.5492 52.1140 0.1128
169.5769 52.1083 0.1115
169.6046 52.1027 0.1106
169.6323 52.0971 0.1118
169.6600 52.0914 0.1144
169.6877 52.0857 0.1175
169.7154 52.0801 0.1198
169.7431 52.0744 0.1215
169.7708 52.0687 0.1237
169.7984 52.0630 0.1269
169.8261 52.0573 0.1329
169.8537 52.0516 0.1401
169.8814 52.0459 0.1445
169.9090 52.0402 0.1456
169.9366 52.0345 0.1467
169.9643 52.0288 0.1498
169.9919 52.0230 0.1558
168.4154 52.3566 0.0289
168.4434 52.3512 0.0316
168.4714 52.3459 0.0338
168.4994 52.3405 0.0351
168.5274 52.3351 0.0362
168.5554 52.3297 0.0372
168.5834 52.3243 0.0382
168.6114 52.3189 0.0393
168.6393 52.3135 0.0408
168.6673 52.3080 0.0421
168.6952 52.3026 0.0436
168.7232 52.2972 0.0456
168.7511 52.2917 0.0483
168.7791 52.2863 0.0517
168.8070 52.2808 0.0547
168.8349 52.2754 0.0569
168.8628 52.2699 0.0589
168.8907 52.2644 0.0608
168.9186 52.2589 0.0627
168.9465 52.2535 0.0641
168.9744 52.2480 0.0647
169.0023 52.2425 0.0646
169.0301 52.2369 0.0632
169.0580 52.2314 0.0602
169.0858 52.2259 0.0573
169.1137 52.2204 0.0559
169.3640 52.1703 0.1030
169.3918 52.1647 0.1072
169.4196 52.1591 0.1103
169.4473 52.1535 0.1129
169.4751 52.1479 0.1141
169.5028 52.1423 0.1145
169.5306 52.1367 0.1140
169.5583 52.1310 0.1129
169.5861 52.1254 0.1122
169.6138 52.1198 0.1117
169.6415 52.1141 0.1129
169.6692 52.1085 0.1158
169.6969 52.1028 0.1194
169.7246 52.0971 0.1225
169.7523 52.0914 0.1252
169.7800 52.0857 0.1275
169.8077 52.0801 0.1305
169.8353 52.0744 0.1353
169.8630 52.0687 0.1413
169.8906 52.0629 0.1459
169.9183 52.0572 0.1488
169.9459 52.0515 0.1512
169.9735 52.0458 0.1549
168.4242 52.3738 0.0289
168.4522 52.3684 0.0320
168.4802 52.3630 0.0338
168.5082 52.3576 0.0350
168.5362 52.3522 0.0358
168.5642 52.3468 0.0368
168.5922 52.3414 0.0380
168.6202 52.3360 0.0392
168.6482 52.3306 0.0410
168.6762 52.3252 0.0423
168.7041 52.3198 0.0440
168.7321 52.3143 0.0464
168.7600 52.3089 0.0497
168.7880 52.3034 0.0535
168.8159 52.2980 0.0569
168.8438 52.2925 0.0596
168.8717 52.2870 0.0618
168.8997 52.2815 0.0637
168.9276 52.2761 0.0654
168.9555 52.2706 0.0668
168.9834 52.2651 0.0673
169.0112 52.2596 0.0672
169.0391 52.2541 0.0658
169.0670 52.2485 0.0641
169.0949 52.2430 0.0620
169.1227 52.2375 0.0612
169.3731 52.1874 0.1039
169.4009 52.1818 0.1079
169.4287 52.1762 0.1104
169.4565 52.1706 0.1124
169.4842 52.1650 0.1137
169.5120 52.1594 0.1139
169.5397 52.1537 0.1138
169.5675 52.1481 0.1131
169.5952 52.1425 0.1131
169.6230 52.1368 0.1129
169.6507 52.1312 0.1146
169.6784 52.1255 0.1174
169.7061 52.1198 0.1216
169.7338 52.1142 0.1260
169.7615 52.1085 0.1305
169.7892 52.1028 0.1349
169.8169 52.0971 0.1384
169.8446 52.0914 0.1420
169.8722 52.0857 0.1465
169.8999 52.0800 0.1512
169.9276 52.0743 0.1550
169.9552 52.0685 0.1586
169.9828 52.0628 0.1619
168.4330 52.3909 0.0297
168.4610 52.3856 0.0320
168.4890 52.3802 0.0333
168.5171 52.3748 0.0342
168.5451 52.3694 0.0350
168.5731 52.3640 0.0361
168.6011 52.3586 0.0375
168.6291 52.3532 0.0392
168.6570 52.3478 0.0411
168.6850 52.3423 0.0430
168.7130 52.3369 0.0452
168.7410 52.3315 0.0483
168.7689 52.3260 0.0520
168.7969 52.3206 0.0559
168.8248 52.3151 0.0596
168.8527 52.3096 0.0626
168.8807 52.3042 0.0650
168.9086 52.2987 0.0669
168.9365 52.2932 0.0683
168.9644 52.2877 0.0694
168.9923 52.2822 0.0698
169.0202 52.2767 0.0696
169.0481 52.2712 0.0688
169.0760 52.2657 0.0680
169.1039 52.2601 0.0667
169.1317 52.2546 0.0663
169.2710 52.2268 0.0920
169.3822 52.2045 0.1059
169.4100 52.1989 0.1089
169.4378 52.1933 0.1106
169.4656 52.1877 0.1123
169.4934 52.1821 0.1131
169.5211 52.1764 0.1131
169.5489 52.1708 0.1135
169.5767 52.1652 0.1136
169.6044 52.1595 0.1140
169.6321 52.1539 0.1147
169.6599 52.1482 0.1163
169.6876 52.1425 0.1195
169.7153 52.1369 0.1242
169.7430 52.1312 0.1298
169.7708 52.1255 0.1369
169.7985 52.1198 0.1441
169.8261 52.1141 0.1485
169.8538 52.1084 0.1515
169.8815 52.1027 0.1547
169.9092 52.0970 0.1588
169.9368 52.0913 0.1626
169.9645 52.0855 0.1661
169.9921 52.0798 0.1692
168.4418 52.4081 0.0313
168.4698 52.4027 0.0320
168.4979 52.3974 0.0325
168.5259 52.3920 0.0328
168.5539 52.3866 0.0334
168.5819 52.3812 0.0349
168.6099 52.3757 0.0369
168.6379 52.3703 0.0387
168.6659 52.3649 0.0411
168.6939 52.3595 0.0436
168.7219 52.3540 0.0466
168.7499 52.3486 0.0501
168.7778 52.3431 0.0541
168.8058 52.3377 0.0582
168.8337 52.3322 0.0622
168.8617 52.3268 0.0654
168.8896 52.3213 0.0682
168.9176 52.3158 0.0700
168.9455 52.3103 0.0714
168.9734 52.3048 0.0721
169.0013 52.2993 0.0724
169.0292 52.2938 0.0721
169.0571 52.2883 0.0717
169.0850 52.2828 0.0716
169.1129 52.2772 0.0711
169.1408 52.2717 0.0706
169.3913 52.2216 0.1085
169.4191 52.2160 0.1104
169.4469 52.2104 0.1112
169.4747 52.2047 0.1122
169.5025 52.1991 0.1123
169.5303 52.1935 0.1126
169.5581 52.1879 0.1136
169.5858 52.1822 0.1154
169.6136 52.1766 0.1168
169.6413 52.1709 0.1178
169.6691 52.1653 0.1195
169.6968 52.1596 0.1225
169.7246 52.1539 0.1270
169.7523 52.1482 0.1339
169.7800 52.1426 0.1426
169.8077 52.1369 0.1510
169.8354 52.1312 0.1567
169.8631 52.1255 0.1599
169.8908 52.1197 0.1623
169.9185 52.1140 0.1653
169.9461 52.1083 0.1687
169.9738 52.1026 0.1717
168.4506 52.4253 0.0324
168.4786 52.4199 0.0318
168.5067 52.4145 0.0315
168.5347 52.4091 0.0312
168.5627 52.4037 0.0316
168.5908 52.3983 0.0333
168.6188 52.3929 0.0356
168.6468 52.3875 0.0380
168.6748 52.3821 0.0410
168.7028 52.3766 0.0439
168.7308 52.3712 0.0475
168.7588 52.3657 0.0515
168.7867 52.3603 0.0558
168.8147 52.3548 0.0603
168.8427 52.3494 0.0647
168.8706 52.3439 0.0682
168.8986 52.3384 0.0712
168.9265 52.3329 0.0732
168.9545 52.3274 0.0744
168.9824 52.3219 0.0748
169.0103 52.3164 0.0750
169.0382 52.3109 0.0748
169.0661 52.3054 0.0748
169.0940 52.2999 0.0749
169.1219 52.2943 0.0746
169.1498 52.2888 0.0747
169.4005 52.2386 0.1109
169.4283 52.2330 0.1123
169.4561 52.2274 0.1123
169.4839 52.2218 0.1118
169.5117 52.2162 0.1116
169.5395 52.2106 0.1120
169.5672 52.2049 0.1144
169.5950 52.1993 0.1189
169.6228 52.1936 0.1224
169.6505 52.1880 0.1229
169.6783 52.1823 0.1242
169.7060 52.1766 0.1267
169.7338 52.1710 0.1316
169.7615 52.1653 0.1388
169.7892 52.1596 0.1478
169.8170 52.1539 0.1566
169.8447 52.1482 0.1629
169.8724 52.1425 0.1667
169.9001 52.1368 0.1688
169.9278 52.1310 0.1716
169.9554 52.1253 0.1744
169.9831 52.1196 0.1769
168.4594 52.4424 0.0331
168.4875 52.4371 0.0322
168.5155 52.4317 0.0313
168.5436 52.4263 0.0306
168.5716 52.4209 0.0311
168.5996 52.4155 0.0325
168.6277 52.4101 0.0348
168.6557 52.4046 0.0374
168.6837 52.3992 0.0407
168.7117 52.3938 0.0440
168.7397 52.3883 0.0479
168.7677 52.3829 0.0523
168.7957 52.3774 0.0572
168.8236 52.3720 0.0620
168.8516 52.3665 0.0669
168.8796 52.3610 0.0709
168.9075 52.3555 0.0743
168.9355 52.3500 0.0763
168.9634 52.3445 0.0773
168.9914 52.3390 0.0778
169.0193 52.3335 0.0777
169.0472 52.3280 0.0778
169.0751 52.3225 0.0774
169.1030 52.3170 0.0774
169.1310 52.3114 0.0772
169.1588 52.3059 0.0779
169.2982 52.2781 0.0840
169.4096 52.2557 0.1134
169.4374 52.2501 0.1148
169.4652 52.2445 0.1150
169.4930 52.2389 0.1145
169.5208 52.2333 0.1136
169.5486 52.2276 0.1128
169.5764 52.2220 0.1168
169.6042 52.2163 0.1239
169.6320 52.2107 0.1285
169.6598 52.2050 0.1291
169.6875 52.1994 0.1300
169.7153 52.1937 0.1327
169.7430 52.1880 0.1377
169.7708 52.1823 0.1449
169.7985 52.1766 0.1532
169.8262 52.1709 0.1610
169.8539 52.1652 0.1672
169.8817 52.1595 0.1715
169.9094 52.1538 0.1745
169.9371 52.1481 0.1772
169.9648 52.1423 0.1797
169.9924 52.1366 0.1818
168.4682 52.4596 0.0337
168.4963 52.4542 0.0329
168.5243 52.4488 0.0322
168.5524 52.4434 0.0315
168.5805 52.4380 0.0316
168.6085 52.4326 0.0327
168.6365 52.4272 0.0348
168.6646 52.4218 0.0372
168.6926 52.4163 0.0405
168.7206 52.4109 0.0441
168.7486 52.4055 0.0485
168.7766 52.4000 0.0534
168.8046 52.3946 0.0585
168.8326 52.3891 0.0638
168.8606 52.3836 0.0691
168.8885 52.3781 0.0737
168.9165 52.3727 0.0772
168.9445 52.3672 0.0792
168.9724 52.3617 0.0797
169.0004 52.3562 0.0797
169.0283 52.3506 0.0793
169.0562 52.3451 0.0790
169.0842 52.3396 0.0789
169.1121 52.3341 0.0786
169.1400 52.3285 0.0784
169.1679 52.3230 0.0790
169.4187 52.2728 0.1170
169.4466 52.2672 0.1198
169.4744 52.2616 0.1214
169.5022 52.2559 0.1209
169.5300 52.2503 0.1190
169.5578 52.2447 0.1170
169.5856 52.2390 0.1215
169.6134 52.2334 0.1275
169.6412 52.2277 0.1322
169.6690 52.2221 0.1346
169.6968 52.2164 0.1371
169.7245 52.2107 0.1412
169.7523 52.2050 0.1474
169.7800 52.1994 0.1541
169.8078 52.1937 0.1610
169.8355 52.1880 0.1671
169.8632 52.1823 0.1724
169.8909 52.1765 0.1771
169.9187 52.1708 0.1808
169.9464 52.1651 0.1835
169.9741 52.1594 0.1860
168.4770 52.4768 0.0356
168.5051 52.4714 0.0350
168.5332 52.4660 0.0347
168.5613 52.4606 0.0341
168.5893 52.4552 0.0340
168.6174 52.4498 0.0347
168.6454 52.4444 0.0365
168.6735 52.4389 0.0384
168.7015 52.4335 0.0414
168.7295 52.4280 0.0452
168.7575 52.4226 0.0500
168.7855 52.4171 0.0551
168.8135 52.4117 0.0603
168.8415 52.4062 0.0658
168.8695 52.4007 0.0715
168.8975 52.3953 0.0763
168.9255 52.3898 0.0796
168.9535 52.3843 0.0811
168.9814 52.3788 0.0816
169.0094 52.3733 0.0809
169.0373 52.3678 0.0804
169.0653 52.3622 0.0798
169.0932 52.3567 0.0797
169.1211 52.3512 0.0794
169.1490 52.3456 0.0789
169.1770 52.3401 0.0794
169.4279 52.2899 0.1202
169.4557 52.2843 0.1249
169.4835 52.2786 0.1280
169.5114 52.2730 0.1302
169.5392 52.2674 0.1286
169.5670 52.2617 0.1270
169.5948 52.2561 0.1272
169.6226 52.2504 0.1298
169.6504 52.2448 0.1330
169.6782 52.2391 0.1373
169.7060 52.2334 0.1428
169.7338 52.2278 0.1489
169.7615 52.2221 0.1558
169.7893 52.2164 0.1618
169.8170 52.2107 0.1675
169.8448 52.2050 0.1730
169.8725 52.1993 0.1781
169.9002 52.1936 0.1826
169.9280 52.1878 0.1862
169.9557 52.1821 0.1895
169.9834 52.1764 0.1913
168.4859 52.4939 0.0382
168.5140 52.4886 0.0378
168.5420 52.4832 0.0380
168.5701 52.4778 0.0380
168.5982 52.4723 0.0381
168.6262 52.4669 0.0388
168.6543 52.4615 0.0402
168.6824 52.4561 0.0417
168.7104 52.4506 0.0448
168.7384 52.4452 0.0486
168.7665 52.4397 0.0535
168.7945 52.4343 0.0582
168.8225 52.4288 0.0635
168.8505 52.4233 0.0690
168.8785 52.4179 0.0746
168.9065 52.4124 0.0793
168.9345 52.4069 0.0825
168.9625 52.4014 0.0837
168.9904 52.3959 0.0832
169.0184 52.3904 0.0819
169.0463 52.3849 0.0808
169.0743 52.3793 0.0803
169.1022 52.3738 0.0800
169.1302 52.3683 0.0798
169.1581 52.3627 0.0794
169.1860 52.3572 0.0796
169.4370 52.3069 0.1227
169.4649 52.3013 0.1289
169.4927 52.2957 0.1344
169.5206 52.2901 0.1387
169.5484 52.2844 0.1403
169.5762 52.2788 0.1374
169.6040 52.2732 0.1325
169.6318 52.2675 0.1308
169.6596 52.2618 0.1325
169.6874 52.2562 0.1377
169.7152 52.2505 0.1455
169.7430 52.2448 0.1541
169.7708 52.2391 0.1613
169.7986 52.2334 0.1673
169.8263 52.2277 0.1731
169.8541 52.2220 0.1783
169.8818 52.2163 0.1832
169.9096 52.2106 0.1874
169.9373 52.2049 0.1908
169.9650 52.1991 0.1936
169.9927 52.1934 0.1951
168.4947 52.5111 0.0411
168.5228 52.5057 0.0410
168.5509 52.5003 0.0421
168.5790 52.4949 0.0427
168.6071 52.4895 0.0433
168.6351 52.4841 0.0439
168.6632 52.4786 0.0452
168.6913 52.4732 0.0470
168.7193 52.4678 0.0502
168.7474 52.4623 0.0540
168.7754 52.4569 0.0581
168.8034 52.4514 0.0626
168.8314 52.4460 0.0678
168.8595 52.4405 0.0733
168.8875 52.4350 0.0783
168.9155 52.4295 0.0830
168.9435 52.4240 0.0860
168.9715 52.4185 0.0863
168.9994 52.4130 0.0845
169.0274 52.4075 0.0823
169.0554 52.4020 0.0811
169.0833 52.3965 0.0801
169.1113 52.3909 0.0801
169.1392 52.3854 0.0801
169.1672 52.3798 0.0795
169.1951 52.3743 0.0791
169.3347 52.3464 0.1000
169.4462 52.3240 0.1232
169.4740 52.3184 0.1272
169.5019 52.3128 0.1318
169.5297 52.3071 0.1373
169.5576 52.3015 0.1408
169.5854 52.2959 0.1384
169.6132 52.2902 0.1334
169.6411 52.2846 0.1292
169.6689 52.2789 0.1294
169.6967 52.2732 0.1347
169.7245 52.2675 0.1448
169.7523 52.2619 0.1555
169.7801 52.2562 0.1631
169.8078 52.2505 0.1704
169.8356 52.2448 0.1771
169.8634 52.2391 0.1830
169.8911 52.2333 0.1876
169.9189 52.2276 0.1917
169.9466 52.2219 0.1945
169.9743 52.2161 0.1966
168.5036 52.5283 0.0423
168.5317 52.5229 0.0439
168.5598 52.5175 0.0458
168.5879 52.5121 0.0473
168.6160 52.5066 0.0481
168.6440 52.5012 0.0492
168.6721 52.4958 0.0510
168.7002 52.4904 0.0533
168.7282 52.4849 0.0563
168.7563 52.4795 0.0597
168.7843 52.4740 0.0637
168.8124 52.4686 0.0681
168.8404 52.4631 0.0731
168.8684 52.4576 0.0781
168.8964 52.4521 0.0830
168.9245 52.4466 0.0870
168.9525 52.4411 0.0886
168.9805 52.4356 0.0884
169.0085 52.4301 0.0858
169.0364 52.4246 0.0829
169.0644 52.4191 0.0814
169.0924 52.4136 0.0803
169.1203 52.4080 0.0805
169.1483 52.4025 0.0807
169.1763 52.3969 0.0802
169.2042 52.3914 0.0800
169.4554 52.3411 0.1213
169.4832 52.3355 0.1225
169.5111 52.3298 0.1238
169.5389 52.3242 0.1277
169.5668 52.3186 0.1336
169.5946 52.3129 0.1347
169.6225 52.3073 0.1307
169.6503 52.3016 0.1261
169.6781 52.2959 0.1265
169.7059 52.2903 0.1329
169.7337 52.2846 0.1454
169.7615 52.2789 0.1565
169.7893 52.2732 0.1647
169.8171 52.2675 0.1722
169.8449 52.2618 0.1798
169.8727 52.2561 0.1863
169.9004 52.2504 0.1915
169.9282 52.2446 0.1950
169.9559 52.2389 0.1974
169.9837 52.2332 0.1987
168.5124 52.5454 0.0438
168.5405 52.5400 0.0469
168.5686 52.5346 0.0495
168.5968 52.5292 0.0513
168.6248 52.5238 0.0526
168.6529 52.5184 0.0539
168.6810 52.5129 0.0560
168.7091 52.5075 0.0587
168.7372 52.5021 0.0619
168.7652 52.4966 0.0655
168.7933 52.4911 0.0694
168.8213 52.4857 0.0737
168.8494 52.4802 0.0787
168.8774 52.4747 0.0833
168.9054 52.4692 0.0878
168.9335 52.4638 0.0907
168.9615 52.4583 0.0912
168.9895 52.4528 0.0901
169.0175 52.4472 0.0868
169.0455 52.4417 0.0834
169.0735 52.4362 0.0820
169.1014 52.4307 0.0808
169.1294 52.4251 0.0809
169.1574 52.4196 0.0811
169.1853 52.4140 0.0798
169.2133 52.4085 0.0799
169.4645 52.3582 0.1187
169.4924 52.3525 0.1173
169.5203 52.3469 0.1163
169.5481 52.3413 0.1176
169.5760 52.3356 0.1235
169.6039 52.3300 0.1280
169.6317 52.3243 0.1284
169.6595 52.3187 0.1278
169.6874 52.3130 0.1307
169.7152 52.3073 0.1390
169.7430 52.3016 0.1504
169.7708 52.2959 0.1603
169.7986 52.2902 0.1672
169.8264 52.2845 0.1735
169.8542 52.2788 0.1810
169.8820 52.2731 0.1884
169.9098 52.2674 0.1933
169.9375 52.2617 0.1966
169.9653 52.2559 0.1986
169.9930 52.2502 0.1995
168.5213 52.5626 0.0460
168.5494 52.5572 0.0505
168.5775 52.5518 0.0533
168.6056 52.5464 0.0552
168.6338 52.5409 0.0568
168.6619 52.5355 0.0584
168.6899 52.5301 0.0607
168.7180 52.5246 0.0637
168.7461 52.5192 0.0672
168.7742 52.5137 0.0710
168.8022 52.5083 0.0749
168.8303 52.5028 0.0790
168.8584 52.4973 0.0838
168.8864 52.4919 0.0883
168.9144 52.4864 0.0919
168.9425 52.4809 0.0934
168.9705 52.4754 0.0931
168.9985 52.4699 0.0913
169.0265 52.4644 0.0874
169.0545 52.4588 0.0835
169.0825 52.4533 0.0820
169.1105 52.4478 0.0808
169.1385 52.4422 0.0810
169.1665 52.4367 0.0799
169.1944 52.4311 0.0786
169.2224 52.4256 0.0792
169.3621 52.3977 0.1180
169.4737 52.3752 0.1198
169.5016 52.3696 0.1178
169.5295 52.3640 0.1163
169.5574 52.3583 0.1146
169.5852 52.3527 0.1184
169.6131 52.3470 0.1295
169.6409 52.3414 0.1380
169.6688 52.3357 0.1423
169.6966 52.3300 0.1461
169.7245 52.3244 0.1515
169.7523 52.3187 0.1588
169.7801 52.3130 0.1656
169.8079 52.3073 0.1708
169.8357 52.3016 0.1774
169.8635 52.2959 0.1843
169.8913 52.2901 0.1913
169.9191 52.2844 0.1959
169.9469 52.2787 0.1988
169.9746 52.2729 0.2005
168.5302 52.5798 0.0502
168.5583 52.5744 0.0546
168.5864 52.5689 0.0576
168.6145 52.5635 0.0595
168.6427 52.5581 0.0608
168.6708 52.5527 0.0627
168.6989 52.5472 0.0654
168.7270 52.5418 0.0686
168.7551 52.5363 0.0723
168.7831 52.5309 0.0761
168.8112 52.5254 0.0800
168.8393 52.5199 0.0841
168.8673 52.5145 0.0885
168.8954 52.5090 0.0923
168.9234 52.5035 0.0952
168.9515 52.4980 0.0955
168.9795 52.4925 0.0945
169.0075 52.4870 0.0917
169.0356 52.4815 0.0876
169.0636 52.4759 0.0838
169.0916 52.4704 0.0823
169.1196 52.4649 0.0811
169.1476 52.4593 0.0815
169.1756 52.4538 0.0792
169.2035 52.4482 0.0786
169.2315 52.4427 0.0789
169.4829 52.3923 0.1249
169.5108 52.3867 0.1262
169.5387 52.3810 0.1219
169.5666 52.3754 0.1172
169.5945 52.3697 0.1217
169.6223 52.3641 0.1333
169.6502 52.3584 0.1437
169.6781 52.3528 0.1507
169.7059 52.3471 0.1551
169.7337 52.3414 0.1597
169.7616 52.3357 0.1651
169.7894 52.3300 0.1697
169.8172 52.3243 0.1747
169.8450 52.3186 0.1809
169.8728 52.3129 0.1876
169.9006 52.3072 0.1930
169.9284 52.3014 0.1969
169.9562 52.2957 0.1996
169.9840 52.2900 0.2012
168.5390 52.5969 0.0566
168.5672 52.5915 0.0595
168.5953 52.5861 0.0620
168.6235 52.5807 0.0639
168.6516 52.5752 0.0657
168.6797 52.5698 0.0676
168.7078 52.5644 0.0704
168.7359 52.5589 0.0735
168.7640 52.5535 0.0768
168.7921 52.5480 0.0805
168.8202 52.5425 0.0840
168.8483 52.5371 0.0877
168.8763 52.5316 0.0914
168.9044 52.5261 0.0946
168.9325 52.5206 0.0965
168.9605 52.5151 0.0962
168.9886 52.5096 0.0943
169.0166 52.5041 0.0911
169.0446 52.4986 0.0873
169.0726 52.4931 0.0840
169.1007 52.4875 0.0824
169.1287 52.4820 0.0807
169.1567 52.4764 0.0793
169.1847 52.4709 0.0786
169.2126 52.4653 0.0786
169.2406 52.4598 0.0794
169.4921 52.4094 0.1306
169.5200 52.4037 0.1339
169.5479 52.3981 0.1322
169.5758 52.3924 0.1288
169.6037 52.3868 0.1299
169.6316 52.3811 0.1371
169.6595 52.3755 0.1464
169.6873 52.3698 0.1524
169.7152 52.3641 0.1564
169.7430 52.3584 0.1615
169.7709 52.3527 0.1674
169.7987 52.3470 0.1734
169.8265 52.3413 0.1792
169.8544 52.3356 0.1852
169.8822 52.3299 0.1908
169.9100 52.3242 0.1954
169.9378 52.3185 0.1983
169.9656 52.3127 0.2004
169.9934 52.3070 0.2018
168.5479 52.6141 0.0600
168.5761 52.6087 0.0633
168.6042 52.6032 0.0657
168.6324 52.5978 0.0682
168.6605 52.5924 0.0701
168.6886 52.5870 0.0722
168.7168 52.5815 0.0749
168.7449 52.5761 0.0777
168.7730 52.5706 0.0807
168.8011 52.5651 0.0838
168.8292 52.5597 0.0868
168.8573 52.5542 0.0900
168.8853 52.5487 0.0928
168.9134 52.5432 0.0951
168.9415 52.5377 0.0965
168.9695 52.5322 0.0959
168.9976 52.5267 0.0939
169.0256 52.5212 0.0906
169.0537 52.5157 0.0864
169.0817 52.5102 0.0836
169.1097 52.5046 0.0820
169.1377 52.4991 0.0805
169.1658 52.4935 0.0791
169.1938 52.4880 0.0783
169.2218 52.4824 0.0785
169.2497 52.4768 0.0796
169.5013 52.4264 0.1321
169.5292 52.4208 0.1382
169.5571 52.4152 0.1419
169.5850 52.4095 0.1435
169.6129 52.4038 0.1440
169.6408 52.3982 0.1453
169.6687 52.3925 0.1479
169.6966 52.3868 0.1505
169.7245 52.3812 0.1541
169.7523 52.3755 0.1599
169.7802 52.3698 0.1682
169.8080 52.3641 0.1760
169.8359 52.3584 0.1823
169.8637 52.3527 0.1876
169.8915 52.3469 0.1926
169.9193 52.3412 0.1966
169.9471 52.3355 0.1987
169.9749 52.3297 0.2004
168.5568 52.6312 0.0630
168.5850 52.6258 0.0667
168.6131 52.6204 0.0695
168.6413 52.6150 0.0720
168.6694 52.6095 0.0742
168.6976 52.6041 0.0763
168.7257 52.5987 0.0787
168.7538 52.5932 0.0812
168.7820 52.5877 0.0839
168.8101 52.5823 0.0869
168.8382 52.5768 0.0896
168.8663 52.5713 0.0919
168.8944 52.5658 0.0940
168.9224 52.5604 0.0953
168.9505 52.5549 0.0961
168.9786 52.5494 0.0951
169.0066 52.5438 0.0929
169.0347 52.5383 0.0891
169.0627 52.5328 0.0846
169.0908 52.5273 0.0819
169.1188 52.5217 0.0806
169.1468 52.5162 0.0799
169.1749 52.5106 0.0791
169.2029 52.5051 0.0784
169.2309 52.4995 0.0792
169.2589 52.4939 0.0812
169.3988 52.4660 0.1330
169.5105 52.4435 0.1288
169.5385 52.4379 0.1369
169.5664 52.4322 0.1486
169.5943 52.4266 0.1553
169.6222 52.4209 0.1570
169.6501 52.4152 0.1532
169.6780 52.4096 0.1504
169.7059 52.4039 0.1497
169.7337 52.3982 0.1533
169.7616 52.3925 0.1603
169.7895 52.3868 0.1704
169.8173 52.3811 0.1786
169.8452 52.3754 0.1848
169.8730 52.3697 0.1898
169.9009 52.3640 0.1937
169.9287 52.3582 0.1971
169.9565 52.3525 0.1988
169.9843 52.3468 0.2004
168.5657 52.6484 0.0664
168.5939 52.6430 0.0699
168.6221 52.6375 0.0726
168.6502 52.6321 0.0752
168.6784 52.6267 0.0776
168.7065 52.6212 0.0796
168.7347 52.6158 0.0819
168.7628 52.6103 0.0842
168.7909 52.6049 0.0870
168.8191 52.5994 0.0896
168.8472 52.5939 0.0925
168.8753 52.5885 0.0938
168.9034 52.5830 0.0952
168.9315 52.5775 0.0956
168.9596 52.5720 0.0952
168.9876 52.5665 0.0935
169.0157 52.5610 0.0906
169.0438 52.5554 0.0865
169.0718 52.5499 0.0818
169.0999 52.5444 0.0789
169.1279 52.5388 0.0788
169.1559 52.5333 0.0790
169.1840 52.5277 0.0796
169.2120 52.5222 0.0796
169.2400 52.5166 0.0806
169.2680 52.5110 0.0841
169.5198 52.4606 0.1318
169.5477 52.4549 0.1373
169.5756 52.4493 0.1491
169.6035 52.4436 0.1601
169.6315 52.4380 0.1634
169.6594 52.4323 0.1594
169.6873 52.4266 0.1542
169.7152 52.4209 0.1525
169.7431 52.4152 0.1562
169.7709 52.4096 0.1644
169.7988 52.4039 0.1730
169.8267 52.3981 0.1808
169.8545 52.3924 0.1865
169.8824 52.3867 0.1910
169.9102 52.3810 0.1942
169.9381 52.3753 0.1969
169.9659 52.3695 0.1982
169.9937 52.3638 0.1994
168.5746 52.6655 0.0701
168.6028 52.6601 0.0733
168.6310 52.6547 0.0760
168.6592 52.6493 0.0784
168.6873 52.6438 0.0809
168.7155 52.6384 0.0827
168.7436 52.6329 0.0852
168.7718 52.6275 0.0875
168.7999 52.6220 0.0901
168.8281 52.6165 0.0926
168.8562 52.6111 0.0949
168.8843 52.6056 0.0961
168.9124 52.6001 0.0967
168.9405 52.5946 0.0963
168.9686 52.5891 0.0947
168.9967 52.5836 0.0920
169.0248 52.5781 0.0883
169.0528 52.5725 0.0837
169.0809 52.5670 0.0795
169.1090 52.5615 0.0772
169.1370 52.5559 0.0782
169.1651 52.5504 0.0791
169.1931 52.5448 0.0804
169.2211 52.5393 0.0818
169.2492 52.5337 0.0838
169.2772 52.5281 0.0870
169.5290 52.4776 0.1386
169.5569 52.4720 0.1419
169.5849 52.4663 0.1505
169.6128 52.4607 0.1607
169.6407 52.4550 0.1652
169.6687 52.4493 0.1632
169.6966 52.4437 0.1592
169.7245 52.4380 0.1584
169.7524 52.4323 0.1624
169.7802 52.4266 0.1693
169.8081 52.4209 0.1770
169.8360 52.4152 0.1835
169.8639 52.4095 0.1882
169.8917 52.4037 0.1917
169.9196 52.3980 0.1938
169.9474 52.3923 0.1954
169.9753 52.3865 0.1962
168.5836 52.6827 0.0740
168.6118 52.6773 0.0768
168.6399 52.6718 0.0788
168.6681 52.6664 0.0812
168.6963 52.6610 0.0833
168.7245 52.6555 0.0856
168.7526 52.6501 0.0878
168.7808 52.6446 0.0905
168.8089 52.6392 0.0929
168.8371 52.6337 0.0954
168.8652 52.6282 0.0975
168.8933 52.6227 0.0991
168.9214 52.6172 0.0987
168.9495 52.6117 0.0970
168.9777 52.6062 0.0944
169.0057 52.6007 0.0908
169.0338 52.5952 0.0867
169.0619 52.5897 0.0822
169.0900 52.5841 0.0790
169.1181 52.5786 0.0772
169.1461 52.5730 0.0783
169.1742 52.5675 0.0800
169.2022 52.5619 0.0817
169.2303 52.5564 0.0841
169.2583 52.5508 0.0877
169.2863 52.5452 0.0911
169.4263 52.5172 0.1240
169.5382 52.4947 0.1526
169.5662 52.4890 0.1543
169.5941 52.4834 0.1585
169.6221 52.4777 0.1633
169.6500 52.4721 0.1665
169.6779 52.4664 0.1660
169.7059 52.4607 0.1643
169.7338 52.4550 0.1644
169.7617 52.4493 0.1683
169.7896 52.4436 0.1742
169.8175 52.4379 0.1812
169.8453 52.4322 0.1868
169.8732 52.4265 0.1907
169.9011 52.4208 0.1930
169.9289 52.4150 0.1940
169.9568 52.4093 0.1948
169.9846 52.4036 0.1952
168.5925 52.6998 0.0787
168.6207 52.6944 0.0794
168.6489 52.6890 0.0811
168.6771 52.6836 0.0828
168.7053 52.6781 0.0854
168.7334 52.6727 0.0874
168.7616 52.6672 0.0899
168.7898 52.6618 0.0923
168.8179 52.6563 0.0951
168.8461 52.6508 0.0973
168.8742 52.6453 0.0992
168.9024 52.6398 0.0999
168.9305 52.6343 0.0992
168.9586 52.6288 0.0973
168.9867 52.6233 0.0941
169.0148 52.6178 0.0898
169.0429 52.6123 0.0854
169.0710 52.6068 0.0820
169.0991 52.6012 0.0796
169.1272 52.5957 0.0782
169.1552 52.5901 0.0795
169.1833 52.5846 0.0814
169.2114 52.5790 0.0841
169.2394 52.5734 0.0870
169.2675 52.5679 0.0916
169.2955 52.5623 0.0963
169.5475 52.5117 0.1729
169.5755 52.5061 0.1708
169.6034 52.5004 0.1695
169.6314 52.4948 0.1685
169.6593 52.4891 0.1693
169.6872 52.4834 0.1694
169.7152 52.4777 0.1690
169.7431 52.4721 0.1702
169.7710 52.4664 0.1741
169.7989 52.4607 0.1799
169.8268 52.4550 0.1856
169.8547 52.4492 0.1908
169.8826 52.4435 0.1943
169.9105 52.4378 0.1960
169.9383 52.4321 0.1963
169.9662 52.4263 0.1960
169.9940 52.4206 0.1954
168.6014 52.7170 0.0800
168.6296 52.7116 0.0807
168.6578 52.7061 0.0816
168.6860 52.7007 0.0838
168.7142 52.6953 0.0860
168.7424 52.6898 0.0884
168.7706 52.6844 0.0911
168.7988 52.6789 0.0937
168.8269 52.6734 0.0964
168.8551 52.6679 0.0979
168.8833 52.6625 0.0996
168.9114 52.6570 0.0995
168.9395 52.6515 0.0984
168.9677 52.6460 0.0963
168.9958 52.6404 0.0932
169.0239 52.6349 0.0887
169.0520 52.6294 0.0849
169.0801 52.6239 0.0820
169.1082 52.6183 0.0804
169.1363 52.6128 0.0801
169.1644 52.6072 0.0812
169.1924 52.6017 0.0838
169.2205 52.5961 0.0867
169.2486 52.5905 0.0902
169.2766 52.5850 0.0954
169.3047 52.5794 0.1004
169.5567 52.5288 0.1825
169.5847 52.5232 0.1794
169.6127 52.5175 0.1753
169.6406 52.5118 0.1711
169.6686 52.5062 0.1711
169.6965 52.5005 0.1715
169.7245 52.4948 0.1722
169.7524 52.4891 0.1742
169.7803 52.4834 0.1784
169.8082 52.4777 0.1837
169.8362 52.4720 0.1890
169.8641 52.4663 0.1931
169.8920 52.4605 0.1963
169.9198 52.4548 0.1977
169.9477 52.4491 0.1977
169.9756 52.4433 0.1965
168.6104 52.7342 0.0806
168.6386 52.7287 0.0812
168.6668 52.7233 0.0823
168.6950 52.7179 0.0842
168.7232 52.7124 0.0866
168.7514 52.7069 0.0885
168.7796 52.7015 0.0914
168.8078 52.6960 0.0942
168.8360 52.6905 0.0964
168.8641 52.6851 0.0978
168.8923 52.6796 0.0990
168.9204 52.6741 0.0986
168.9486 52.6686 0.0970
168.9767 52.6631 0.0951
169.0049 52.6576 0.0919
169.0330 52.6520 0.0881
169.0611 52.6465 0.0846
169.0892 52.6410 0.0824
169.1173 52.6354 0.0819
169.1454 52.6299 0.0823
169.1735 52.6243 0.0843
169.2016 52.6188 0.0867
169.2297 52.6132 0.0898
169.2577 52.6076 0.0937
169.2858 52.6020 0.0990
169.3139 52.5965 0.1047
169.5660 52.5459 0.1810
169.5940 52.5402 0.1786
169.6220 52.5345 0.1738
169.6499 52.5289 0.1704
169.6779 52.5232 0.1703
169.7059 52.5175 0.1714
169.7338 52.5118 0.1732
169.7617 52.5061 0.1762
169.7897 52.5004 0.1802
169.8176 52.4947 0.1854
169.8455 52.4890 0.1900
169.8734 52.4833 0.1940
169.9013 52.4776 0.1969
169.9292 52.4718 0.1980
169.9571 52.4661 0.1978
169.9850 52.4603 0.1966
168.6193 52.7513 0.0829
168.6476 52.7459 0.0815
168.6758 52.7404 0.0819
168.7040 52.7350 0.0841
168.7322 52.7295 0.0863
168.7604 52.7241 0.0883
168.7886 52.7186 0.0912
168.8168 52.7132 0.0940
168.8450 52.7077 0.0962
168.8732 52.7022 0.0973
168.9013 52.6967 0.0979
168.9295 52.6912 0.0971
168.9577 52.6857 0.0955
168.9858 52.6802 0.0933
169.0139 52.6747 0.0899
169.0421 52.6691 0.0867
169.0702 52.6636 0.0841
169.0983 52.6581 0.0831
169.1264 52.6525 0.0835
169.1546 52.6470 0.0850
169.1827 52.6414 0.0880
169.2107 52.6359 0.0907
169.2388 52.6303 0.0942
169.2669 52.6247 0.0980
169.2950 52.6191 0.1039
169.3230 52.6135 0.1098
169.4633 52.5855 0.1290
169.5753 52.5629 0.1737
169.6033 52.5573 0.1724
169.6313 52.5516 0.1709
169.6592 52.5459 0.1690
169.6872 52.5402 0.1698
169.7152 52.5346 0.1715
169.7431 52.5289 0.1738
169.7711 52.5232 0.1771
169.7990 52.5175 0.1813
169.8270 52.5118 0.1860
169.8549 52.5060 0.1906
169.8828 52.5003 0.1945
169.9107 52.4946 0.1973
169.9386 52.4889 0.1982
169.9665 52.4831 0.1980
169.9944 52.4774 0.1969
168.6283 52.7685 0.0836
168.6565 52.7630 0.0808
168.6848 52.7576 0.0816
168.7130 52.7521 0.0837
168.7412 52.7467 0.0857
168.7694 52.7412 0.0880
168.7976 52.7358 0.0905
168.8258 52.7303 0.0932
168.8540 52.7248 0.0948
168.8822 52.7193 0.0957
168.9104 52.7138 0.0959
168.9386 52.7083 0.0950
168.9667 52.7028 0.0930
168.9949 52.6973 0.0906
169.0230 52.6918 0.0876
169.0512 52.6863 0.0851
169.0793 52.6807 0.0835
169.1075 52.6752 0.0831
169.1356 52.6696 0.0844
169.1637 52.6641 0.0866
169.1918 52.6585 0.0902
169.2199 52.6530 0.0942
169.2480 52.6474 0.0985
169.2761 52.6418 0.1032
169.3042 52.6362 0.1091
169.3322 52.6306 0.1150
169.5846 52.5800 0.1682
169.6126 52.5743 0.1683
169.6406 52.5686 0.1686
169.6686 52.5630 0.1690
169.6965 52.5573 0.1704
169.7245 52.5516 0.1723
169.7525 52.5459 0.1745
169.7804 52.5402 0.1779
169.8084 52.5345 0.1813
169.8363 52.5288 0.1854
169.8643 52.5231 0.1899
169.8922 52.5174 0.1938
169.9201 52.5116 0.1966
169.9480 52.5059 0.1975
169.9759 52.5001 0.1975
168.6372 52.7856 0.0792
168.6655 52.7802 0.0793
168.6937 52.7747 0.0809
168.7220 52.7693 0.0836
168.7502 52.7638 0.0858
168.7784 52.7584 0.0879
168.8067 52.7529 0.0900
168.8349 52.7474 0.0916
168.8631 52.7419 0.0929
168.8913 52.7364 0.0934
168.9195 52.7309 0.0936
168.9476 52.7254 0.0925
168.9758 52.7199 0.0907
169.0040 52.7144 0.0885
169.0321 52.7089 0.0858
169.0603 52.7034 0.0842
169.0884 52.6978 0.0833
169.1166 52.6923 0.0838
169.1447 52.6867 0.0862
169.1728 52.6812 0.0892
169.2010 52.6756 0.0937
169.2291 52.6700 0.0982
169.2572 52.6645 0.1040
169.2853 52.6589 0.1092
169.3134 52.6533 0.1150
169.3414 52.6477 0.1203
169.5939 52.5970 0.1663
169.6219 52.5914 0.1683
169.6499 52.5857 0.1688
169.6779 52.5800 0.1697
169.7059 52.5743 0.1711
169.7338 52.5686 0.1728
169.7618 52.5630 0.1752
169.7898 52.5573 0.1776
169.8177 52.5515 0.1806
169.8457 52.5458 0.1842
169.8736 52.5401 0.1885
169.9016 52.5344 0.1923
169.9295 52.5286 0.1951
169.9574 52.5229 0.1964
169.9854 52.5171 0.1969
168.6462 52.8028 0.0749
168.6745 52.7973 0.0774
168.7027 52.7919 0.0804
168.7310 52.7864 0.0836
168.7592 52.7810 0.0861
168.7875 52.7755 0.0880
168.8157 52.7700 0.0892
168.8439 52.7645 0.0904
168.8721 52.7591 0.0910
168.9003 52.7536 0.0911
168.9285 52.7481 0.0906
168.9567 52.7426 0.0899
168.9849 52.7370 0.0881
169.0131 52.7315 0.0866
169.0413 52.7260 0.0847
169.0694 52.7205 0.0834
169.0976 52.7149 0.0833
169.1257 52.7094 0.0848
169.1539 52.7038 0.0878
169.1820 52.6983 0.0919
169.2101 52.6927 0.0970
169.2383 52.6871 0.1028
169.2664 52.6816 0.1088
169.2945 52.6760 0.1145
169.3226 52.6704 0.1200
169.3507 52.6648 0.1248
169.4910 52.6367 0.1420
169.6032 52.6141 0.1684
169.6312 52.6084 0.1705
169.6592 52.6027 0.1713
169.6872 52.5971 0.1716
169.7152 52.5914 0.1728
169.7432 52.5857 0.1743
169.7712 52.5800 0.1760
169.7992 52.5743 0.1783
169.8271 52.5686 0.1809
169.8551 52.5629 0.1841
169.8830 52.5571 0.1880
169.9110 52.5514 0.1919
169.9389 52.5457 0.1947
169.9669 52.5399 0.1960
169.9948 52.5342 0.1967
168.6552 52.8199 0.0727
168.6835 52.8145 0.0764
168.7117 52.8090 0.0802
168.7400 52.8036 0.0832
168.7683 52.7981 0.0858
168.7965 52.7926 0.0872
168.8247 52.7872 0.0881
168.8530 52.7817 0.0887
168.8812 52.7762 0.0886
168.9094 52.7707 0.0883
168.9376 52.7652 0.0879
168.9658 52.7597 0.0872
168.9940 52.7542 0.0859
169.0222 52.7486 0.0847
169.0504 52.7431 0.0835
169.0785 52.7376 0.0833
169.1067 52.7320 0.0841
169.1349 52.7265 0.0867
169.1630 52.7209 0.0903
169.1912 52.7154 0.0949
169.2193 52.7098 0.1008
169.2474 52.7042 0.1062
169.2756 52.6986 0.1125
169.3037 52.6931 0.1185
169.3318 52.6875 0.1240
169.3599 52.6819 0.1287
169.6125 52.6311 0.1715
169.6405 52.6255 0.1730
169.6685 52.6198 0.1729
169.6965 52.6141 0.1729
169.7245 52.6084 0.1734
169.7525 52.6027 0.1744
169.7805 52.5970 0.1761
169.8085 52.5913 0.1785
169.8365 52.5856 0.1804
169.8645 52.5799 0.1834
169.8924 52.5742 0.1869
169.9204 52.5684 0.1908
169.9483 52.5627 0.1936
169.9763 52.5569 0.1953
168.6642 52.8370 0.0739
168.6925 52.8316 0.0751
168.7208 52.8262 0.0786
168.7490 52.8207 0.0815
168.7773 52.8152 0.0843
168.8055 52.8098 0.0855
168.8338 52.8043 0.0861
168.8620 52.7988 0.0864
168.8903 52.7933 0.0863
168.9185 52.7878 0.0859
168.9467 52.7823 0.0854
168.9749 52.7768 0.0845
169.0031 52.7713 0.0837
169.0313 52.7658 0.0832
169.0595 52.7602 0.0830
169.0877 52.7547 0.0837
169.1159 52.7491 0.0859
169.1440 52.7436 0.0890
169.1722 52.7380 0.0933
169.2003 52.7325 0.0983
169.2285 52.7269 0.1038
169.2566 52.7213 0.1091
169.2848 52.7157 0.1150
169.3129 52.7101 0.1210
169.3410 52.7045 0.1264
169.3691 52.6989 0.1311
169.6218 52.6482 0.1735
169.6498 52.6425 0.1743
169.6779 52.6368 0.1737
169.7059 52.6312 0.1735
169.7339 52.6255 0.1735
169.7619 52.6198 0.1743
169.7899 52.6141 0.1756
169.8179 52.6084 0.1778
169.8459 52.6026 0.1798
169.8739 52.5969 0.1824
169.9018 52.5912 0.1858
169.9298 52.5854 0.1894
169.9578 52.5797 0.1923
169.9857 52.5739 0.1940
168.6732 52.8542 0.0715
168.7015 52.8487 0.0733
168.7298 52.8433 0.0762
168.7581 52.8378 0.0792
168.7863 52.8324 0.0819
168.8146 52.8269 0.0831
168.8428 52.8214 0.0841
168.8711 52.8159 0.0847
168.8993 52.8104 0.0848
168.9276 52.8049 0.0845
168.9558 52.7994 0.0838
168.9840 52.7939 0.0829
169.0122 52.7884 0.0819
169.0404 52.7829 0.0819
169.0686 52.7773 0.0824
169.0968 52.7718 0.0843
169.1250 52.7662 0.0872
169.1532 52.7607 0.0910
169.1814 52.7551 0.0952
169.2095 52.7496 0.1002
169.2377 52.7440 0.1053
169.2658 52.7384 0.1103
169.2940 52.7328 0.1163
169.3221 52.7272 0.1223
169.3502 52.7216 0.1281
169.3784 52.7160 0.1333
169.6311 52.6652 0.1738
169.6592 52.6596 0.1738
169.6872 52.6539 0.1735
169.7152 52.6482 0.1729
169.7433 52.6425 0.1736
169.7713 52.6368 0.1745
169.7993 52.6311 0.1762
169.8273 52.6254 0.1786
169.8553 52.6197 0.1804
169.8833 52.6139 0.1827
169.9113 52.6082 0.1858
169.9392 52.6025 0.1888
169.9672 52.5967 0.1910
169.9952 52.5910 0.1932
168.6822 52.8713 0.0680
168.7105 52.8659 0.0710
168.7388 52.8604 0.0738
168.7671 52.8550 0.0766
168.7954 52.8495 0.0793
168.8236 52.8440 0.0806
168.8519 52.8385 0.0822
168.8802 52.8331 0.0832
168.9084 52.8276 0.0833
168.9367 52.8221 0.0829
168.9649 52.8165 0.0822
168.9931 52.8110 0.0813
169.0214 52.8055 0.0800
169.0496 52.8000 0.0801
169.0778 52.7944 0.0816
169.1060 52.7889 0.0845
169.1342 52.7833 0.0883
169.1624 52.7778 0.0922
169.1905 52.7722 0.0961
169.2187 52.7667 0.1013
169.2469 52.7611 0.1065
169.2750 52.7555 0.1117
169.3032 52.7499 0.1177
169.3313 52.7443 0.1236
169.3595 52.7387 0.1296
169.3876 52.7331 0.1353
169.5281 52.7049 0.1750
169.6404 52.6823 0.1721
169.6685 52.6766 0.1722
169.6966 52.6709 0.1717
169.7246 52.6652 0.1719
169.7526 52.6595 0.1732
169.7807 52.6538 0.1749
169.8087 52.6481 0.1769
169.8367 52.6424 0.1793
169.8647 52.6367 0.1811
169.8927 52.6310 0.1828
169.9207 52.6252 0.1855
169.9487 52.6195 0.1879
169.9767 52.6137 0.1901
168.6912 52.8885 0.0651
168.7195 52.8830 0.0681
168.7478 52.8776 0.0705
168.7761 52.8721 0.0733
168.8044 52.8666 0.0760
168.8327 52.8612 0.0782
168.8610 52.8557 0.0803
168.8893 52.8502 0.0816
168.9175 52.8447 0.0815
168.9458 52.8392 0.0806
168.9740 52.8337 0.0797
169.0023 52.8281 0.0784
169.0305 52.8226 0.0776
169.0587 52.8171 0.0781
169.0869 52.8115 0.0802
169.1151 52.8060 0.0844
169.1433 52.8004 0.0885
169.1715 52.7949 0.0927
169.1997 52.7893 0.0967
169.2279 52.7837 0.1023
169.2561 52.7782 0.1080
169.2843 52.7726 0.1138
169.3124 52.7670 0.1200
169.3406 52.7614 0.1259
169.3687 52.7558 0.1321
169.3969 52.7502 0.1378
169.6498 52.6993 0.1705
169.6779 52.6937 0.1709
169.7059 52.6880 0.1714
169.7340 52.6823 0.1718
169.7620 52.6766 0.1735
169.7900 52.6709 0.1756
169.8181 52.6652 0.1777
169.8461 52.6594 0.1799
169.8741 52.6537 0.1818
169.9021 52.6480 0.1839
169.9301 52.6422 0.1861
169.9581 52.6365 0.1884
169.9861 52.6308 0.1902
168.7002 52.9056 0.0638
168.7286 52.9002 0.0642
168.7569 52.8947 0.0668
168.7852 52.8892 0.0693
168.8135 52.8838 0.0725
168.8418 52.8783 0.0756
168.8701 52.8728 0.0777
168.8983 52.8673 0.0791
168.9266 52.8618 0.0789
168.9549 52.8563 0.0778
168.9831 52.8508 0.0765
169.0114 52.8453 0.0752
169.0396 52.8397 0.0746
169.0679 52.8342 0.0759
169.0961 52.8286 0.0790
169.1243 52.8231 0.0832
169.1525 52.8175 0.0878
169.1807 52.8120 0.0924
169.2089 52.8064 0.0972
169.2371 52.8008 0.1033
169.2653 52.7953 0.1102
169.2935 52.7897 0.1167
169.3217 52.7841 0.1234
169.3498 52.7785 0.1295
169.3780 52.7729 0.1351
169.4061 52.7672 0.1407
169.6591 52.7164 0.1702
169.6872 52.7107 0.1713
169.7153 52.7050 0.1720
169.7433 52.6993 0.1730
169.7714 52.6936 0.1750
169.7994 52.6879 0.1769
169.8275 52.6822 0.1789
169.8555 52.6765 0.1812
169.8835 52.6707 0.1831
169.9116 52.6650 0.1847
169.9396 52.6593 0.1870
169.9676 52.6535 0.1891
169.9956 52.6478 0.1910
168.7093 52.9228 0.0592
168.7376 52.9173 0.0604
168.7659 52.9118 0.0623
168.7943 52.9064 0.0653
168.8226 52.9009 0.0685
168.8509 52.8954 0.0717
168.8792 52.8899 0.0743
168.9074 52.8844 0.0755
168.9357 52.8789 0.0755
168.9640 52.8734 0.0742
168.9923 52.8679 0.0727
169.0205 52.8624 0.0715
169.0488 52.8568 0.0714
169.0770 52.8513 0.0734
169.1053 52.8458 0.0774
169.1335 52.8402 0.0820
169.1617 52.8346 0.0870
169.1899 52.8291 0.0925
169.2181 52.8235 0.0982
169.2463 52.8179 0.1053
169.2745 52.8123 0.1130
169.3027 52.8067 0.1205
169.3309 52.8011 0.1276
169.3591 52.7955 0.1335
169.3872 52.7899 0.1389
169.4154 52.7843 0.1440
169.5561 52.7561 0.1730
169.6685 52.7334 0.1711
169.6966 52.7278 0.1723
169.7247 52.7221 0.1735
169.7527 52.7164 0.1747
169.7808 52.7107 0.1768
169.8088 52.7049 0.1784
169.8369 52.6992 0.1803
169.8649 52.6935 0.1825
169.8930 52.6878 0.1842
169.9210 52.6820 0.1859
169.9490 52.6763 0.1884
169.9770 52.6705 0.1906
168.7183 52.9399 0.0531
168.7467 52.9345 0.0550
168.7750 52.9290 0.0577
168.8033 52.9235 0.0609
168.8316 52.9180 0.0642
168.8600 52.9125 0.0673
168.8883 52.9070 0.0699
168.9166 52.9015 0.0714
168.9448 52.8960 0.0712
168.9731 52.8905 0.0699
169.0014 52.8850 0.0684
169.0297 52.8795 0.0678
169.0579 52.8739 0.0685
169.0862 52.8684 0.0711
169.1144 52.8629 0.0755
169.1427 52.8573 0.0809
169.1709 52.8517 0.0865
169.1991 52.8462 0.0930
169.2274 52.8406 0.0997
169.2556 52.8350 0.1076
169.2838 52.8294 0.1163
169.3120 52.8238 0.1246
169.3402 52.8182 0.1320
169.3683 52.8126 0.1377
169.3965 52.8070 0.1427
169.4247 52.8014 0.1472
169.6779 52.7505 0.1720
169.7060 52.7448 0.1738
169.7340 52.7391 0.1749
169.7621 52.7334 0.1762
169.7902 52.7277 0.1782
169.8183 52.7220 0.1801
169.8463 52.7163 0.1821
169.8744 52.7105 0.1841
169.9024 52.7048 0.1858
169.9305 52.6991 0.1877
169.9585 52.6933 0.1900
169.9865 52.6876 0.1923
168.7274 52.9571 0.0478
168.7557 52.9516 0.0503
168.7841 52.9461 0.0533
168.8124 52.9406 0.0567
168.8407 52.9352 0.0599
168.8690 52.9297 0.0628
168.8974 52.9242 0.0651
168.9257 52.9187 0.0664
168.9540 52.9132 0.0665
168.9823 52.9076 0.0657
169.0105 52.9021 0.0650
169.0388 52.8966 0.0651
169.0671 52.8911 0.0662
169.0954 52.8855 0.0692
169.1236 52.8800 0.0742
169.1519 52.8744 0.0798
169.1801 52.8688 0.0866
169.2083 52.8633 0.0937
169.2366 52.8577 0.1012
169.2648 52.8521 0.1099
169.2930 52.8465 0.1192
169.3212 52.8409 0.1279
169.3494 52.8353 0.1352
169.3776 52.8297 0.1411
169.4058 52.8241 0.1460
169.4340 52.8185 0.1503
169.6872 52.7675 0.1732
169.7153 52.7618 0.1748
169.7434 52.7561 0.1764
169.7715 52.7504 0.1776
169.7996 52.7447 0.1797
169.8277 52.7390 0.1815
169.8558 52.7333 0.1834
169.8838 52.7276 0.1855
169.9119 52.7218 0.1875
169.9399 52.7161 0.1893
169.9679 52.7103 0.1916
169.9960 52.7046 0.1937
168.7364 52.9742 0.0430
168.7648 52.9687 0.0454
168.7931 52.9633 0.0492
168.8215 52.9578 0.0528
168.8498 52.9523 0.0559
168.8782 52.9468 0.0585
168.9065 52.9413 0.0604
168.9348 52.9358 0.0617
168.9631 52.9303 0.0622
168.9914 52.9248 0.0622
169.0197 52.9192 0.0624
169.0480 52.9137 0.0631
169.0763 52.9082 0.0647
169.1045 52.9026 0.0683
169.1328 52.8971 0.0731
169.1611 52.8915 0.0798
169.1893 52.8859 0.0868
169.2176 52.8804 0.0946
169.2458 52.8748 0.1027
169.2740 52.8692 0.1115
169.3023 52.8636 0.1212
169.3305 52.8580 0.1301
169.3587 52.8524 0.1376
169.3869 52.8468 0.1435
169.4151 52.8412 0.1481
169.4433 52.8355 0.1517
169.6966 52.7846 0.1734
169.7247 52.7789 0.1756
169.7528 52.7732 0.1768
169.7809 52.7675 0.1781
169.8090 52.7618 0.1799
169.8371 52.7560 0.1820
169.8652 52.7503 0.1842
169.8933 52.7446 0.1867
169.9213 52.7388 0.1885
169.9494 52.7331 0.1901
169.9774 52.7273 0.1923
168.7455 52.9913 0.0391
168.7739 52.9859 0.0420
168.8022 52.9804 0.0460
168.8306 52.9749 0.0499
168.8589 52.9694 0.0529
168.8873 52.9639 0.0551
168.9156 52.9584 0.0567
168.9439 52.9529 0.0578
168.9722 52.9474 0.0587
169.0006 52.9419 0.0595
169.0289 52.9363 0.0603
169.0572 52.9308 0.0615
169.0855 52.9253 0.0635
169.1137 52.9197 0.0672
169.1420 52.9142 0.0726
169.1703 52.9086 0.0796
169.1985 52.9030 0.0870
169.2268 52.8974 0.0954
169.2550 52.8919 0.1040
169.2833 52.8863 0.1126
169.3115 52.8807 0.1223
169.3397 52.8751 0.1313
169.3680 52.8695 0.1390
169.3962 52.8639 0.1451
169.4244 52.8582 0.1497
169.4526 52.8526 0.1532
169.5934 52.8243 0.1650
169.7060 52.8016 0.1735
169.7341 52.7959 0.1752
169.7622 52.7902 0.1768
169.7904 52.7845 0.1782
169.8185 52.7788 0.1801
169.8466 52.7731 0.1823
169.8746 52.7673 0.1844
169.9027 52.7616 0.1873
169.9308 52.7559 0.1895
169.9589 52.7501 0.1913
169.9869 52.7444 0.1934
168.7546 53.0085 0.0359
168.7829 53.0030 0.0389
168.8113 52.9975 0.0429
168.8397 52.9920 0.0469
168.8680 52.9865 0.0499
168.8964 52.9810 0.0518
168.9247 52.9755 0.0534
168.9531 52.9700 0.0547
168.9814 52.9645 0.0560
169.0097 52.9590 0.0573
169.0380 52.9535 0.0583
169.0663 52.9479 0.0601
169.0946 52.9424 0.0627
169.1229 52.9368 0.0668
169.1512 52.9313 0.0727
169.1795 52.9257 0.0798
169.2078 52.9201 0.0875
169.2360 52.9145 0.0961
169.2643 52.9090 0.1046
169.2925 52.9034 0.1131
169.3208 52.8978 0.1223
169.3490 52.8922 0.1316
169.3772 52.8865 0.1395
169.4055 52.8809 0.1458
169.4337 52.8753 0.1504
169.4619 52.8697 0.1533
169.7154 52.8187 0.1725
169.7435 52.8130 0.1743
169.7717 52.8073 0.1759
169.7998 52.8015 0.1774
169.8279 52.7958 0.1795
169.8560 52.7901 0.1820
169.8841 52.7844 0.1844
169.9122 52.7786 0.1871
169.9403 52.7729 0.1895
169.9683 52.7671 0.1909
169.9964 52.7614 0.1930
168.7636 53.0256 0.0330
168.7920 53.0201 0.0359
168.8204 53.0146 0.0400
168.8488 53.0092 0.0440
168.8772 53.0037 0.0469
168.9055 52.9982 0.0493
168.9339 52.9927 0.0507
168.9622 52.9871 0.0523
168.9906 52.9816 0.0537
169.0189 52.9761 0.0552
169.0472 52.9706 0.0568
169.0755 52.9650 0.0590
169.1038 52.9595 0.0619
169.1321 52.9539 0.0663
169.1604 52.9484 0.0725
169.1887 52.9428 0.0801
169.2170 52.9372 0.0883
169.2453 52.9316 0.0967
169.2735 52.9260 0.1054
169.3018 52.9204 0.1139
169.3301 52.9148 0.1231
169.3583 52.9092 0.1320
169.3865 52.9036 0.1395
169.4148 52.8980 0.1460
169.4430 52.8924 0.1507
169.4712 52.8867 0.1540
169.7248 52.8357 0.1708
169.7530 52.8300 0.1725
169.7811 52.8243 0.1748
169.8092 52.8186 0.1765
169.8373 52.8129 0.1789
169.8655 52.8071 0.1814
169.8936 52.8014 0.1837
169.9217 52.7957 0.1869
169.9497 52.7899 0.1892
169.9778 52.7841 0.1909
168.7727 53.0427 0.0305
168.8011 53.0373 0.0332
168.8295 53.0318 0.0371
168.8579 53.0263 0.0411
168.8863 53.0208 0.0441
168.9147 53.0153 0.0464
168.9430 53.0098 0.0482
168.9714 53.0043 0.0498
168.9997 52.9987 0.0512
169.0281 52.9932 0.0527
169.0564 52.9877 0.0548
169.0847 52.9821 0.0577
169.1130 52.9766 0.0614
169.1414 52.9710 0.0665
169.1697 52.9655 0.0728
169.1980 52.9599 0.0807
169.2263 52.9543 0.0888
169.2545 52.9487 0.0976
169.2828 52.9431 0.1061
169.3111 52.9375 0.1147
169.3393 52.9319 0.1236
169.3676 52.9263 0.1320
169.3958 52.9207 0.1394
169.4241 52.9151 0.1456
169.4523 52.9094 0.1498
169.4805 52.9038 0.1528
169.6216 52.8755 0.1860
169.7342 52.8528 0.1679
169.7624 52.8470 0.1701
169.7905 52.8413 0.1724
169.8187 52.8356 0.1746
169.8468 52.8299 0.1770
169.8749 52.8242 0.1800
169.9030 52.8184 0.1829
169.9311 52.8127 0.1860
169.9592 52.8069 0.1886
169.9873 52.8012 0.1904
168.7818 53.0599 0.0291
168.8102 53.0544 0.0312
168.8386 53.0489 0.0352
168.8670 53.0434 0.0393
168.8954 53.0379 0.0423
168.9238 53.0324 0.0446
168.9522 53.0269 0.0463
168.9805 53.0214 0.0475
169.0089 53.0159 0.0490
169.0373 53.0103 0.0508
169.0656 53.0048 0.0535
169.0939 52.9992 0.0569
169.1223 52.9937 0.0611
169.1506 52.9881 0.0665
169.1789 52.9825 0.0733
169.2072 52.9770 0.0812
169.2355 52.9714 0.0894
169.2638 52.9658 0.0984
169.2921 52.9602 0.1070
169.3204 52.9546 0.1152
169.3486 52.9490 0.1239
169.3769 52.9434 0.1318
169.4052 52.9378 0.1384
169.4334 52.9321 0.1439
169.4616 52.9265 0.1482
169.4899 52.9209 0.1516
169.7437 52.8698 0.1649
169.7718 52.8641 0.1674
169.8000 52.8584 0.1705
169.8281 52.8526 0.1728
169.8563 52.8469 0.1757
169.8844 52.8412 0.1787
169.9125 52.8354 0.1814
169.9406 52.8297 0.1850
169.9687 52.8239 0.1881
169.9968 52.8182 0.1902
168.7909 53.0770 0.0279
168.8194 53.0715 0.0299
168.8478 53.0660 0.0337
168.8762 53.0605 0.0375
168.9046 53.0550 0.0407
168.9330 53.0495 0.0429
168.9613 53.0440 0.0445
168.9897 53.0385 0.0457
169.0181 53.0330 0.0470
169.0464 53.0274 0.0489
169.0748 53.0219 0.0520
169.1031 53.0163 0.0563
169.1315 53.0108 0.0611
169.1598 53.0052 0.0670
169.1881 52.9996 0.0740
169.2165 52.9941 0.0821
169.2448 52.9885 0.0905
169.2731 52.9829 0.0994
169.3014 52.9773 0.1078
169.3297 52.9717 0.1156
169.3579 52.9661 0.1234
169.3862 52.9605 0.1311
169.4145 52.9548 0.1371
169.4427 52.9492 0.1419
169.4710 52.9436 0.1453
169.4992 52.9379 0.1482
169.7531 52.8868 0.1613
169.7813 52.8811 0.1648
169.8094 52.8754 0.1681
169.8376 52.8697 0.1709
169.8657 52.8639 0.1740
169.8939 52.8582 0.1773
169.9220 52.8525 0.1803
169.9501 52.8467 0.1840
169.9782 52.8410 0.1873
168.8001 53.0941 0.0246
168.8285 53.0887 0.0273
168.8569 53.0832 0.0312
168.8853 53.0777 0.0352
168.9137 53.0722 0.0386
168.9421 53.0667 0.0410
168.9705 53.0611 0.0428
168.9989 53.0556 0.0438
169.0273 53.0501 0.0451
169.0556 53.0445 0.0475
169.0840 53.0390 0.0509
169.1124 53.0334 0.0556
169.1407 53.0279 0.0610
169.1691 53.0223 0.0672
169.1974 53.0167 0.0743
169.2257 53.0112 0.0824
169.2540 53.0056 0.0910
169.2824 53.0000 0.0997
169.3107 52.9944 0.1081
169.3390 52.9888 0.1155
169.3672 52.9832 0.1226
169.3955 52.9775 0.1294
169.4238 52.9719 0.1342
169.4521 52.9663 0.1381
169.4803 52.9606 0.1415
169.5086 52.9550 0.1444
169.7625 52.9039 0.1579
169.7907 52.8982 0.1620
169.8189 52.8924 0.1661
169.8470 52.8867 0.1695
169.8752 52.8810 0.1729
169.9034 52.8752 0.1762
169.9315 52.8695 0.1792
169.9596 52.8637 0.1827
169.9878 52.8580 0.1859
168.8092 53.1113 0.0198
168.8376 53.1058 0.0231
168.8660 53.1003 0.0267
168.8945 53.0948 0.0309
168.9229 53.0893 0.0344
168.9513 53.0838 0.0375
168.9797 53.0782 0.0395
169.0081 53.0727 0.0411
169.0365 53.0672 0.0427
169.0649 53.0616 0.0452
169.0932 53.0561 0.0489
169.1216 53.0505 0.0542
169.1500 53.0450 0.0603
169.1783 53.0394 0.0673
169.2066 53.0338 0.0745
169.2350 53.0282 0.0827
169.2633 53.0227 0.0914
169.2916 53.0171 0.1001
169.3200 53.0115 0.1079
169.3483 53.0059 0.1149
169.3766 53.0002 0.1211
169.4049 52.9946 0.1269
169.4331 52.9890 0.1308
169.4614 52.9833 0.1341
169.4897 52.9777 0.1369
169.5179 52.9721 0.1396
169.6592 52.9437 0.1410
169.7720 52.9209 0.1549
169.8002 52.9152 0.1597
169.8284 52.9095 0.1642
169.8565 52.9037 0.1682
169.8847 52.8980 0.1719
169.9129 52.8923 0.1753
169.9410 52.8865 0.1784
169.9692 52.8807 0.1817
169.9973 52.8750 0.1843
168.8183 53.1284 0.0140
168.8468 53.1229 0.0173
168.8752 53.1174 0.0207
168.9036 53.1119 0.0245
168.9321 53.1064 0.0284
168.9605 53.1009 0.0321
168.9889 53.0954 0.0348
169.0173 53.0898 0.0369
169.0457 53.0843 0.0391
169.0741 53.0787 0.0420
169.1025 53.0732 0.0463
169.1308 53.0676 0.0523
169.1592 53.0621 0.0591
169.1876 53.0565 0.0667
169.2159 53.0509 0.0745
169.2443 53.0453 0.0824
169.2726 53.0397 0.0910
169.3009 53.0341 0.0995
169.3293 53.0285 0.1074
169.3576 53.0229 0.1137
169.3859 53.0173 0.1192
169.4142 53.0117 0.1234
169.4425 53.0061 0.1266
169.4708 53.0004 0.1289
169.4990 52.9948 0.1315
169.5273 52.9891 0.1344
169.7814 52.9379 0.1529
169.8096 52.9322 0.1579
169.8378 52.9265 0.1628
169.8660 52.9208 0.1671
169.8942 52.9150 0.1712
169.9224 52.9093 0.1748
169.9505 52.9035 0.1778
169.9787 52.8978 0.1807
168.8274 53.1455 0.0087
168.8559 53.1400 0.0110
168.8844 53.1345 0.0138
168.9128 53.1290 0.0175
168.9412 53.1235 0.0214
168.9697 53.1180 0.0256
168.9981 53.1125 0.0291
169.0265 53.1069 0.0316
169.0549 53.1014 0.0345
169.0833 53.0959 0.0379
169.1117 53.0903 0.0428
169.1401 53.0847 0.0498
169.1685 53.0792 0.0575
169.1968 53.0736 0.0660
169.2252 53.0680 0.0741
169.2535 53.0624 0.0826
169.2819 53.0568 0.0909
169.3102 53.0512 0.0993
169.3386 53.0456 0.1065
169.3669 53.0400 0.1121
169.3952 53.0344 0.1167
169.4235 53.0288 0.1201
169.4518 53.0231 0.1224
169.4801 53.0175 0.1244
169.5084 53.0118 0.1262
169.5367 53.0062 0.1282
169.7909 52.9550 0.1520
169.8191 52.9493 0.1568
169.8473 52.9435 0.1617
169.8755 52.9378 0.1662
169.9037 52.9320 0.1701
169.9319 52.9263 0.1739
169.9600 52.9205 0.1771
169.9882 52.9148 0.1797
168.8366 53.1627 0.0041
168.8651 53.1572 0.0050
168.8935 53.1517 0.0069
168.9220 53.1462 0.0102
168.9504 53.1406 0.0140
168.9789 53.1351 0.0186
169.0073 53.1296 0.0225
169.0357 53.1241 0.0255
169.0641 53.1185 0.0292
169.0925 53.1130 0.0335
169.1209 53.1074 0.0395
169.1493 53.1018 0.0471
169.1777 53.0963 0.0558
169.2061 53.0907 0.0650
169.2345 53.0851 0.0739
169.2628 53.0795 0.0825
169.2912 53.0739 0.0910
169.3195 53.0683 0.0987
169.3479 53.0627 0.1055
169.3762 53.0571 0.1106
169.4046 53.0515 0.1144
169.4329 53.0458 0.1168
169.4612 53.0402 0.1186
169.4895 53.0345 0.1201
169.5178 53.0289 0.1216
169.5461 53.0232 0.1236
169.6874 52.9948 0.1380
169.8004 52.9720 0.1511
169.8286 52.9663 0.1558
169.8568 52.9606 0.1610
169.8850 52.9548 0.1655
169.9132 52.9491 0.1693
169.9414 52.9433 0.1729
169.9696 52.9376 0.1761
169.9977 52.9318 0.1787
168.8457 53.1798 -0.0013
168.8742 53.1743 -0.0006
168.9027 53.1688 0.0015
168.9312 53.1633 0.0042
168.9596 53.1578 0.0076
168.9881 53.1522 0.0118
169.0165 53.1467 0.0158
169.0449 53.1412 0.0197
169.0734 53.1356 0.0242
169.1018 53.1301 0.0295
169.1302 53.1245 0.0361
169.1586 53.1189 0.0447
169.1870 53.1134 0.0543
169.2154 53.1078 0.0646
169.2438 53.1022 0.0740
169.2721 53.0966 0.0824
169.3005 53.0910 0.0907
169.3289 53.0854 0.0981
169.3572 53.0798 0.1039
169.3856 53.0742 0.1084
169.4139 53.0685 0.1115
169.4422 53.0629 0.1136
169.4706 53.0573 0.1151
169.4989 53.0516 0.1162
169.5272 53.0460 0.1176
169.5555 53.0403 0.1193
169.8099 52.9890 0.1506
169.8381 52.9833 0.1555
169.8663 52.9776 0.1602
169.8945 52.9718 0.1647
169.9227 52.9661 0.1683
169.9509 52.9603 0.1720
169.9791 52.9546 0.1754
168.8549 53.1969 -0.0055
168.8834 53.1914 -0.0051
168.9119 53.1859 -0.0034
168.9403 53.1804 -0.0010
168.9688 53.1749 0.0020
168.9973 53.1693 0.0057
169.0257 53.1638 0.0099
169.0542 53.1583 0.0142
169.0826 53.1527 0.0199
169.1110 53.1472 0.0261
169.1395 53.1416 0.0335
169.1679 53.1360 0.0427
169.1963 53.1305 0.0532
169.2247 53.1249 0.0639
169.2531 53.1193 0.0738
169.2815 53.1137 0.0824
169.3098 53.1081 0.0901
169.3382 53.1025 0.0965
169.3666 53.0969 0.1022
169.3949 53.0912 0.1064
169.4233 53.0856 0.1091
169.4516 53.0800 0.1111
169.4799 53.0743 0.1124
169.5083 53.0687 0.1136
169.5366 53.0630 0.1150
169.5649 53.0574 0.1171
169.8194 53.0061 0.1507
169.8476 53.0003 0.1552
169.8758 52.9946 0.1594
169.9040 52.9889 0.1636
169.9323 52.9831 0.1675
169.9605 52.9774 0.1713
169.9887 52.9716 0.1747
168.8641 53.2140 -0.0085
168.8926 53.2085 -0.0081
168.9211 53.2030 -0.0066
168.9495 53.1975 -0.0049
168.9780 53.1920 -0.0025
169.0065 53.1865 0.0007
169.0350 53.1809 0.0049
169.0634 53.1754 0.0103
169.0919 53.1698 0.0170
169.1203 53.1643 0.0241
169.1487 53.1587 0.0324
169.1771 53.1531 0.0422
169.2056 53.1476 0.0530
169.2340 53.1420 0.0640
169.2624 53.1364 0.0738
169.2908 53.1308 0.0822
169.3192 53.1252 0.0890
169.3475 53.1196 0.0953
169.3759 53.1139 0.1002
169.4043 53.1083 0.1040
169.4326 53.1027 0.1066
169.4610 53.0970 0.1088
169.4893 53.0914 0.1103
169.5177 53.0857 0.1116
169.5460 53.0801 0.1131
169.5743 53.0744 0.1152
169.8289 53.0231 0.1516
169.8571 53.0174 0.1556
169.8853 53.0116 0.1588
169.9136 53.0059 0.1626
169.9418 53.0001 0.1666
169.9700 52.9944 0.1705
169.9982 52.9886 0.1745
168.8733 53.2312 -0.0118
168.9018 53.2257 -0.0105
168.9303 53.2202 -0.0089
168.9588 53.2146 -0.0076
168.9872 53.2091 -0.0058
169.0157 53.2036 -0.0027
169.0442 53.1980 0.0018
169.0727 53.1925 0.0080
169.1011 53.1869 0.0156
169.1296 53.1814 0.0237
169.1580 53.1758 0.0328
169.1864 53.1702 0.0427
169.2149 53.1646 0.0536
169.2433 53.1591 0.0642
169.2717 53.1535 0.0738
169.3001 53.1479 0.0814
169.3285 53.1422 0.0879
169.3569 53.1366 0.0928
169.3853 53.1310 0.0978
169.4136 53.1254 0.1016
169.4420 53.1197 0.1041
169.4704 53.1141 0.1063
169.4987 53.1085 0.1082
169.5271 53.1028 0.1102
169.5554 53.0971 0.1122
169.5837 53.0915 0.1143
169.7253 53.0630 0.1350
169.8384 53.0401 0.1522
169.8666 53.0344 0.1549
169.8949 53.0287 0.1578
169.9231 53.0229 0.1606
169.9513 53.0172 0.1646
169.9796 53.0114 0.1693
168.8824 53.2483 -0.0136
168.9110 53.2428 -0.0130
168.9395 53.2373 -0.0114
168.9680 53.2317 -0.0099
168.9965 53.2262 -0.0082
169.0250 53.2207 -0.0050
169.0534 53.2151 0.0005
169.0819 53.2096 0.0077
169.1104 53.2040 0.0163
169.1388 53.1985 0.0254
169.1673 53.1929 0.0349
169.1957 53.1873 0.0448
169.2242 53.1817 0.0554
169.2526 53.1761 0.0657
169.2810 53.1705 0.0740
169.3094 53.1649 0.0811
169.3378 53.1593 0.0865
169.3662 53.1537 0.0909
169.3946 53.1481 0.0953
169.4230 53.1425 0.0990
169.4514 53.1368 0.1015
169.4798 53.1312 0.1039
169.5081 53.1255 0.1063
169.5365 53.1199 0.1089
169.5648 53.1142 0.1116
169.5932 53.1085 0.1136
169.8479 53.0572 0.1525
169.8762 53.0514 0.1545
169.9044 53.0457 0.1560
169.9327 53.0399 0.1581
169.9609 53.0342 0.1619
169.9891 53.0284 0.1671
168.8916 53.2654 -0.0146
168.9202 53.2599 -0.0146
168.9487 53.2544 -0.0131
168.9772 53.2489 -0.0113
169.0057 53.2433 -0.0090
169.0342 53.2378 -0.0051
169.0627 53.2322 0.0013
169.0912 53.2267 0.0093
169.1197 53.2211 0.0188
169.1481 53.2156 0.0286
169.1766 53.2100 0.0382
169.2050 53.2044 0.0482
169.2335 53.1988 0.0583
169.2619 53.1932 0.0674
169.2904 53.1876 0.0747
169.3188 53.1820 0.0803
169.3472 53.1764 0.0848
169.3756 53.1708 0.0882
169.4040 53.1652 0.0921
169.4324 53.1595 0.0959
169.4608 53.1539 0.0991
169.4892 53.1482 0.1020
169.5175 53.1426 0.1047
169.5459 53.1369 0.1078
169.5743 53.1313 0.1113
169.6026 53.1256 0.1140
169.8574 53.0742 0.1538
169.8857 53.0685 0.1554
169.9140 53.0627 0.1557
169.9422 53.0569 0.1569
169.9705 53.0512 0.1601
169.9987 53.0454 0.1653
168.9008 53.2825 -0.0154
168.9294 53.2770 -0.0156
168.9579 53.2715 -0.0141
168.9864 53.2660 -0.0117
169.0149 53.2604 -0.0082
169.0435 53.2549 -0.0032
169.0720 53.2494 0.0042
169.1005 53.2438 0.0130
169.1289 53.2382 0.0226
169.1574 53.2327 0.0327
169.1859 53.2271 0.0424
169.2143 53.2215 0.0521
169.2428 53.2159 0.0612
169.2713 53.2103 0.0693
169.2997 53.2047 0.0755
169.3281 53.1991 0.0801
169.3566 53.1935 0.0836
169.3850 53.1879 0.0862
169.4134 53.1822 0.0897
169.4418 53.1766 0.0934
169.4702 53.1709 0.0969
169.4986 53.1653 0.1004
169.5270 53.1596 0.1035
169.5553 53.1540 0.1072
169.5837 53.1483 0.1110
169.6121 53.1426 0.1142
169.8670 53.0912 0.1560
169.8952 53.0855 0.1575
169.9235 53.0797 0.1575
169.9518 53.0740 0.1576
169.9800 53.0682 0.1592
168.9101 53.2997 -0.0166
168.9386 53.2941 -0.0163
168.9671 53.2886 -0.0139
168.9957 53.2831 -0.0103
169.0242 53.2776 -0.0055
169.0527 53.2720 0.0009
169.0812 53.2665 0.0091
169.1097 53.2609 0.0178
169.1382 53.2553 0.0274
169.1667 53.2498 0.0373
169.1952 53.2442 0.0466
169.2237 53.2386 0.0557
169.2521 53.2330 0.0638
169.2806 53.2274 0.0704
169.3090 53.2218 0.0758
169.3375 53.2162 0.0796
169.3659 53.2106 0.0825
169.3944 53.2049 0.0848
169.4228 53.1993 0.0877
169.4512 53.1937 0.0912
169.4796 53.1880 0.0953
169.5080 53.1824 0.0994
169.5364 53.1767 0.1036
169.5648 53.1710 0.1076
169.5931 53.1654 0.1118
169.6215 53.1597 0.1157
169.8765 53.1082 0.1585
169.9048 53.1025 0.1610
169.9331 53.0967 0.1605
169.9614 53.0910 0.1597
169.9896 53.0852 0.1600
168.9193 53.3168 -0.0174
168.9478 53.3113 -0.0164
168.9764 53.3057 -0.0132
169.0049 53.3002 -0.0082
169.0335 53.2947 -0.0018
169.0620 53.2891 0.0058
169.0905 53.2836 0.0144
169.1190 53.2780 0.0233
169.1475 53.2724 0.0325
169.1760 53.2669 0.0415
169.2045 53.2613 0.0500
169.2330 53.2557 0.0582
169.2615 53.2501 0.0654
169.2899 53.2445 0.0712
169.3184 53.2389 0.0760
169.3469 53.2333 0.0793
169.3753 53.2276 0.0821
169.4037 53.2220 0.0840
169.4322 53.2164 0.0864
169.4606 53.2107 0.0899
169.4890 53.2051 0.0940
169.5174 53.1994 0.0988
169.5458 53.1938 0.1036
169.5742 53.1881 0.1082
169.6026 53.1824 0.1129
169.6310 53.1767 0.1172
169.8860 53.1253 0.1593
169.9144 53.1195 0.1623
169.9426 53.1138 0.1626
169.9709 53.1080 0.1615
169.9992 53.1022 0.1602
168.9285 53.3339 -0.0168
168.9571 53.3284 -0.0153
168.9856 53.3229 -0.0114
169.0142 53.3173 -0.0054
169.0427 53.3118 0.0020
169.0713 53.3062 0.0102
169.0998 53.3007 0.0192
169.1283 53.2951 0.0279
169.1568 53.2895 0.0367
169.1853 53.2839 0.0450
169.2138 53.2784 0.0525
169.2423 53.2728 0.0598
169.2708 53.2672 0.0660
169.2993 53.2616 0.0713
169.3278 53.2560 0.0757
169.3562 53.2503 0.0788
169.3847 53.2447 0.0812
169.4131 53.2391 0.0830
169.4416 53.2334 0.0852
169.4700 53.2278 0.0888
169.4984 53.2221 0.0932
169.5269 53.2165 0.0983
169.5553 53.2108 0.1042
169.5837 53.2051 0.1093
169.6121 53.1995 0.1147
169.6405 53.1938 0.1193
169.8956 53.1423 0.1582
169.9239 53.1365 0.1611
169.9522 53.1308 0.1623
169.9805 53.1250 0.1613
168.9377 53.3510 -0.0149
168.9663 53.3455 -0.0130
168.9949 53.3400 -0.0083
169.0235 53.3344 -0.0019
169.0520 53.3289 0.0058
169.0806 53.3233 0.0142
169.1091 53.3178 0.0233
169.1376 53.3122 0.0319
169.1662 53.3066 0.0400
169.1947 53.3010 0.0475
169.2232 53.2955 0.0543
169.2517 53.2899 0.0607
169.2802 53.2843 0.0664
169.3087 53.2787 0.0711
169.3371 53.2730 0.0755
169.3656 53.2674 0.0782
169.3941 53.2618 0.0801
169.4225 53.2562 0.0816
169.4510 53.2505 0.0836
169.4794 53.2449 0.0880
169.5079 53.2392 0.0934
169.5363 53.2335 0.0990
169.5647 53.2279 0.1054
169.5931 53.2222 0.1110
169.6215 53.2165 0.1170
169.6499 53.2108 0.1225
169.7918 53.1823 0.1550
169.9052 53.1593 0.1567
169.9335 53.1536 0.1591
169.9618 53.1478 0.1600
169.9901 53.1420 0.1595
168.9470 53.3681 -0.0117
168.9756 53.3626 -0.0096
169.0042 53.3571 -0.0048
169.0327 53.3515 0.0015
169.0613 53.3460 0.0091
169.0899 53.3404 0.0175
169.1184 53.3349 0.0268
169.1469 53.3293 0.0354
169.1755 53.3237 0.0429
169.2040 53.3181 0.0495
169.2325 53.3125 0.0554
169.2610 53.3069 0.0611
169.2895 53.3013 0.0664
169.3180 53.2957 0.0712
169.3465 53.2901 0.0751
169.3750 53.2845 0.0776
169.4035 53.2789 0.0787
169.4320 53.2732 0.0798
169.4604 53.2676 0.0822
169.4889 53.2619 0.0879
169.5173 53.2563 0.0942
169.5458 53.2506 0.1008
169.5742 53.2449 0.1074
169.6026 53.2393 0.1140
169.6310 53.2336 0.1204
169.6594 53.2279 0.1266
169.9148 53.1763 0.1558
169.9431 53.1706 0.1563
169.9714 53.1648 0.1567
169.9997 53.1590 0.1563
168.9562 53.3853 -0.0085
168.9848 53.3797 -0.0059
169.0134 53.3742 -0.0010
169.0420 53.3686 0.0053
169.0706 53.3631 0.0128
169.0992 53.3575 0.0212
169.1277 53.3520 0.0303
169.1563 53.3464 0.0383
169.1848 53.3408 0.0452
169.2134 53.3352 0.0508
169.2419 53.3296 0.0558
169.2704 53.3240 0.0609
169.2989 53.3184 0.0659
169.3274 53.3128 0.0707
169.3559 53.3072 0.0742
169.3844 53.3016 0.0766
169.4129 53.2959 0.0770
169.4414 53.2903 0.0779
169.4699 53.2846 0.0816
169.4983 53.2790 0.0882
169.5268 53.2733 0.0961
169.5552 53.2677 0.1038
169.5837 53.2620 0.1115
169.6121 53.2563 0.1186
169.6405 53.2506 0.1257
169.6689 53.2449 0.1325
169.9243 53.1934 0.1559
169.9527 53.1876 0.1560
169.9810 53.1818 0.1558
168.9655 53.4024 -0.0049
168.9941 53.3968 -0.0017
169.0227 53.3913 0.0035
169.0513 53.3858 0.0099
169.0799 53.3802 0.0172
169.1085 53.3746 0.0254
169.1370 53.3691 0.0339
169.1656 53.3635 0.0411
169.1942 53.3579 0.0471
169.2227 53.3523 0.0516
169.2512 53.3467 0.0557
169.2798 53.3411 0.0598
169.3083 53.3355 0.0639
169.3368 53.3299 0.0685
169.3653 53.3243 0.0723
169.3938 53.3186 0.0745
169.4223 53.3130 0.0754
169.4508 53.3074 0.0777
169.4793 53.3017 0.0826
169.5078 53.2961 0.0909
169.5362 53.2904 0.1004
169.5647 53.2847 0.1094
169.5931 53.2790 0.1177
169.6216 53.2734 0.1254
169.6500 53.2677 0.1333
169.6784 53.2620 0.1399
169.8205 53.2334 0.1750
169.9339 53.2104 0.1591
169.9623 53.2046 0.1590
169.9906 53.1988 0.1593
168.9748 53.4195 -0.0009
169.0034 53.4140 0.0031
169.0320 53.4084 0.0088
169.0606 53.4029 0.0154
169.0892 53.3973 0.0225
169.1178 53.3917 0.0299
169.1464 53.3862 0.0372
169.1749 53.3806 0.0432
169.2035 53.3750 0.0480
169.2321 53.3694 0.0516
169.2606 53.3638 0.0543
169.2892 53.3582 0.0571
169.3177 53.3526 0.0603
169.3462 53.3470 0.0646
169.3747 53.3413 0.0687
169.4032 53.3357 0.0720
169.4318 53.3301 0.0749
169.4603 53.3244 0.0792
169.4887 53.3188 0.0863
169.5172 53.3131 0.0962
169.5457 53.3074 0.1072
169.5742 53.3018 0.1170
169.6026 53.2961 0.1263
169.6311 53.2904 0.1345
169.6595 53.2847 0.1426
169.6880 53.2790 0.1489
169.9435 53.2274 0.1652
169.9719 53.2216 0.1656
168.9841 53.4366 0.0031
169.0127 53.4311 0.0077
169.0413 53.4255 0.0140
169.0699 53.4200 0.0210
169.0985 53.4144 0.0282
169.1271 53.4088 0.0348
169.1557 53.4033 0.0407
169.1843 53.3977 0.0451
169.2129 53.3921 0.0483
169.2414 53.3865 0.0501
169.2700 53.3809 0.0513
169.2985 53.3753 0.0531
169.3271 53.3697 0.0558
169.3556 53.3641 0.0601
169.3842 53.3584 0.0652
169.4127 53.3528 0.0703
169.4412 53.3471 0.0755
169.4697 53.3415 0.0823
169.4982 53.3358 0.0916
169.5267 53.3302 0.1033
169.5552 53.3245 0.1152
169.5837 53.3188 0.1257
169.6121 53.3131 0.1359
169.6406 53.3075 0.1445
169.6690 53.3018 0.1526
169.6975 53.2961 0.1585
169.9532 53.2444 0.1723
169.9815 53.2386 0.1725
168.9934 53.4537 0.0067
169.0220 53.4482 0.0123
169.0506 53.4426 0.0190
169.0792 53.4371 0.0262
169.1079 53.4315 0.0331
169.1365 53.4259 0.0388
169.1651 53.4204 0.0435
169.1936 53.4148 0.0462
169.2222 53.4092 0.0472
169.2508 53.4036 0.0476
169.2794 53.3980 0.0475
169.3079 53.3924 0.0489
169.3365 53.3868 0.0514
169.3650 53.3811 0.0564
169.3936 53.3755 0.0631
169.4221 53.3699 0.0702
169.4506 53.3642 0.0781
169.4792 53.3586 0.0871
169.5077 53.3529 0.0990
169.5362 53.3472 0.1117
169.5647 53.3416 0.1238
169.5931 53.3359 0.1351
169.6216 53.3302 0.1459
169.6501 53.3245 0.1543
169.6786 53.3188 0.1618
169.7070 53.3131 0.1676
169.9628 53.2614 0.1770
169.9912 53.2557 0.1771
169.0026 53.4708 0.0104
169.0313 53.4653 0.0161
169.0599 53.4597 0.0233
169.0886 53.4542 0.0303
169.1172 53.4486 0.0364
169.1458 53.4430 0.0405
169.1744 53.4375 0.0432
169.2030 53.4319 0.0434
169.2316 53.4263 0.0432
169.2602 53.4207 0.0426
169.2888 53.4151 0.0428
169.3173 53.4095 0.0444
169.3459 53.4038 0.0482
169.3745 53.3982 0.0550
169.4030 53.3926 0.0633
169.4316 53.3869 0.0726
169.4601 53.3813 0.0828
169.4886 53.3756 0.0945
169.5171 53.3700 0.1073
169.5456 53.3643 0.1207
169.5742 53.3586 0.1334
169.6026 53.3529 0.1455
169.6311 53.3472 0.1561
169.6596 53.3416 0.1642
169.6881 53.3358 0.1712
169.7166 53.3301 0.1761
169.8588 53.3015 0.1930
169.9724 53.2784 0.1789
169.0120 53.4879 0.0147
169.0406 53.4824 0.0200
169.0693 53.4768 0.0265
169.0979 53.4713 0.0324
169.1265 53.4657 0.0366
169.1552 53.4601 0.0387
169.1838 53.4545 0.0390
169.2124 53.4490 0.0371
169.2410 53.4434 0.0357
169.2696 53.4378 0.0356
169.2982 53.4322 0.0369
169.3268 53.4265 0.0403
169.3553 53.4209 0.0466
169.3839 53.4153 0.0555
169.4125 53.4096 0.0657
169.4410 53.4040 0.0768
169.4696 53.3983 0.0892
169.4981 53.3927 0.1023
169.5266 53.3870 0.1163
169.5551 53.3814 0.1298
169.5837 53.3757 0.1425
169.6122 53.3700 0.1547
169.6407 53.3643 0.1653
169.6692 53.3586 0.1732
169.6976 53.3529 0.1792
169.7261 53.3472 0.1833
169.9820 53.2955 0.1773
169.0213 53.5051 0.0187
169.0499 53.4995 0.0239
169.0786 53.4939 0.0288
169.1072 53.4884 0.0325
169.1359 53.4828 0.0342
169.1645 53.4772 0.0338
169.1932 53.4716 0.0315
169.2218 53.4661 0.0281
169.2504 53.4605 0.0264
169.2790 53.4548 0.0275
169.3076 53.4492 0.0310
169.3362 53.4436 0.0374
169.3648 53.4380 0.0469
169.3933 53.4324 0.0581
169.4219 53.4267 0.0697
169.4505 53.4211 0.0830
169.4790 53.4154 0.0962
169.5076 53.4098 0.1101
169.5361 53.4041 0.1244
169.5646 53.3984 0.1378
169.5932 53.3927 0.1508
169.6217 53.3870 0.1629
169.6502 53.3813 0.1733
169.6787 53.3756 0.1810
169.7072 53.3699 0.1859
169.7357 53.3642 0.1888
169.9917 53.3125 0.1740
169.0306 53.5222 0.0228
169.0593 53.5166 0.0266
169.0879 53.5110 0.0295
169.1166 53.5055 0.0310
169.1453 53.4999 0.0305
169.1739 53.4943 0.0274
169.2025 53.4887 0.0230
169.2312 53.4831 0.0188
169.2598 53.4775 0.0177
169.2884 53.4719 0.0204
169.3170 53.4663 0.0264
169.3456 53.4607 0.0359
169.3742 53.4551 0.0481
169.4028 53.4494 0.0612
169.4314 53.4438 0.0753
169.4599 53.4381 0.0893
169.4885 53.4325 0.1036
169.5171 53.4268 0.1178
169.5456 53.4211 0.1316
169.5742 53.4155 0.1446
169.6027 53.4098 0.1570
169.6312 53.4041 0.1687
169.6597 53.3984 0.1784
169.6882 53.3927 0.1859
169.7167 53.3870 0.1906
169.7452 53.3813 0.1923
169.0399 53.5393 0.0263
169.0686 53.5337 0.0289
169.0973 53.5281 0.0303
169.1260 53.5226 0.0298
169.1546 53.5170 0.0273
169.1833 53.5114 0.0223
169.2119 53.5058 0.0171
169.2406 53.5002 0.0128
169.2692 53.4946 0.0126
169.2978 53.4890 0.0163
169.3264 53.4834 0.0244
169.3551 53.4778 0.0361
169.3837 53.4721 0.0501
169.4123 53.4665 0.0647
169.4408 53.4609 0.0802
169.4694 53.4552 0.0954
169.4980 53.4495 0.1104
169.5266 53.4439 0.1243
169.5551 53.4382 0.1374
169.5837 53.4325 0.1498
169.6122 53.4268 0.1610
169.6408 53.4211 0.1716
169.6693 53.4154 0.1807
169.6978 53.4097 0.1876
169.7263 53.4040 0.1920
169.7548 53.3983 0.1931
169.8972 53.3696 0.1650
169.0493 53.5564 0.0294
169.0780 53.5508 0.0300
169.1066 53.5453 0.0297
169.1353 53.5397 0.0277
169.1640 53.5341 0.0241
169.1927 53.5285 0.0192
169.2213 53.5229 0.0143
169.2500 53.5173 0.0110
169.2786 53.5117 0.0114
169.3073 53.5061 0.0159
169.3359 53.5005 0.0244
169.3645 53.4948 0.0374
169.3931 53.4892 0.0515
169.4217 53.4836 0.0674
169.4503 53.4779 0.0844
169.4789 53.4723 0.1012
169.5075 53.4666 0.1166
169.5361 53.4609 0.1299
169.5646 53.4553 0.1420
169.5932 53.4496 0.1530
169.6218 53.4439 0.1627
169.6503 53.4382 0.1721
169.6788 53.4325 0.1801
169.7074 53.4268 0.1861
169.7359 53.4211 0.1899
169.7644 53.4153 0.1909
169.0586 53.5735 0.0329
169.0873 53.5679 0.0315
169.1160 53.5624 0.0296
169.1447 53.5568 0.0264
169.1734 53.5512 0.0222
169.2021 53.5456 0.0178
169.2307 53.5400 0.0136
169.2594 53.5344 0.0114
169.2880 53.5288 0.0123
169.3167 53.5232 0.0170
169.3453 53.5176 0.0254
169.3740 53.5119 0.0385
169.4026 53.5063 0.0533
169.4312 53.5006 0.0705
169.4598 53.4950 0.0891
169.4884 53.4893 0.1067
169.5170 53.4837 0.1223
169.5456 53.4780 0.1346
169.5742 53.4723 0.1458
169.6027 53.4666 0.1552
169.6313 53.4609 0.1638
169.6599 53.4552 0.1721
169.6884 53.4495 0.1785
169.7169 53.4438 0.1830
169.7455 53.4381 0.1856
169.7740 53.4324 0.1862
169.0680 53.5906 0.0369
169.0967 53.5850 0.0333
169.1254 53.5795 0.0304
169.1541 53.5739 0.0262
169.1828 53.5683 0.0215
169.2115 53.5627 0.0170
169.2401 53.5571 0.0141
169.2688 53.5515 0.0131
169.2975 53.5459 0.0147
169.3261 53.5403 0.0195
169.3548 53.5346 0.0276
169.3834 53.5290 0.0411
169.4121 53.5234 0.0568
169.4407 53.5177 0.0750
169.4693 53.5121 0.0945
169.4979 53.5064 0.1129
169.5265 53.5007 0.1275
169.5551 53.4950 0.1393
169.5837 53.4894 0.1492
169.6123 53.4837 0.1577
169.6409 53.4780 0.1653
169.6694 53.4723 0.1717
169.6980 53.4666 0.1761
169.7265 53.4609 0.1785
169.7551 53.4551 0.1799
169.7836 53.4494 0.1803
169.9262 53.4207 0.1470
169.0773 53.6077 0.0418
169.1061 53.6021 0.0373
169.1348 53.5966 0.0332
169.1635 53.5910 0.0275
169.1922 53.5854 0.0224
169.2209 53.5798 0.0174
169.2496 53.5742 0.0153
169.2783 53.5686 0.0155
169.3069 53.5630 0.0185
169.3356 53.5573 0.0236
169.3643 53.5517 0.0323
169.3929 53.5461 0.0455
169.4215 53.5404 0.0623
169.4502 53.5348 0.0821
169.4788 53.5291 0.1014
169.5074 53.5235 0.1185
169.5360 53.5178 0.1321
169.5647 53.5121 0.1426
169.5932 53.5064 0.1514
169.6218 53.5007 0.1592
169.6504 53.4950 0.1655
169.6790 53.4893 0.1701
169.7076 53.4836 0.1719
169.7361 53.4779 0.1721
169.7647 53.4722 0.1727
169.7932 53.4664 0.1728
169.0867 53.6248 0.0468
169.1154 53.6192 0.0421
169.1442 53.6136 0.0372
169.1729 53.6081 0.0315
169.2016 53.6025 0.0251
169.2303 53.5969 0.0199
169.2590 53.5913 0.0181
169.2877 53.5857 0.0196
169.3164 53.5800 0.0241
169.3451 53.5744 0.0304
169.3737 53.5688 0.0397
169.4024 53.5631 0.0530
169.4310 53.5575 0.0708
169.4597 53.5518 0.0900
169.4883 53.5462 0.1095
169.5170 53.5405 0.1246
169.5456 53.5348 0.1362
169.5742 53.5292 0.1458
169.6028 53.5235 0.1531
169.6314 53.5178 0.1597
169.6600 53.5121 0.1641
169.6886 53.5064 0.1663
169.7172 53.5007 0.1662
169.7457 53.4949 0.1649
169.7743 53.4892 0.1647
169.8028 53.4835 0.1655
169.0961 53.6419 0.0549
169.1248 53.6363 0.0491
169.1536 53.6307 0.0447
169.1823 53.6252 0.0384
169.2110 53.6196 0.0320
169.2397 53.6140 0.0251
169.2684 53.6084 0.0236
169.2971 53.6027 0.0259
169.3258 53.5971 0.0315
169.3545 53.5915 0.0394
169.3832 53.5859 0.0491
169.4119 53.5802 0.0629
169.4405 53.5746 0.0801
169.4692 53.5689 0.0997
169.4978 53.5632 0.1174
169.5265 53.5576 0.1303
169.5551 53.5519 0.1403
169.5837 53.5462 0.1479
169.6124 53.5405 0.1540
169.6410 53.5348 0.1585
169.6696 53.5291 0.1609
169.6982 53.5234 0.1604
169.7268 53.5177 0.1588
169.7553 53.5120 0.1573
169.7839 53.5062 0.1576
169.8125 53.5005 0.1597
169.1055 53.6590 0.0674
169.1342 53.6534 0.0636
169.1630 53.6478 0.0565
169.1917 53.6423 0.0478
169.2205 53.6367 0.0396
169.2492 53.6311 0.0328
169.2779 53.6254 0.0320
169.3066 53.6198 0.0349
169.3353 53.6142 0.0414
169.3640 53.6086 0.0494
169.3927 53.6029 0.0590
169.4214 53.5973 0.0735
169.4501 53.5916 0.0903
169.4787 53.5860 0.1090
169.5074 53.5803 0.1239
169.5360 53.5746 0.1356
169.5647 53.5690 0.1433
169.5933 53.5633 0.1497
169.6219 53.5576 0.1541
169.6506 53.5519 0.1567
169.6792 53.5462 0.1564
169.7078 53.5405 0.1541
169.7364 53.5347 0.1517
169.7650 53.5290 0.1512
169.7935 53.5233 0.1537
169.8221 53.5175 0.1573
169.9649 53.4887 0.1930
169.1149 53.6761 0.0714
169.1436 53.6705 0.0684
169.1724 53.6649 0.0626
169.2011 53.6593 0.0544
169.2299 53.6537 0.0462
169.2586 53.6481 0.0413
169.2874 53.6425 0.0411
169.3161 53.6369 0.0448
169.3448 53.6313 0.0517
169.3735 53.6256 0.0603
169.4022 53.6200 0.0706
169.4309 53.6144 0.0851
169.4596 53.6087 0.1024
169.4882 53.6030 0.1187
169.5169 53.5974 0.1313
169.5456 53.5917 0.1401
169.5742 53.5860 0.1462
169.6029 53.5803 0.1507
169.6315 53.5746 0.1535
169.6601 53.5689 0.1542
169.6888 53.5632 0.1521
169.7174 53.5575 0.1485
169.7460 53.5518 0.1467
169.7746 53.5460 0.1484
169.8032 53.5403 0.1526
169.8318 53.5346 0.1577
169.1243 53.6932 0.0711
169.1531 53.6876 0.0673
169.1818 53.6820 0.0632
169.2106 53.6764 0.0562
169.2393 53.6708 0.0505
169.2681 53.6652 0.0477
169.2968 53.6596 0.0494
169.3256 53.6540 0.0546
169.3543 53.6484 0.0622
169.3830 53.6427 0.0710
169.4117 53.6371 0.0828
169.4404 53.6314 0.0980
169.4691 53.6258 0.1140
169.4978 53.6201 0.1286
169.5265 53.6144 0.1384
169.5551 53.6087 0.1452
169.5838 53.6031 0.1498
169.6124 53.5974 0.1532
169.6411 53.5917 0.1544
169.6697 53.5860 0.1532
169.6984 53.5803 0.1496
169.7270 53.5745 0.1466
169.7556 53.5688 0.1461
169.7842 53.5631 0.1489
169.8128 53.5573 0.1540
169.8414 53.5516 0.1589
169.1337 53.7103 0.0654
169.1625 53.7047 0.0627
169.1913 53.6991 0.0589
169.2200 53.6935 0.0538
169.2488 53.6879 0.0510
169.2776 53.6823 0.0513
169.3063 53.6767 0.0557
169.3350 53.6711 0.0626
169.3638 53.6654 0.0707
169.3925 53.6598 0.0806
169.4212 53.6541 0.0937
169.4499 53.6485 0.1090
169.4786 53.6428 0.1240
169.5073 53.6372 0.1365
169.5360 53.6315 0.1447
169.5647 53.6258 0.1499
169.5934 53.6201 0.1536
169.6220 53.6144 0.1560
169.6507 53.6087 0.1565
169.6793 53.6030 0.1544
169.7080 53.5973 0.1505
169.7366 53.5916 0.1481
169.7652 53.5858 0.1490
169.7939 53.5801 0.1521
169.8225 53.5744 0.1569
169.8511 53.5686 0.1610
169.9940 53.5398 0.1450
169.1431 53.7274 0.0562
169.1719 53.7218 0.0540
169.2007 53.7162 0.0519
169.2295 53.7106 0.0496
169.2583 53.7050 0.0498
169.2870 53.6994 0.0532
169.3158 53.6938 0.0601
169.3445 53.6881 0.0687
169.3733 53.6825 0.0781
169.4020 53.6769 0.0890
169.4307 53.6712 0.1023
169.4595 53.6656 0.1177
169.4882 53.6599 0.1309
169.5169 53.6542 0.1420
169.5456 53.6485 0.1492
169.5743 53.6429 0.1544
169.6030 53.6372 0.1581
169.6316 53.6315 0.1603
169.6603 53.6258 0.1599
169.6890 53.6201 0.1573
169.7176 53.6143 0.1543
169.7463 53.6086 0.1531
169.7749 53.6029 0.1547
169.8035 53.5971 0.1577
169.8321 53.5914 0.1612
169.8607 53.5856 0.1647
169.1526 53.7445 0.0466
169.1814 53.7389 0.0458
169.2102 53.7333 0.0453
169.2390 53.7277 0.0454
169.2677 53.7221 0.0484
169.2965 53.7165 0.0543
169.3253 53.7109 0.0631
169.3540 53.7052 0.0724
169.3828 53.6996 0.0826
169.4115 53.6939 0.0945
169.4403 53.6883 0.1080
169.4690 53.6826 0.1236
169.4977 53.6770 0.1361
169.5265 53.6713 0.1463
169.5552 53.6656 0.1538
169.5839 53.6599 0.1594
169.6125 53.6542 0.1640
169.6412 53.6485 0.1665
169.6699 53.6428 0.1661
169.6986 53.6371 0.1644
169.7272 53.6314 0.1617
169.7559 53.6256 0.1608
169.7845 53.6199 0.1624
169.8132 53.6142 0.1649
169.8418 53.6084 0.1677
169.8704 53.6027 0.1700
169.1620 53.7616 0.0426
169.1908 53.7560 0.0412
169.2196 53.7504 0.0418
169.2484 53.7448 0.0436
169.2772 53.7392 0.0484
169.3060 53.7336 0.0555
169.3348 53.7279 0.0649
169.3636 53.7223 0.0748
169.3923 53.7167 0.0849
169.4211 53.7110 0.0962
169.4498 53.7053 0.1102
169.4786 53.6997 0.1264
169.5073 53.6940 0.1385
169.5360 53.6883 0.1489
169.5647 53.6827 0.1575
169.5935 53.6770 0.1643
169.6222 53.6713 0.1697
169.6508 53.6656 0.1726
169.6795 53.6599 0.1724
169.7082 53.6541 0.1716
169.7369 53.6484 0.1700
169.7655 53.6427 0.1690
169.7942 53.6369 0.1698
169.8228 53.6312 0.1716
169.8515 53.6254 0.1733
169.8801 53.6197 0.1746
169.1714 53.7787 0.0434
169.2003 53.7731 0.0411
169.2291 53.7675 0.0417
169.2579 53.7619 0.0438
169.2867 53.7563 0.0487
169.3155 53.7506 0.0560
169.3443 53.7450 0.0650
169.3731 53.7394 0.0750
169.4019 53.7337 0.0859
169.4306 53.7281 0.0978
169.4594 53.7224 0.1132
169.4881 53.7167 0.1283
169.5169 53.7111 0.1413
169.5456 53.7054 0.1518
169.5743 53.6997 0.1607
169.6031 53.6940 0.1680
169.6318 53.6883 0.1742
169.6605 53.6826 0.1783
169.6892 53.6769 0.1791
169.7179 53.6712 0.1784
169.7465 53.6655 0.1763
169.7752 53.6597 0.1747
169.8039 53.6540 0.1745
169.8325 53.6482 0.1751
169.8612 53.6425 0.1762
169.8898 53.6367 0.1771
169.1809 53.7958 0.0445
169.2097 53.7902 0.0429
169.2386 53.7846 0.0435
169.2674 53.7790 0.0447
169.2962 53.7733 0.0484
169.3250 53.7677 0.0548
169.3538 53.7621 0.0635
169.3826 53.7564 0.0738
169.4114 53.7508 0.0856
169.4402 53.7451 0.0992
169.4689 53.7395 0.1140
169.4977 53.7338 0.1287
169.5265 53.7281 0.1424
169.5552 53.7225 0.1526
169.5839 53.7168 0.1608
169.6127 53.7111 0.1677
169.6414 53.7054 0.1745
169.6701 53.6997 0.1794
169.6988 53.6939 0.1819
169.7275 53.6882 0.1814
169.7562 53.6825 0.1793
169.7849 53.6767 0.1775
169.8136 53.6710 0.1765
169.8422 53.6653 0.1765
169.8709 53.6595 0.1773
169.8995 53.6537 0.1776
169.1904 53.8129 0.0468
169.2192 53.8073 0.0450
169.2481 53.8017 0.0444
169.2769 53.7960 0.0446
169.3057 53.7904 0.0471
169.3345 53.7848 0.0526
169.3633 53.7792 0.0612
169.3921 53.7735 0.0719
169.4209 53.7679 0.0839
169.4497 53.7622 0.0975
169.4785 53.7565 0.1119
169.5073 53.7509 0.1262
169.5360 53.7452 0.1391
169.5648 53.7395 0.1491
169.5935 53.7338 0.1564
169.6223 53.7281 0.1629
169.6510 53.7224 0.1693
169.6797 53.7167 0.1744
169.7085 53.7110 0.1773
169.7372 53.7053 0.1784
169.7659 53.6995 0.1778
169.7946 53.6938 0.1777
169.8232 53.6880 0.1777
169.8519 53.6823 0.1780
169.8806 53.6765 0.1784
169.9092 53.6708 0.1780
169.1998 53.8300 0.0490
169.2287 53.8244 0.0463
169.2576 53.8188 0.0442
169.2864 53.8131 0.0435
169.3152 53.8075 0.0448
169.3441 53.8019 0.0502
169.3729 53.7962 0.0585
169.4017 53.7906 0.0688
169.4305 53.7849 0.0804
169.4593 53.7793 0.0928
169.4881 53.7736 0.1049
169.5169 53.7679 0.1180
169.5456 53.7623 0.1308
169.5744 53.7566 0.1410
169.6032 53.7509 0.1485
169.6319 53.7452 0.1546
169.6607 53.7395 0.1604
169.6894 53.7337 0.1648
169.7181 53.7280 0.1682
169.7468 53.7223 0.1709
169.7755 53.7166 0.1731
169.8042 53.7108 0.1755
169.8329 53.7051 0.1777
169.8616 53.6993 0.1787
169.8903 53.6935 0.1785
169.9190 53.6878 0.1768
169.2093 53.8471 0.0519
169.2382 53.8414 0.0482
169.2671 53.8358 0.0449
169.2959 53.8302 0.0425
169.3248 53.8246 0.0440
169.3536 53.8190 0.0494
169.3824 53.8133 0.0571
169.4112 53.8077 0.0656
169.4401 53.8020 0.0754
169.4689 53.7963 0.0846
169.4977 53.7907 0.0934
169.5265 53.7850 0.1026
169.5552 53.7793 0.1149
169.5840 53.7736 0.1275
169.6128 53.7679 0.1367
169.6415 53.7622 0.1436
169.6703 53.7565 0.1491
169.6990 53.7508 0.1537
169.7278 53.7451 0.1581
169.7565 53.7393 0.1626
169.7852 53.7336 0.1671
169.8139 53.7278 0.1720
169.8426 53.7221 0.1762
169.8713 53.7163 0.1782
169.9000 53.7106 0.1777
169.9287 53.7048 0.1753
169.2188 53.8641 0.0551
169.2477 53.8585 0.0514
169.2766 53.8529 0.0470
169.3054 53.8473 0.0446
169.3343 53.8417 0.0461
169.3631 53.8360 0.0509
169.3920 53.8304 0.0573
169.4208 53.8247 0.0640
169.4496 53.8191 0.0700
169.4785 53.8134 0.0756
169.5073 53.8077 0.0821
169.5361 53.8021 0.0897
169.5649 53.7964 0.1001
169.5936 53.7907 0.1115
169.6224 53.7850 0.1226
169.6512 53.7793 0.1313
169.6800 53.7735 0.1380
169.7087 53.7678 0.1438
169.7375 53.7621 0.1496
169.7662 53.7564 0.1552
169.7949 53.7506 0.1610
169.8236 53.7449 0.1666
169.8524 53.7391 0.1709
169.8811 53.7334 0.1724
169.9098 53.7276 0.1720
169.9385 53.7218 0.1692
169.2283 53.8812 0.0626
169.2572 53.8756 0.0590
169.2861 53.8700 0.0541
169.3150 53.8644 0.0495
169.3438 53.8587 0.0512
169.3727 53.8531 0.0533
169.4015 53.8475 0.0572
169.4304 53.8418 0.0606
169.4592 53.8361 0.0635
169.4880 53.8305 0.0662
169.5169 53.8248 0.0694
169.5457 53.8191 0.0760
169.5745 53.8134 0.0845
169.6033 53.8077 0.0958
169.6321 53.8020 0.1074
169.6608 53.7963 0.1186
169.6896 53.7906 0.1274
169.7184 53.7849 0.1347
169.7471 53.7791 0.1416
169.7759 53.7734 0.1478
169.8046 53.7677 0.1535
169.8334 53.7619 0.1584
169.8621 53.7561 0.1619
169.8908 53.7504 0.1636
169.9195 53.7446 0.1637
169.9482 53.7388 0.1622
169.2378 53.8983 0.0684
169.2667 53.8927 0.0668
169.2956 53.8871 0.0633
169.3245 53.8815 0.0572
169.3534 53.8758 0.0537
169.3823 53.8702 0.0521
169.4111 53.8645 0.0530
169.4400 53.8589 0.0535
169.4688 53.8532 0.0544
169.4977 53.8475 0.0545
169.5265 53.8419 0.0567
169.5553 53.8362 0.0623
169.5841 53.8305 0.0717
169.6129 53.8248 0.0832
169.6417 53.8191 0.0961
169.6705 53.8134 0.1084
169.6993 53.8076 0.1185
169.7281 53.8019 0.1268
169.7568 53.7962 0.1340
169.7856 53.7904 0.1399
169.8143 53.7847 0.1449
169.8431 53.7789 0.1493
169.8718 53.7732 0.1528
169.9005 53.7674 0.1552
169.9293 53.7616 0.1562
169.9580 53.7558 0.1564
169.2474 53.9154 0.0704
169.2763 53.9098 0.0725
169.3052 53.9042 0.0719
169.3341 53.8985 0.0643
169.3630 53.8929 0.0556
169.3918 53.8872 0.0481
169.4207 53.8816 0.0455
169.4496 53.8759 0.0437
169.4784 53.8703 0.0436
169.5073 53.8646 0.0446
169.5361 53.8589 0.0477
169.5649 53.8532 0.0542
169.5938 53.8475 0.0634
169.6226 53.8418 0.0763
169.6514 53.8361 0.0892
169.6802 53.8304 0.1027
169.7090 53.8247 0.1135
169.7378 53.8189 0.1211
169.7665 53.8132 0.1280
169.7953 53.8075 0.1334
169.8241 53.8017 0.1376
169.8528 53.7960 0.1416
169.8816 53.7902 0.1449
169.9103 53.7844 0.1480
169.9390 53.7786 0.1506
169.9677 53.7729 0.1524
169.2569 53.9325 0.0735
169.2858 53.9269 0.0791
169.3147 53.9212 0.0801
169.3436 53.9156 0.0714
169.3725 53.9100 0.0577
169.4014 53.9043 0.0464
169.4303 53.8987 0.0419
169.4592 53.8930 0.0395
169.4880 53.8873 0.0393
169.5169 53.8817 0.0420
169.5457 53.8760 0.0464
169.5746 53.8703 0.0543
169.6034 53.8646 0.0646
169.6322 53.8589 0.0772
169.6611 53.8532 0.0901
169.6899 53.8474 0.1027
169.7187 53.8417 0.1123
169.7475 53.8360 0.1194
169.7762 53.8302 0.1251
169.8050 53.8245 0.1294
169.8338 53.8187 0.1330
169.8626 53.8130 0.1365
169.8913 53.8072 0.1397
169.9201 53.8014 0.1430
169.9488 53.7957 0.1461
169.9775 53.7899 0.1482
169.2664 53.9496 0.0703
169.2954 53.9440 0.0782
169.3243 53.9383 0.0802
169.3532 53.9327 0.0742
169.3821 53.9270 0.0609
169.4110 53.9214 0.0491
169.4399 53.9157 0.0440
169.4688 53.9101 0.0439
169.4976 53.9044 0.0452
169.5265 53.8987 0.0477
169.5554 53.8930 0.0532
169.5842 53.8873 0.0612
169.6131 53.8816 0.0712
169.6419 53.8759 0.0835
169.6707 53.8702 0.0950
169.6995 53.8645 0.1059
169.7284 53.8588 0.1141
169.7572 53.8530 0.1201
169.7860 53.8473 0.1251
169.8148 53.8415 0.1287
169.8435 53.8358 0.1315
169.8723 53.8300 0.1340
169.9011 53.8242 0.1363
169.9298 53.8185 0.1387
169.9586 53.8127 0.1413
169.9873 53.8069 0.1434
169.2760 53.9667 0.0665
169.3049 53.9610 0.0711
169.3338 53.9554 0.0761
169.3628 53.9498 0.0744
169.3917 53.9441 0.0639
169.4206 53.9385 0.0539
169.4495 53.9328 0.0508
169.4784 53.9271 0.0546
169.5073 53.9215 0.0583
169.5362 53.9158 0.0602
169.5650 53.9101 0.0650
169.5939 53.9044 0.0724
169.6227 53.8987 0.0810
169.6516 53.8930 0.0911
169.6804 53.8872 0.1013
169.7092 53.8815 0.1106
169.7381 53.8758 0.1176
169.7669 53.8701 0.1229
169.7957 53.8643 0.1269
169.8245 53.8586 0.1299
169.8533 53.8528 0.1315
169.8821 53.8470 0.1329
169.9108 53.8413 0.1337
169.9396 53.8355 0.1349
169.9684 53.8297 0.1364
169.9971 53.8239 0.1381
169.2855 53.9837 0.0511
169.3145 53.9781 0.0616
169.3434 53.9725 0.0719
169.3724 53.9668 0.0695
169.4013 53.9612 0.0629
169.4302 53.9555 0.0562
169.4591 53.9499 0.0559
169.4880 53.9442 0.0628
169.5169 53.9385 0.0699
169.5458 53.9328 0.0735
169.5747 53.9271 0.0785
169.6035 53.9214 0.0858
169.6324 53.9157 0.0933
169.6613 53.9100 0.1017
169.6901 53.9043 0.1094
169.7190 53.8986 0.1167
169.7478 53.8928 0.1225
169.7766 53.8871 0.1262
169.8054 53.8813 0.1300
169.8342 53.8756 0.1324
169.8630 53.8698 0.1334
169.8918 53.8641 0.1333
169.9206 53.8583 0.1325
169.9494 53.8525 0.1324
169.9782 53.8467 0.1333
169.2951 54.0008 0.0432
169.3241 53.9952 0.0520
169.3530 53.9896 0.0609
169.3820 53.9839 0.0627
169.4109 53.9783 0.0607
169.4398 53.9726 0.0587
169.4687 53.9669 0.0612
169.4977 53.9613 0.0713
169.5266 53.9556 0.0796
169.5555 53.9499 0.0859
169.5843 53.9442 0.0917
169.6132 53.9385 0.0986
169.6421 53.9328 0.1049
169.6710 53.9271 0.1118
169.6998 53.9213 0.1171
169.7287 53.9156 0.1226
169.7575 53.9099 0.1266
169.7863 53.9041 0.1298
169.8152 53.8984 0.1327
169.8440 53.8926 0.1352
169.8728 53.8868 0.1355
169.9016 53.8811 0.1345
169.9304 53.8753 0.1326
169.9592 53.8695 0.1315
169.9880 53.8637 0.1314
169.3047 54.0179 0.0391
169.3336 54.0123 0.0456
169.3626 54.0066 0.0529
169.3916 54.0010 0.0580
169.4205 53.9953 0.0606
169.4494 53.9897 0.0631
169.4784 53.9840 0.0683
169.5073 53.9783 0.0781
169.5362 53.9726 0.0880
169.5651 53.9669 0.0963
169.5940 53.9612 0.1033
169.6229 53.9555 0.1094
169.6518 53.9498 0.1151
169.6807 53.9441 0.1200
169.7095 53.9384 0.1238
169.7384 53.9326 0.1266
169.7672 53.9269 0.1292
169.7961 53.9212 0.1318
169.8249 53.9154 0.1345
169.8538 53.9096 0.1369
169.8826 53.9039 0.1374
169.9114 53.8981 0.1362
169.9402 53.8923 0.1334
169.9690 53.8865 0.1313
169.9978 53.8807 0.1309
169.3142 54.0350 0.0414
169.3432 54.0294 0.0460
169.3722 54.0237 0.0523
169.4012 54.0181 0.0597
169.4301 54.0124 0.0654
169.4591 54.0067 0.0710
169.4880 54.0011 0.0780
169.5169 53.9954 0.0880
169.5459 53.9897 0.0964
169.5748 53.9840 0.1049
169.6037 53.9783 0.1109
169.6326 53.9726 0.1161
169.6615 53.9669 0.1205
169.6904 53.9611 0.1241
169.7193 53.9554 0.1266
169.7481 53.9497 0.1284
169.7770 53.9439 0.1301
169.8058 53.9382 0.1323
169.8347 53.9324 0.1349
169.8635 53.9267 0.1372
169.8924 53.9209 0.1381
169.9212 53.9151 0.1367
169.9500 53.9093 0.1339
169.9788 53.9035 0.1312
169.3238 54.0521 0.0491
169.3528 54.0464 0.0523
169.3818 54.0408 0.0582
169.4108 54.0351 0.0663
169.4398 54.0295 0.0737
169.4687 54.0238 0.0818
169.4977 54.0181 0.0892
169.5266 54.0124 0.0969
169.5555 54.0067 0.1042
169.5845 54.0010 0.1103
169.6134 53.9953 0.1150
169.6423 53.9896 0.1189
169.6712 53.9839 0.1220
169.7001 53.9782 0.1247
169.7290 53.9725 0.1267
169.7579 53.9667 0.1284
169.7867 53.9610 0.1295
169.8156 53.9552 0.1314
169.8445 53.9495 0.1338
169.8733 53.9437 0.1367
169.9022 53.9379 0.1375
169.9310 53.9321 0.1361
169.9598 53.9263 0.1338
169.9886 53.9205 0.1310
169.3334 54.0691 0.0612
169.3624 54.0635 0.0636
169.3914 54.0579 0.0695
169.4204 54.0522 0.0771
169.4494 54.0465 0.0846
169.4784 54.0409 0.0922
169.5073 54.0352 0.0990
169.5363 54.0295 0.1051
169.5652 54.0238 0.1101
169.5942 54.0181 0.1138
169.6231 54.0124 0.1164
169.6520 54.0067 0.1185
169.6809 54.0010 0.1206
169.7098 53.9952 0.1227
169.7387 53.9895 0.1252
169.7676 53.9837 0.1269
169.7965 53.9780 0.1285
169.8254 53.9722 0.1300
169.8543 53.9665 0.1323
169.8831 53.9607 0.1347
169.9120 53.9549 0.1354
169.9408 53.9491 0.1347
169.9696 53.9434 0.1326
169.9985 53.9376 0.1299
169.3430 54.0862 0.0772
169.3721 54.0806 0.0798
169.4011 54.0749 0.0852
169.4301 54.0693 0.0916
169.4590 54.0636 0.0975
169.4880 54.0579 0.1035
169.5170 54.0522 0.1084
169.5460 54.0465 0.1118
169.5749 54.0408 0.1145
169.6039 54.0351 0.1161
169.6328 54.0294 0.1170
169.6617 54.0237 0.1178
169.6907 54.0180 0.1190
169.7196 54.0123 0.1212
169.7485 54.0065 0.1234
169.7774 54.0008 0.1252
169.8063 53.9950 0.1268
169.8352 53.9893 0.1284
169.8640 53.9835 0.1300
169.8929 53.9777 0.1315
169.9218 53.9719 0.1322
169.9506 53.9662 0.1316
169.9795 53.9604 0.1299
169.3527 54.1033 0.0951
169.3817 54.0977 0.0981
169.4107 54.0920 0.1021
169.4397 54.0863 0.1065
169.4687 54.0807 0.1104
169.4977 54.0750 0.1141
169.5267 54.0693 0.1163
169.5557 54.0636 0.1172
169.5846 54.0579 0.1176
169.6136 54.0522 0.1177
169.6425 54.0465 0.1175
169.6715 54.0408 0.1175
169.7004 54.0350 0.1183
169.7293 54.0293 0.1197
169.7582 54.0236 0.1214
169.7872 54.0178 0.1230
169.8161 54.0121 0.1246
169.8450 54.0063 0.1258
169.8738 54.0005 0.1271
169.9027 53.9947 0.1283
169.9316 53.9890 0.1287
169.9605 53.9832 0.1282
169.9893 53.9774 0.1266
169.3623 54.1204 0.1130
169.3913 54.1147 0.1150
169.4203 54.1091 0.1180
169.4494 54.1034 0.1207
169.4784 54.0977 0.1229
169.5074 54.0920 0.1237
169.5364 54.0864 0.1234
169.5653 54.0807 0.1219
169.5943 54.0750 0.1204
169.6233 54.0692 0.1188
169.6523 54.0635 0.1179
169.6812 54.0578 0.1176
169.7102 54.0521 0.1175
169.7391 54.0463 0.1180
169.7680 54.0406 0.1192
169.7969 54.0348 0.1200
169.8259 54.0291 0.1216
169.8548 54.0233 0.1227
169.8837 54.0175 0.1236
169.9125 54.0118 0.1245
169.9414 54.0060 0.1248
169.9703 54.0002 0.1246
169.9992 53.9944 0.1235
169.3719 54.1375 0.1274
169.4010 54.1318 0.1288
169.4300 54.1261 0.1305
169.4590 54.1205 0.1310
169.4880 54.1148 0.1312
169.5171 54.1091 0.1304
169.5461 54.1034 0.1284
169.5751 54.0977 0.1258
169.6040 54.0920 0.1225
169.6330 54.0863 0.1199
169.6620 54.0806 0.1181
169.6910 54.0748 0.1170
169.7199 54.0691 0.1166
169.7489 54.0634 0.1168
169.7778 54.0576 0.1171
169.8067 54.0519 0.1177
169.8356 54.0461 0.1185
169.8646 54.0403 0.1193
169.8935 54.0346 0.1197
169.9224 54.0288 0.1202
169.9513 54.0230 0.1209
169.9801 54.0172 0.1212
169.3816 54.1545 0.1392
169.4106 54.1489 0.1395
169.4397 54.1432 0.1392
169.4687 54.1375 0.1385
169.4977 54.1318 0.1376
169.5268 54.1262 0.1355
169.5558 54.1205 0.1323
169.5848 54.1148 0.1286
169.6138 54.1091 0.1246
169.6428 54.1033 0.1209
169.6717 54.0976 0.1185
169.7007 54.0919 0.1169
169.7297 54.0862 0.1158
169.7586 54.0804 0.1157
169.7876 54.0747 0.1157
169.8165 54.0689 0.1160
169.8455 54.0631 0.1167
169.8744 54.0574 0.1167
169.9033 54.0516 0.1168
169.9322 54.0458 0.1169
169.9611 54.0400 0.1180
169.9900 54.0342 0.1185
169.3912 54.1716 0.1485
169.4203 54.1659 0.1473
169.4493 54.1603 0.1453
169.4784 54.1546 0.1430
169.5074 54.1489 0.1409
169.5365 54.1432 0.1382
169.5655 54.1375 0.1347
169.5945 54.1318 0.1307
169.6235 54.1261 0.1262
169.6525 54.1204 0.1218
169.6815 54.1147 0.1188
169.7105 54.1089 0.1167
169.7395 54.1032 0.1155
169.7684 54.0974 0.1152
169.7974 54.0917 0.1152
169.8263 54.0859 0.1154
169.8553 54.0802 0.1154
169.8842 54.0744 0.1148
169.9131 54.0686 0.1134
169.9421 54.0628 0.1133
169.9710 54.0570 0.1145
169.9999 54.0512 0.1163
169.4009 54.1887 0.1571
169.4300 54.1830 0.1543
169.4590 54.1773 0.1506
169.4881 54.1717 0.1468
169.5171 54.1660 0.1433
169.5462 54.1603 0.1400
169.5752 54.1546 0.1364
169.6042 54.1489 0.1320
169.6332 54.1432 0.1272
169.6623 54.1374 0.1225
169.6913 54.1317 0.1193
169.7203 54.1260 0.1169
169.7492 54.1202 0.1154
169.7782 54.1145 0.1153
169.8072 54.1087 0.1153
169.8361 54.1030 0.1151
169.8651 54.0972 0.1144
169.8940 54.0914 0.1121
169.9230 54.0856 0.1093
169.9519 54.0798 0.1083
169.9808 54.0740 0.1106
169.4106 54.2057 0.1652
169.4396 54.2001 0.1600
169.4687 54.1944 0.1547
169.4978 54.1887 0.1497
169.5268 54.1830 0.1449
169.5559 54.1773 0.1409
169.5849 54.1716 0.1370
169.6140 54.1659 0.1326
169.6430 54.1602 0.1280
169.6720 54.1545 0.1233
169.7010 54.1487 0.1199
169.7300 54.1430 0.1173
169.7590 54.1373 0.1158
169.7880 54.1315 0.1156
169.8170 54.1257 0.1155
169.8460 54.1200 0.1148
169.8749 54.1142 0.1131
169.9039 54.1084 0.1095
169.9328 54.1026 0.1044
169.9618 54.0969 0.1025
169.9907 54.0911 0.1045
169.4202 54.2228 0.1700
169.4493 54.2171 0.1637
169.4784 54.2115 0.1578
169.5075 54.2058 0.1515
169.5366 54.2001 0.1466
169.5656 54.1944 0.1420
169.5947 54.1887 0.1378
169.6237 54.1830 0.1337
169.6528 54.1772 0.1291
169.6818 54.1715 0.1246
169.7108 54.1658 0.1210
169.7398 54.1600 0.1179
169.7688 54.1543 0.1166
169.7978 54.1485 0.1159
169.8268 54.1428 0.1156
169.8558 54.1370 0.1145
169.8848 54.1312 0.1120
169.9137 54.1255 0.1073
169.9427 54.1197 0.1019
169.9717 54.1139 0.0993
169.4299 54.2399 0.1720
169.4590 54.2342 0.1657
169.4881 54.2285 0.1599
169.5172 54.2228 0.1533
169.5463 54.2171 0.1476
169.5754 54.2114 0.1423
169.6044 54.2057 0.1381
169.6335 54.2000 0.1344
169.6625 54.1943 0.1302
169.6916 54.1886 0.1256
169.7206 54.1828 0.1221
169.7496 54.1771 0.1188
169.7786 54.1713 0.1171
169.8077 54.1656 0.1163
169.8367 54.1598 0.1156
169.8656 54.1540 0.1144
169.8946 54.1483 0.1116
169.9236 54.1425 0.1075
169.9526 54.1367 0.1027
169.9815 54.1309 0.0991
169.4396 54.2569 0.1713
169.4687 54.2513 0.1656
169.4978 54.2456 0.1598
169.5269 54.2399 0.1528
169.5560 54.2342 0.1473
169.5851 54.2285 0.1418
169.6142 54.2228 0.1377
169.6433 54.2171 0.1341
169.6723 54.2113 0.1301
169.7014 54.2056 0.1265
169.7304 54.1999 0.1230
169.7594 54.1941 0.1198
169.7885 54.1884 0.1179
169.8175 54.1826 0.1167
169.8465 54.1768 0.1157
169.8755 54.1711 0.1147
169.9045 54.1653 0.1131
169.9335 54.1595 0.1101
169.9625 54.1537 0.1051
169.9914 54.1479 0.1014
169.4493 54.2740 0.1702
169.4785 54.2683 0.1642
169.5076 54.2626 0.1582
169.5367 54.2569 0.1519
169.5658 54.2512 0.1460
169.5949 54.2455 0.1404
169.6240 54.2398 0.1361
169.6530 54.2341 0.1329
169.6821 54.2284 0.1296
169.7112 54.2226 0.1266
169.7402 54.2169 0.1236
169.7693 54.2111 0.1201
169.7983 54.2054 0.1179
169.8273 54.1996 0.1162
169.8563 54.1939 0.1153
169.8854 54.1881 0.1147
169.9144 54.1823 0.1145
169.9434 54.1765 0.1122
169.9723 54.1707 0.1073
169.4590 54.2911 0.1683
169.4882 54.2854 0.1615
169.5173 54.2797 0.1555
169.5464 54.2740 0.1489
169.5755 54.2683 0.1431
169.6046 54.2626 0.1373
169.6337 54.2569 0.1332
169.6628 54.2511 0.1303
169.6919 54.2454 0.1276
169.7210 54.2397 0.1252
169.7500 54.2339 0.1227
169.7791 54.2282 0.1197
169.8081 54.2224 0.1176
169.8372 54.2167 0.1155
169.8662 54.2109 0.1146
169.8952 54.2051 0.1143
169.9242 54.1993 0.1138
169.9532 54.1935 0.1115
169.9822 54.1877 0.1071
169.4688 54.3081 0.1648
169.4979 54.3025 0.1580
169.5271 54.2968 0.1518
169.5562 54.2911 0.1454
169.5853 54.2854 0.1397
169.6144 54.2796 0.1341
169.6435 54.2739 0.1298
169.6726 54.2682 0.1270
169.7017 54.2625 0.1248
169.7308 54.2567 0.1231
169.7599 54.2510 0.1212
169.7889 54.2452 0.1185
169.8180 54.2394 0.1165
169.8470 54.2337 0.1143
169.8761 54.2279 0.1130
169.9051 54.2221 0.1121
169.9341 54.2163 0.1108
169.9631 54.2105 0.1080
169.9922 54.2047 0.1045
169.4785 54.3252 0.1600
169.5077 54.3195 0.1536
169.5368 54.3138 0.1480
169.5659 54.3081 0.1419
169.5951 54.3024 0.1367
169.6242 54.2967 0.1312
169.6533 54.2910 0.1271
169.6824 54.2852 0.1237
169.7115 54.2795 0.1217
169.7406 54.2738 0.1203
169.7697 54.2680 0.1187
169.7988 54.2622 0.1166
169.8278 54.2565 0.1148
169.8569 54.2507 0.1128
169.8860 54.2449 0.1112
169.9150 54.2391 0.1096
169.9440 54.2333 0.1074
169.9731 54.2275 0.1046
169.4882 54.3423 0.1545
169.5174 54.3366 0.1490
169.5466 54.3309 0.1439
169.5757 54.3252 0.1388
169.6049 54.3195 0.1339
169.6340 54.3137 0.1291
169.6631 54.3080 0.1251
169.6922 54.3023 0.1215
169.7214 54.2965 0.1196
169.7505 54.2908 0.1180
169.7795 54.2850 0.1167
169.8086 54.2793 0.1145
169.8377 54.2735 0.1133
169.8668 54.2677 0.1115
169.8958 54.2619 0.1099
169.9249 54.2562 0.1077
169.9539 54.2504 0.1051
169.9830 54.2446 0.1023
169.4980 54.3593 0.1512
169.5272 54.3536 0.1460
169.5563 54.3479 0.1417
169.5855 54.3422 0.1364
169.6147 54.3365 0.1323
169.6438 54.3308 0.1279
169.6729 54.3251 0.1242
169.7021 54.3193 0.1207
169.7312 54.3136 0.1184
169.7603 54.3078 0.1167
169.7894 54.3021 0.1149
169.8185 54.2963 0.1129
169.8476 54.2905 0.1114
169.8767 54.2848 0.1101
169.9057 54.2790 0.1088
169.9348 54.2732 0.1068
169.9639 54.2674 0.1043
169.9929 54.2616 0.1021
169.5078 54.3764 0.1494
169.5369 54.3707 0.1449
169.5661 54.3650 0.1405
169.5953 54.3593 0.1362
169.6245 54.3536 0.1321
169.6536 54.3478 0.1283
169.6828 54.3421 0.1250
169.7119 54.3364 0.1216
169.7410 54.3306 0.1191
169.7702 54.3249 0.1169
169.7993 54.3191 0.1151
169.8284 54.3133 0.1134
169.8575 54.3076 0.1119
169.8866 54.3018 0.1106
169.9156 54.2960 0.1092
169.9447 54.2902 0.1077
169.9738 54.2844 0.1050
169.5175 54.3934 0.1503
169.5467 54.3877 0.1464
169.5759 54.3820 0.1421
169.6051 54.3763 0.1373
169.6343 54.3706 0.1334
169.6634 54.3649 0.1298
169.6926 54.3591 0.1269
169.7217 54.3534 0.1239
169.7509 54.3476 0.1217
169.7800 54.3419 0.1193
169.8091 54.3361 0.1174
169.8383 54.3304 0.1154
169.8674 54.3246 0.1139
169.8965 54.3188 0.1124
169.9256 54.3130 0.1111
169.9546 54.3072 0.1090
169.9837 54.3014 0.1068
169.5273 54.4105 0.1532
169.5565 54.4048 0.1503
169.5857 54.3991 0.1459
169.6149 54.3934 0.1406
169.6441 54.3876 0.1365
169.6733 54.3819 0.1328
169.7024 54.3762 0.1300
169.7316 54.3704 0.1273
169.7607 54.3647 0.1251
169.7899 54.3589 0.1231
169.8190 54.3532 0.1212
169.8482 54.3474 0.1192
169.8773 54.3416 0.1171
169.9064 54.3358 0.1152
169.9355 54.3300 0.1131
169.9646 54.3242 0.1107
169.9937 54.3184 0.1084
169.5371 54.4276 0.1581
169.5663 54.4218 0.1553
169.5955 54.4161 0.1507
169.6247 54.4104 0.1455
169.6539 54.4047 0.1410
169.6831 54.3990 0.1374
169.7123 54.3932 0.1343
169.7415 54.3875 0.1316
169.7706 54.3817 0.1293
169.7998 54.3759 0.1273
169.8289 54.3702 0.1258
169.8581 54.3644 0.1238
169.8872 54.3586 0.1216
169.9163 54.3528 0.1191
169.9454 54.3470 0.1163
169.9745 54.3412 0.1132
169.5469 54.4446 0.1604
169.5761 54.4389 0.1583
169.6053 54.4332 0.1540
169.6346 54.4275 0.1495
169.6638 54.4217 0.1458
169.6930 54.4160 0.1418
169.7221 54.4103 0.1390
169.7513 54.4045 0.1359
169.7805 54.3987 0.1335
169.8097 54.3930 0.1312
169.8388 54.3872 0.1298
169.8680 54.3814 0.1284
169.8971 54.3756 0.1261
169.9262 54.3698 0.1235
169.9554 54.3640 0.1204
169.9845 54.3582 0.1166
169.5567 54.4617 0.1631
169.5859 54.4560 0.1605
169.6152 54.4502 0.1562
169.6444 54.4445 0.1522
169.6736 54.4388 0.1492
169.7028 54.4330 0.1459
169.7320 54.4273 0.1433
169.7612 54.4215 0.1402
169.7904 54.4158 0.1372
169.8196 54.4100 0.1348
169.8487 54.4042 0.1332
169.8779 54.3984 0.1317
169.9070 54.3927 0.1296
169.9362 54.3869 0.1269
169.9653 54.3811 0.1239
169.9944 54.3752 0.1203
169.5665 54.4787 0.1663
169.5958 54.4730 0.1614
169.6250 54.4673 0.1569
169.6542 54.4616 0.1539
169.6835 54.4558 0.1515
169.7127 54.4501 0.1492
169.7419 54.4443 0.1466
169.7711 54.4386 0.1436
169.8003 54.4328 0.1408
169.8295 54.4270 0.1385
169.8586 54.4213 0.1367
169.8878 54.4155 0.1351
169.9170 54.4097 0.1329
169.9461 54.4039 0.1308
169.9753 54.3981 0.1279
169.5763 54.4958 0.1680
169.6056 54.4901 0.1614
169.6349 54.4843 0.1576
169.6641 54.4786 0.1542
169.6933 54.4729 0.1528
169.7226 54.4671 0.1510
169.7518 54.4614 0.1492
169.7810 54.4556 0.1469
169.8102 54.4498 0.1447
169.8394 54.4441 0.1426
169.8686 54.4383 0.1407
169.8978 54.4325 0.1389
169.9269 54.4267 0.1367
169.9561 54.4209 0.1348
169.9852 54.4151 0.1323
169.5862 54.5128 0.1671
169.6154 54.5071 0.1621
169.6447 54.5014 0.1585
169.6740 54.4956 0.1551
169.7032 54.4899 0.1533
169.7324 54.4841 0.1522
169.7617 54.4784 0.1513
169.7909 54.4726 0.1498
169.8201 54.4669 0.1483
169.8493 54.4611 0.1469
169.8785 54.4553 0.1453
169.9077 54.4495 0.1435
169.9369 54.4437 0.1413
169.9661 54.4379 0.1390
169.9952 54.4321 0.1367
169.5960 54.5299 0.1641
169.6253 54.5241 0.1613
169.6546 54.5184 0.1596
169.6838 54.5127 0.1564
169.7131 54.5069 0.1545
169.7423 54.5012 0.1532
169.7716 54.4954 0.1527
169.8008 54.4897 0.1521
169.8300 54.4839 0.1516
169.8593 54.4781 0.1505
169.8885 54.4723 0.1495
169.9177 54.4665 0.1483
169.9469 54.4607 0.1459
169.9760 54.4549 0.1432
169.6059 54.5469 0.1602
169.6352 54.5412 0.1596
169.6644 54.5355 0.1590
169.6937 54.5297 0.1570
169.7230 54.5240 0.1557
169.7522 54.5182 0.1545
169.7815 54.5125 0.1545
169.8107 54.5067 0.1546
169.8400 54.5009 0.1547
169.8692 54.4951 0.1545
169.8984 54.4893 0.1538
169.9276 54.4835 0.1527
169.9568 54.4777 0.1506
169.9860 54.4719 0.1478
169.6157 54.5640 0.1579
169.6450 54.5582 0.1580
169.6743 54.5525 0.1586
169.7036 54.5468 0.1579
169.7329 54.5410 0.1573
169.7622 54.5353 0.1567
169.7914 54.5295 0.1566
169.8207 54.5237 0.1570
169.8499 54.5179 0.1572
169.8792 54.5122 0.1576
169.9084 54.5064 0.1573
169.9376 54.5006 0.1563
169.9668 54.4948 0.1545
169.9960 54.4889 0.1523
169.6256 54.5810 0.1578
169.6549 54.5753 0.1589
169.6842 54.5695 0.1597
169.7135 54.5638 0.1602
169.7428 54.5580 0.1602
169.7721 54.5523 0.1593
169.8014 54.5465 0.1592
169.8306 54.5407 0.1599
169.8599 54.5350 0.1606
169.8891 54.5292 0.1609
169.9184 54.5234 0.1607
169.9476 54.5176 0.1599
169.9768 54.5118 0.1584
169.6355 54.5981 0.1590
169.6648 54.5923 0.1607
169.6941 54.5866 0.1625
169.7234 54.5808 0.1637
169.7527 54.5751 0.1637
169.7820 54.5693 0.1626
169.8113 54.5635 0.1627
169.8406 54.5578 0.1635
169.8698 54.5520 0.1639
169.8991 54.5462 0.1643
169.9283 54.5404 0.1640
169.9576 54.5346 0.1631
169.9868 54.5288 0.1621
169.6454 54.6151 0.1586
169.6747 54.6094 0.1618
169.7040 54.6036 0.1649
169.7334 54.5979 0.1667
169.7627 54.5921 0.1672
169.7920 54.5863 0.1660
169.8213 54.5806 0.1661
169.8505 54.5748 0.1667
169.8798 54.5690 0.1672
169.9091 54.5632 0.1676
169.9383 54.5574 0.1671
169.9676 54.5516 0.1660
169.9968 54.5458 0.1652
169.6553 54.6322 0.1578
169.6846 54.6264 0.1615
169.7140 54.6207 0.1652
169.7433 54.6149 0.1675
169.7726 54.6091 0.1687
169.8019 54.6034 0.1684
169.8312 54.5976 0.1683
169.8605 54.5918 0.1694
169.8898 54.5860 0.1698
169.9191 54.5802 0.1701
169.9483 54.5744 0.1695
169.9776 54.5686 0.1685
169.6652 54.6492 0.1562
169.6945 54.6435 0.1600
169.7239 54.6377 0.1634
169.7532 54.6319 0.1658
169.7826 54.6262 0.1680
169.8119 54.6204 0.1689
169.8412 54.6146 0.1702
169.8705 54.6088 0.1716
169.8998 54.6030 0.1725
169.9291 54.5972 0.1725
169.9584 54.5914 0.1718
169.9876 54.5856 0.1707
169.6751 54.6662 0.1563
169.7045 54.6605 0.1584
169.7338 54.6547 0.1608
169.7632 54.6490 0.1633
169.7925 54.6432 0.1655
169.8218 54.6374 0.1678
169.8512 54.6317 0.1704
169.8805 54.6259 0.1728
169.9098 54.6201 0.1742
169.9391 54.6143 0.1744
169.9684 54.6084 0.1737
169.9977 54.6026 0.1724
169.6850 54.6833 0.1566
169.7144 54.6775 0.1572
169.7438 54.6718 0.1586
169.7731 54.6660 0.1600
169.8025 54.6602 0.1626
169.8318 54.6545 0.1659
169.8612 54.6487 0.1695
169.8905 54.6429 0.1727
169.9198 54.6371 0.1744
169.9491 54.6313 0.1751
169.9784 54.6255 0.1749
169.6950 54.7003 0.1568
169.7243 54.6946 0.1565
169.7537 54.6888 0.1569
169.7831 54.6830 0.1577
169.8125 54.6773 0.1607
169.8418 54.6715 0.1648
169.8712 54.6657 0.1690
169.9005 54.6599 0.1728
169.9298 54.6541 0.1749
169.9591 54.6483 0.1755
169.9885 54.6425 0.1756
169.7049 54.7174 0.1551
169.7343 54.7116 0.1554
169.7637 54.7058 0.1560
169.7931 54.7001 0.1567
169.8224 54.6943 0.1592
169.8518 54.6885 0.1638
169.8812 54.6827 0.1684
169.9105 54.6769 0.1723
169.9399 54.6711 0.1747
169.9692 54.6653 0.1748
169.9985 54.6595 0.1748
169.7149 54.7344 0.1534
169.7443 54.7286 0.1546
169.7737 54.7229 0.1555
169.8031 54.7171 0.1565
169.8324 54.7113 0.1589
169.8618 54.7055 0.1632
169.8912 54.6997 0.1676
169.9205 54.6939 0.1712
169.9499 54.6881 0.1734
169.9792 54.6823 0.1738
169.7248 54.7514 0.1517
169.7542 54.7457 0.1532
169.7837 54.7399 0.1543
169.8131 54.7341 0.1556
169.8424 54.7283 0.1581
169.8718 54.7226 0.1620
169.9012 54.7168 0.1657
169.9306 54.7109 0.1683
169.9599 54.7051 0.1705
169.9893 54.6993 0.1710
169.7348 54.7685 0.1522
169.7642 54.7627 0.1527
169.7936 54.7569 0.1530
169.8231 54.7512 0.1541
169.8525 54.7454 0.1564
169.8819 54.7396 0.1599
169.9112 54.7338 0.1625
169.9406 54.7280 0.1643
169.9700 54.7221 0.1659
169.9994 54.7163 0.1669
169.7448 54.7855 0.1536
169.7742 54.7797 0.1524
169.8037 54.7740 0.1519
169.8331 54.7682 0.1520
169.8625 54.7624 0.1534
169.8919 54.7566 0.1557
169.9213 54.7508 0.1577
169.9507 54.7450 0.1585
169.9801 54.7392 0.1602
169.7548 54.8025 0.1542
169.7842 54.7968 0.1522
169.8137 54.7910 0.1506
169.8431 54.7852 0.1497
169.8725 54.7794 0.1498
169.9019 54.7736 0.1514
169.9313 54.7678 0.1527
169.9607 54.7620 0.1531
169.9901 54.7562 0.1537
169.7648 54.8196 0.1535
169.7942 54.8138 0.1520
169.8237 54.8080 0.1500
169.8531 54.8022 0.1478
169.8826 54.7964 0.1471
169.9120 54.7906 0.1477
169.9414 54.7848 0.1483
169.9708 54.7790 0.1480
169.7748 54.8366 0.1531
169.8043 54.8308 0.1513
169.8337 54.8250 0.1486
169.8632 54.8192 0.1462
169.8926 54.8135 0.1452
169.9221 54.8076 0.1452
169.9515 54.8018 0.1452
169.9809 54.7960 0.1445
169.7848 54.8536 0.1521
169.8143 54.8479 0.1493
169.8438 54.8421 0.1473
169.8732 54.8363 0.1452
169.9027 54.8305 0.1440
169.9321 54.8247 0.1436
169.9616 54.8188 0.1434
169.9910 54.8130 0.1425
169.7948 54.8707 0.1495
169.8243 54.8649 0.1469
169.8538 54.8591 0.1457
169.8833 54.8533 0.1440
169.9128 54.8475 0.1432
169.9422 54.8417 0.1430
169.9717 54.8359 0.1426
169.8049 54.8877 0.1465
169.8344 54.8819 0.1445
169.8639 54.8761 0.1440
169.8934 54.8703 0.1426
169.9228 54.8645 0.1423
169.9523 54.8587 0.1420
169.9818 54.8529 0.1414
169.8149 54.9047 0.1434
169.8444 54.8989 0.1425
169.8739 54.8931 0.1420
169.9034 54.8873 0.1414
169.9329 54.8815 0.1411
169.9624 54.8757 0.1406
169.9919 54.8699 0.1401
169.8250 54.9217 0.1408
169.8545 54.9160 0.1408
169.8840 54.9102 0.1410
169.9135 54.9043 0.1407
169.9430 54.8985 0.1404
169.9725 54.8927 0.1396
169.8351 54.9388 0.1397
169.8646 54.9330 0.1401
169.8941 54.9272 0.1407
169.9236 54.9214 0.1408
169.9531 54.9155 0.1404
169.9826 54.9097 0.1393
169.8451 54.9558 0.1399
169.8747 54.9500 0.1405
169.9042 54.9442 0.1413
169.9337 54.9384 0.1417
169.9633 54.9326 0.1413
169.9928 54.9267 0.1398
169.8552 54.9728 0.1415
169.8848 54.9670 0.1422
169.9143 54.9612 0.1433
169.9439 54.9554 0.1434
169.9734 54.9496 0.1429
169.8653 54.9898 0.1439
169.8949 54.9840 0.1451
169.9244 54.9782 0.1460
169.9540 54.9724 0.1461
169.9835 54.9666 0.1455
169.9346 54.9952 0.1500
169.9641 54.9894 0.1501
169.9937 54.9836 0.1492
